Unit Test	Set up job	﻿2026-08-21T16:15:48.7780422Z Current runner version: '2.336.0'
Unit Test	Set up job	2026-08-21T16:15:48.7807054Z ##[group]Runner Image Provisioner
Unit Test	Set up job	2026-08-21T16:15:48.7808226Z Hosted Compute Agent
Unit Test	Set up job	2026-08-21T16:15:48.7808970Z Version: 20260729.566
Unit Test	Set up job	2026-08-21T16:15:48.7809660Z Commit: cf7153fe6e25b664e8693c24944bf2b00355d109
Unit Test	Set up job	2026-08-21T16:15:48.7810458Z Build Date: 2026-07-29T19:17:02Z
Unit Test	Set up job	2026-08-21T16:15:48.7811230Z Worker ID: {98bac67b-4b48-4092-947b-9632ae13b6ad}
Unit Test	Set up job	2026-08-21T16:15:48.7811980Z Azure Region: mexicocentral
Unit Test	Set up job	2026-08-21T16:15:48.7812588Z ##[endgroup]
Unit Test	Set up job	2026-08-21T16:15:48.7814330Z ##[group]Operating System
Unit Test	Set up job	2026-08-21T16:15:48.7815073Z Ubuntu
Unit Test	Set up job	2026-08-21T16:15:48.7815737Z 24.04.4
Unit Test	Set up job	2026-08-21T16:15:48.7816339Z LTS
Unit Test	Set up job	2026-08-21T16:15:48.7817145Z ##[endgroup]
Unit Test	Set up job	2026-08-21T16:15:48.7817826Z ##[group]Runner Image
Unit Test	Set up job	2026-08-21T16:15:48.7818532Z Image: ubuntu-24.04
Unit Test	Set up job	2026-08-21T16:15:48.7819151Z Version: 20260816.277.1
Unit Test	Set up job	2026-08-21T16:15:48.7820328Z Included Software: https://github.com/actions/runner-images/blob/ubuntu24/20260816.277/images/ubuntu/Ubuntu2404-Readme.md
Unit Test	Set up job	2026-08-21T16:15:48.7822175Z Image Release: https://github.com/actions/runner-images/releases/tag/ubuntu24%2F20260816.277
Unit Test	Set up job	2026-08-21T16:15:48.7823213Z ##[endgroup]
Unit Test	Set up job	2026-08-21T16:15:48.7824526Z ##[group]GITHUB_TOKEN Permissions
Unit Test	Set up job	2026-08-21T16:15:48.7827075Z Contents: read
Unit Test	Set up job	2026-08-21T16:15:48.7827872Z Metadata: read
Unit Test	Set up job	2026-08-21T16:15:48.7828515Z Packages: read
Unit Test	Set up job	2026-08-21T16:15:48.7829134Z ##[endgroup]
Unit Test	Set up job	2026-08-21T16:15:48.7831333Z Secret source: Actions
Unit Test	Set up job	2026-08-21T16:15:48.7832539Z Prepare workflow directory
Unit Test	Set up job	2026-08-21T16:15:48.8200880Z Prepare all required actions
Unit Test	Set up job	2026-08-21T16:15:48.8250474Z Getting action download info
Unit Test	Set up job	2026-08-21T16:15:49.1374372Z Download action repository 'actions/checkout@v4' (SHA:11d5960a326750d5838078e36cf38b85af677262)
Unit Test	Set up job	2026-08-21T16:15:49.2345602Z Download action repository 'actions/setup-python@v5' (SHA:a26af69be951a213d495a4c3e4e4022e16d87065)
Unit Test	Set up job	2026-08-21T16:15:49.4218668Z Complete job name: Unit Test
Unit Test	Run actions/checkout@v4	﻿2026-08-21T16:15:49.4991859Z Node 20 is being deprecated. This workflow is running with Node 24 by default. If you need to temporarily use Node 20, you can set the ACTIONS_ALLOW_USE_UNSECURE_NODE_VERSION=true environment variable. For more information see: https://github.blog/changelog/2025-09-19-deprecation-of-node-20-on-github-actions-runners/
Unit Test	Run actions/checkout@v4	2026-08-21T16:15:49.5001203Z ##[group]Run actions/checkout@v4
Unit Test	Run actions/checkout@v4	2026-08-21T16:15:49.5001999Z with:
Unit Test	Run actions/checkout@v4	2026-08-21T16:15:49.5002604Z   repository: NhtJm/TRACK2-DAY21-2A202601155-TRANNGUYENTHENHAT
Unit Test	Run actions/checkout@v4	2026-08-21T16:15:49.5006484Z   token: ***
Unit Test	Run actions/checkout@v4	2026-08-21T16:15:49.5007153Z   ssh-strict: true
Unit Test	Run actions/checkout@v4	2026-08-21T16:15:49.5007620Z   ssh-user: git
Unit Test	Run actions/checkout@v4	2026-08-21T16:15:49.5008092Z   persist-credentials: true
Unit Test	Run actions/checkout@v4	2026-08-21T16:15:49.5008595Z   clean: true
Unit Test	Run actions/checkout@v4	2026-08-21T16:15:49.5009066Z   sparse-checkout-cone-mode: true
Unit Test	Run actions/checkout@v4	2026-08-21T16:15:49.5009612Z   fetch-depth: 1
Unit Test	Run actions/checkout@v4	2026-08-21T16:15:49.5010078Z   fetch-tags: false
Unit Test	Run actions/checkout@v4	2026-08-21T16:15:49.5010551Z   show-progress: true
Unit Test	Run actions/checkout@v4	2026-08-21T16:15:49.5011019Z   lfs: false
Unit Test	Run actions/checkout@v4	2026-08-21T16:15:49.5011464Z   submodules: false
Unit Test	Run actions/checkout@v4	2026-08-21T16:15:49.5011975Z   set-safe-directory: true
Unit Test	Run actions/checkout@v4	2026-08-21T16:15:49.5012515Z   allow-unsafe-pr-checkout: false
Unit Test	Run actions/checkout@v4	2026-08-21T16:15:49.5013326Z ##[endgroup]
Unit Test	Run actions/checkout@v4	2026-08-21T16:15:49.6024772Z Syncing repository: NhtJm/TRACK2-DAY21-2A202601155-TRANNGUYENTHENHAT
Unit Test	Run actions/checkout@v4	2026-08-21T16:15:49.6027123Z ##[group]Getting Git version info
Unit Test	Run actions/checkout@v4	2026-08-21T16:15:49.6028330Z Working directory is '/home/runner/work/TRACK2-DAY21-2A202601155-TRANNGUYENTHENHAT/TRACK2-DAY21-2A202601155-TRANNGUYENTHENHAT'
Unit Test	Run actions/checkout@v4	2026-08-21T16:15:49.6029786Z [command]/usr/bin/git version
Unit Test	Run actions/checkout@v4	2026-08-21T16:15:49.6108443Z git version 2.55.0
Unit Test	Run actions/checkout@v4	2026-08-21T16:15:49.6134359Z ##[endgroup]
Unit Test	Run actions/checkout@v4	2026-08-21T16:15:49.6152780Z Temporarily overriding HOME='/home/runner/work/_temp/23ad7e5f-20fd-4d4a-b368-09589f06ac25' before making global git config changes
Unit Test	Run actions/checkout@v4	2026-08-21T16:15:49.6154477Z Adding repository directory to the temporary git global config as a safe directory
Unit Test	Run actions/checkout@v4	2026-08-21T16:15:49.6160362Z [command]/usr/bin/git config --global --add safe.directory /home/runner/work/TRACK2-DAY21-2A202601155-TRANNGUYENTHENHAT/TRACK2-DAY21-2A202601155-TRANNGUYENTHENHAT
Unit Test	Run actions/checkout@v4	2026-08-21T16:15:49.6215328Z Deleting the contents of '/home/runner/work/TRACK2-DAY21-2A202601155-TRANNGUYENTHENHAT/TRACK2-DAY21-2A202601155-TRANNGUYENTHENHAT'
Unit Test	Run actions/checkout@v4	2026-08-21T16:15:49.6218604Z ##[group]Initializing the repository
Unit Test	Run actions/checkout@v4	2026-08-21T16:15:49.6225099Z [command]/usr/bin/git init /home/runner/work/TRACK2-DAY21-2A202601155-TRANNGUYENTHENHAT/TRACK2-DAY21-2A202601155-TRANNGUYENTHENHAT
Unit Test	Run actions/checkout@v4	2026-08-21T16:15:49.6332288Z hint: Using 'master' as the name for the initial branch. This default branch name
Unit Test	Run actions/checkout@v4	2026-08-21T16:15:49.6334430Z hint: will change to "main" in Git 3.0. To configure the initial branch name
Unit Test	Run actions/checkout@v4	2026-08-21T16:15:49.6336458Z hint: to use in all of your new repositories, which will suppress this warning,
Unit Test	Run actions/checkout@v4	2026-08-21T16:15:49.6338327Z hint: call:
Unit Test	Run actions/checkout@v4	2026-08-21T16:15:49.6338954Z hint:
Unit Test	Run actions/checkout@v4	2026-08-21T16:15:49.6339703Z hint: 	git config --global init.defaultBranch <name>
Unit Test	Run actions/checkout@v4	2026-08-21T16:15:49.6340522Z hint:
Unit Test	Run actions/checkout@v4	2026-08-21T16:15:49.6341288Z hint: Names commonly chosen instead of 'master' are 'main', 'trunk' and
Unit Test	Run actions/checkout@v4	2026-08-21T16:15:49.6342532Z hint: 'development'. The just-created branch can be renamed via this command:
Unit Test	Run actions/checkout@v4	2026-08-21T16:15:49.6343676Z hint:
Unit Test	Run actions/checkout@v4	2026-08-21T16:15:49.6344458Z hint: 	git branch -m <name>
Unit Test	Run actions/checkout@v4	2026-08-21T16:15:49.6345198Z hint:
Unit Test	Run actions/checkout@v4	2026-08-21T16:15:49.6346010Z hint: Disable this message with "git config set advice.defaultBranchName false"
Unit Test	Run actions/checkout@v4	2026-08-21T16:15:49.6348022Z Initialized empty Git repository in /home/runner/work/TRACK2-DAY21-2A202601155-TRANNGUYENTHENHAT/TRACK2-DAY21-2A202601155-TRANNGUYENTHENHAT/.git/
Unit Test	Run actions/checkout@v4	2026-08-21T16:15:49.6350801Z [command]/usr/bin/git remote add origin https://github.com/NhtJm/TRACK2-DAY21-2A202601155-TRANNGUYENTHENHAT
Unit Test	Run actions/checkout@v4	2026-08-21T16:15:49.6391817Z ##[endgroup]
Unit Test	Run actions/checkout@v4	2026-08-21T16:15:49.6392677Z ##[group]Disabling automatic garbage collection
Unit Test	Run actions/checkout@v4	2026-08-21T16:15:49.6396124Z [command]/usr/bin/git config --local gc.auto 0
Unit Test	Run actions/checkout@v4	2026-08-21T16:15:49.6427845Z ##[endgroup]
Unit Test	Run actions/checkout@v4	2026-08-21T16:15:49.6428699Z ##[group]Setting up auth
Unit Test	Run actions/checkout@v4	2026-08-21T16:15:49.6435997Z [command]/usr/bin/git config --local --name-only --get-regexp core\.sshCommand
Unit Test	Run actions/checkout@v4	2026-08-21T16:15:49.6473359Z [command]/usr/bin/git submodule foreach --recursive sh -c "git config --local --name-only --get-regexp 'core\.sshCommand' && git config --local --unset-all 'core.sshCommand' || :"
Unit Test	Run actions/checkout@v4	2026-08-21T16:15:49.6858244Z [command]/usr/bin/git config --local --name-only --get-regexp http\.https\:\/\/github\.com\/\.extraheader
Unit Test	Run actions/checkout@v4	2026-08-21T16:15:49.6905032Z [command]/usr/bin/git submodule foreach --recursive sh -c "git config --local --name-only --get-regexp 'http\.https\:\/\/github\.com\/\.extraheader' && git config --local --unset-all 'http.https://github.com/.extraheader' || :"
Unit Test	Run actions/checkout@v4	2026-08-21T16:15:49.7149243Z [command]/usr/bin/git config --local --name-only --get-regexp ^includeIf\.gitdir:
Unit Test	Run actions/checkout@v4	2026-08-21T16:15:49.7186857Z [command]/usr/bin/git submodule foreach --recursive git config --local --show-origin --name-only --get-regexp remote.origin.url
Unit Test	Run actions/checkout@v4	2026-08-21T16:15:49.7416065Z [command]/usr/bin/git config --local http.https://github.com/.extraheader AUTHORIZATION: basic ***
Unit Test	Run actions/checkout@v4	2026-08-21T16:15:49.7459310Z ##[endgroup]
Unit Test	Run actions/checkout@v4	2026-08-21T16:15:49.7461120Z ##[group]Fetching the repository
Unit Test	Run actions/checkout@v4	2026-08-21T16:15:49.7471451Z [command]/usr/bin/git -c protocol.version=2 fetch --no-tags --prune --no-recurse-submodules --depth=1 origin +0090e53b8094a2193f88dea65b6f3a2e8b48efa2:refs/remotes/origin/main
Unit Test	Run actions/checkout@v4	2026-08-21T16:15:50.3442852Z From https://github.com/NhtJm/TRACK2-DAY21-2A202601155-TRANNGUYENTHENHAT
Unit Test	Run actions/checkout@v4	2026-08-21T16:15:50.3444824Z  * [new ref]         0090e53b8094a2193f88dea65b6f3a2e8b48efa2 -> origin/main
Unit Test	Run actions/checkout@v4	2026-08-21T16:15:50.3449303Z ##[endgroup]
Unit Test	Run actions/checkout@v4	2026-08-21T16:15:50.3451239Z ##[group]Determining the checkout info
Unit Test	Run actions/checkout@v4	2026-08-21T16:15:50.3452962Z ##[endgroup]
Unit Test	Run actions/checkout@v4	2026-08-21T16:15:50.3459881Z [command]/usr/bin/git sparse-checkout disable
Unit Test	Run actions/checkout@v4	2026-08-21T16:15:50.3513206Z [command]/usr/bin/git config --local --unset-all extensions.worktreeConfig
Unit Test	Run actions/checkout@v4	2026-08-21T16:15:50.3546544Z ##[group]Checking out the ref
Unit Test	Run actions/checkout@v4	2026-08-21T16:15:50.3552097Z [command]/usr/bin/git checkout --progress --force -B main refs/remotes/origin/main
Unit Test	Run actions/checkout@v4	2026-08-21T16:15:50.3640708Z Switched to a new branch 'main'
Unit Test	Run actions/checkout@v4	2026-08-21T16:15:50.3645934Z branch 'main' set up to track 'origin/main'.
Unit Test	Run actions/checkout@v4	2026-08-21T16:15:50.3656564Z ##[endgroup]
Unit Test	Run actions/checkout@v4	2026-08-21T16:15:50.3694282Z [command]/usr/bin/git log -1 --format=%H
Unit Test	Run actions/checkout@v4	2026-08-21T16:15:50.3720856Z 0090e53b8094a2193f88dea65b6f3a2e8b48efa2
Unit Test	Run actions/setup-python@v5	﻿2026-08-21T16:15:50.4023406Z Node 20 is being deprecated. This workflow is running with Node 24 by default. If you need to temporarily use Node 20, you can set the ACTIONS_ALLOW_USE_UNSECURE_NODE_VERSION=true environment variable. For more information see: https://github.blog/changelog/2025-09-19-deprecation-of-node-20-on-github-actions-runners/
Unit Test	Run actions/setup-python@v5	2026-08-21T16:15:50.4026088Z ##[group]Run actions/setup-python@v5
Unit Test	Run actions/setup-python@v5	2026-08-21T16:15:50.4026899Z with:
Unit Test	Run actions/setup-python@v5	2026-08-21T16:15:50.4027364Z   python-version: 3.10
Unit Test	Run actions/setup-python@v5	2026-08-21T16:15:50.4027871Z   check-latest: false
Unit Test	Run actions/setup-python@v5	2026-08-21T16:15:50.4031547Z   token: ***
Unit Test	Run actions/setup-python@v5	2026-08-21T16:15:50.4032016Z   update-environment: true
Unit Test	Run actions/setup-python@v5	2026-08-21T16:15:50.4032546Z   allow-prereleases: false
Unit Test	Run actions/setup-python@v5	2026-08-21T16:15:50.4033073Z   freethreaded: false
Unit Test	Run actions/setup-python@v5	2026-08-21T16:15:50.4033545Z ##[endgroup]
Unit Test	Run actions/setup-python@v5	2026-08-21T16:15:50.5344212Z ##[group]Installed versions
Unit Test	Run actions/setup-python@v5	2026-08-21T16:15:50.5433356Z (node:2117) [DEP0040] DeprecationWarning: The `punycode` module is deprecated. Please use a userland alternative instead.
Unit Test	Run actions/setup-python@v5	2026-08-21T16:15:50.5435523Z (Use `node --trace-deprecation ...` to show where the warning was created)
Unit Test	Run actions/setup-python@v5	2026-08-21T16:15:50.5451852Z Successfully set up CPython (3.10.21)
Unit Test	Run actions/setup-python@v5	2026-08-21T16:15:50.5453135Z ##[endgroup]
Unit Test	Install dependencies	﻿2026-08-21T16:15:50.5614853Z ##[group]Run pip install -r requirements.txt
Unit Test	Install dependencies	2026-08-21T16:15:50.5615759Z ^[[36;1mpip install -r requirements.txt^[[0m
Unit Test	Install dependencies	2026-08-21T16:15:50.5669818Z shell: /usr/bin/bash -e {0}
Unit Test	Install dependencies	2026-08-21T16:15:50.5670708Z env:
Unit Test	Install dependencies	2026-08-21T16:15:50.5671591Z   pythonLocation: /opt/hostedtoolcache/Python/3.10.21/x64
Unit Test	Install dependencies	2026-08-21T16:15:50.5672936Z   PKG_CONFIG_PATH: /opt/hostedtoolcache/Python/3.10.21/x64/lib/pkgconfig
Unit Test	Install dependencies	2026-08-21T16:15:50.5674285Z   Python_ROOT_DIR: /opt/hostedtoolcache/Python/3.10.21/x64
Unit Test	Install dependencies	2026-08-21T16:15:50.5675612Z   Python2_ROOT_DIR: /opt/hostedtoolcache/Python/3.10.21/x64
Unit Test	Install dependencies	2026-08-21T16:15:50.5677144Z   Python3_ROOT_DIR: /opt/hostedtoolcache/Python/3.10.21/x64
Unit Test	Install dependencies	2026-08-21T16:15:50.5678454Z   LD_LIBRARY_PATH: /opt/hostedtoolcache/Python/3.10.21/x64/lib
Unit Test	Install dependencies	2026-08-21T16:15:50.5679585Z ##[endgroup]
Unit Test	Install dependencies	2026-08-21T16:15:51.4118585Z Collecting mlflow==2.13.0 (from -r requirements.txt (line 1))
Unit Test	Install dependencies	2026-08-21T16:15:51.4586058Z   Downloading mlflow-2.13.0-py3-none-any.whl.metadata (29 kB)
Unit Test	Install dependencies	2026-08-21T16:15:51.5751307Z Collecting scikit-learn==1.4.2 (from -r requirements.txt (line 2))
Unit Test	Install dependencies	2026-08-21T16:15:51.5801966Z   Downloading scikit_learn-1.4.2-cp310-cp310-manylinux_2_17_x86_64.manylinux2014_x86_64.whl.metadata (11 kB)
Unit Test	Install dependencies	2026-08-21T16:15:51.7257696Z Collecting pandas==2.2.2 (from -r requirements.txt (line 3))
Unit Test	Install dependencies	2026-08-21T16:15:51.7297433Z   Downloading pandas-2.2.2-cp310-cp310-manylinux_2_17_x86_64.manylinux2014_x86_64.whl.metadata (19 kB)
Unit Test	Install dependencies	2026-08-21T16:15:51.8211222Z Collecting dvc==3.50.1 (from dvc[gs]==3.50.1->-r requirements.txt (line 4))
Unit Test	Install dependencies	2026-08-21T16:15:51.8251289Z   Downloading dvc-3.50.1-py3-none-any.whl.metadata (17 kB)
Unit Test	Install dependencies	2026-08-21T16:15:51.8512763Z Collecting pathspec==0.11.2 (from -r requirements.txt (line 5))
Unit Test	Install dependencies	2026-08-21T16:15:51.8546115Z   Downloading pathspec-0.11.2-py3-none-any.whl.metadata (19 kB)
Unit Test	Install dependencies	2026-08-21T16:15:51.8847042Z Collecting pytest==8.2.0 (from -r requirements.txt (line 6))
Unit Test	Install dependencies	2026-08-21T16:15:51.8885069Z   Downloading pytest-8.2.0-py3-none-any.whl.metadata (7.5 kB)
Unit Test	Install dependencies	2026-08-21T16:15:51.9355110Z Collecting fastapi==0.111.0 (from -r requirements.txt (line 7))
Unit Test	Install dependencies	2026-08-21T16:15:51.9397936Z   Downloading fastapi-0.111.0-py3-none-any.whl.metadata (25 kB)
Unit Test	Install dependencies	2026-08-21T16:15:51.9695913Z Collecting uvicorn==0.29.0 (from -r requirements.txt (line 8))
Unit Test	Install dependencies	2026-08-21T16:15:51.9733265Z   Downloading uvicorn-0.29.0-py3-none-any.whl.metadata (6.3 kB)
Unit Test	Install dependencies	2026-08-21T16:15:51.9950608Z Collecting joblib==1.4.2 (from -r requirements.txt (line 9))
Unit Test	Install dependencies	2026-08-21T16:15:51.9987986Z   Downloading joblib-1.4.2-py3-none-any.whl.metadata (5.4 kB)
Unit Test	Install dependencies	2026-08-21T16:15:52.0228618Z Collecting google-cloud-storage==2.16.0 (from -r requirements.txt (line 10))
Unit Test	Install dependencies	2026-08-21T16:15:52.0265912Z   Downloading google_cloud_storage-2.16.0-py2.py3-none-any.whl.metadata (6.1 kB)
Unit Test	Install dependencies	2026-08-21T16:15:52.0851887Z Collecting pyyaml==6.0.1 (from -r requirements.txt (line 11))
Unit Test	Install dependencies	2026-08-21T16:15:52.0883965Z   Downloading PyYAML-6.0.1-cp310-cp310-manylinux_2_17_x86_64.manylinux2014_x86_64.whl.metadata (2.1 kB)
Unit Test	Install dependencies	2026-08-21T16:15:52.1077065Z Collecting Flask<4 (from mlflow==2.13.0->-r requirements.txt (line 1))
Unit Test	Install dependencies	2026-08-21T16:15:52.1105674Z   Downloading flask-3.1.3-py3-none-any.whl.metadata (3.2 kB)
Unit Test	Install dependencies	2026-08-21T16:15:52.1378942Z Collecting alembic!=1.10.0,<2 (from mlflow==2.13.0->-r requirements.txt (line 1))
Unit Test	Install dependencies	2026-08-21T16:15:52.1407478Z   Downloading alembic-1.19.1-py3-none-any.whl.metadata (7.3 kB)
Unit Test	Install dependencies	2026-08-21T16:15:52.1614715Z Collecting cachetools<6,>=5.0.0 (from mlflow==2.13.0->-r requirements.txt (line 1))
Unit Test	Install dependencies	2026-08-21T16:15:52.1644345Z   Downloading cachetools-5.5.2-py3-none-any.whl.metadata (5.4 kB)
Unit Test	Install dependencies	2026-08-21T16:15:52.1831510Z Collecting click<9,>=7.0 (from mlflow==2.13.0->-r requirements.txt (line 1))
Unit Test	Install dependencies	2026-08-21T16:15:52.1861169Z   Downloading click-8.4.2-py3-none-any.whl.metadata (2.6 kB)
Unit Test	Install dependencies	2026-08-21T16:15:52.2034632Z Collecting cloudpickle<4 (from mlflow==2.13.0->-r requirements.txt (line 1))
Unit Test	Install dependencies	2026-08-21T16:15:52.2064615Z   Downloading cloudpickle-3.1.2-py3-none-any.whl.metadata (7.1 kB)
Unit Test	Install dependencies	2026-08-21T16:15:52.2256103Z Collecting docker<8,>=4.0.0 (from mlflow==2.13.0->-r requirements.txt (line 1))
Unit Test	Install dependencies	2026-08-21T16:15:52.2283908Z   Downloading docker-7.2.0-py3-none-any.whl.metadata (3.8 kB)
Unit Test	Install dependencies	2026-08-21T16:15:52.2406727Z Collecting entrypoints<1 (from mlflow==2.13.0->-r requirements.txt (line 1))
Unit Test	Install dependencies	2026-08-21T16:15:52.2434775Z   Downloading entrypoints-0.4-py3-none-any.whl.metadata (2.6 kB)
Unit Test	Install dependencies	2026-08-21T16:15:52.2670923Z Collecting gitpython<4,>=3.1.9 (from mlflow==2.13.0->-r requirements.txt (line 1))
Unit Test	Install dependencies	2026-08-21T16:15:52.2698964Z   Downloading gitpython-3.1.59-py3-none-any.whl.metadata (13 kB)
Unit Test	Install dependencies	2026-08-21T16:15:52.2930639Z Collecting graphene<4 (from mlflow==2.13.0->-r requirements.txt (line 1))
Unit Test	Install dependencies	2026-08-21T16:15:52.2969193Z   Downloading graphene-3.4.3-py2.py3-none-any.whl.metadata (6.9 kB)
Unit Test	Install dependencies	2026-08-21T16:15:52.3282652Z Collecting importlib-metadata!=4.7.0,<8,>=3.7.0 (from mlflow==2.13.0->-r requirements.txt (line 1))
Unit Test	Install dependencies	2026-08-21T16:15:52.3316471Z   Downloading importlib_metadata-7.2.1-py3-none-any.whl.metadata (4.6 kB)
Unit Test	Install dependencies	2026-08-21T16:15:52.3523031Z Collecting markdown<4,>=3.3 (from mlflow==2.13.0->-r requirements.txt (line 1))
Unit Test	Install dependencies	2026-08-21T16:15:52.3552288Z   Downloading markdown-3.10.3-py3-none-any.whl.metadata (5.1 kB)
Unit Test	Install dependencies	2026-08-21T16:15:52.5246305Z Collecting matplotlib<4 (from mlflow==2.13.0->-r requirements.txt (line 1))
Unit Test	Install dependencies	2026-08-21T16:15:52.5281216Z   Downloading matplotlib-3.10.9-cp310-cp310-manylinux2014_x86_64.manylinux_2_17_x86_64.whl.metadata (52 kB)
Unit Test	Install dependencies	2026-08-21T16:15:52.7967953Z Collecting numpy<2 (from mlflow==2.13.0->-r requirements.txt (line 1))
Unit Test	Install dependencies	2026-08-21T16:15:52.8005827Z   Downloading numpy-1.26.4-cp310-cp310-manylinux_2_17_x86_64.manylinux2014_x86_64.whl.metadata (61 kB)
Unit Test	Install dependencies	2026-08-21T16:15:52.8263761Z Collecting opentelemetry-api<3,>=1.0.0 (from mlflow==2.13.0->-r requirements.txt (line 1))
Unit Test	Install dependencies	2026-08-21T16:15:52.8293479Z   Downloading opentelemetry_api-1.44.0-py3-none-any.whl.metadata (1.4 kB)
Unit Test	Install dependencies	2026-08-21T16:15:52.8520471Z Collecting opentelemetry-sdk<3,>=1.0.0 (from mlflow==2.13.0->-r requirements.txt (line 1))
Unit Test	Install dependencies	2026-08-21T16:15:52.8549274Z   Downloading opentelemetry_sdk-1.44.0-py3-none-any.whl.metadata (1.6 kB)
Unit Test	Install dependencies	2026-08-21T16:15:52.8735768Z Collecting packaging<25 (from mlflow==2.13.0->-r requirements.txt (line 1))
Unit Test	Install dependencies	2026-08-21T16:15:52.8765512Z   Downloading packaging-24.2-py3-none-any.whl.metadata (3.2 kB)
Unit Test	Install dependencies	2026-08-21T16:15:53.0647746Z Collecting protobuf<5,>=3.12.0 (from mlflow==2.13.0->-r requirements.txt (line 1))
Unit Test	Install dependencies	2026-08-21T16:15:53.0680563Z   Downloading protobuf-4.25.9-cp37-abi3-manylinux2014_x86_64.whl.metadata (541 bytes)
Unit Test	Install dependencies	2026-08-21T16:15:53.1710395Z Collecting pyarrow<16,>=4.0.0 (from mlflow==2.13.0->-r requirements.txt (line 1))
Unit Test	Install dependencies	2026-08-21T16:15:53.1751317Z   Downloading pyarrow-15.0.2-cp310-cp310-manylinux_2_28_x86_64.whl.metadata (3.0 kB)
Unit Test	Install dependencies	2026-08-21T16:15:53.2189268Z Collecting pytz<2025 (from mlflow==2.13.0->-r requirements.txt (line 1))
Unit Test	Install dependencies	2026-08-21T16:15:53.2228438Z   Downloading pytz-2024.2-py2.py3-none-any.whl.metadata (22 kB)
Unit Test	Install dependencies	2026-08-21T16:15:53.2350454Z Collecting querystring-parser<2 (from mlflow==2.13.0->-r requirements.txt (line 1))
Unit Test	Install dependencies	2026-08-21T16:15:53.2387569Z   Downloading querystring_parser-1.2.4-py2.py3-none-any.whl.metadata (559 bytes)
Unit Test	Install dependencies	2026-08-21T16:15:53.2636474Z Collecting requests<3,>=2.17.3 (from mlflow==2.13.0->-r requirements.txt (line 1))
Unit Test	Install dependencies	2026-08-21T16:15:53.2664842Z   Downloading requests-2.34.2-py3-none-any.whl.metadata (4.8 kB)
Unit Test	Install dependencies	2026-08-21T16:15:53.4516331Z Collecting scipy<2 (from mlflow==2.13.0->-r requirements.txt (line 1))
Unit Test	Install dependencies	2026-08-21T16:15:53.4550971Z   Downloading scipy-1.15.3-cp310-cp310-manylinux_2_17_x86_64.manylinux2014_x86_64.whl.metadata (61 kB)
Unit Test	Install dependencies	2026-08-21T16:15:53.8032547Z Collecting sqlalchemy<3,>=1.4.0 (from mlflow==2.13.0->-r requirements.txt (line 1))
Unit Test	Install dependencies	2026-08-21T16:15:53.8065765Z   Downloading sqlalchemy-2.0.52-cp310-cp310-manylinux2014_x86_64.manylinux_2_17_x86_64.manylinux_2_28_x86_64.whl.metadata (9.6 kB)
Unit Test	Install dependencies	2026-08-21T16:15:53.8295518Z Collecting sqlparse<1,>=0.4.0 (from mlflow==2.13.0->-r requirements.txt (line 1))
Unit Test	Install dependencies	2026-08-21T16:15:53.8323504Z   Downloading sqlparse-0.6.0-py3-none-any.whl.metadata (6.0 kB)
Unit Test	Install dependencies	2026-08-21T16:15:53.8482844Z Collecting Jinja2<4,>=2.11 (from mlflow==2.13.0->-r requirements.txt (line 1))
Unit Test	Install dependencies	2026-08-21T16:15:53.8510366Z   Downloading jinja2-3.1.6-py3-none-any.whl.metadata (2.9 kB)
Unit Test	Install dependencies	2026-08-21T16:15:53.8703100Z Collecting gunicorn<23 (from mlflow==2.13.0->-r requirements.txt (line 1))
Unit Test	Install dependencies	2026-08-21T16:15:53.8736827Z   Downloading gunicorn-22.0.0-py3-none-any.whl.metadata (4.4 kB)
Unit Test	Install dependencies	2026-08-21T16:15:53.8968558Z Collecting threadpoolctl>=2.0.0 (from scikit-learn==1.4.2->-r requirements.txt (line 2))
Unit Test	Install dependencies	2026-08-21T16:15:53.8996361Z   Downloading threadpoolctl-3.6.0-py3-none-any.whl.metadata (13 kB)
Unit Test	Install dependencies	2026-08-21T16:15:53.9170427Z Collecting python-dateutil>=2.8.2 (from pandas==2.2.2->-r requirements.txt (line 3))
Unit Test	Install dependencies	2026-08-21T16:15:53.9200257Z   Downloading python_dateutil-2.9.0.post0-py2.py3-none-any.whl.metadata (8.4 kB)
Unit Test	Install dependencies	2026-08-21T16:15:53.9371656Z Collecting tzdata>=2022.7 (from pandas==2.2.2->-r requirements.txt (line 3))
Unit Test	Install dependencies	2026-08-21T16:15:53.9398966Z   Downloading tzdata-2026.3-py2.py3-none-any.whl.metadata (1.4 kB)
Unit Test	Install dependencies	2026-08-21T16:15:53.9547964Z Collecting attrs>=22.2.0 (from dvc==3.50.1->dvc[gs]==3.50.1->-r requirements.txt (line 4))
Unit Test	Install dependencies	2026-08-21T16:15:53.9575851Z   Downloading attrs-26.1.0-py3-none-any.whl.metadata (8.8 kB)
Unit Test	Install dependencies	2026-08-21T16:15:53.9911850Z Collecting celery (from dvc==3.50.1->dvc[gs]==3.50.1->-r requirements.txt (line 4))
Unit Test	Install dependencies	2026-08-21T16:15:53.9942173Z   Downloading celery-5.6.3-py3-none-any.whl.metadata (23 kB)
Unit Test	Install dependencies	2026-08-21T16:15:54.0315780Z Collecting colorama>=0.3.9 (from dvc==3.50.1->dvc[gs]==3.50.1->-r requirements.txt (line 4))
Unit Test	Install dependencies	2026-08-21T16:15:54.0343218Z   Downloading colorama-0.4.6-py2.py3-none-any.whl.metadata (17 kB)
Unit Test	Install dependencies	2026-08-21T16:15:54.0782337Z Collecting configobj>=5.0.6 (from dvc==3.50.1->dvc[gs]==3.50.1->-r requirements.txt (line 4))
Unit Test	Install dependencies	2026-08-21T16:15:54.0821482Z   Downloading configobj-5.0.9-py2.py3-none-any.whl.metadata (3.2 kB)
Unit Test	Install dependencies	2026-08-21T16:15:54.0941195Z Collecting distro>=1.3 (from dvc==3.50.1->dvc[gs]==3.50.1->-r requirements.txt (line 4))
Unit Test	Install dependencies	2026-08-21T16:15:54.0968383Z   Downloading distro-1.9.0-py3-none-any.whl.metadata (6.8 kB)
Unit Test	Install dependencies	2026-08-21T16:15:54.1109214Z Collecting dpath<3,>=2.1.0 (from dvc==3.50.1->dvc[gs]==3.50.1->-r requirements.txt (line 4))
Unit Test	Install dependencies	2026-08-21T16:15:54.1142957Z   Downloading dpath-2.2.0-py3-none-any.whl.metadata (15 kB)
Unit Test	Install dependencies	2026-08-21T16:15:54.2936851Z Collecting dulwich (from dvc==3.50.1->dvc[gs]==3.50.1->-r requirements.txt (line 4))
Unit Test	Install dependencies	2026-08-21T16:15:54.2974928Z   Downloading dulwich-1.2.12-cp310-cp310-manylinux_2_28_x86_64.whl.metadata (6.0 kB)
Unit Test	Install dependencies	2026-08-21T16:15:54.3463863Z Collecting dvc-data<3.16,>=3.15 (from dvc==3.50.1->dvc[gs]==3.50.1->-r requirements.txt (line 4))
Unit Test	Install dependencies	2026-08-21T16:15:54.3498684Z   Downloading dvc_data-3.15.2-py3-none-any.whl.metadata (5.0 kB)
Unit Test	Install dependencies	2026-08-21T16:15:54.3661708Z Collecting dvc-http>=2.29.0 (from dvc==3.50.1->dvc[gs]==3.50.1->-r requirements.txt (line 4))
Unit Test	Install dependencies	2026-08-21T16:15:54.3698253Z   Downloading dvc_http-2.32.0-py3-none-any.whl.metadata (1.3 kB)
Unit Test	Install dependencies	2026-08-21T16:15:54.4008236Z Collecting dvc-objects (from dvc==3.50.1->dvc[gs]==3.50.1->-r requirements.txt (line 4))
Unit Test	Install dependencies	2026-08-21T16:15:54.4041956Z   Downloading dvc_objects-5.2.0-py3-none-any.whl.metadata (3.9 kB)
Unit Test	Install dependencies	2026-08-21T16:15:54.4201906Z Collecting dvc-render<2,>=1.0.1 (from dvc==3.50.1->dvc[gs]==3.50.1->-r requirements.txt (line 4))
Unit Test	Install dependencies	2026-08-21T16:15:54.4235321Z   Downloading dvc_render-1.0.2-py3-none-any.whl.metadata (5.4 kB)
Unit Test	Install dependencies	2026-08-21T16:15:54.4487865Z Collecting dvc-studio-client<1,>=0.20 (from dvc==3.50.1->dvc[gs]==3.50.1->-r requirements.txt (line 4))
Unit Test	Install dependencies	2026-08-21T16:15:54.4522659Z   Downloading dvc_studio_client-0.23.0-py3-none-any.whl.metadata (4.4 kB)
Unit Test	Install dependencies	2026-08-21T16:15:54.4663006Z Collecting dvc-task<1,>=0.3.0 (from dvc==3.50.1->dvc[gs]==3.50.1->-r requirements.txt (line 4))
Unit Test	Install dependencies	2026-08-21T16:15:54.4694678Z   Downloading dvc_task-0.40.2-py3-none-any.whl.metadata (10.0 kB)
Unit Test	Install dependencies	2026-08-21T16:15:54.4836444Z Collecting flatten-dict<1,>=0.4.1 (from dvc==3.50.1->dvc[gs]==3.50.1->-r requirements.txt (line 4))
Unit Test	Install dependencies	2026-08-21T16:15:54.4871555Z   Downloading flatten_dict-0.5.0-py3-none-any.whl.metadata (8.9 kB)
Unit Test	Install dependencies	2026-08-21T16:15:54.4991659Z Collecting flufl.lock<8,>=5 (from dvc==3.50.1->dvc[gs]==3.50.1->-r requirements.txt (line 4))
Unit Test	Install dependencies	2026-08-21T16:15:54.5033203Z   Downloading flufl.lock-7.1.1-py3-none-any.whl.metadata (3.3 kB)
Unit Test	Install dependencies	2026-08-21T16:15:54.5271748Z Collecting fsspec (from dvc==3.50.1->dvc[gs]==3.50.1->-r requirements.txt (line 4))
Unit Test	Install dependencies	2026-08-21T16:15:54.5301190Z   Downloading fsspec-2026.7.0-py3-none-any.whl.metadata (10 kB)
Unit Test	Install dependencies	2026-08-21T16:15:54.5720307Z Collecting funcy>=1.14 (from dvc==3.50.1->dvc[gs]==3.50.1->-r requirements.txt (line 4))
Unit Test	Install dependencies	2026-08-21T16:15:54.5757097Z   Downloading funcy-2.0-py2.py3-none-any.whl.metadata (5.9 kB)
Unit Test	Install dependencies	2026-08-21T16:15:54.5864201Z Collecting grandalf<1,>=0.7 (from dvc==3.50.1->dvc[gs]==3.50.1->-r requirements.txt (line 4))
Unit Test	Install dependencies	2026-08-21T16:15:54.5899124Z   Downloading grandalf-0.8-py3-none-any.whl.metadata (1.7 kB)
Unit Test	Install dependencies	2026-08-21T16:15:54.6068922Z Collecting gto<2,>=1.6.0 (from dvc==3.50.1->dvc[gs]==3.50.1->-r requirements.txt (line 4))
Unit Test	Install dependencies	2026-08-21T16:15:54.6103758Z   Downloading gto-1.10.1-py3-none-any.whl.metadata (4.8 kB)
Unit Test	Install dependencies	2026-08-21T16:15:54.6317969Z Collecting hydra-core>=1.1 (from dvc==3.50.1->dvc[gs]==3.50.1->-r requirements.txt (line 4))
Unit Test	Install dependencies	2026-08-21T16:15:54.6358324Z   Downloading hydra_core-1.3.5-py3-none-any.whl.metadata (5.7 kB)
Unit Test	Install dependencies	2026-08-21T16:15:54.6475962Z Collecting iterative-telemetry>=0.0.7 (from dvc==3.50.1->dvc[gs]==3.50.1->-r requirements.txt (line 4))
Unit Test	Install dependencies	2026-08-21T16:15:54.6514700Z   Downloading iterative_telemetry-0.0.10-py3-none-any.whl.metadata (4.1 kB)
Unit Test	Install dependencies	2026-08-21T16:15:54.6849415Z Collecting kombu (from dvc==3.50.1->dvc[gs]==3.50.1->-r requirements.txt (line 4))
Unit Test	Install dependencies	2026-08-21T16:15:54.6880657Z   Downloading kombu-5.6.2-py3-none-any.whl.metadata (3.5 kB)
Unit Test	Install dependencies	2026-08-21T16:15:54.7178996Z Collecting networkx>=2.5 (from dvc==3.50.1->dvc[gs]==3.50.1->-r requirements.txt (line 4))
Unit Test	Install dependencies	2026-08-21T16:15:54.7208983Z   Downloading networkx-3.4.2-py3-none-any.whl.metadata (6.3 kB)
Unit Test	Install dependencies	2026-08-21T16:15:54.7572594Z Collecting omegaconf (from dvc==3.50.1->dvc[gs]==3.50.1->-r requirements.txt (line 4))
Unit Test	Install dependencies	2026-08-21T16:15:54.7600671Z   Downloading omegaconf-2.3.1-py3-none-any.whl.metadata (4.5 kB)
Unit Test	Install dependencies	2026-08-21T16:15:54.7821726Z Collecting platformdirs<4,>=3.1.1 (from dvc==3.50.1->dvc[gs]==3.50.1->-r requirements.txt (line 4))
Unit Test	Install dependencies	2026-08-21T16:15:54.7857405Z   Downloading platformdirs-3.11.0-py3-none-any.whl.metadata (11 kB)
Unit Test	Install dependencies	2026-08-21T16:15:54.8683228Z Collecting psutil>=5.8 (from dvc==3.50.1->dvc[gs]==3.50.1->-r requirements.txt (line 4))
Unit Test	Install dependencies	2026-08-21T16:15:54.8717135Z   Downloading psutil-7.2.2-cp36-abi3-manylinux2010_x86_64.manylinux_2_12_x86_64.manylinux_2_28_x86_64.whl.metadata (22 kB)
Unit Test	Install dependencies	2026-08-21T16:15:54.8890935Z Collecting pydot>=1.2.4 (from dvc==3.50.1->dvc[gs]==3.50.1->-r requirements.txt (line 4))
Unit Test	Install dependencies	2026-08-21T16:15:54.8934888Z   Downloading pydot-4.0.1-py3-none-any.whl.metadata (11 kB)
Unit Test	Install dependencies	2026-08-21T16:15:54.9059744Z Collecting pygtrie>=2.3.2 (from dvc==3.50.1->dvc[gs]==3.50.1->-r requirements.txt (line 4))
Unit Test	Install dependencies	2026-08-21T16:15:54.9093340Z   Downloading pygtrie-2.5.0-py3-none-any.whl.metadata (7.5 kB)
Unit Test	Install dependencies	2026-08-21T16:15:54.9753079Z Collecting pyparsing>=2.4.7 (from dvc==3.50.1->dvc[gs]==3.50.1->-r requirements.txt (line 4))
Unit Test	Install dependencies	2026-08-21T16:15:54.9785030Z   Downloading pyparsing-3.3.2-py3-none-any.whl.metadata (5.8 kB)
Unit Test	Install dependencies	2026-08-21T16:15:55.0197675Z Collecting rich>=12 (from dvc==3.50.1->dvc[gs]==3.50.1->-r requirements.txt (line 4))
Unit Test	Install dependencies	2026-08-21T16:15:55.0227038Z   Downloading rich-15.0.0-py3-none-any.whl.metadata (18 kB)
Unit Test	Install dependencies	2026-08-21T16:15:55.1690142Z Collecting ruamel.yaml>=0.17.11 (from dvc==3.50.1->dvc[gs]==3.50.1->-r requirements.txt (line 4))
Unit Test	Install dependencies	2026-08-21T16:15:55.1723111Z   Downloading ruamel_yaml-0.19.1-py3-none-any.whl.metadata (16 kB)
Unit Test	Install dependencies	2026-08-21T16:15:55.1963667Z Collecting scmrepo<4,>=3.3.2 (from dvc==3.50.1->dvc[gs]==3.50.1->-r requirements.txt (line 4))
Unit Test	Install dependencies	2026-08-21T16:15:55.2012125Z   Downloading scmrepo-3.6.2-py3-none-any.whl.metadata (4.8 kB)
Unit Test	Install dependencies	2026-08-21T16:15:55.2166025Z Collecting shortuuid>=0.5 (from dvc==3.50.1->dvc[gs]==3.50.1->-r requirements.txt (line 4))
Unit Test	Install dependencies	2026-08-21T16:15:55.2201283Z   Downloading shortuuid-1.0.13-py3-none-any.whl.metadata (5.8 kB)
Unit Test	Install dependencies	2026-08-21T16:15:55.2402452Z Collecting shtab<2,>=1.3.4 (from dvc==3.50.1->dvc[gs]==3.50.1->-r requirements.txt (line 4))
Unit Test	Install dependencies	2026-08-21T16:15:55.2438242Z   Downloading shtab-1.11.0-py3-none-any.whl.metadata (7.5 kB)
Unit Test	Install dependencies	2026-08-21T16:15:55.2555745Z Collecting tabulate>=0.8.7 (from dvc==3.50.1->dvc[gs]==3.50.1->-r requirements.txt (line 4))
Unit Test	Install dependencies	2026-08-21T16:15:55.2585506Z   Downloading tabulate-0.10.0-py3-none-any.whl.metadata (40 kB)
Unit Test	Install dependencies	2026-08-21T16:15:55.2765301Z Collecting tomlkit>=0.11.1 (from dvc==3.50.1->dvc[gs]==3.50.1->-r requirements.txt (line 4))
Unit Test	Install dependencies	2026-08-21T16:15:55.2793790Z   Downloading tomlkit-0.15.1-py3-none-any.whl.metadata (3.3 kB)
Unit Test	Install dependencies	2026-08-21T16:15:55.3084867Z Collecting tqdm<5,>=4.63.1 (from dvc==3.50.1->dvc[gs]==3.50.1->-r requirements.txt (line 4))
Unit Test	Install dependencies	2026-08-21T16:15:55.3115253Z   Downloading tqdm-4.70.0-py3-none-any.whl.metadata (57 kB)
Unit Test	Install dependencies	2026-08-21T16:15:55.3278903Z Collecting voluptuous>=0.11.7 (from dvc==3.50.1->dvc[gs]==3.50.1->-r requirements.txt (line 4))
Unit Test	Install dependencies	2026-08-21T16:15:55.3313089Z   Downloading voluptuous-0.16.0-py3-none-any.whl.metadata (20 kB)
Unit Test	Install dependencies	2026-08-21T16:15:55.3427992Z Collecting zc.lockfile>=1.2.1 (from dvc==3.50.1->dvc[gs]==3.50.1->-r requirements.txt (line 4))
Unit Test	Install dependencies	2026-08-21T16:15:55.3469448Z   Downloading zc_lockfile-4.0-py3-none-any.whl.metadata (6.6 kB)
Unit Test	Install dependencies	2026-08-21T16:15:55.3593766Z Collecting iniconfig (from pytest==8.2.0->-r requirements.txt (line 6))
Unit Test	Install dependencies	2026-08-21T16:15:55.3621850Z   Downloading iniconfig-2.3.0-py3-none-any.whl.metadata (2.5 kB)
Unit Test	Install dependencies	2026-08-21T16:15:55.3743348Z Collecting pluggy<2.0,>=1.5 (from pytest==8.2.0->-r requirements.txt (line 6))
Unit Test	Install dependencies	2026-08-21T16:15:55.3772019Z   Downloading pluggy-1.6.0-py3-none-any.whl.metadata (4.8 kB)
Unit Test	Install dependencies	2026-08-21T16:15:55.3907060Z Collecting exceptiongroup>=1.0.0rc8 (from pytest==8.2.0->-r requirements.txt (line 6))
Unit Test	Install dependencies	2026-08-21T16:15:55.3939406Z   Downloading exceptiongroup-1.3.1-py3-none-any.whl.metadata (6.7 kB)
Unit Test	Install dependencies	2026-08-21T16:15:55.4187498Z Collecting tomli>=1 (from pytest==8.2.0->-r requirements.txt (line 6))
Unit Test	Install dependencies	2026-08-21T16:15:55.4215426Z   Downloading tomli-2.4.1-py3-none-any.whl.metadata (10 kB)
Unit Test	Install dependencies	2026-08-21T16:15:55.4485600Z Collecting starlette<0.38.0,>=0.37.2 (from fastapi==0.111.0->-r requirements.txt (line 7))
Unit Test	Install dependencies	2026-08-21T16:15:55.4520596Z   Downloading starlette-0.37.2-py3-none-any.whl.metadata (5.9 kB)
Unit Test	Install dependencies	2026-08-21T16:15:55.5917194Z Collecting pydantic!=1.8,!=1.8.1,!=2.0.0,!=2.0.1,!=2.1.0,<3.0.0,>=1.7.4 (from fastapi==0.111.0->-r requirements.txt (line 7))
Unit Test	Install dependencies	2026-08-21T16:15:55.5948161Z   Downloading pydantic-2.13.4-py3-none-any.whl.metadata (109 kB)
Unit Test	Install dependencies	2026-08-21T16:15:55.6198585Z Collecting typing-extensions>=4.8.0 (from fastapi==0.111.0->-r requirements.txt (line 7))
Unit Test	Install dependencies	2026-08-21T16:15:55.6227520Z   Downloading typing_extensions-4.16.0-py3-none-any.whl.metadata (3.3 kB)
Unit Test	Install dependencies	2026-08-21T16:15:55.6388921Z Collecting fastapi-cli>=0.0.2 (from fastapi==0.111.0->-r requirements.txt (line 7))
Unit Test	Install dependencies	2026-08-21T16:15:55.6425444Z   Downloading fastapi_cli-0.0.32-py3-none-any.whl.metadata (6.7 kB)
Unit Test	Install dependencies	2026-08-21T16:15:55.7470487Z Collecting httpx>=0.23.0 (from fastapi==0.111.0->-r requirements.txt (line 7))
Unit Test	Install dependencies	2026-08-21T16:15:55.7501796Z   Downloading httpx-0.28.1-py3-none-any.whl.metadata (7.1 kB)
Unit Test	Install dependencies	2026-08-21T16:15:55.7685831Z Collecting python-multipart>=0.0.7 (from fastapi==0.111.0->-r requirements.txt (line 7))
Unit Test	Install dependencies	2026-08-21T16:15:55.7714123Z   Downloading python_multipart-0.0.32-py3-none-any.whl.metadata (2.1 kB)
Unit Test	Install dependencies	2026-08-21T16:15:55.9554908Z Collecting ujson!=4.0.2,!=4.1.0,!=4.2.0,!=4.3.0,!=5.0.0,!=5.1.0,>=4.0.1 (from fastapi==0.111.0->-r requirements.txt (line 7))
Unit Test	Install dependencies	2026-08-21T16:15:55.9587272Z   Downloading ujson-5.13.0-cp310-cp310-manylinux_2_24_x86_64.manylinux_2_28_x86_64.whl.metadata (10.0 kB)
Unit Test	Install dependencies	2026-08-21T16:15:56.2641777Z Collecting orjson>=3.2.1 (from fastapi==0.111.0->-r requirements.txt (line 7))
Unit Test	Install dependencies	2026-08-21T16:15:56.2679736Z   Downloading orjson-3.12.0-cp310-cp310-manylinux_2_17_x86_64.manylinux2014_x86_64.whl.metadata (41 kB)
Unit Test	Install dependencies	2026-08-21T16:15:56.2829327Z Collecting email_validator>=2.0.0 (from fastapi==0.111.0->-r requirements.txt (line 7))
Unit Test	Install dependencies	2026-08-21T16:15:56.2858317Z   Downloading email_validator-2.3.0-py3-none-any.whl.metadata (26 kB)
Unit Test	Install dependencies	2026-08-21T16:15:56.3014910Z Collecting h11>=0.8 (from uvicorn==0.29.0->-r requirements.txt (line 8))
Unit Test	Install dependencies	2026-08-21T16:15:56.3042891Z   Downloading h11-0.16.0-py3-none-any.whl.metadata (8.3 kB)
Unit Test	Install dependencies	2026-08-21T16:15:56.3437934Z Collecting google-auth<3.0dev,>=2.26.1 (from google-cloud-storage==2.16.0->-r requirements.txt (line 10))
Unit Test	Install dependencies	2026-08-21T16:15:56.3466907Z   Downloading google_auth-2.56.3-py3-none-any.whl.metadata (6.0 kB)
Unit Test	Install dependencies	2026-08-21T16:15:56.3896971Z Collecting google-api-core<3.0.0dev,>=2.15.0 (from google-cloud-storage==2.16.0->-r requirements.txt (line 10))
Unit Test	Install dependencies	2026-08-21T16:15:56.3925636Z   Downloading google_api_core-2.34.0-py3-none-any.whl.metadata (2.9 kB)
Unit Test	Install dependencies	2026-08-21T16:15:56.4106902Z Collecting google-cloud-core<3.0dev,>=2.3.0 (from google-cloud-storage==2.16.0->-r requirements.txt (line 10))
Unit Test	Install dependencies	2026-08-21T16:15:56.4135586Z   Downloading google_cloud_core-2.6.1-py3-none-any.whl.metadata (2.8 kB)
Unit Test	Install dependencies	2026-08-21T16:15:56.4309610Z Collecting google-resumable-media>=2.6.0 (from google-cloud-storage==2.16.0->-r requirements.txt (line 10))
Unit Test	Install dependencies	2026-08-21T16:15:56.4337838Z   Downloading google_resumable_media-2.10.1-py3-none-any.whl.metadata (2.2 kB)
Unit Test	Install dependencies	2026-08-21T16:15:56.4952487Z Collecting google-crc32c<2.0dev,>=1.0 (from google-cloud-storage==2.16.0->-r requirements.txt (line 10))
Unit Test	Install dependencies	2026-08-21T16:15:56.4992858Z   Downloading google_crc32c-1.8.0-cp310-cp310-manylinux1_x86_64.manylinux2014_x86_64.manylinux_2_17_x86_64.manylinux_2_5_x86_64.whl.metadata (1.7 kB)
Unit Test	Install dependencies	2026-08-21T16:15:56.5786409Z Collecting dvc-gs<4,>=3 (from dvc[gs]==3.50.1->-r requirements.txt (line 4))
Unit Test	Install dependencies	2026-08-21T16:15:56.5822948Z   Downloading dvc_gs-3.1.0-py3-none-any.whl.metadata (1.3 kB)
Unit Test	Install dependencies	2026-08-21T16:15:56.6177295Z Collecting Mako (from alembic!=1.10.0,<2->mlflow==2.13.0->-r requirements.txt (line 1))
Unit Test	Install dependencies	2026-08-21T16:15:56.6205132Z   Downloading mako-1.4.1-py3-none-any.whl.metadata (2.9 kB)
Unit Test	Install dependencies	2026-08-21T16:15:56.6547868Z Collecting urllib3>=1.26.0 (from docker<8,>=4.0.0->mlflow==2.13.0->-r requirements.txt (line 1))
Unit Test	Install dependencies	2026-08-21T16:15:56.6577089Z   Downloading urllib3-2.7.0-py3-none-any.whl.metadata (6.9 kB)
Unit Test	Install dependencies	2026-08-21T16:15:56.6736800Z Collecting dictdiffer>=0.8.1 (from dvc-data<3.16,>=3.15->dvc==3.50.1->dvc[gs]==3.50.1->-r requirements.txt (line 4))
Unit Test	Install dependencies	2026-08-21T16:15:56.6774432Z   Downloading dictdiffer-0.10.0-py3-none-any.whl.metadata (2.9 kB)
Unit Test	Install dependencies	2026-08-21T16:15:56.6960262Z Collecting diskcache>=5.2.1 (from dvc-data<3.16,>=3.15->dvc==3.50.1->dvc[gs]==3.50.1->-r requirements.txt (line 4))
Unit Test	Install dependencies	2026-08-21T16:15:56.6987288Z   Downloading diskcache-5.6.3-py3-none-any.whl.metadata (20 kB)
Unit Test	Install dependencies	2026-08-21T16:15:56.7192217Z Collecting sqltrie<1,>=0.11.0 (from dvc-data<3.16,>=3.15->dvc==3.50.1->dvc[gs]==3.50.1->-r requirements.txt (line 4))
Unit Test	Install dependencies	2026-08-21T16:15:56.7225876Z   Downloading sqltrie-0.11.2-py3-none-any.whl.metadata (3.3 kB)
Unit Test	Install dependencies	2026-08-21T16:15:56.7468982Z Collecting gcsfs>=2022.11.0 (from dvc-gs<4,>=3->dvc[gs]==3.50.1->-r requirements.txt (line 4))
Unit Test	Install dependencies	2026-08-21T16:15:56.7502005Z   Downloading gcsfs-2026.8.0-py3-none-any.whl.metadata (4.6 kB)
Unit Test	Install dependencies	2026-08-21T16:15:56.7890312Z Collecting billiard<5.0,>=4.2.1 (from celery->dvc==3.50.1->dvc[gs]==3.50.1->-r requirements.txt (line 4))
Unit Test	Install dependencies	2026-08-21T16:15:56.7919385Z   Downloading billiard-4.2.4-py3-none-any.whl.metadata (4.8 kB)
Unit Test	Install dependencies	2026-08-21T16:15:56.8062617Z Collecting vine<6.0,>=5.1.0 (from celery->dvc==3.50.1->dvc[gs]==3.50.1->-r requirements.txt (line 4))
Unit Test	Install dependencies	2026-08-21T16:15:56.8089915Z   Downloading vine-5.1.0-py3-none-any.whl.metadata (2.7 kB)
Unit Test	Install dependencies	2026-08-21T16:15:56.8210132Z Collecting click-didyoumean>=0.3.0 (from celery->dvc==3.50.1->dvc[gs]==3.50.1->-r requirements.txt (line 4))
Unit Test	Install dependencies	2026-08-21T16:15:56.8237108Z   Downloading click_didyoumean-0.3.1-py3-none-any.whl.metadata (3.9 kB)
Unit Test	Install dependencies	2026-08-21T16:15:56.8341734Z Collecting click-repl>=0.2.0 (from celery->dvc==3.50.1->dvc[gs]==3.50.1->-r requirements.txt (line 4))
Unit Test	Install dependencies	2026-08-21T16:15:56.8368209Z   Downloading click_repl-0.3.0-py3-none-any.whl.metadata (3.6 kB)
Unit Test	Install dependencies	2026-08-21T16:15:56.8471020Z Collecting click-plugins>=1.1.1 (from celery->dvc==3.50.1->dvc[gs]==3.50.1->-r requirements.txt (line 4))
Unit Test	Install dependencies	2026-08-21T16:15:56.8499477Z   Downloading click_plugins-1.1.1.2-py2.py3-none-any.whl.metadata (6.5 kB)
Unit Test	Install dependencies	2026-08-21T16:15:56.8680009Z Collecting tzlocal (from celery->dvc==3.50.1->dvc[gs]==3.50.1->-r requirements.txt (line 4))
Unit Test	Install dependencies	2026-08-21T16:15:56.8707592Z   Downloading tzlocal-5.4.4-py3-none-any.whl.metadata (7.7 kB)
Unit Test	Install dependencies	2026-08-21T16:15:56.8868122Z Collecting blinker>=1.9.0 (from Flask<4->mlflow==2.13.0->-r requirements.txt (line 1))
Unit Test	Install dependencies	2026-08-21T16:15:56.8896557Z   Downloading blinker-1.9.0-py3-none-any.whl.metadata (1.6 kB)
Unit Test	Install dependencies	2026-08-21T16:15:56.9027399Z Collecting itsdangerous>=2.2.0 (from Flask<4->mlflow==2.13.0->-r requirements.txt (line 1))
Unit Test	Install dependencies	2026-08-21T16:15:56.9055785Z   Downloading itsdangerous-2.2.0-py3-none-any.whl.metadata (1.9 kB)
Unit Test	Install dependencies	2026-08-21T16:15:56.9639878Z Collecting markupsafe>=2.1.1 (from Flask<4->mlflow==2.13.0->-r requirements.txt (line 1))
Unit Test	Install dependencies	2026-08-21T16:15:56.9670019Z   Downloading markupsafe-3.0.3-cp310-cp310-manylinux2014_x86_64.manylinux_2_17_x86_64.manylinux_2_28_x86_64.whl.metadata (2.7 kB)
Unit Test	Install dependencies	2026-08-21T16:15:56.9859637Z Collecting werkzeug>=3.1.0 (from Flask<4->mlflow==2.13.0->-r requirements.txt (line 1))
Unit Test	Install dependencies	2026-08-21T16:15:56.9893193Z   Downloading werkzeug-3.1.8-py3-none-any.whl.metadata (4.0 kB)
Unit Test	Install dependencies	2026-08-21T16:15:57.0048393Z Collecting atpublic>=2.3 (from flufl.lock<8,>=5->dvc==3.50.1->dvc[gs]==3.50.1->-r requirements.txt (line 4))
Unit Test	Install dependencies	2026-08-21T16:15:57.0088691Z   Downloading atpublic-7.0.0-py3-none-any.whl.metadata (2.0 kB)
Unit Test	Install dependencies	2026-08-21T16:15:57.0250443Z Collecting gitdb<5,>=4.0.1 (from gitpython<4,>=3.1.9->mlflow==2.13.0->-r requirements.txt (line 1))
Unit Test	Install dependencies	2026-08-21T16:15:57.0279432Z   Downloading gitdb-4.0.12-py3-none-any.whl.metadata (1.2 kB)
Unit Test	Install dependencies	2026-08-21T16:15:57.0401838Z Collecting smmap<6,>=3.0.1 (from gitdb<5,>=4.0.1->gitpython<4,>=3.1.9->mlflow==2.13.0->-r requirements.txt (line 1))
Unit Test	Install dependencies	2026-08-21T16:15:57.0429468Z   Downloading smmap-5.0.3-py3-none-any.whl.metadata (4.6 kB)
Unit Test	Install dependencies	2026-08-21T16:15:57.0615957Z Collecting googleapis-common-protos<2.0.0,>=1.69.2 (from google-api-core<3.0.0dev,>=2.15.0->google-cloud-storage==2.16.0->-r requirements.txt (line 10))
Unit Test	Install dependencies	2026-08-21T16:15:57.0644737Z   Downloading googleapis_common_protos-1.75.1-py3-none-any.whl.metadata (8.5 kB)
Unit Test	Install dependencies	2026-08-21T16:15:57.0745393Z INFO: pip is looking at multiple versions of google-api-core to determine which version is compatible with other requirements. This could take a while.
Unit Test	Install dependencies	2026-08-21T16:15:57.0752076Z Collecting google-api-core<3.0.0dev,>=2.15.0 (from google-cloud-storage==2.16.0->-r requirements.txt (line 10))
Unit Test	Install dependencies	2026-08-21T16:15:57.0780258Z   Downloading google_api_core-2.33.0-py3-none-any.whl.metadata (3.2 kB)
Unit Test	Install dependencies	2026-08-21T16:15:57.0960866Z   Downloading google_api_core-2.32.0-py3-none-any.whl.metadata (3.2 kB)
Unit Test	Install dependencies	2026-08-21T16:15:57.1041691Z   Downloading google_api_core-2.31.0-py3-none-any.whl.metadata (3.2 kB)
Unit Test	Install dependencies	2026-08-21T16:15:57.1122315Z   Downloading google_api_core-2.30.3-py3-none-any.whl.metadata (3.1 kB)
Unit Test	Install dependencies	2026-08-21T16:15:57.1391671Z Collecting proto-plus<2.0.0,>=1.22.3 (from google-api-core<3.0.0dev,>=2.15.0->google-cloud-storage==2.16.0->-r requirements.txt (line 10))
Unit Test	Install dependencies	2026-08-21T16:15:57.1419962Z   Downloading proto_plus-1.28.3-py3-none-any.whl.metadata (2.2 kB)
Unit Test	Install dependencies	2026-08-21T16:15:57.1748804Z Collecting pyasn1-modules>=0.2.1 (from google-auth<3.0dev,>=2.26.1->google-cloud-storage==2.16.0->-r requirements.txt (line 10))
Unit Test	Install dependencies	2026-08-21T16:15:57.1777187Z   Downloading pyasn1_modules-0.4.2-py3-none-any.whl.metadata (3.5 kB)
Unit Test	Install dependencies	2026-08-21T16:15:57.3972425Z Collecting cryptography>=38.0.3 (from google-auth<3.0dev,>=2.26.1->google-cloud-storage==2.16.0->-r requirements.txt (line 10))
Unit Test	Install dependencies	2026-08-21T16:15:57.4005858Z   Downloading cryptography-50.0.0-cp39-abi3-manylinux_2_34_x86_64.whl.metadata (4.3 kB)
Unit Test	Install dependencies	2026-08-21T16:15:57.4268166Z INFO: pip is looking at multiple versions of googleapis-common-protos to determine which version is compatible with other requirements. This could take a while.
Unit Test	Install dependencies	2026-08-21T16:15:57.4275968Z Collecting googleapis-common-protos<2.0.0,>=1.63.2 (from google-api-core<3.0.0dev,>=2.15.0->google-cloud-storage==2.16.0->-r requirements.txt (line 10))
Unit Test	Install dependencies	2026-08-21T16:15:57.4305939Z   Downloading googleapis_common_protos-1.75.0-py3-none-any.whl.metadata (8.6 kB)
Unit Test	Install dependencies	2026-08-21T16:15:57.5086546Z Collecting graphql-core<3.3,>=3.1 (from graphene<4->mlflow==2.13.0->-r requirements.txt (line 1))
Unit Test	Install dependencies	2026-08-21T16:15:57.5118584Z   Downloading graphql_core-3.2.11-py3-none-any.whl.metadata (11 kB)
Unit Test	Install dependencies	2026-08-21T16:15:57.5238725Z Collecting graphql-relay<3.3,>=3.1 (from graphene<4->mlflow==2.13.0->-r requirements.txt (line 1))
Unit Test	Install dependencies	2026-08-21T16:15:57.5276970Z   Downloading graphql_relay-3.2.0-py3-none-any.whl.metadata (12 kB)
Unit Test	Install dependencies	2026-08-21T16:15:57.5683703Z Collecting pydantic-settings>=2 (from gto<2,>=1.6.0->dvc==3.50.1->dvc[gs]==3.50.1->-r requirements.txt (line 4))
Unit Test	Install dependencies	2026-08-21T16:15:57.5713145Z   Downloading pydantic_settings-2.15.0-py3-none-any.whl.metadata (3.9 kB)
Unit Test	Install dependencies	2026-08-21T16:15:57.5893820Z Collecting semver>=2.13.0 (from gto<2,>=1.6.0->dvc==3.50.1->dvc[gs]==3.50.1->-r requirements.txt (line 4))
Unit Test	Install dependencies	2026-08-21T16:15:57.5921438Z   Downloading semver-3.0.4-py3-none-any.whl.metadata (6.8 kB)
Unit Test	Install dependencies	2026-08-21T16:15:57.6146972Z Collecting zipp>=0.5 (from importlib-metadata!=4.7.0,<8,>=3.7.0->mlflow==2.13.0->-r requirements.txt (line 1))
Unit Test	Install dependencies	2026-08-21T16:15:57.6174534Z   Downloading zipp-4.1.0-py3-none-any.whl.metadata (3.6 kB)
Unit Test	Install dependencies	2026-08-21T16:15:57.6938448Z Collecting amqp<6.0.0,>=5.1.1 (from kombu->dvc==3.50.1->dvc[gs]==3.50.1->-r requirements.txt (line 4))
Unit Test	Install dependencies	2026-08-21T16:15:57.6968687Z   Downloading amqp-5.3.1-py3-none-any.whl.metadata (8.9 kB)
Unit Test	Install dependencies	2026-08-21T16:15:57.7789856Z Collecting contourpy>=1.0.1 (from matplotlib<4->mlflow==2.13.0->-r requirements.txt (line 1))
Unit Test	Install dependencies	2026-08-21T16:15:57.7821594Z   Downloading contourpy-1.3.2-cp310-cp310-manylinux_2_17_x86_64.manylinux2014_x86_64.whl.metadata (5.5 kB)
Unit Test	Install dependencies	2026-08-21T16:15:57.7946615Z Collecting cycler>=0.10 (from matplotlib<4->mlflow==2.13.0->-r requirements.txt (line 1))
Unit Test	Install dependencies	2026-08-21T16:15:57.7974400Z   Downloading cycler-0.12.1-py3-none-any.whl.metadata (3.8 kB)
Unit Test	Install dependencies	2026-08-21T16:15:58.0429037Z Collecting fonttools>=4.22.0 (from matplotlib<4->mlflow==2.13.0->-r requirements.txt (line 1))
Unit Test	Install dependencies	2026-08-21T16:15:58.0462767Z   Downloading fonttools-4.63.0-cp310-cp310-manylinux2014_x86_64.manylinux_2_17_x86_64.whl.metadata (118 kB)
Unit Test	Install dependencies	2026-08-21T16:15:58.1301521Z Collecting kiwisolver>=1.3.1 (from matplotlib<4->mlflow==2.13.0->-r requirements.txt (line 1))
Unit Test	Install dependencies	2026-08-21T16:15:58.1333116Z   Downloading kiwisolver-1.5.0-cp310-cp310-manylinux_2_12_x86_64.manylinux2010_x86_64.whl.metadata (5.1 kB)
Unit Test	Install dependencies	2026-08-21T16:15:58.3424703Z Collecting pillow>=8 (from matplotlib<4->mlflow==2.13.0->-r requirements.txt (line 1))
Unit Test	Install dependencies	2026-08-21T16:15:58.3458989Z   Downloading pillow-12.3.0-cp310-cp310-manylinux_2_27_x86_64.manylinux_2_28_x86_64.whl.metadata (9.1 kB)
Unit Test	Install dependencies	2026-08-21T16:15:58.3799059Z Collecting opentelemetry-semantic-conventions==0.65b0 (from opentelemetry-sdk<3,>=1.0.0->mlflow==2.13.0->-r requirements.txt (line 1))
Unit Test	Install dependencies	2026-08-21T16:15:58.3827356Z   Downloading opentelemetry_semantic_conventions-0.65b0-py3-none-any.whl.metadata (2.4 kB)
Unit Test	Install dependencies	2026-08-21T16:15:58.3930173Z INFO: pip is looking at multiple versions of proto-plus to determine which version is compatible with other requirements. This could take a while.
Unit Test	Install dependencies	2026-08-21T16:15:58.3936939Z Collecting proto-plus<2.0.0,>=1.22.3 (from google-api-core<3.0.0dev,>=2.15.0->google-cloud-storage==2.16.0->-r requirements.txt (line 10))
Unit Test	Install dependencies	2026-08-21T16:15:58.3965153Z   Downloading proto_plus-1.28.2-py3-none-any.whl.metadata (2.2 kB)
Unit Test	Install dependencies	2026-08-21T16:15:58.4144212Z Collecting annotated-types>=0.6.0 (from pydantic!=1.8,!=1.8.1,!=2.0.0,!=2.0.1,!=2.1.0,<3.0.0,>=1.7.4->fastapi==0.111.0->-r requirements.txt (line 7))
Unit Test	Install dependencies	2026-08-21T16:15:58.4171656Z   Downloading annotated_types-0.8.0-py3-none-any.whl.metadata (15 kB)
Unit Test	Install dependencies	2026-08-21T16:15:59.2916024Z Collecting pydantic-core==2.46.4 (from pydantic!=1.8,!=1.8.1,!=2.0.0,!=2.0.1,!=2.1.0,<3.0.0,>=1.7.4->fastapi==0.111.0->-r requirements.txt (line 7))
Unit Test	Install dependencies	2026-08-21T16:15:59.2950043Z   Downloading pydantic_core-2.46.4-cp310-cp310-manylinux_2_17_x86_64.manylinux2014_x86_64.whl.metadata (6.6 kB)
Unit Test	Install dependencies	2026-08-21T16:15:59.3071287Z Collecting typing-inspection>=0.4.2 (from pydantic!=1.8,!=1.8.1,!=2.0.0,!=2.0.1,!=2.1.0,<3.0.0,>=1.7.4->fastapi==0.111.0->-r requirements.txt (line 7))
Unit Test	Install dependencies	2026-08-21T16:15:59.3099404Z   Downloading typing_inspection-0.4.4-py3-none-any.whl.metadata (2.6 kB)
Unit Test	Install dependencies	2026-08-21T16:15:59.3265653Z Collecting six>=1.5 (from python-dateutil>=2.8.2->pandas==2.2.2->-r requirements.txt (line 3))
Unit Test	Install dependencies	2026-08-21T16:15:59.3293964Z   Downloading six-1.17.0-py2.py3-none-any.whl.metadata (1.7 kB)
Unit Test	Install dependencies	2026-08-21T16:15:59.5585067Z Collecting charset_normalizer<4,>=2 (from requests<3,>=2.17.3->mlflow==2.13.0->-r requirements.txt (line 1))
Unit Test	Install dependencies	2026-08-21T16:15:59.5619455Z   Downloading charset_normalizer-3.5.1-cp310-cp310-manylinux2014_x86_64.manylinux_2_17_x86_64.manylinux_2_28_x86_64.whl.metadata (45 kB)
Unit Test	Install dependencies	2026-08-21T16:15:59.5776893Z Collecting idna<4,>=2.5 (from requests<3,>=2.17.3->mlflow==2.13.0->-r requirements.txt (line 1))
Unit Test	Install dependencies	2026-08-21T16:15:59.5805228Z   Downloading idna-3.19-py3-none-any.whl.metadata (9.2 kB)
Unit Test	Install dependencies	2026-08-21T16:15:59.6037231Z Collecting certifi>=2023.5.7 (from requests<3,>=2.17.3->mlflow==2.13.0->-r requirements.txt (line 1))
Unit Test	Install dependencies	2026-08-21T16:15:59.6065175Z   Downloading certifi-2026.7.22-py3-none-any.whl.metadata (2.5 kB)
Unit Test	Install dependencies	2026-08-21T16:15:59.7173941Z Collecting pygit2>=1.14.0 (from scmrepo<4,>=3.3.2->dvc==3.50.1->dvc[gs]==3.50.1->-r requirements.txt (line 4))
Unit Test	Install dependencies	2026-08-21T16:15:59.7216650Z   Downloading pygit2-1.18.2-cp310-cp310-manylinux_2_26_x86_64.manylinux_2_28_x86_64.whl.metadata (3.6 kB)
Unit Test	Install dependencies	2026-08-21T16:15:59.7434667Z Collecting asyncssh<3,>=2.13.1 (from scmrepo<4,>=3.3.2->dvc==3.50.1->dvc[gs]==3.50.1->-r requirements.txt (line 4))
Unit Test	Install dependencies	2026-08-21T16:15:59.7468298Z   Downloading asyncssh-2.24.0-py3-none-any.whl.metadata (9.8 kB)
Unit Test	Install dependencies	2026-08-21T16:15:59.7621897Z Collecting aiohttp-retry>=2.5.0 (from scmrepo<4,>=3.3.2->dvc==3.50.1->dvc[gs]==3.50.1->-r requirements.txt (line 4))
Unit Test	Install dependencies	2026-08-21T16:15:59.7650813Z   Downloading aiohttp_retry-2.9.1-py3-none-any.whl.metadata (8.8 kB)
Unit Test	Install dependencies	2026-08-21T16:15:59.9583469Z Collecting greenlet>=1 (from sqlalchemy<3,>=1.4.0->mlflow==2.13.0->-r requirements.txt (line 1))
Unit Test	Install dependencies	2026-08-21T16:15:59.9618290Z   Downloading greenlet-3.5.5-cp310-cp310-manylinux_2_24_x86_64.manylinux_2_28_x86_64.whl.metadata (3.8 kB)
Unit Test	Install dependencies	2026-08-21T16:16:00.0571357Z Collecting anyio<5,>=3.4.0 (from starlette<0.38.0,>=0.37.2->fastapi==0.111.0->-r requirements.txt (line 7))
Unit Test	Install dependencies	2026-08-21T16:16:00.0615785Z   Downloading anyio-4.14.2-py3-none-any.whl.metadata (4.6 kB)
Unit Test	Install dependencies	2026-08-21T16:16:00.8127008Z Collecting aiohttp (from aiohttp-retry>=2.5.0->scmrepo<4,>=3.3.2->dvc==3.50.1->dvc[gs]==3.50.1->-r requirements.txt (line 4))
Unit Test	Install dependencies	2026-08-21T16:16:00.8161433Z   Downloading aiohttp-3.14.3-cp310-cp310-manylinux2014_x86_64.manylinux_2_17_x86_64.manylinux_2_28_x86_64.whl.metadata (8.3 kB)
Unit Test	Install dependencies	2026-08-21T16:16:00.8614866Z Collecting prompt-toolkit>=3.0.36 (from click-repl>=0.2.0->celery->dvc==3.50.1->dvc[gs]==3.50.1->-r requirements.txt (line 4))
Unit Test	Install dependencies	2026-08-21T16:16:00.8643633Z   Downloading prompt_toolkit-3.0.53-py3-none-any.whl.metadata (6.4 kB)
Unit Test	Install dependencies	2026-08-21T16:16:01.0009774Z Collecting cffi>=2.0.0 (from cryptography>=38.0.3->google-auth<3.0dev,>=2.26.1->google-cloud-storage==2.16.0->-r requirements.txt (line 10))
Unit Test	Install dependencies	2026-08-21T16:16:01.0043555Z   Downloading cffi-2.1.1-cp310-cp310-manylinux2014_x86_64.manylinux_2_17_x86_64.whl.metadata (2.5 kB)
Unit Test	Install dependencies	2026-08-21T16:16:01.0210733Z Collecting pycparser (from cffi>=2.0.0->cryptography>=38.0.3->google-auth<3.0dev,>=2.26.1->google-cloud-storage==2.16.0->-r requirements.txt (line 10))
Unit Test	Install dependencies	2026-08-21T16:16:01.0239731Z   Downloading pycparser-3.0-py3-none-any.whl.metadata (8.2 kB)
Unit Test	Install dependencies	2026-08-21T16:16:01.0462266Z Collecting dnspython>=2.0.0 (from email_validator>=2.0.0->fastapi==0.111.0->-r requirements.txt (line 7))
Unit Test	Install dependencies	2026-08-21T16:16:01.0490976Z   Downloading dnspython-2.8.0-py3-none-any.whl.metadata (5.7 kB)
Unit Test	Install dependencies	2026-08-21T16:16:01.0813123Z Collecting typer>=0.16.0 (from fastapi-cli>=0.0.2->fastapi==0.111.0->-r requirements.txt (line 7))
Unit Test	Install dependencies	2026-08-21T16:16:01.0844186Z   Downloading typer-0.27.1-py3-none-any.whl.metadata (16 kB)
Unit Test	Install dependencies	2026-08-21T16:16:01.1058603Z Collecting rich-toolkit>=0.14.8 (from fastapi-cli>=0.0.2->fastapi==0.111.0->-r requirements.txt (line 7))
Unit Test	Install dependencies	2026-08-21T16:16:01.1092802Z   Downloading rich_toolkit-0.20.3-py3-none-any.whl.metadata (1.0 kB)
Unit Test	Install dependencies	2026-08-21T16:16:01.1429529Z Collecting decorator>4.1.2 (from gcsfs>=2022.11.0->dvc-gs<4,>=3->dvc[gs]==3.50.1->-r requirements.txt (line 4))
Unit Test	Install dependencies	2026-08-21T16:16:01.1461961Z   Downloading decorator-5.3.1-py3-none-any.whl.metadata (3.9 kB)
Unit Test	Install dependencies	2026-08-21T16:16:01.1617371Z Collecting google-auth-oauthlib (from gcsfs>=2022.11.0->dvc-gs<4,>=3->dvc[gs]==3.50.1->-r requirements.txt (line 4))
Unit Test	Install dependencies	2026-08-21T16:16:01.1645567Z   Downloading google_auth_oauthlib-1.4.0-py3-none-any.whl.metadata (2.6 kB)
Unit Test	Install dependencies	2026-08-21T16:16:01.1865558Z Collecting google-cloud-storage-control (from gcsfs>=2022.11.0->dvc-gs<4,>=3->dvc[gs]==3.50.1->-r requirements.txt (line 4))
Unit Test	Install dependencies	2026-08-21T16:16:01.1896457Z   Downloading google_cloud_storage_control-1.13.0-py3-none-any.whl.metadata (9.8 kB)
Unit Test	Install dependencies	2026-08-21T16:16:01.1957686Z INFO: pip is looking at multiple versions of gcsfs to determine which version is compatible with other requirements. This could take a while.
Unit Test	Install dependencies	2026-08-21T16:16:01.1965107Z Collecting gcsfs>=2022.11.0 (from dvc-gs<4,>=3->dvc[gs]==3.50.1->-r requirements.txt (line 4))
Unit Test	Install dependencies	2026-08-21T16:16:01.1998642Z   Downloading gcsfs-2026.7.0-py3-none-any.whl.metadata (4.6 kB)
Unit Test	Install dependencies	2026-08-21T16:16:01.2094080Z   Downloading gcsfs-2026.6.0-py3-none-any.whl.metadata (4.6 kB)
Unit Test	Install dependencies	2026-08-21T16:16:01.2183510Z   Downloading gcsfs-2026.5.0-py3-none-any.whl.metadata (4.5 kB)
Unit Test	Install dependencies	2026-08-21T16:16:01.2291687Z   Downloading gcsfs-2026.4.0-py3-none-any.whl.metadata (4.5 kB)
Unit Test	Install dependencies	2026-08-21T16:16:01.2381608Z   Downloading gcsfs-2026.3.0-py3-none-any.whl.metadata (2.1 kB)
Unit Test	Install dependencies	2026-08-21T16:16:01.2453242Z   Downloading gcsfs-2026.2.0-py3-none-any.whl.metadata (2.1 kB)
Unit Test	Install dependencies	2026-08-21T16:16:01.2660515Z   Downloading gcsfs-2026.1.0-py3-none-any.whl.metadata (2.1 kB)
Unit Test	Install dependencies	2026-08-21T16:16:01.2703535Z INFO: pip is still looking at multiple versions of gcsfs to determine which version is compatible with other requirements. This could take a while.
Unit Test	Install dependencies	2026-08-21T16:16:01.2742939Z   Downloading gcsfs-2025.12.0-py3-none-any.whl.metadata (2.1 kB)
Unit Test	Install dependencies	2026-08-21T16:16:01.2820290Z   Downloading gcsfs-2025.10.0-py2.py3-none-any.whl.metadata (2.1 kB)
Unit Test	Install dependencies	2026-08-21T16:16:01.2895432Z   Downloading gcsfs-2025.9.0-py2.py3-none-any.whl.metadata (2.1 kB)
Unit Test	Install dependencies	2026-08-21T16:16:01.2971801Z   Downloading gcsfs-2025.7.0-py2.py3-none-any.whl.metadata (2.1 kB)
Unit Test	Install dependencies	2026-08-21T16:16:01.3042554Z   Downloading gcsfs-2025.5.1-py2.py3-none-any.whl.metadata (1.9 kB)
Unit Test	Install dependencies	2026-08-21T16:16:01.3083104Z INFO: This is taking longer than usual. You might need to provide the dependency resolver with stricter constraints to reduce runtime. See https://pip.pypa.io/warnings/backtracking for guidance. If you want to abort this run, press Ctrl + C.
Unit Test	Install dependencies	2026-08-21T16:16:01.3121853Z   Downloading gcsfs-2025.5.0.post1-py2.py3-none-any.whl.metadata (1.9 kB)
Unit Test	Install dependencies	2026-08-21T16:16:01.3293559Z   Downloading gcsfs-2025.5.0-py2.py3-none-any.whl.metadata (1.9 kB)
Unit Test	Install dependencies	2026-08-21T16:16:01.3370704Z   Downloading gcsfs-2025.3.2-py2.py3-none-any.whl.metadata (1.9 kB)
Unit Test	Install dependencies	2026-08-21T16:16:01.3446773Z   Downloading gcsfs-2025.3.1-py2.py3-none-any.whl.metadata (1.9 kB)
Unit Test	Install dependencies	2026-08-21T16:16:01.3523202Z   Downloading gcsfs-2025.3.0-py2.py3-none-any.whl.metadata (1.9 kB)
Unit Test	Install dependencies	2026-08-21T16:16:01.3605772Z   Downloading gcsfs-2025.2.0-py2.py3-none-any.whl.metadata (1.9 kB)
Unit Test	Install dependencies	2026-08-21T16:16:01.3680471Z   Downloading gcsfs-2024.12.0-py2.py3-none-any.whl.metadata (1.6 kB)
Unit Test	Install dependencies	2026-08-21T16:16:01.3751944Z   Downloading gcsfs-2024.10.0-py2.py3-none-any.whl.metadata (1.6 kB)
Unit Test	Install dependencies	2026-08-21T16:16:01.3836917Z   Downloading gcsfs-2024.9.0.post1-py2.py3-none-any.whl.metadata (1.6 kB)
Unit Test	Install dependencies	2026-08-21T16:16:01.3904646Z   Downloading gcsfs-2024.6.1-py2.py3-none-any.whl.metadata (1.6 kB)
Unit Test	Install dependencies	2026-08-21T16:16:01.3979282Z   Downloading gcsfs-2024.6.0-py2.py3-none-any.whl.metadata (1.6 kB)
Unit Test	Install dependencies	2026-08-21T16:16:01.4054875Z   Downloading gcsfs-2024.5.0-py2.py3-none-any.whl.metadata (1.6 kB)
Unit Test	Install dependencies	2026-08-21T16:16:01.4128603Z   Downloading gcsfs-2024.3.1-py2.py3-none-any.whl.metadata (1.6 kB)
Unit Test	Install dependencies	2026-08-21T16:16:01.4205589Z   Downloading gcsfs-2024.2.0-py2.py3-none-any.whl.metadata (1.6 kB)
Unit Test	Install dependencies	2026-08-21T16:16:01.4330303Z   Downloading gcsfs-2023.12.2.post1-py2.py3-none-any.whl.metadata (1.6 kB)
Unit Test	Install dependencies	2026-08-21T16:16:01.4403669Z   Downloading gcsfs-2023.12.1-py2.py3-none-any.whl.metadata (1.6 kB)
Unit Test	Install dependencies	2026-08-21T16:16:01.4476949Z   Downloading gcsfs-2023.12.0-py2.py3-none-any.whl.metadata (1.6 kB)
Unit Test	Install dependencies	2026-08-21T16:16:01.4557178Z   Downloading gcsfs-2023.10.0-py2.py3-none-any.whl.metadata (1.6 kB)
Unit Test	Install dependencies	2026-08-21T16:16:01.4630005Z   Downloading gcsfs-2023.9.2-py2.py3-none-any.whl.metadata (1.6 kB)
Unit Test	Install dependencies	2026-08-21T16:16:01.4700019Z   Downloading gcsfs-2023.9.1-py2.py3-none-any.whl.metadata (1.6 kB)
Unit Test	Install dependencies	2026-08-21T16:16:01.4767741Z   Downloading gcsfs-2023.9.0-py2.py3-none-any.whl.metadata (1.6 kB)
Unit Test	Install dependencies	2026-08-21T16:16:01.4841310Z   Downloading gcsfs-2023.6.0-py2.py3-none-any.whl.metadata (1.6 kB)
Unit Test	Install dependencies	2026-08-21T16:16:01.4922414Z   Downloading gcsfs-2023.5.0-py2.py3-none-any.whl.metadata (1.6 kB)
Unit Test	Install dependencies	2026-08-21T16:16:01.4994157Z   Downloading gcsfs-2023.4.0-py2.py3-none-any.whl.metadata (1.6 kB)
Unit Test	Install dependencies	2026-08-21T16:16:01.5065341Z   Downloading gcsfs-2023.3.0-py2.py3-none-any.whl.metadata (1.6 kB)
Unit Test	Install dependencies	2026-08-21T16:16:01.5148817Z   Downloading gcsfs-2023.1.0-py2.py3-none-any.whl.metadata (1.6 kB)
Unit Test	Install dependencies	2026-08-21T16:16:01.5220652Z   Downloading gcsfs-2022.11.0-py2.py3-none-any.whl.metadata (1.6 kB)
Unit Test	Install dependencies	2026-08-21T16:16:01.5285848Z Collecting fsspec[tqdm]>=2024.2.0 (from scmrepo<4,>=3.3.2->dvc==3.50.1->dvc[gs]==3.50.1->-r requirements.txt (line 4))
Unit Test	Install dependencies	2026-08-21T16:16:01.5319206Z   Downloading fsspec-2026.6.0-py3-none-any.whl.metadata (10 kB)
Unit Test	Install dependencies	2026-08-21T16:16:01.5791853Z Collecting fsspec (from dvc==3.50.1->dvc[gs]==3.50.1->-r requirements.txt (line 4))
Unit Test	Install dependencies	2026-08-21T16:16:01.5830620Z   Downloading fsspec-2026.3.0-py3-none-any.whl.metadata (10 kB)
Unit Test	Install dependencies	2026-08-21T16:16:01.6201054Z   Downloading fsspec-2026.2.0-py3-none-any.whl.metadata (10 kB)
Unit Test	Install dependencies	2026-08-21T16:16:01.6561992Z   Downloading fsspec-2026.1.0-py3-none-any.whl.metadata (10 kB)
Unit Test	Install dependencies	2026-08-21T16:16:01.6946083Z   Downloading fsspec-2025.12.0-py3-none-any.whl.metadata (10 kB)
Unit Test	Install dependencies	2026-08-21T16:16:01.7276273Z INFO: pip is looking at multiple versions of fsspec[tqdm] to determine which version is compatible with other requirements. This could take a while.
Unit Test	Install dependencies	2026-08-21T16:16:01.7283808Z Collecting fsspec[tqdm]>=2024.2.0 (from scmrepo<4,>=3.3.2->dvc==3.50.1->dvc[gs]==3.50.1->-r requirements.txt (line 4))
Unit Test	Install dependencies	2026-08-21T16:16:01.7322274Z   Downloading fsspec-2026.4.0-py3-none-any.whl.metadata (10 kB)
Unit Test	Install dependencies	2026-08-21T16:16:01.7779135Z Collecting aiohappyeyeballs>=2.5.0 (from aiohttp->aiohttp-retry>=2.5.0->scmrepo<4,>=3.3.2->dvc==3.50.1->dvc[gs]==3.50.1->-r requirements.txt (line 4))
Unit Test	Install dependencies	2026-08-21T16:16:01.7809064Z   Downloading aiohappyeyeballs-2.7.1-py3-none-any.whl.metadata (5.9 kB)
Unit Test	Install dependencies	2026-08-21T16:16:01.7912335Z Collecting aiosignal>=1.4.0 (from aiohttp->aiohttp-retry>=2.5.0->scmrepo<4,>=3.3.2->dvc==3.50.1->dvc[gs]==3.50.1->-r requirements.txt (line 4))
Unit Test	Install dependencies	2026-08-21T16:16:01.7941388Z   Downloading aiosignal-1.4.0-py3-none-any.whl.metadata (3.7 kB)
Unit Test	Install dependencies	2026-08-21T16:16:01.8072034Z Collecting async-timeout<6.0,>=4.0 (from aiohttp->aiohttp-retry>=2.5.0->scmrepo<4,>=3.3.2->dvc==3.50.1->dvc[gs]==3.50.1->-r requirements.txt (line 4))
Unit Test	Install dependencies	2026-08-21T16:16:01.8099021Z   Downloading async_timeout-5.0.1-py3-none-any.whl.metadata (5.1 kB)
Unit Test	Install dependencies	2026-08-21T16:16:01.8977965Z Collecting frozenlist>=1.1.1 (from aiohttp->aiohttp-retry>=2.5.0->scmrepo<4,>=3.3.2->dvc==3.50.1->dvc[gs]==3.50.1->-r requirements.txt (line 4))
Unit Test	Install dependencies	2026-08-21T16:16:01.9023054Z   Downloading frozenlist-1.8.0-cp310-cp310-manylinux1_x86_64.manylinux_2_28_x86_64.manylinux_2_5_x86_64.whl.metadata (20 kB)
Unit Test	Install dependencies	2026-08-21T16:16:02.2914636Z Collecting multidict<7.0,>=4.5 (from aiohttp->aiohttp-retry>=2.5.0->scmrepo<4,>=3.3.2->dvc==3.50.1->dvc[gs]==3.50.1->-r requirements.txt (line 4))
Unit Test	Install dependencies	2026-08-21T16:16:02.2948705Z   Downloading multidict-6.7.1-cp310-cp310-manylinux2014_x86_64.manylinux_2_17_x86_64.manylinux_2_28_x86_64.whl.metadata (5.3 kB)
Unit Test	Install dependencies	2026-08-21T16:16:02.3626984Z Collecting propcache>=0.2.0 (from aiohttp->aiohttp-retry>=2.5.0->scmrepo<4,>=3.3.2->dvc==3.50.1->dvc[gs]==3.50.1->-r requirements.txt (line 4))
Unit Test	Install dependencies	2026-08-21T16:16:02.3660307Z   Downloading propcache-0.5.2-cp310-cp310-manylinux2014_x86_64.manylinux_2_17_x86_64.manylinux_2_28_x86_64.whl.metadata (16 kB)
Unit Test	Install dependencies	2026-08-21T16:16:02.6854253Z Collecting yarl<2.0,>=1.17.0 (from aiohttp->aiohttp-retry>=2.5.0->scmrepo<4,>=3.3.2->dvc==3.50.1->dvc[gs]==3.50.1->-r requirements.txt (line 4))
Unit Test	Install dependencies	2026-08-21T16:16:02.6887396Z   Downloading yarl-1.24.5-cp310-cp310-manylinux2014_x86_64.manylinux_2_17_x86_64.manylinux_2_28_x86_64.whl.metadata (103 kB)
Unit Test	Install dependencies	2026-08-21T16:16:02.7479677Z Collecting httpcore==1.* (from httpx>=0.23.0->fastapi==0.111.0->-r requirements.txt (line 7))
Unit Test	Install dependencies	2026-08-21T16:16:02.7508770Z   Downloading httpcore-1.0.9-py3-none-any.whl.metadata (21 kB)
Unit Test	Install dependencies	2026-08-21T16:16:02.7753769Z Collecting antlr4-python3-runtime==4.9.* (from hydra-core>=1.1->dvc==3.50.1->dvc[gs]==3.50.1->-r requirements.txt (line 4))
Unit Test	Install dependencies	2026-08-21T16:16:02.7786467Z   Downloading antlr4-python3-runtime-4.9.3.tar.gz (117 kB)
Unit Test	Install dependencies	2026-08-21T16:16:02.8083867Z   Installing build dependencies: started
Unit Test	Install dependencies	2026-08-21T16:16:03.5762151Z   Installing build dependencies: finished with status 'done'
Unit Test	Install dependencies	2026-08-21T16:16:03.5770160Z   Getting requirements to build wheel: started
Unit Test	Install dependencies	2026-08-21T16:16:03.9289406Z   Getting requirements to build wheel: finished with status 'done'
Unit Test	Install dependencies	2026-08-21T16:16:03.9300066Z   Preparing metadata (pyproject.toml): started
Unit Test	Install dependencies	2026-08-21T16:16:04.1103522Z   Preparing metadata (pyproject.toml): finished with status 'done'
Unit Test	Install dependencies	2026-08-21T16:16:04.1261896Z Collecting appdirs (from iterative-telemetry>=0.0.7->dvc==3.50.1->dvc[gs]==3.50.1->-r requirements.txt (line 4))
Unit Test	Install dependencies	2026-08-21T16:16:04.1289463Z   Downloading appdirs-1.4.4-py2.py3-none-any.whl.metadata (9.0 kB)
Unit Test	Install dependencies	2026-08-21T16:16:04.1532929Z Collecting filelock (from iterative-telemetry>=0.0.7->dvc==3.50.1->dvc[gs]==3.50.1->-r requirements.txt (line 4))
Unit Test	Install dependencies	2026-08-21T16:16:04.1564065Z   Downloading filelock-3.32.3-py3-none-any.whl.metadata (2.0 kB)
Unit Test	Install dependencies	2026-08-21T16:16:04.1853402Z Collecting wcwidth>=0.1.4 (from prompt-toolkit>=3.0.36->click-repl>=0.2.0->celery->dvc==3.50.1->dvc[gs]==3.50.1->-r requirements.txt (line 4))
Unit Test	Install dependencies	2026-08-21T16:16:04.1881919Z   Downloading wcwidth-0.8.2-py3-none-any.whl.metadata (43 kB)
Unit Test	Install dependencies	2026-08-21T16:16:04.2174101Z Collecting pyasn1<0.7.0,>=0.6.1 (from pyasn1-modules>=0.2.1->google-auth<3.0dev,>=2.26.1->google-cloud-storage==2.16.0->-r requirements.txt (line 10))
Unit Test	Install dependencies	2026-08-21T16:16:04.2204858Z   Downloading pyasn1-0.6.4-py3-none-any.whl.metadata (8.4 kB)
Unit Test	Install dependencies	2026-08-21T16:16:04.2483533Z Collecting python-dotenv>=0.21.0 (from pydantic-settings>=2->gto<2,>=1.6.0->dvc==3.50.1->dvc[gs]==3.50.1->-r requirements.txt (line 4))
Unit Test	Install dependencies	2026-08-21T16:16:04.2514393Z   Downloading python_dotenv-1.2.3-py3-none-any.whl.metadata (29 kB)
Unit Test	Install dependencies	2026-08-21T16:16:04.2835510Z Collecting markdown-it-py>=2.2.0 (from rich>=12->dvc==3.50.1->dvc[gs]==3.50.1->-r requirements.txt (line 4))
Unit Test	Install dependencies	2026-08-21T16:16:04.2865892Z   Downloading markdown_it_py-4.2.0-py3-none-any.whl.metadata (7.4 kB)
Unit Test	Install dependencies	2026-08-21T16:16:04.3095265Z Collecting pygments<3.0.0,>=2.13.0 (from rich>=12->dvc==3.50.1->dvc[gs]==3.50.1->-r requirements.txt (line 4))
Unit Test	Install dependencies	2026-08-21T16:16:04.3126128Z   Downloading pygments-2.21.0-py3-none-any.whl.metadata (2.5 kB)
Unit Test	Install dependencies	2026-08-21T16:16:04.3268228Z Collecting mdurl~=0.1 (from markdown-it-py>=2.2.0->rich>=12->dvc==3.50.1->dvc[gs]==3.50.1->-r requirements.txt (line 4))
Unit Test	Install dependencies	2026-08-21T16:16:04.3296432Z   Downloading mdurl-0.1.2-py3-none-any.whl.metadata (1.6 kB)
Unit Test	Install dependencies	2026-08-21T16:16:04.3689055Z Collecting shellingham>=1.3.0 (from typer>=0.16.0->fastapi-cli>=0.0.2->fastapi==0.111.0->-r requirements.txt (line 7))
Unit Test	Install dependencies	2026-08-21T16:16:04.3720074Z   Downloading shellingham-1.5.4-py2.py3-none-any.whl.metadata (3.5 kB)
Unit Test	Install dependencies	2026-08-21T16:16:04.3851176Z Collecting annotated-doc>=0.0.2 (from typer>=0.16.0->fastapi-cli>=0.0.2->fastapi==0.111.0->-r requirements.txt (line 7))
Unit Test	Install dependencies	2026-08-21T16:16:04.3881745Z   Downloading annotated_doc-0.0.5-py3-none-any.whl.metadata (6.5 kB)
Unit Test	Install dependencies	2026-08-21T16:16:04.4362068Z Collecting httptools>=0.5.0 (from uvicorn[standard]>=0.12.0->fastapi==0.111.0->-r requirements.txt (line 7))
Unit Test	Install dependencies	2026-08-21T16:16:04.4402956Z   Downloading httptools-0.8.0-cp310-cp310-manylinux1_x86_64.manylinux_2_28_x86_64.manylinux_2_5_x86_64.whl.metadata (3.5 kB)
Unit Test	Install dependencies	2026-08-21T16:16:04.4856025Z Collecting uvloop!=0.15.0,!=0.15.1,>=0.14.0 (from uvicorn[standard]>=0.12.0->fastapi==0.111.0->-r requirements.txt (line 7))
Unit Test	Install dependencies	2026-08-21T16:16:04.4895239Z   Downloading uvloop-0.22.1-cp310-cp310-manylinux2014_x86_64.manylinux_2_17_x86_64.manylinux_2_28_x86_64.whl.metadata (4.9 kB)
Unit Test	Install dependencies	2026-08-21T16:16:04.5811136Z Collecting watchfiles>=0.13 (from uvicorn[standard]>=0.12.0->fastapi==0.111.0->-r requirements.txt (line 7))
Unit Test	Install dependencies	2026-08-21T16:16:04.5852212Z   Downloading watchfiles-1.2.0-cp310-cp310-manylinux_2_17_x86_64.manylinux2014_x86_64.whl.metadata (4.9 kB)
Unit Test	Install dependencies	2026-08-21T16:16:04.7104481Z Collecting websockets>=10.4 (from uvicorn[standard]>=0.12.0->fastapi==0.111.0->-r requirements.txt (line 7))
Unit Test	Install dependencies	2026-08-21T16:16:04.7139196Z   Downloading websockets-16.1.1-cp310-cp310-manylinux1_x86_64.manylinux_2_28_x86_64.manylinux_2_5_x86_64.whl.metadata (6.8 kB)
Unit Test	Install dependencies	2026-08-21T16:16:04.7362032Z Requirement already satisfied: setuptools in /opt/hostedtoolcache/Python/3.10.21/x64/lib/python3.10/site-packages (from zc.lockfile>=1.2.1->dvc==3.50.1->dvc[gs]==3.50.1->-r requirements.txt (line 4)) (79.0.1)
Unit Test	Install dependencies	2026-08-21T16:16:04.7431397Z INFO: pip is looking at multiple versions of fsspec[http] to determine which version is compatible with other requirements. This could take a while.
Unit Test	Install dependencies	2026-08-21T16:16:04.7644197Z Collecting requests-oauthlib>=0.7.0 (from google-auth-oauthlib->gcsfs>=2022.11.0->dvc-gs<4,>=3->dvc[gs]==3.50.1->-r requirements.txt (line 4))
Unit Test	Install dependencies	2026-08-21T16:16:04.7673619Z   Downloading requests_oauthlib-2.0.0-py2.py3-none-any.whl.metadata (11 kB)
Unit Test	Install dependencies	2026-08-21T16:16:04.7828423Z Collecting oauthlib>=3.0.0 (from requests-oauthlib>=0.7.0->google-auth-oauthlib->gcsfs>=2022.11.0->dvc-gs<4,>=3->dvc[gs]==3.50.1->-r requirements.txt (line 4))
Unit Test	Install dependencies	2026-08-21T16:16:04.7856754Z   Downloading oauthlib-3.3.1-py3-none-any.whl.metadata (7.9 kB)
Unit Test	Install dependencies	2026-08-21T16:16:05.5337399Z Collecting grpcio<2.0.0,>=1.59.0 (from google-cloud-storage-control->gcsfs>=2022.11.0->dvc-gs<4,>=3->dvc[gs]==3.50.1->-r requirements.txt (line 4))
Unit Test	Install dependencies	2026-08-21T16:16:05.5370885Z   Downloading grpcio-1.83.0-cp310-cp310-manylinux2014_x86_64.manylinux_2_17_x86_64.whl.metadata (3.7 kB)
Unit Test	Install dependencies	2026-08-21T16:16:05.5436335Z INFO: pip is looking at multiple versions of google-cloud-storage-control to determine which version is compatible with other requirements. This could take a while.
Unit Test	Install dependencies	2026-08-21T16:16:05.5444616Z Collecting google-cloud-storage-control (from gcsfs>=2022.11.0->dvc-gs<4,>=3->dvc[gs]==3.50.1->-r requirements.txt (line 4))
Unit Test	Install dependencies	2026-08-21T16:16:05.5482037Z   Downloading google_cloud_storage_control-1.12.0-py3-none-any.whl.metadata (9.8 kB)
Unit Test	Install dependencies	2026-08-21T16:16:05.5678198Z Collecting grpc-google-iam-v1<1.0.0,>=0.14.0 (from google-cloud-storage-control->gcsfs>=2022.11.0->dvc-gs<4,>=3->dvc[gs]==3.50.1->-r requirements.txt (line 4))
Unit Test	Install dependencies	2026-08-21T16:16:05.5708260Z   Downloading grpc_google_iam_v1-0.14.5-py3-none-any.whl.metadata (8.8 kB)
Unit Test	Install dependencies	2026-08-21T16:16:05.5793533Z INFO: pip is looking at multiple versions of google-api-core[grpc] to determine which version is compatible with other requirements. This could take a while.
Unit Test	Install dependencies	2026-08-21T16:16:05.6495749Z Collecting grpcio-status<2.0.0,>=1.33.2 (from google-api-core[grpc]<3.0.0,>=2.17.1->google-cloud-storage-control->gcsfs>=2022.11.0->dvc-gs<4,>=3->dvc[gs]==3.50.1->-r requirements.txt (line 4))
Unit Test	Install dependencies	2026-08-21T16:16:05.6531559Z   Downloading grpcio_status-1.83.0-py3-none-any.whl.metadata (1.2 kB)
Unit Test	Install dependencies	2026-08-21T16:16:05.6631746Z INFO: pip is looking at multiple versions of grpc-google-iam-v1 to determine which version is compatible with other requirements. This could take a while.
Unit Test	Install dependencies	2026-08-21T16:16:05.6641372Z Collecting grpc-google-iam-v1<1.0.0,>=0.14.0 (from google-cloud-storage-control->gcsfs>=2022.11.0->dvc-gs<4,>=3->dvc[gs]==3.50.1->-r requirements.txt (line 4))
Unit Test	Install dependencies	2026-08-21T16:16:05.6679744Z   Downloading grpc_google_iam_v1-0.14.4-py3-none-any.whl.metadata (9.1 kB)
Unit Test	Install dependencies	2026-08-21T16:16:05.6860040Z INFO: pip is looking at multiple versions of googleapis-common-protos[grpc] to determine which version is compatible with other requirements. This could take a while.
Unit Test	Install dependencies	2026-08-21T16:16:05.6938235Z INFO: pip is looking at multiple versions of grpcio-status to determine which version is compatible with other requirements. This could take a while.
Unit Test	Install dependencies	2026-08-21T16:16:05.6947596Z Collecting grpcio-status<2.0.0,>=1.33.2 (from google-api-core[grpc]<3.0.0,>=2.17.1->google-cloud-storage-control->gcsfs>=2022.11.0->dvc-gs<4,>=3->dvc[gs]==3.50.1->-r requirements.txt (line 4))
Unit Test	Install dependencies	2026-08-21T16:16:05.6980439Z   Downloading grpcio_status-1.82.1-py3-none-any.whl.metadata (1.2 kB)
Unit Test	Install dependencies	2026-08-21T16:16:05.8123459Z   Downloading grpcio_status-1.81.1-py3-none-any.whl.metadata (1.2 kB)
Unit Test	Install dependencies	2026-08-21T16:16:05.8531609Z   Downloading grpcio_status-1.81.0-py3-none-any.whl.metadata (1.2 kB)
Unit Test	Install dependencies	2026-08-21T16:16:05.8626157Z   Downloading grpcio_status-1.80.0-py3-none-any.whl.metadata (1.3 kB)
Unit Test	Install dependencies	2026-08-21T16:16:05.9078752Z   Downloading grpcio_status-1.78.0-py3-none-any.whl.metadata (1.3 kB)
Unit Test	Install dependencies	2026-08-21T16:16:06.1042404Z   Downloading grpcio_status-1.76.0-py3-none-any.whl.metadata (1.1 kB)
Unit Test	Install dependencies	2026-08-21T16:16:06.1130719Z   Downloading grpcio_status-1.75.1-py3-none-any.whl.metadata (1.1 kB)
Unit Test	Install dependencies	2026-08-21T16:16:06.1175196Z INFO: pip is still looking at multiple versions of grpcio-status to determine which version is compatible with other requirements. This could take a while.
Unit Test	Install dependencies	2026-08-21T16:16:06.1214811Z   Downloading grpcio_status-1.75.0-py3-none-any.whl.metadata (1.1 kB)
Unit Test	Install dependencies	2026-08-21T16:16:06.1946557Z   Downloading grpcio_status-1.74.0-py3-none-any.whl.metadata (1.1 kB)
Unit Test	Install dependencies	2026-08-21T16:16:06.4010866Z   Downloading grpcio_status-1.73.1-py3-none-any.whl.metadata (1.1 kB)
Unit Test	Install dependencies	2026-08-21T16:16:06.8048395Z   Downloading grpcio_status-1.73.0-py3-none-any.whl.metadata (1.1 kB)
Unit Test	Install dependencies	2026-08-21T16:16:06.9418233Z   Downloading grpcio_status-1.72.2-py3-none-any.whl.metadata (1.1 kB)
Unit Test	Install dependencies	2026-08-21T16:16:07.0483513Z INFO: This is taking longer than usual. You might need to provide the dependency resolver with stricter constraints to reduce runtime. See https://pip.pypa.io/warnings/backtracking for guidance. If you want to abort this run, press Ctrl + C.
Unit Test	Install dependencies	2026-08-21T16:16:07.0526027Z   Downloading grpcio_status-1.72.1-py3-none-any.whl.metadata (1.1 kB)
Unit Test	Install dependencies	2026-08-21T16:16:07.0596732Z   Downloading grpcio_status-1.71.2-py3-none-any.whl.metadata (1.1 kB)
Unit Test	Install dependencies	2026-08-21T16:16:07.0747605Z   Downloading grpcio_status-1.71.0-py3-none-any.whl.metadata (1.1 kB)
Unit Test	Install dependencies	2026-08-21T16:16:07.0820110Z   Downloading grpcio_status-1.70.0-py3-none-any.whl.metadata (1.1 kB)
Unit Test	Install dependencies	2026-08-21T16:16:07.0888558Z   Downloading grpcio_status-1.69.0-py3-none-any.whl.metadata (1.1 kB)
Unit Test	Install dependencies	2026-08-21T16:16:07.0956012Z   Downloading grpcio_status-1.68.1-py3-none-any.whl.metadata (1.1 kB)
Unit Test	Install dependencies	2026-08-21T16:16:07.1025118Z   Downloading grpcio_status-1.68.0-py3-none-any.whl.metadata (1.1 kB)
Unit Test	Install dependencies	2026-08-21T16:16:07.1095670Z   Downloading grpcio_status-1.67.1-py3-none-any.whl.metadata (1.1 kB)
Unit Test	Install dependencies	2026-08-21T16:16:07.1168352Z   Downloading grpcio_status-1.67.0-py3-none-any.whl.metadata (1.1 kB)
Unit Test	Install dependencies	2026-08-21T16:16:07.1239550Z   Downloading grpcio_status-1.66.2-py3-none-any.whl.metadata (1.1 kB)
Unit Test	Install dependencies	2026-08-21T16:16:07.1310834Z   Downloading grpcio_status-1.66.1-py3-none-any.whl.metadata (1.1 kB)
Unit Test	Install dependencies	2026-08-21T16:16:07.1379363Z   Downloading grpcio_status-1.66.0-py3-none-any.whl.metadata (1.1 kB)
Unit Test	Install dependencies	2026-08-21T16:16:07.1454446Z   Downloading grpcio_status-1.65.5-py3-none-any.whl.metadata (1.1 kB)
Unit Test	Install dependencies	2026-08-21T16:16:07.1529566Z   Downloading grpcio_status-1.65.4-py3-none-any.whl.metadata (1.1 kB)
Unit Test	Install dependencies	2026-08-21T16:16:07.1606609Z   Downloading grpcio_status-1.65.2-py3-none-any.whl.metadata (1.1 kB)
Unit Test	Install dependencies	2026-08-21T16:16:07.1684109Z   Downloading grpcio_status-1.65.1-py3-none-any.whl.metadata (1.1 kB)
Unit Test	Install dependencies	2026-08-21T16:16:07.1755333Z   Downloading grpcio_status-1.64.3-py3-none-any.whl.metadata (1.1 kB)
Unit Test	Install dependencies	2026-08-21T16:16:07.1825526Z   Downloading grpcio_status-1.64.1-py3-none-any.whl.metadata (1.1 kB)
Unit Test	Install dependencies	2026-08-21T16:16:07.1897265Z   Downloading grpcio_status-1.64.0-py3-none-any.whl.metadata (1.1 kB)
Unit Test	Install dependencies	2026-08-21T16:16:07.1981881Z   Downloading grpcio_status-1.63.2-py3-none-any.whl.metadata (1.1 kB)
Unit Test	Install dependencies	2026-08-21T16:16:07.2057129Z   Downloading grpcio_status-1.63.0-py3-none-any.whl.metadata (1.1 kB)
Unit Test	Install dependencies	2026-08-21T16:16:07.2133880Z   Downloading grpcio_status-1.62.3-py3-none-any.whl.metadata (1.3 kB)
Unit Test	Install dependencies	2026-08-21T16:16:07.2617706Z Downloading mlflow-2.13.0-py3-none-any.whl (25.0 MB)
Unit Test	Install dependencies	2026-08-21T16:16:07.3668867Z    ━━━━━━━━━━━━━━━━━━━━━━━━━━━━━━━━━━━━━━━━ 25.0/25.0 MB 244.2 MB/s  0:00:00
Unit Test	Install dependencies	2026-08-21T16:16:07.3711841Z Downloading scikit_learn-1.4.2-cp310-cp310-manylinux_2_17_x86_64.manylinux2014_x86_64.whl (12.1 MB)
Unit Test	Install dependencies	2026-08-21T16:16:07.4266946Z    ━━━━━━━━━━━━━━━━━━━━━━━━━━━━━━━━━━━━━━━━ 12.1/12.1 MB 228.8 MB/s  0:00:00
Unit Test	Install dependencies	2026-08-21T16:16:07.4305758Z Downloading pandas-2.2.2-cp310-cp310-manylinux_2_17_x86_64.manylinux2014_x86_64.whl (13.0 MB)
Unit Test	Install dependencies	2026-08-21T16:16:07.4901464Z    ━━━━━━━━━━━━━━━━━━━━━━━━━━━━━━━━━━━━━━━━ 13.0/13.0 MB 226.1 MB/s  0:00:00
Unit Test	Install dependencies	2026-08-21T16:16:07.4940222Z Downloading PyYAML-6.0.1-cp310-cp310-manylinux_2_17_x86_64.manylinux2014_x86_64.whl (705 kB)
Unit Test	Install dependencies	2026-08-21T16:16:07.4999596Z    ━━━━━━━━━━━━━━━━━━━━━━━━━━━━━━━━━━━━━━━━ 705.5/705.5 kB 137.4 MB/s  0:00:00
Unit Test	Install dependencies	2026-08-21T16:16:07.5037290Z Downloading dvc-3.50.1-py3-none-any.whl (451 kB)
Unit Test	Install dependencies	2026-08-21T16:16:07.5109570Z Downloading pathspec-0.11.2-py3-none-any.whl (29 kB)
Unit Test	Install dependencies	2026-08-21T16:16:07.5168526Z Downloading pytest-8.2.0-py3-none-any.whl (339 kB)
Unit Test	Install dependencies	2026-08-21T16:16:07.5235399Z Downloading fastapi-0.111.0-py3-none-any.whl (91 kB)
Unit Test	Install dependencies	2026-08-21T16:16:07.5296185Z Downloading uvicorn-0.29.0-py3-none-any.whl (60 kB)
Unit Test	Install dependencies	2026-08-21T16:16:07.5363086Z Downloading joblib-1.4.2-py3-none-any.whl (301 kB)
Unit Test	Install dependencies	2026-08-21T16:16:07.5427059Z Downloading google_cloud_storage-2.16.0-py2.py3-none-any.whl (125 kB)
Unit Test	Install dependencies	2026-08-21T16:16:07.5478622Z Downloading alembic-1.19.1-py3-none-any.whl (265 kB)
Unit Test	Install dependencies	2026-08-21T16:16:07.5538585Z Downloading cachetools-5.5.2-py3-none-any.whl (10 kB)
Unit Test	Install dependencies	2026-08-21T16:16:07.5585869Z Downloading click-8.4.2-py3-none-any.whl (119 kB)
Unit Test	Install dependencies	2026-08-21T16:16:07.5635513Z Downloading cloudpickle-3.1.2-py3-none-any.whl (22 kB)
Unit Test	Install dependencies	2026-08-21T16:16:07.5690297Z Downloading docker-7.2.0-py3-none-any.whl (148 kB)
Unit Test	Install dependencies	2026-08-21T16:16:07.5743540Z Downloading dpath-2.2.0-py3-none-any.whl (17 kB)
Unit Test	Install dependencies	2026-08-21T16:16:07.5800010Z Downloading dvc_data-3.15.2-py3-none-any.whl (71 kB)
Unit Test	Install dependencies	2026-08-21T16:16:07.5862553Z Downloading dvc_gs-3.1.0-py3-none-any.whl (11 kB)
Unit Test	Install dependencies	2026-08-21T16:16:07.5914526Z Downloading dvc_objects-5.2.0-py3-none-any.whl (33 kB)
Unit Test	Install dependencies	2026-08-21T16:16:07.5966533Z Downloading dvc_render-1.0.2-py3-none-any.whl (22 kB)
Unit Test	Install dependencies	2026-08-21T16:16:07.6019869Z Downloading dvc_studio_client-0.23.0-py3-none-any.whl (16 kB)
Unit Test	Install dependencies	2026-08-21T16:16:07.6075573Z Downloading dvc_task-0.40.2-py3-none-any.whl (21 kB)
Unit Test	Install dependencies	2026-08-21T16:16:07.6124838Z Downloading celery-5.6.3-py3-none-any.whl (451 kB)
Unit Test	Install dependencies	2026-08-21T16:16:07.6191329Z Downloading billiard-4.2.4-py3-none-any.whl (87 kB)
Unit Test	Install dependencies	2026-08-21T16:16:07.6241760Z Downloading entrypoints-0.4-py3-none-any.whl (5.3 kB)
Unit Test	Install dependencies	2026-08-21T16:16:07.6288827Z Downloading flask-3.1.3-py3-none-any.whl (103 kB)
Unit Test	Install dependencies	2026-08-21T16:16:07.6346670Z Downloading flatten_dict-0.5.0-py3-none-any.whl (9.9 kB)
Unit Test	Install dependencies	2026-08-21T16:16:07.6402637Z Downloading flufl.lock-7.1.1-py3-none-any.whl (11 kB)
Unit Test	Install dependencies	2026-08-21T16:16:07.6447873Z Downloading gitpython-3.1.59-py3-none-any.whl (220 kB)
Unit Test	Install dependencies	2026-08-21T16:16:07.6504821Z Downloading gitdb-4.0.12-py3-none-any.whl (62 kB)
Unit Test	Install dependencies	2026-08-21T16:16:07.6556448Z Downloading google_api_core-2.30.3-py3-none-any.whl (173 kB)
Unit Test	Install dependencies	2026-08-21T16:16:07.6606963Z Downloading google_auth-2.56.3-py3-none-any.whl (259 kB)
Unit Test	Install dependencies	2026-08-21T16:16:07.6660214Z Downloading google_cloud_core-2.6.1-py3-none-any.whl (29 kB)
Unit Test	Install dependencies	2026-08-21T16:16:07.6708164Z Downloading google_crc32c-1.8.0-cp310-cp310-manylinux1_x86_64.manylinux2014_x86_64.manylinux_2_17_x86_64.manylinux_2_5_x86_64.whl (33 kB)
Unit Test	Install dependencies	2026-08-21T16:16:07.6758456Z Downloading googleapis_common_protos-1.75.0-py3-none-any.whl (300 kB)
Unit Test	Install dependencies	2026-08-21T16:16:07.6819905Z Downloading grandalf-0.8-py3-none-any.whl (41 kB)
Unit Test	Install dependencies	2026-08-21T16:16:07.6872023Z Downloading graphene-3.4.3-py2.py3-none-any.whl (114 kB)
Unit Test	Install dependencies	2026-08-21T16:16:07.6925884Z Downloading graphql_core-3.2.11-py3-none-any.whl (214 kB)
Unit Test	Install dependencies	2026-08-21T16:16:07.6980679Z Downloading graphql_relay-3.2.0-py3-none-any.whl (16 kB)
Unit Test	Install dependencies	2026-08-21T16:16:07.7034802Z Downloading gto-1.10.1-py3-none-any.whl (45 kB)
Unit Test	Install dependencies	2026-08-21T16:16:07.7090060Z Downloading gunicorn-22.0.0-py3-none-any.whl (84 kB)
Unit Test	Install dependencies	2026-08-21T16:16:07.7189300Z Downloading importlib_metadata-7.2.1-py3-none-any.whl (25 kB)
Unit Test	Install dependencies	2026-08-21T16:16:07.7240068Z Downloading jinja2-3.1.6-py3-none-any.whl (134 kB)
Unit Test	Install dependencies	2026-08-21T16:16:07.7295037Z Downloading kombu-5.6.2-py3-none-any.whl (214 kB)
Unit Test	Install dependencies	2026-08-21T16:16:07.7346873Z Downloading vine-5.1.0-py3-none-any.whl (9.6 kB)
Unit Test	Install dependencies	2026-08-21T16:16:07.7391618Z Downloading amqp-5.3.1-py3-none-any.whl (50 kB)
Unit Test	Install dependencies	2026-08-21T16:16:07.7438398Z Downloading markdown-3.10.3-py3-none-any.whl (110 kB)
Unit Test	Install dependencies	2026-08-21T16:16:07.7494732Z Downloading matplotlib-3.10.9-cp310-cp310-manylinux2014_x86_64.manylinux_2_17_x86_64.whl (8.8 MB)
Unit Test	Install dependencies	2026-08-21T16:16:07.7780886Z    ━━━━━━━━━━━━━━━━━━━━━━━━━━━━━━━━━━━━━━━━ 8.8/8.8 MB 330.8 MB/s  0:00:00
Unit Test	Install dependencies	2026-08-21T16:16:07.7822713Z Downloading numpy-1.26.4-cp310-cp310-manylinux_2_17_x86_64.manylinux2014_x86_64.whl (18.2 MB)
Unit Test	Install dependencies	2026-08-21T16:16:07.8395693Z    ━━━━━━━━━━━━━━━━━━━━━━━━━━━━━━━━━━━━━━━━ 18.2/18.2 MB 332.2 MB/s  0:00:00
Unit Test	Install dependencies	2026-08-21T16:16:07.8431667Z Downloading opentelemetry_api-1.44.0-py3-none-any.whl (60 kB)
Unit Test	Install dependencies	2026-08-21T16:16:07.8484138Z Downloading opentelemetry_sdk-1.44.0-py3-none-any.whl (137 kB)
Unit Test	Install dependencies	2026-08-21T16:16:07.8539222Z Downloading opentelemetry_semantic_conventions-0.65b0-py3-none-any.whl (204 kB)
Unit Test	Install dependencies	2026-08-21T16:16:07.8591482Z Downloading packaging-24.2-py3-none-any.whl (65 kB)
Unit Test	Install dependencies	2026-08-21T16:16:07.8641528Z Downloading platformdirs-3.11.0-py3-none-any.whl (17 kB)
Unit Test	Install dependencies	2026-08-21T16:16:07.8688060Z Downloading pluggy-1.6.0-py3-none-any.whl (20 kB)
Unit Test	Install dependencies	2026-08-21T16:16:07.8737042Z Downloading proto_plus-1.28.2-py3-none-any.whl (50 kB)
Unit Test	Install dependencies	2026-08-21T16:16:07.8792329Z Downloading protobuf-4.25.9-cp37-abi3-manylinux2014_x86_64.whl (295 kB)
Unit Test	Install dependencies	2026-08-21T16:16:07.8852990Z Downloading pyarrow-15.0.2-cp310-cp310-manylinux_2_28_x86_64.whl (38.3 MB)
Unit Test	Install dependencies	2026-08-21T16:16:08.0542766Z    ━━━━━━━━━━━━━━━━━━━━━━━━━━━━━━━━━━━━━━━━ 38.3/38.3 MB 229.6 MB/s  0:00:00
Unit Test	Install dependencies	2026-08-21T16:16:08.0576521Z Downloading pydantic-2.13.4-py3-none-any.whl (472 kB)
Unit Test	Install dependencies	2026-08-21T16:16:08.0653560Z Downloading pydantic_core-2.46.4-cp310-cp310-manylinux_2_17_x86_64.manylinux2014_x86_64.whl (2.1 MB)
Unit Test	Install dependencies	2026-08-21T16:16:08.0749688Z    ━━━━━━━━━━━━━━━━━━━━━━━━━━━━━━━━━━━━━━━━ 2.1/2.1 MB 267.1 MB/s  0:00:00
Unit Test	Install dependencies	2026-08-21T16:16:08.0778695Z Downloading python_dateutil-2.9.0.post0-py2.py3-none-any.whl (229 kB)
Unit Test	Install dependencies	2026-08-21T16:16:08.0844814Z Downloading pytz-2024.2-py2.py3-none-any.whl (508 kB)
Unit Test	Install dependencies	2026-08-21T16:16:08.0912524Z Downloading querystring_parser-1.2.4-py2.py3-none-any.whl (7.9 kB)
Unit Test	Install dependencies	2026-08-21T16:16:08.0960087Z Downloading requests-2.34.2-py3-none-any.whl (73 kB)
Unit Test	Install dependencies	2026-08-21T16:16:08.1012937Z Downloading charset_normalizer-3.5.1-cp310-cp310-manylinux2014_x86_64.manylinux_2_17_x86_64.manylinux_2_28_x86_64.whl (261 kB)
Unit Test	Install dependencies	2026-08-21T16:16:08.1074535Z Downloading idna-3.19-py3-none-any.whl (68 kB)
Unit Test	Install dependencies	2026-08-21T16:16:08.1141931Z Downloading scipy-1.15.3-cp310-cp310-manylinux_2_17_x86_64.manylinux2014_x86_64.whl (37.7 MB)
Unit Test	Install dependencies	2026-08-21T16:16:08.2478534Z    ━━━━━━━━━━━━━━━━━━━━━━━━━━━━━━━━━━━━━━━━ 37.7/37.7 MB 286.9 MB/s  0:00:00
Unit Test	Install dependencies	2026-08-21T16:16:08.2519108Z Downloading scmrepo-3.6.2-py3-none-any.whl (74 kB)
Unit Test	Install dependencies	2026-08-21T16:16:08.2583628Z Downloading asyncssh-2.24.0-py3-none-any.whl (381 kB)
Unit Test	Install dependencies	2026-08-21T16:16:08.2661710Z Downloading dulwich-1.2.12-cp310-cp310-manylinux_2_28_x86_64.whl (1.5 MB)
Unit Test	Install dependencies	2026-08-21T16:16:08.2743465Z    ━━━━━━━━━━━━━━━━━━━━━━━━━━━━━━━━━━━━━━━━ 1.5/1.5 MB 226.3 MB/s  0:00:00
Unit Test	Install dependencies	2026-08-21T16:16:08.2787757Z Downloading shtab-1.11.0-py3-none-any.whl (17 kB)
Unit Test	Install dependencies	2026-08-21T16:16:08.2843260Z Downloading smmap-5.0.3-py3-none-any.whl (24 kB)
Unit Test	Install dependencies	2026-08-21T16:16:08.2904177Z Downloading sqlalchemy-2.0.52-cp310-cp310-manylinux2014_x86_64.manylinux_2_17_x86_64.manylinux_2_28_x86_64.whl (3.3 MB)
Unit Test	Install dependencies	2026-08-21T16:16:08.3023460Z    ━━━━━━━━━━━━━━━━━━━━━━━━━━━━━━━━━━━━━━━━ 3.3/3.3 MB 328.0 MB/s  0:00:00
Unit Test	Install dependencies	2026-08-21T16:16:08.3054843Z Downloading sqlparse-0.6.0-py3-none-any.whl (50 kB)
Unit Test	Install dependencies	2026-08-21T16:16:08.3112330Z Downloading sqltrie-0.11.2-py3-none-any.whl (17 kB)
Unit Test	Install dependencies	2026-08-21T16:16:08.3164611Z Downloading starlette-0.37.2-py3-none-any.whl (71 kB)
Unit Test	Install dependencies	2026-08-21T16:16:08.3215364Z Downloading anyio-4.14.2-py3-none-any.whl (125 kB)
Unit Test	Install dependencies	2026-08-21T16:16:08.3266219Z Downloading tqdm-4.70.0-py3-none-any.whl (80 kB)
Unit Test	Install dependencies	2026-08-21T16:16:08.3320142Z Downloading typing_extensions-4.16.0-py3-none-any.whl (45 kB)
Unit Test	Install dependencies	2026-08-21T16:16:08.3371855Z Downloading urllib3-2.7.0-py3-none-any.whl (131 kB)
Unit Test	Install dependencies	2026-08-21T16:16:08.3425256Z Downloading aiohttp_retry-2.9.1-py3-none-any.whl (10.0 kB)
Unit Test	Install dependencies	2026-08-21T16:16:08.3478428Z Downloading annotated_types-0.8.0-py3-none-any.whl (13 kB)
Unit Test	Install dependencies	2026-08-21T16:16:08.3531374Z Downloading atpublic-7.0.0-py3-none-any.whl (6.4 kB)
Unit Test	Install dependencies	2026-08-21T16:16:08.3578297Z Downloading attrs-26.1.0-py3-none-any.whl (67 kB)
Unit Test	Install dependencies	2026-08-21T16:16:08.3628663Z Downloading blinker-1.9.0-py3-none-any.whl (8.5 kB)
Unit Test	Install dependencies	2026-08-21T16:16:08.3676294Z Downloading certifi-2026.7.22-py3-none-any.whl (136 kB)
Unit Test	Install dependencies	2026-08-21T16:16:08.3730270Z Downloading click_didyoumean-0.3.1-py3-none-any.whl (3.6 kB)
Unit Test	Install dependencies	2026-08-21T16:16:08.3776162Z Downloading click_plugins-1.1.1.2-py2.py3-none-any.whl (11 kB)
Unit Test	Install dependencies	2026-08-21T16:16:08.3823543Z Downloading click_repl-0.3.0-py3-none-any.whl (10 kB)
Unit Test	Install dependencies	2026-08-21T16:16:08.3869381Z Downloading colorama-0.4.6-py2.py3-none-any.whl (25 kB)
Unit Test	Install dependencies	2026-08-21T16:16:08.3920023Z Downloading configobj-5.0.9-py2.py3-none-any.whl (35 kB)
Unit Test	Install dependencies	2026-08-21T16:16:08.3978975Z Downloading contourpy-1.3.2-cp310-cp310-manylinux_2_17_x86_64.manylinux2014_x86_64.whl (325 kB)
Unit Test	Install dependencies	2026-08-21T16:16:08.4036463Z Downloading cryptography-50.0.0-cp39-abi3-manylinux_2_34_x86_64.whl (4.8 MB)
Unit Test	Install dependencies	2026-08-21T16:16:08.4195469Z    ━━━━━━━━━━━━━━━━━━━━━━━━━━━━━━━━━━━━━━━━ 4.8/4.8 MB 340.7 MB/s  0:00:00
Unit Test	Install dependencies	2026-08-21T16:16:08.4270658Z Downloading cffi-2.1.1-cp310-cp310-manylinux2014_x86_64.manylinux_2_17_x86_64.whl (218 kB)
Unit Test	Install dependencies	2026-08-21T16:16:08.4327357Z Downloading cycler-0.12.1-py3-none-any.whl (8.3 kB)
Unit Test	Install dependencies	2026-08-21T16:16:08.4383663Z Downloading dictdiffer-0.10.0-py3-none-any.whl (16 kB)
Unit Test	Install dependencies	2026-08-21T16:16:08.4431672Z Downloading diskcache-5.6.3-py3-none-any.whl (45 kB)
Unit Test	Install dependencies	2026-08-21T16:16:08.4480881Z Downloading distro-1.9.0-py3-none-any.whl (20 kB)
Unit Test	Install dependencies	2026-08-21T16:16:08.4533777Z Downloading dvc_http-2.32.0-py3-none-any.whl (12 kB)
Unit Test	Install dependencies	2026-08-21T16:16:08.4582596Z Downloading email_validator-2.3.0-py3-none-any.whl (35 kB)
Unit Test	Install dependencies	2026-08-21T16:16:08.4629798Z Downloading dnspython-2.8.0-py3-none-any.whl (331 kB)
Unit Test	Install dependencies	2026-08-21T16:16:08.4687760Z Downloading exceptiongroup-1.3.1-py3-none-any.whl (16 kB)
Unit Test	Install dependencies	2026-08-21T16:16:08.4747425Z Downloading fastapi_cli-0.0.32-py3-none-any.whl (14 kB)
Unit Test	Install dependencies	2026-08-21T16:16:08.4795629Z Downloading fonttools-4.63.0-cp310-cp310-manylinux2014_x86_64.manylinux_2_17_x86_64.whl (4.9 MB)
Unit Test	Install dependencies	2026-08-21T16:16:08.4980194Z    ━━━━━━━━━━━━━━━━━━━━━━━━━━━━━━━━━━━━━━━━ 4.9/4.9 MB 298.6 MB/s  0:00:00
Unit Test	Install dependencies	2026-08-21T16:16:08.5017152Z Downloading gcsfs-2025.12.0-py3-none-any.whl (41 kB)
Unit Test	Install dependencies	2026-08-21T16:16:08.5077555Z Downloading fsspec-2025.12.0-py3-none-any.whl (201 kB)
Unit Test	Install dependencies	2026-08-21T16:16:08.5131390Z Downloading aiohttp-3.14.3-cp310-cp310-manylinux2014_x86_64.manylinux_2_17_x86_64.manylinux_2_28_x86_64.whl (1.7 MB)
Unit Test	Install dependencies	2026-08-21T16:16:08.5222694Z    ━━━━━━━━━━━━━━━━━━━━━━━━━━━━━━━━━━━━━━━━ 1.7/1.7 MB 235.5 MB/s  0:00:00
Unit Test	Install dependencies	2026-08-21T16:16:08.5253642Z Downloading async_timeout-5.0.1-py3-none-any.whl (6.2 kB)
Unit Test	Install dependencies	2026-08-21T16:16:08.5307711Z Downloading multidict-6.7.1-cp310-cp310-manylinux2014_x86_64.manylinux_2_17_x86_64.manylinux_2_28_x86_64.whl (243 kB)
Unit Test	Install dependencies	2026-08-21T16:16:08.5361754Z Downloading yarl-1.24.5-cp310-cp310-manylinux2014_x86_64.manylinux_2_17_x86_64.manylinux_2_28_x86_64.whl (110 kB)
Unit Test	Install dependencies	2026-08-21T16:16:08.5411406Z Downloading aiohappyeyeballs-2.7.1-py3-none-any.whl (15 kB)
Unit Test	Install dependencies	2026-08-21T16:16:08.5460779Z Downloading aiosignal-1.4.0-py3-none-any.whl (7.5 kB)
Unit Test	Install dependencies	2026-08-21T16:16:08.5508763Z Downloading decorator-5.3.1-py3-none-any.whl (10 kB)
Unit Test	Install dependencies	2026-08-21T16:16:08.5557621Z Downloading frozenlist-1.8.0-cp310-cp310-manylinux1_x86_64.manylinux_2_28_x86_64.manylinux_2_5_x86_64.whl (219 kB)
Unit Test	Install dependencies	2026-08-21T16:16:08.5609215Z Downloading funcy-2.0-py2.py3-none-any.whl (30 kB)
Unit Test	Install dependencies	2026-08-21T16:16:08.5660060Z Downloading google_resumable_media-2.10.1-py3-none-any.whl (81 kB)
Unit Test	Install dependencies	2026-08-21T16:16:08.5733787Z Downloading greenlet-3.5.5-cp310-cp310-manylinux_2_24_x86_64.manylinux_2_28_x86_64.whl (622 kB)
Unit Test	Install dependencies	2026-08-21T16:16:08.5790448Z    ━━━━━━━━━━━━━━━━━━━━━━━━━━━━━━━━━━━━━━━━ 622.8/622.8 kB 122.3 MB/s  0:00:00
Unit Test	Install dependencies	2026-08-21T16:16:08.5819157Z Downloading h11-0.16.0-py3-none-any.whl (37 kB)
Unit Test	Install dependencies	2026-08-21T16:16:08.5868829Z Downloading httpx-0.28.1-py3-none-any.whl (73 kB)
Unit Test	Install dependencies	2026-08-21T16:16:08.5921079Z Downloading httpcore-1.0.9-py3-none-any.whl (78 kB)
Unit Test	Install dependencies	2026-08-21T16:16:08.5980045Z Downloading hydra_core-1.3.5-py3-none-any.whl (155 kB)
Unit Test	Install dependencies	2026-08-21T16:16:08.6031981Z Downloading omegaconf-2.3.1-py3-none-any.whl (79 kB)
Unit Test	Install dependencies	2026-08-21T16:16:08.6089166Z Downloading iterative_telemetry-0.0.10-py3-none-any.whl (10 kB)
Unit Test	Install dependencies	2026-08-21T16:16:08.6135920Z Downloading itsdangerous-2.2.0-py3-none-any.whl (16 kB)
Unit Test	Install dependencies	2026-08-21T16:16:08.6202089Z Downloading kiwisolver-1.5.0-cp310-cp310-manylinux_2_12_x86_64.manylinux2010_x86_64.whl (1.6 MB)
Unit Test	Install dependencies	2026-08-21T16:16:08.6285905Z    ━━━━━━━━━━━━━━━━━━━━━━━━━━━━━━━━━━━━━━━━ 1.6/1.6 MB 236.4 MB/s  0:00:00
Unit Test	Install dependencies	2026-08-21T16:16:08.6318679Z Downloading markupsafe-3.0.3-cp310-cp310-manylinux2014_x86_64.manylinux_2_17_x86_64.manylinux_2_28_x86_64.whl (20 kB)
Unit Test	Install dependencies	2026-08-21T16:16:08.6373979Z Downloading networkx-3.4.2-py3-none-any.whl (1.7 MB)
Unit Test	Install dependencies	2026-08-21T16:16:08.6473131Z    ━━━━━━━━━━━━━━━━━━━━━━━━━━━━━━━━━━━━━━━━ 1.7/1.7 MB 204.6 MB/s  0:00:00
Unit Test	Install dependencies	2026-08-21T16:16:08.6510290Z Downloading orjson-3.12.0-cp310-cp310-manylinux_2_17_x86_64.manylinux2014_x86_64.whl (131 kB)
Unit Test	Install dependencies	2026-08-21T16:16:08.6564483Z Downloading pillow-12.3.0-cp310-cp310-manylinux_2_27_x86_64.manylinux_2_28_x86_64.whl (6.9 MB)
Unit Test	Install dependencies	2026-08-21T16:16:08.6850782Z    ━━━━━━━━━━━━━━━━━━━━━━━━━━━━━━━━━━━━━━━━ 6.9/6.9 MB 259.7 MB/s  0:00:00
Unit Test	Install dependencies	2026-08-21T16:16:08.6885628Z Downloading prompt_toolkit-3.0.53-py3-none-any.whl (392 kB)
Unit Test	Install dependencies	2026-08-21T16:16:08.6950872Z Downloading propcache-0.5.2-cp310-cp310-manylinux2014_x86_64.manylinux_2_17_x86_64.manylinux_2_28_x86_64.whl (60 kB)
Unit Test	Install dependencies	2026-08-21T16:16:08.7000763Z Downloading psutil-7.2.2-cp36-abi3-manylinux2010_x86_64.manylinux_2_12_x86_64.manylinux_2_28_x86_64.whl (155 kB)
Unit Test	Install dependencies	2026-08-21T16:16:08.7052593Z Downloading pyasn1_modules-0.4.2-py3-none-any.whl (181 kB)
Unit Test	Install dependencies	2026-08-21T16:16:08.7111150Z Downloading pyasn1-0.6.4-py3-none-any.whl (84 kB)
Unit Test	Install dependencies	2026-08-21T16:16:08.7161070Z Downloading pydantic_settings-2.15.0-py3-none-any.whl (69 kB)
Unit Test	Install dependencies	2026-08-21T16:16:08.7210805Z Downloading pydot-4.0.1-py3-none-any.whl (37 kB)
Unit Test	Install dependencies	2026-08-21T16:16:08.7266312Z Downloading pygit2-1.18.2-cp310-cp310-manylinux_2_26_x86_64.manylinux_2_28_x86_64.whl (5.5 MB)
Unit Test	Install dependencies	2026-08-21T16:16:08.7552110Z    ━━━━━━━━━━━━━━━━━━━━━━━━━━━━━━━━━━━━━━━━ 5.5/5.5 MB 208.2 MB/s  0:00:00
Unit Test	Install dependencies	2026-08-21T16:16:08.7591201Z Downloading pygtrie-2.5.0-py3-none-any.whl (25 kB)
Unit Test	Install dependencies	2026-08-21T16:16:08.7644846Z Downloading pyparsing-3.3.2-py3-none-any.whl (122 kB)
Unit Test	Install dependencies	2026-08-21T16:16:08.7700945Z Downloading python_dotenv-1.2.3-py3-none-any.whl (22 kB)
Unit Test	Install dependencies	2026-08-21T16:16:08.7756008Z Downloading python_multipart-0.0.32-py3-none-any.whl (30 kB)
Unit Test	Install dependencies	2026-08-21T16:16:08.7809911Z Downloading rich-15.0.0-py3-none-any.whl (310 kB)
Unit Test	Install dependencies	2026-08-21T16:16:08.7866842Z Downloading pygments-2.21.0-py3-none-any.whl (1.3 MB)
Unit Test	Install dependencies	2026-08-21T16:16:08.7944392Z    ━━━━━━━━━━━━━━━━━━━━━━━━━━━━━━━━━━━━━━━━ 1.3/1.3 MB 200.6 MB/s  0:00:00
Unit Test	Install dependencies	2026-08-21T16:16:08.7974119Z Downloading markdown_it_py-4.2.0-py3-none-any.whl (91 kB)
Unit Test	Install dependencies	2026-08-21T16:16:08.8025404Z Downloading mdurl-0.1.2-py3-none-any.whl (10.0 kB)
Unit Test	Install dependencies	2026-08-21T16:16:08.8073540Z Downloading rich_toolkit-0.20.3-py3-none-any.whl (36 kB)
Unit Test	Install dependencies	2026-08-21T16:16:08.8119863Z Downloading ruamel_yaml-0.19.1-py3-none-any.whl (118 kB)
Unit Test	Install dependencies	2026-08-21T16:16:08.8170188Z Downloading semver-3.0.4-py3-none-any.whl (17 kB)
Unit Test	Install dependencies	2026-08-21T16:16:08.8223514Z Downloading shortuuid-1.0.13-py3-none-any.whl (10 kB)
Unit Test	Install dependencies	2026-08-21T16:16:08.8269716Z Downloading six-1.17.0-py2.py3-none-any.whl (11 kB)
Unit Test	Install dependencies	2026-08-21T16:16:08.8316296Z Downloading tabulate-0.10.0-py3-none-any.whl (39 kB)
Unit Test	Install dependencies	2026-08-21T16:16:08.8364271Z Downloading threadpoolctl-3.6.0-py3-none-any.whl (18 kB)
Unit Test	Install dependencies	2026-08-21T16:16:08.8413215Z Downloading tomli-2.4.1-py3-none-any.whl (14 kB)
Unit Test	Install dependencies	2026-08-21T16:16:08.8466007Z Downloading tomlkit-0.15.1-py3-none-any.whl (49 kB)
Unit Test	Install dependencies	2026-08-21T16:16:08.8515789Z Downloading typer-0.27.1-py3-none-any.whl (122 kB)
Unit Test	Install dependencies	2026-08-21T16:16:08.8569805Z Downloading annotated_doc-0.0.5-py3-none-any.whl (5.3 kB)
Unit Test	Install dependencies	2026-08-21T16:16:08.8617833Z Downloading shellingham-1.5.4-py2.py3-none-any.whl (9.8 kB)
Unit Test	Install dependencies	2026-08-21T16:16:08.8663931Z Downloading typing_inspection-0.4.4-py3-none-any.whl (14 kB)
Unit Test	Install dependencies	2026-08-21T16:16:08.8714189Z Downloading tzdata-2026.3-py2.py3-none-any.whl (348 kB)
Unit Test	Install dependencies	2026-08-21T16:16:08.8770167Z Downloading ujson-5.13.0-cp310-cp310-manylinux_2_24_x86_64.manylinux_2_28_x86_64.whl (57 kB)
Unit Test	Install dependencies	2026-08-21T16:16:08.8824886Z Downloading httptools-0.8.0-cp310-cp310-manylinux1_x86_64.manylinux_2_28_x86_64.manylinux_2_5_x86_64.whl (450 kB)
Unit Test	Install dependencies	2026-08-21T16:16:08.8900583Z Downloading uvloop-0.22.1-cp310-cp310-manylinux2014_x86_64.manylinux_2_17_x86_64.manylinux_2_28_x86_64.whl (3.7 MB)
Unit Test	Install dependencies	2026-08-21T16:16:08.9034977Z    ━━━━━━━━━━━━━━━━━━━━━━━━━━━━━━━━━━━━━━━━ 3.7/3.7 MB 321.8 MB/s  0:00:00
Unit Test	Install dependencies	2026-08-21T16:16:08.9067416Z Downloading voluptuous-0.16.0-py3-none-any.whl (31 kB)
Unit Test	Install dependencies	2026-08-21T16:16:08.9130340Z Downloading watchfiles-1.2.0-cp310-cp310-manylinux_2_17_x86_64.manylinux2014_x86_64.whl (457 kB)
Unit Test	Install dependencies	2026-08-21T16:16:08.9194106Z Downloading wcwidth-0.8.2-py3-none-any.whl (323 kB)
Unit Test	Install dependencies	2026-08-21T16:16:08.9257679Z Downloading websockets-16.1.1-cp310-cp310-manylinux1_x86_64.manylinux_2_28_x86_64.manylinux_2_5_x86_64.whl (186 kB)
Unit Test	Install dependencies	2026-08-21T16:16:08.9313175Z Downloading werkzeug-3.1.8-py3-none-any.whl (226 kB)
Unit Test	Install dependencies	2026-08-21T16:16:08.9381612Z Downloading zc_lockfile-4.0-py3-none-any.whl (9.1 kB)
Unit Test	Install dependencies	2026-08-21T16:16:08.9429303Z Downloading zipp-4.1.0-py3-none-any.whl (10 kB)
Unit Test	Install dependencies	2026-08-21T16:16:08.9479776Z Downloading appdirs-1.4.4-py2.py3-none-any.whl (9.6 kB)
Unit Test	Install dependencies	2026-08-21T16:16:08.9535217Z Downloading filelock-3.32.3-py3-none-any.whl (98 kB)
Unit Test	Install dependencies	2026-08-21T16:16:08.9581532Z Downloading google_auth_oauthlib-1.4.0-py3-none-any.whl (19 kB)
Unit Test	Install dependencies	2026-08-21T16:16:08.9629871Z Downloading requests_oauthlib-2.0.0-py2.py3-none-any.whl (24 kB)
Unit Test	Install dependencies	2026-08-21T16:16:08.9679718Z Downloading oauthlib-3.3.1-py3-none-any.whl (160 kB)
Unit Test	Install dependencies	2026-08-21T16:16:08.9733135Z Downloading google_cloud_storage_control-1.12.0-py3-none-any.whl (102 kB)
Unit Test	Install dependencies	2026-08-21T16:16:08.9786556Z Downloading grpc_google_iam_v1-0.14.4-py3-none-any.whl (32 kB)
Unit Test	Install dependencies	2026-08-21T16:16:08.9838869Z Downloading grpcio-1.83.0-cp310-cp310-manylinux2014_x86_64.manylinux_2_17_x86_64.whl (7.1 MB)
Unit Test	Install dependencies	2026-08-21T16:16:09.0093837Z    ━━━━━━━━━━━━━━━━━━━━━━━━━━━━━━━━━━━━━━━━ 7.1/7.1 MB 305.3 MB/s  0:00:00
Unit Test	Install dependencies	2026-08-21T16:16:09.0130394Z Downloading grpcio_status-1.62.3-py3-none-any.whl (14 kB)
Unit Test	Install dependencies	2026-08-21T16:16:09.0184289Z Downloading iniconfig-2.3.0-py3-none-any.whl (7.5 kB)
Unit Test	Install dependencies	2026-08-21T16:16:09.0233773Z Downloading mako-1.4.1-py3-none-any.whl (80 kB)
Unit Test	Install dependencies	2026-08-21T16:16:09.0294149Z Downloading pycparser-3.0-py3-none-any.whl (48 kB)
Unit Test	Install dependencies	2026-08-21T16:16:09.0346701Z Downloading tzlocal-5.4.4-py3-none-any.whl (18 kB)
Unit Test	Install dependencies	2026-08-21T16:16:10.0386345Z Building wheels for collected packages: antlr4-python3-runtime
Unit Test	Install dependencies	2026-08-21T16:16:10.0397573Z   Building wheel for antlr4-python3-runtime (pyproject.toml): started
Unit Test	Install dependencies	2026-08-21T16:16:10.3066398Z   Building wheel for antlr4-python3-runtime (pyproject.toml): finished with status 'done'
Unit Test	Install dependencies	2026-08-21T16:16:10.3074357Z   Created wheel for antlr4-python3-runtime: filename=antlr4_python3_runtime-4.9.3-py3-none-any.whl size=144590 sha256=4d262862cc825c732febeb67310bbf610771af5f5bf6b20c9a69da935ccf6d46
Unit Test	Install dependencies	2026-08-21T16:16:10.3076273Z   Stored in directory: /home/runner/.cache/pip/wheels/12/93/dd/1f6a127edc45659556564c5730f6d4e300888f4bca2d4c5a88
Unit Test	Install dependencies	2026-08-21T16:16:10.3095023Z Successfully built antlr4-python3-runtime
Unit Test	Install dependencies	2026-08-21T16:16:10.8133424Z Installing collected packages: pytz, pygtrie, funcy, appdirs, antlr4-python3-runtime, zipp, zc.lockfile, websockets, wcwidth, voluptuous, vine, uvloop, urllib3, ujson, tzlocal, tzdata, typing-extensions, tqdm, tomlkit, tomli, threadpoolctl, tabulate, sqlparse, smmap, six, shtab, shortuuid, shellingham, semver, ruamel.yaml, pyyaml, python-multipart, python-dotenv, pyparsing, pygments, pycparser, pyasn1, psutil, protobuf, propcache, pluggy, platformdirs, pillow, pathspec, packaging, orjson, oauthlib, numpy, networkx, mdurl, markupsafe, markdown, kiwisolver, joblib, itsdangerous, iniconfig, idna, httptools, h11, greenlet, graphql-core, google-crc32c, fsspec, frozenlist, fonttools, flatten-dict, filelock, entrypoints, dvc-render, dpath, dnspython, distro, diskcache, dictdiffer, decorator, cycler, configobj, colorama, cloudpickle, click, charset_normalizer, certifi, cachetools, blinker, billiard, attrs, atpublic, async-timeout, annotated-types, annotated-doc, aiohappyeyeballs, werkzeug, uvicorn, typing-inspection, sqltrie, sqlalchemy, scipy, requests, querystring-parser, python-dateutil, pydot, pydantic-core, pyasn1-modules, pyarrow, proto-plus, prompt-toolkit, opentelemetry-api, omegaconf, multidict, markdown-it-py, Mako, Jinja2, importlib-metadata, httpcore, gunicorn, grpcio, graphql-relay, grandalf, googleapis-common-protos, google-resumable-media, gitdb, flufl.lock, exceptiongroup, email_validator, dvc-objects, dulwich, contourpy, click-plugins, click-didyoumean, cffi, amqp, aiosignal, yarl, scikit-learn, rich, requests-oauthlib, pytest, pygit2, pydantic, pandas, opentelemetry-semantic-conventions, matplotlib, kombu, iterative-telemetry, hydra-core, grpcio-status, graphene, gitpython, Flask, dvc-studio-client, dvc-data, docker, cryptography, click-repl, anyio, alembic, watchfiles, typer, starlette, rich-toolkit, pydantic-settings, opentelemetry-sdk, httpx, grpc-google-iam-v1, google-auth, celery, asyncssh, aiohttp, mlflow, google-auth-oauthlib, google-api-core, dvc-task, aiohttp-retry, scmrepo, google-cloud-core, fastapi-cli, dvc-http, gto, google-cloud-storage-control, google-cloud-storage, fastapi, gcsfs, dvc, dvc-gs
Unit Test	Install dependencies	2026-08-21T16:16:40.0412510Z 
Unit Test	Install dependencies	2026-08-21T16:16:40.0672953Z Successfully installed Flask-3.1.3 Jinja2-3.1.6 Mako-1.4.1 aiohappyeyeballs-2.7.1 aiohttp-3.14.3 aiohttp-retry-2.9.1 aiosignal-1.4.0 alembic-1.19.1 amqp-5.3.1 annotated-doc-0.0.5 annotated-types-0.8.0 antlr4-python3-runtime-4.9.3 anyio-4.14.2 appdirs-1.4.4 async-timeout-5.0.1 asyncssh-2.24.0 atpublic-7.0.0 attrs-26.1.0 billiard-4.2.4 blinker-1.9.0 cachetools-5.5.2 celery-5.6.3 certifi-2026.7.22 cffi-2.1.1 charset_normalizer-3.5.1 click-8.4.2 click-didyoumean-0.3.1 click-plugins-1.1.1.2 click-repl-0.3.0 cloudpickle-3.1.2 colorama-0.4.6 configobj-5.0.9 contourpy-1.3.2 cryptography-50.0.0 cycler-0.12.1 decorator-5.3.1 dictdiffer-0.10.0 diskcache-5.6.3 distro-1.9.0 dnspython-2.8.0 docker-7.2.0 dpath-2.2.0 dulwich-1.2.12 dvc-3.50.1 dvc-data-3.15.2 dvc-gs-3.1.0 dvc-http-2.32.0 dvc-objects-5.2.0 dvc-render-1.0.2 dvc-studio-client-0.23.0 dvc-task-0.40.2 email_validator-2.3.0 entrypoints-0.4 exceptiongroup-1.3.1 fastapi-0.111.0 fastapi-cli-0.0.32 filelock-3.32.3 flatten-dict-0.5.0 flufl.lock-7.1.1 fonttools-4.63.0 frozenlist-1.8.0 fsspec-2025.12.0 funcy-2.0 gcsfs-2025.12.0 gitdb-4.0.12 gitpython-3.1.59 google-api-core-2.30.3 google-auth-2.56.3 google-auth-oauthlib-1.4.0 google-cloud-core-2.6.1 google-cloud-storage-2.16.0 google-cloud-storage-control-1.12.0 google-crc32c-1.8.0 google-resumable-media-2.10.1 googleapis-common-protos-1.75.0 grandalf-0.8 graphene-3.4.3 graphql-core-3.2.11 graphql-relay-3.2.0 greenlet-3.5.5 grpc-google-iam-v1-0.14.4 grpcio-1.83.0 grpcio-status-1.62.3 gto-1.10.1 gunicorn-22.0.0 h11-0.16.0 httpcore-1.0.9 httptools-0.8.0 httpx-0.28.1 hydra-core-1.3.5 idna-3.19 importlib-metadata-7.2.1 iniconfig-2.3.0 iterative-telemetry-0.0.10 itsdangerous-2.2.0 joblib-1.4.2 kiwisolver-1.5.0 kombu-5.6.2 markdown-3.10.3 markdown-it-py-4.2.0 markupsafe-3.0.3 matplotlib-3.10.9 mdurl-0.1.2 mlflow-2.13.0 multidict-6.7.1 networkx-3.4.2 numpy-1.26.4 oauthlib-3.3.1 omegaconf-2.3.1 opentelemetry-api-1.44.0 opentelemetry-sdk-1.44.0 opentelemetry-semantic-conventions-0.65b0 orjson-3.12.0 packaging-24.2 pandas-2.2.2 pathspec-0.11.2 pillow-12.3.0 platformdirs-3.11.0 pluggy-1.6.0 prompt-toolkit-3.0.53 propcache-0.5.2 proto-plus-1.28.2 protobuf-4.25.9 psutil-7.2.2 pyarrow-15.0.2 pyasn1-0.6.4 pyasn1-modules-0.4.2 pycparser-3.0 pydantic-2.13.4 pydantic-core-2.46.4 pydantic-settings-2.15.0 pydot-4.0.1 pygit2-1.18.2 pygments-2.21.0 pygtrie-2.5.0 pyparsing-3.3.2 pytest-8.2.0 python-dateutil-2.9.0.post0 python-dotenv-1.2.3 python-multipart-0.0.32 pytz-2024.2 pyyaml-6.0.1 querystring-parser-1.2.4 requests-2.34.2 requests-oauthlib-2.0.0 rich-15.0.0 rich-toolkit-0.20.3 ruamel.yaml-0.19.1 scikit-learn-1.4.2 scipy-1.15.3 scmrepo-3.6.2 semver-3.0.4 shellingham-1.5.4 shortuuid-1.0.13 shtab-1.11.0 six-1.17.0 smmap-5.0.3 sqlalchemy-2.0.52 sqlparse-0.6.0 sqltrie-0.11.2 starlette-0.37.2 tabulate-0.10.0 threadpoolctl-3.6.0 tomli-2.4.1 tomlkit-0.15.1 tqdm-4.70.0 typer-0.27.1 typing-extensions-4.16.0 typing-inspection-0.4.4 tzdata-2026.3 tzlocal-5.4.4 ujson-5.13.0 urllib3-2.7.0 uvicorn-0.29.0 uvloop-0.22.1 vine-5.1.0 voluptuous-0.16.0 watchfiles-1.2.0 wcwidth-0.8.2 websockets-16.1.1 werkzeug-3.1.8 yarl-1.24.5 zc.lockfile-4.0 zipp-4.1.0
Unit Test	Run unit tests	﻿2026-08-21T16:16:40.9119597Z ##[group]Run pytest tests/ -v
Unit Test	Run unit tests	2026-08-21T16:16:40.9119968Z ^[[36;1mpytest tests/ -v^[[0m
Unit Test	Run unit tests	2026-08-21T16:16:40.9161963Z shell: /usr/bin/bash -e {0}
Unit Test	Run unit tests	2026-08-21T16:16:40.9162262Z env:
Unit Test	Run unit tests	2026-08-21T16:16:40.9162551Z   pythonLocation: /opt/hostedtoolcache/Python/3.10.21/x64
Unit Test	Run unit tests	2026-08-21T16:16:40.9163260Z   PKG_CONFIG_PATH: /opt/hostedtoolcache/Python/3.10.21/x64/lib/pkgconfig
Unit Test	Run unit tests	2026-08-21T16:16:40.9163760Z   Python_ROOT_DIR: /opt/hostedtoolcache/Python/3.10.21/x64
Unit Test	Run unit tests	2026-08-21T16:16:40.9164189Z   Python2_ROOT_DIR: /opt/hostedtoolcache/Python/3.10.21/x64
Unit Test	Run unit tests	2026-08-21T16:16:40.9164702Z   Python3_ROOT_DIR: /opt/hostedtoolcache/Python/3.10.21/x64
Unit Test	Run unit tests	2026-08-21T16:16:40.9165157Z   LD_LIBRARY_PATH: /opt/hostedtoolcache/Python/3.10.21/x64/lib
Unit Test	Run unit tests	2026-08-21T16:16:40.9165509Z ##[endgroup]
Unit Test	Run unit tests	2026-08-21T16:16:41.7845117Z ============================= test session starts ==============================
Unit Test	Run unit tests	2026-08-21T16:16:41.7846979Z platform linux -- Python 3.10.21, pytest-8.2.0, pluggy-1.6.0 -- /opt/hostedtoolcache/Python/3.10.21/x64/bin/python
Unit Test	Run unit tests	2026-08-21T16:16:41.7848159Z cachedir: .pytest_cache
Unit Test	Run unit tests	2026-08-21T16:16:41.7849139Z rootdir: /home/runner/work/TRACK2-DAY21-2A202601155-TRANNGUYENTHENHAT/TRACK2-DAY21-2A202601155-TRANNGUYENTHENHAT
Unit Test	Run unit tests	2026-08-21T16:16:41.7849913Z plugins: hydra-core-1.3.5, anyio-4.14.2
Unit Test	Run unit tests	2026-08-21T16:16:43.4240058Z collecting ... collected 3 items
Unit Test	Run unit tests	2026-08-21T16:16:43.4240544Z 
Unit Test	Run unit tests	2026-08-21T16:16:45.9524512Z tests/test_train.py::test_train_returns_float PASSED                     [ 33%]
Unit Test	Run unit tests	2026-08-21T16:16:47.6389638Z tests/test_train.py::test_metrics_file_created PASSED                    [ 66%]
Unit Test	Run unit tests	2026-08-21T16:16:49.3094606Z tests/test_train.py::test_model_file_created PASSED                      [100%]
Unit Test	Run unit tests	2026-08-21T16:16:49.3095150Z 
Unit Test	Run unit tests	2026-08-21T16:16:49.3095389Z =============================== warnings summary ===============================
Unit Test	Run unit tests	2026-08-21T16:16:49.3096353Z ../../../../../opt/hostedtoolcache/Python/3.10.21/x64/lib/python3.10/site-packages/mlflow/utils/requirements_utils.py:20
Unit Test	Run unit tests	2026-08-21T16:16:49.3098362Z   /opt/hostedtoolcache/Python/3.10.21/x64/lib/python3.10/site-packages/mlflow/utils/requirements_utils.py:20: DeprecationWarning: pkg_resources is deprecated as an API. See https://setuptools.pypa.io/en/latest/pkg_resources.html
Unit Test	Run unit tests	2026-08-21T16:16:49.3100096Z     import pkg_resources  # noqa: TID251
Unit Test	Run unit tests	2026-08-21T16:16:49.3100392Z 
Unit Test	Run unit tests	2026-08-21T16:16:49.3100852Z ../../../../../opt/hostedtoolcache/Python/3.10.21/x64/lib/python3.10/site-packages/mlflow/gateway/config.py:61
Unit Test	Run unit tests	2026-08-21T16:16:49.3103629Z   /opt/hostedtoolcache/Python/3.10.21/x64/lib/python3.10/site-packages/mlflow/gateway/config.py:61: PydanticDeprecatedSince20: Pydantic V1 style `@validator` validators are deprecated. You should migrate to Pydantic V2 style `@field_validator` validators, see the migration guide for more details. Deprecated in Pydantic V2.0 to be removed in V3.0. See Pydantic V2 Migration Guide at https://errors.pydantic.dev/2.13/migration/
Unit Test	Run unit tests	2026-08-21T16:16:49.3105901Z     @validator("togetherai_api_key", pre=True)
Unit Test	Run unit tests	2026-08-21T16:16:49.3106168Z 
Unit Test	Run unit tests	2026-08-21T16:16:49.3106552Z ../../../../../opt/hostedtoolcache/Python/3.10.21/x64/lib/python3.10/site-packages/mlflow/gateway/config.py:75
Unit Test	Run unit tests	2026-08-21T16:16:49.3108938Z   /opt/hostedtoolcache/Python/3.10.21/x64/lib/python3.10/site-packages/mlflow/gateway/config.py:75: PydanticDeprecatedSince20: Pydantic V1 style `@validator` validators are deprecated. You should migrate to Pydantic V2 style `@field_validator` validators, see the migration guide for more details. Deprecated in Pydantic V2.0 to be removed in V3.0. See Pydantic V2 Migration Guide at https://errors.pydantic.dev/2.13/migration/
Unit Test	Run unit tests	2026-08-21T16:16:49.3111055Z     @validator("cohere_api_key", pre=True)
Unit Test	Run unit tests	2026-08-21T16:16:49.3111291Z 
Unit Test	Run unit tests	2026-08-21T16:16:49.3111661Z ../../../../../opt/hostedtoolcache/Python/3.10.21/x64/lib/python3.10/site-packages/mlflow/gateway/config.py:83
Unit Test	Run unit tests	2026-08-21T16:16:49.3113884Z   /opt/hostedtoolcache/Python/3.10.21/x64/lib/python3.10/site-packages/mlflow/gateway/config.py:83: PydanticDeprecatedSince20: Pydantic V1 style `@validator` validators are deprecated. You should migrate to Pydantic V2 style `@field_validator` validators, see the migration guide for more details. Deprecated in Pydantic V2.0 to be removed in V3.0. See Pydantic V2 Migration Guide at https://errors.pydantic.dev/2.13/migration/
Unit Test	Run unit tests	2026-08-21T16:16:49.3116056Z     @validator("ai21labs_api_key", pre=True)
Unit Test	Run unit tests	2026-08-21T16:16:49.3116260Z 
Unit Test	Run unit tests	2026-08-21T16:16:49.3116567Z ../../../../../opt/hostedtoolcache/Python/3.10.21/x64/lib/python3.10/site-packages/mlflow/gateway/config.py:92
Unit Test	Run unit tests	2026-08-21T16:16:49.3118507Z   /opt/hostedtoolcache/Python/3.10.21/x64/lib/python3.10/site-packages/mlflow/gateway/config.py:92: PydanticDeprecatedSince20: Pydantic V1 style `@validator` validators are deprecated. You should migrate to Pydantic V2 style `@field_validator` validators, see the migration guide for more details. Deprecated in Pydantic V2.0 to be removed in V3.0. See Pydantic V2 Migration Guide at https://errors.pydantic.dev/2.13/migration/
Unit Test	Run unit tests	2026-08-21T16:16:49.3120094Z     @validator("mosaicml_api_key", pre=True)
Unit Test	Run unit tests	2026-08-21T16:16:49.3120289Z 
Unit Test	Run unit tests	2026-08-21T16:16:49.3120594Z ../../../../../opt/hostedtoolcache/Python/3.10.21/x64/lib/python3.10/site-packages/mlflow/gateway/config.py:122
Unit Test	Run unit tests	2026-08-21T16:16:49.3122396Z   /opt/hostedtoolcache/Python/3.10.21/x64/lib/python3.10/site-packages/mlflow/gateway/config.py:122: PydanticDeprecatedSince20: Pydantic V1 style `@validator` validators are deprecated. You should migrate to Pydantic V2 style `@field_validator` validators, see the migration guide for more details. Deprecated in Pydantic V2.0 to be removed in V3.0. See Pydantic V2 Migration Guide at https://errors.pydantic.dev/2.13/migration/
Unit Test	Run unit tests	2026-08-21T16:16:49.3123961Z     @validator("openai_api_key", pre=True)
Unit Test	Run unit tests	2026-08-21T16:16:49.3124156Z 
Unit Test	Run unit tests	2026-08-21T16:16:49.3124450Z ../../../../../opt/hostedtoolcache/Python/3.10.21/x64/lib/python3.10/site-packages/mlflow/gateway/config.py:179
Unit Test	Run unit tests	2026-08-21T16:16:49.3126226Z   /opt/hostedtoolcache/Python/3.10.21/x64/lib/python3.10/site-packages/mlflow/gateway/config.py:179: PydanticDeprecatedSince20: Pydantic V1 style `@validator` validators are deprecated. You should migrate to Pydantic V2 style `@field_validator` validators, see the migration guide for more details. Deprecated in Pydantic V2.0 to be removed in V3.0. See Pydantic V2 Migration Guide at https://errors.pydantic.dev/2.13/migration/
Unit Test	Run unit tests	2026-08-21T16:16:49.3128118Z     @validator("anthropic_api_key", pre=True)
Unit Test	Run unit tests	2026-08-21T16:16:49.3128329Z 
Unit Test	Run unit tests	2026-08-21T16:16:49.3128630Z ../../../../../opt/hostedtoolcache/Python/3.10.21/x64/lib/python3.10/site-packages/mlflow/gateway/config.py:187
Unit Test	Run unit tests	2026-08-21T16:16:49.3130388Z   /opt/hostedtoolcache/Python/3.10.21/x64/lib/python3.10/site-packages/mlflow/gateway/config.py:187: PydanticDeprecatedSince20: Pydantic V1 style `@validator` validators are deprecated. You should migrate to Pydantic V2 style `@field_validator` validators, see the migration guide for more details. Deprecated in Pydantic V2.0 to be removed in V3.0. See Pydantic V2 Migration Guide at https://errors.pydantic.dev/2.13/migration/
Unit Test	Run unit tests	2026-08-21T16:16:49.3131970Z     @validator("palm_api_key", pre=True)
Unit Test	Run unit tests	2026-08-21T16:16:49.3132161Z 
Unit Test	Run unit tests	2026-08-21T16:16:49.3132468Z ../../../../../opt/hostedtoolcache/Python/3.10.21/x64/lib/python3.10/site-packages/mlflow/gateway/config.py:227
Unit Test	Run unit tests	2026-08-21T16:16:49.3134237Z   /opt/hostedtoolcache/Python/3.10.21/x64/lib/python3.10/site-packages/mlflow/gateway/config.py:227: PydanticDeprecatedSince20: Pydantic V1 style `@validator` validators are deprecated. You should migrate to Pydantic V2 style `@field_validator` validators, see the migration guide for more details. Deprecated in Pydantic V2.0 to be removed in V3.0. See Pydantic V2 Migration Guide at https://errors.pydantic.dev/2.13/migration/
Unit Test	Run unit tests	2026-08-21T16:16:49.3135816Z     @validator("mistral_api_key", pre=True)
Unit Test	Run unit tests	2026-08-21T16:16:49.3136014Z 
Unit Test	Run unit tests	2026-08-21T16:16:49.3136317Z ../../../../../opt/hostedtoolcache/Python/3.10.21/x64/lib/python3.10/site-packages/mlflow/gateway/config.py:308
Unit Test	Run unit tests	2026-08-21T16:16:49.3138416Z   /opt/hostedtoolcache/Python/3.10.21/x64/lib/python3.10/site-packages/mlflow/gateway/config.py:308: PydanticDeprecatedSince20: Pydantic V1 style `@validator` validators are deprecated. You should migrate to Pydantic V2 style `@field_validator` validators, see the migration guide for more details. Deprecated in Pydantic V2.0 to be removed in V3.0. See Pydantic V2 Migration Guide at https://errors.pydantic.dev/2.13/migration/
Unit Test	Run unit tests	2026-08-21T16:16:49.3140282Z     @validator("provider", pre=True)
Unit Test	Run unit tests	2026-08-21T16:16:49.3140466Z 
Unit Test	Run unit tests	2026-08-21T16:16:49.3140765Z ../../../../../opt/hostedtoolcache/Python/3.10.21/x64/lib/python3.10/site-packages/mlflow/gateway/config.py:329
Unit Test	Run unit tests	2026-08-21T16:16:49.3142515Z   /opt/hostedtoolcache/Python/3.10.21/x64/lib/python3.10/site-packages/mlflow/gateway/config.py:329: PydanticDeprecatedSince20: Pydantic V1 style `@validator` validators are deprecated. You should migrate to Pydantic V2 style `@field_validator` validators, see the migration guide for more details. Deprecated in Pydantic V2.0 to be removed in V3.0. See Pydantic V2 Migration Guide at https://errors.pydantic.dev/2.13/migration/
Unit Test	Run unit tests	2026-08-21T16:16:49.3144072Z     @validator("config", pre=True)
Unit Test	Run unit tests	2026-08-21T16:16:49.3144240Z 
Unit Test	Run unit tests	2026-08-21T16:16:49.3144547Z ../../../../../opt/hostedtoolcache/Python/3.10.21/x64/lib/python3.10/site-packages/mlflow/gateway/config.py:369
Unit Test	Run unit tests	2026-08-21T16:16:49.3146335Z   /opt/hostedtoolcache/Python/3.10.21/x64/lib/python3.10/site-packages/mlflow/gateway/config.py:369: PydanticDeprecatedSince20: Pydantic V1 style `@validator` validators are deprecated. You should migrate to Pydantic V2 style `@field_validator` validators, see the migration guide for more details. Deprecated in Pydantic V2.0 to be removed in V3.0. See Pydantic V2 Migration Guide at https://errors.pydantic.dev/2.13/migration/
Unit Test	Run unit tests	2026-08-21T16:16:49.3148133Z     @validator("name")
Unit Test	Run unit tests	2026-08-21T16:16:49.3148274Z 
Unit Test	Run unit tests	2026-08-21T16:16:49.3148570Z ../../../../../opt/hostedtoolcache/Python/3.10.21/x64/lib/python3.10/site-packages/mlflow/gateway/config.py:379
Unit Test	Run unit tests	2026-08-21T16:16:49.3150318Z   /opt/hostedtoolcache/Python/3.10.21/x64/lib/python3.10/site-packages/mlflow/gateway/config.py:379: PydanticDeprecatedSince20: Pydantic V1 style `@validator` validators are deprecated. You should migrate to Pydantic V2 style `@field_validator` validators, see the migration guide for more details. Deprecated in Pydantic V2.0 to be removed in V3.0. See Pydantic V2 Migration Guide at https://errors.pydantic.dev/2.13/migration/
Unit Test	Run unit tests	2026-08-21T16:16:49.3151874Z     @validator("model", pre=True)
Unit Test	Run unit tests	2026-08-21T16:16:49.3152042Z 
Unit Test	Run unit tests	2026-08-21T16:16:49.3152330Z ../../../../../opt/hostedtoolcache/Python/3.10.21/x64/lib/python3.10/site-packages/mlflow/gateway/config.py:390
Unit Test	Run unit tests	2026-08-21T16:16:49.3154127Z   /opt/hostedtoolcache/Python/3.10.21/x64/lib/python3.10/site-packages/mlflow/gateway/config.py:390: PydanticDeprecatedSince20: Pydantic V1 style `@root_validator` validators are deprecated. You should migrate to Pydantic V2 style `@model_validator` validators, see the migration guide for more details. Deprecated in Pydantic V2.0 to be removed in V3.0. See Pydantic V2 Migration Guide at https://errors.pydantic.dev/2.13/migration/
Unit Test	Run unit tests	2026-08-21T16:16:49.3155698Z     @root_validator(skip_on_failure=True)
Unit Test	Run unit tests	2026-08-21T16:16:49.3155891Z 
Unit Test	Run unit tests	2026-08-21T16:16:49.3156180Z ../../../../../opt/hostedtoolcache/Python/3.10.21/x64/lib/python3.10/site-packages/mlflow/gateway/config.py:412
Unit Test	Run unit tests	2026-08-21T16:16:49.3158049Z   /opt/hostedtoolcache/Python/3.10.21/x64/lib/python3.10/site-packages/mlflow/gateway/config.py:412: PydanticDeprecatedSince20: Pydantic V1 style `@validator` validators are deprecated. You should migrate to Pydantic V2 style `@field_validator` validators, see the migration guide for more details. Deprecated in Pydantic V2.0 to be removed in V3.0. See Pydantic V2 Migration Guide at https://errors.pydantic.dev/2.13/migration/
Unit Test	Run unit tests	2026-08-21T16:16:49.3159610Z     @validator("route_type", pre=True)
Unit Test	Run unit tests	2026-08-21T16:16:49.3159796Z 
Unit Test	Run unit tests	2026-08-21T16:16:49.3160084Z ../../../../../opt/hostedtoolcache/Python/3.10.21/x64/lib/python3.10/site-packages/mlflow/gateway/config.py:418
Unit Test	Run unit tests	2026-08-21T16:16:49.3161961Z   /opt/hostedtoolcache/Python/3.10.21/x64/lib/python3.10/site-packages/mlflow/gateway/config.py:418: PydanticDeprecatedSince20: Pydantic V1 style `@validator` validators are deprecated. You should migrate to Pydantic V2 style `@field_validator` validators, see the migration guide for more details. Deprecated in Pydantic V2.0 to be removed in V3.0. See Pydantic V2 Migration Guide at https://errors.pydantic.dev/2.13/migration/
Unit Test	Run unit tests	2026-08-21T16:16:49.3163616Z     @validator("limit", pre=True)
Unit Test	Run unit tests	2026-08-21T16:16:49.3163779Z 
Unit Test	Run unit tests	2026-08-21T16:16:49.3164072Z ../../../../../opt/hostedtoolcache/Python/3.10.21/x64/lib/python3.10/site-packages/mlflow/gateway/config.py:468
Unit Test	Run unit tests	2026-08-21T16:16:49.3165496Z   /opt/hostedtoolcache/Python/3.10.21/x64/lib/python3.10/site-packages/mlflow/gateway/config.py:468: PydanticDeprecatedSince20: Support for class-based `config` is deprecated, use ConfigDict instead. Deprecated in Pydantic V2.0 to be removed in V3.0. See Pydantic V2 Migration Guide at https://errors.pydantic.dev/2.13/migration/
Unit Test	Run unit tests	2026-08-21T16:16:49.3166844Z     class Route(ConfigModel):
Unit Test	Run unit tests	2026-08-21T16:16:49.3167010Z 
Unit Test	Run unit tests	2026-08-21T16:16:49.3167159Z tests/test_train.py::test_train_returns_float
Unit Test	Run unit tests	2026-08-21T16:16:49.3167501Z tests/test_train.py::test_metrics_file_created
Unit Test	Run unit tests	2026-08-21T16:16:49.3167817Z tests/test_train.py::test_model_file_created
Unit Test	Run unit tests	2026-08-21T16:16:49.3168743Z   /opt/hostedtoolcache/Python/3.10.21/x64/lib/python3.10/importlib/__init__.py:126: DeprecationWarning: The distutils package is deprecated and slated for removal in Python 3.12. Use setuptools or check PEP 632 for potential alternatives
Unit Test	Run unit tests	2026-08-21T16:16:49.3169729Z     return _bootstrap._gcd_import(name[level:], package, level)
Unit Test	Run unit tests	2026-08-21T16:16:49.3169982Z 
Unit Test	Run unit tests	2026-08-21T16:16:49.3170108Z tests/test_train.py::test_metrics_file_created
Unit Test	Run unit tests	2026-08-21T16:16:49.3170419Z tests/test_train.py::test_model_file_created
Unit Test	Run unit tests	2026-08-21T16:16:49.3172209Z   /opt/hostedtoolcache/Python/3.10.21/x64/lib/python3.10/site-packages/_distutils_hack/__init__.py:15: UserWarning: Distutils was imported before Setuptools, but importing Setuptools also replaces the `distutils` module in `sys.modules`. This may lead to undesirable behaviors or errors. To avoid these issues, avoid using distutils directly, ensure that setuptools is installed in the traditional way (e.g. not an editable install), and/or make sure that setuptools is always imported before distutils.
Unit Test	Run unit tests	2026-08-21T16:16:49.3174002Z     warnings.warn(
Unit Test	Run unit tests	2026-08-21T16:16:49.3174124Z 
Unit Test	Run unit tests	2026-08-21T16:16:49.3174243Z tests/test_train.py::test_metrics_file_created
Unit Test	Run unit tests	2026-08-21T16:16:49.3174551Z tests/test_train.py::test_model_file_created
Unit Test	Run unit tests	2026-08-21T16:16:49.3175921Z   /opt/hostedtoolcache/Python/3.10.21/x64/lib/python3.10/site-packages/_distutils_hack/__init__.py:30: UserWarning: Setuptools is replacing distutils. Support for replacing an already imported distutils is deprecated. In the future, this condition will fail. Register concerns at https://github.com/pypa/setuptools/issues/new?template=distutils-deprecation.yml
Unit Test	Run unit tests	2026-08-21T16:16:49.3177610Z     warnings.warn(
Unit Test	Run unit tests	2026-08-21T16:16:49.3177852Z 
Unit Test	Run unit tests	2026-08-21T16:16:49.3178065Z -- Docs: https://docs.pytest.org/en/stable/how-to/capture-warnings.html
Unit Test	Run unit tests	2026-08-21T16:16:49.3178527Z ======================== 3 passed, 24 warnings in 7.53s ========================
Unit Test	Post Run actions/setup-python@v5	﻿2026-08-21T16:16:49.6889762Z Node 20 is being deprecated. This workflow is running with Node 24 by default. If you need to temporarily use Node 20, you can set the ACTIONS_ALLOW_USE_UNSECURE_NODE_VERSION=true environment variable. For more information see: https://github.blog/changelog/2025-09-19-deprecation-of-node-20-on-github-actions-runners/
Unit Test	Post Run actions/setup-python@v5	2026-08-21T16:16:49.6891033Z Post job cleanup.
Unit Test	Post Run actions/setup-python@v5	2026-08-21T16:16:49.8098640Z (node:2254) [DEP0040] DeprecationWarning: The `punycode` module is deprecated. Please use a userland alternative instead.
Unit Test	Post Run actions/setup-python@v5	2026-08-21T16:16:49.8099650Z (Use `node --trace-deprecation ...` to show where the warning was created)
Unit Test	Post Run actions/checkout@v4	﻿2026-08-21T16:16:49.8297191Z Node 20 is being deprecated. This workflow is running with Node 24 by default. If you need to temporarily use Node 20, you can set the ACTIONS_ALLOW_USE_UNSECURE_NODE_VERSION=true environment variable. For more information see: https://github.blog/changelog/2025-09-19-deprecation-of-node-20-on-github-actions-runners/
Unit Test	Post Run actions/checkout@v4	2026-08-21T16:16:49.8298509Z Post job cleanup.
Unit Test	Post Run actions/checkout@v4	2026-08-21T16:16:49.9198825Z [command]/usr/bin/git version
Unit Test	Post Run actions/checkout@v4	2026-08-21T16:16:49.9241655Z git version 2.55.0
Unit Test	Post Run actions/checkout@v4	2026-08-21T16:16:49.9283420Z Temporarily overriding HOME='/home/runner/work/_temp/eeddf865-b3a6-4bc5-b8df-431e07f583b9' before making global git config changes
Unit Test	Post Run actions/checkout@v4	2026-08-21T16:16:49.9284898Z Adding repository directory to the temporary git global config as a safe directory
Unit Test	Post Run actions/checkout@v4	2026-08-21T16:16:49.9290364Z [command]/usr/bin/git config --global --add safe.directory /home/runner/work/TRACK2-DAY21-2A202601155-TRANNGUYENTHENHAT/TRACK2-DAY21-2A202601155-TRANNGUYENTHENHAT
Unit Test	Post Run actions/checkout@v4	2026-08-21T16:16:49.9330583Z [command]/usr/bin/git config --local --name-only --get-regexp core\.sshCommand
Unit Test	Post Run actions/checkout@v4	2026-08-21T16:16:49.9367935Z [command]/usr/bin/git submodule foreach --recursive sh -c "git config --local --name-only --get-regexp 'core\.sshCommand' && git config --local --unset-all 'core.sshCommand' || :"
Unit Test	Post Run actions/checkout@v4	2026-08-21T16:16:49.9625152Z [command]/usr/bin/git config --local --name-only --get-regexp http\.https\:\/\/github\.com\/\.extraheader
Unit Test	Post Run actions/checkout@v4	2026-08-21T16:16:49.9657347Z http.https://github.com/.extraheader
Unit Test	Post Run actions/checkout@v4	2026-08-21T16:16:49.9669785Z [command]/usr/bin/git config --local --unset-all http.https://github.com/.extraheader
Unit Test	Post Run actions/checkout@v4	2026-08-21T16:16:49.9705927Z [command]/usr/bin/git submodule foreach --recursive sh -c "git config --local --name-only --get-regexp 'http\.https\:\/\/github\.com\/\.extraheader' && git config --local --unset-all 'http.https://github.com/.extraheader' || :"
Unit Test	Post Run actions/checkout@v4	2026-08-21T16:16:49.9994359Z [command]/usr/bin/git config --local --name-only --get-regexp ^includeIf\.gitdir:
Unit Test	Post Run actions/checkout@v4	2026-08-21T16:16:50.0034436Z [command]/usr/bin/git submodule foreach --recursive git config --local --show-origin --name-only --get-regexp remote.origin.url
Unit Test	Complete job	﻿2026-08-21T16:16:50.0463001Z Cleaning up orphan processes
Unit Test	Complete job	2026-08-21T16:16:50.0797487Z ##[warning]Node.js 20 is deprecated. The following actions target Node.js 20 but are being forced to run on Node.js 24: actions/checkout@v4, actions/setup-python@v5. For more information see: https://github.blog/changelog/2025-09-19-deprecation-of-node-20-on-github-actions-runners/
Train	Set up job	﻿2026-08-21T16:16:57.6020481Z Current runner version: '2.336.0'
Train	Set up job	2026-08-21T16:16:57.6047758Z ##[group]Runner Image Provisioner
Train	Set up job	2026-08-21T16:16:57.6048991Z Hosted Compute Agent
Train	Set up job	2026-08-21T16:16:57.6049955Z Version: 20260729.566
Train	Set up job	2026-08-21T16:16:57.6050804Z Commit: cf7153fe6e25b664e8693c24944bf2b00355d109
Train	Set up job	2026-08-21T16:16:57.6051855Z Build Date: 2026-07-29T19:17:02Z
Train	Set up job	2026-08-21T16:16:57.6052946Z Worker ID: ***efe99082-e407-4821-99d5-4abfde626011***
Train	Set up job	2026-08-21T16:16:57.6053942Z Azure Region: westus2
Train	Set up job	2026-08-21T16:16:57.6054819Z ##[endgroup]
Train	Set up job	2026-08-21T16:16:57.6056795Z ##[group]Operating System
Train	Set up job	2026-08-21T16:16:57.6057769Z Ubuntu
Train	Set up job	2026-08-21T16:16:57.6058559Z 24.04.4
Train	Set up job	2026-08-21T16:16:57.6059343Z LTS
Train	Set up job	2026-08-21T16:16:57.6060092Z ##[endgroup]
Train	Set up job	2026-08-21T16:16:57.6060862Z ##[group]Runner Image
Train	Set up job	2026-08-21T16:16:57.6061671Z Image: ubuntu-24.04
Train	Set up job	2026-08-21T16:16:57.6062531Z Version: 20260816.277.1
Train	Set up job	2026-08-21T16:16:57.6063905Z Included Software: https://github.com/actions/runner-images/blob/ubuntu24/20260816.277/images/ubuntu/Ubuntu2404-Readme.md
Train	Set up job	2026-08-21T16:16:57.6066079Z Image Release: https://github.com/actions/runner-images/releases/tag/ubuntu24%2F20260816.277
Train	Set up job	2026-08-21T16:16:57.6067561Z ##[endgroup]
Train	Set up job	2026-08-21T16:16:57.6069221Z ##[group]GITHUB_TOKEN Permissions
Train	Set up job	2026-08-21T16:16:57.6071668Z Contents: read
Train	Set up job	2026-08-21T16:16:57.6072549Z Metadata: read
Train	Set up job	2026-08-21T16:16:57.6073390Z Packages: read
Train	Set up job	2026-08-21T16:16:57.6074228Z ##[endgroup]
Train	Set up job	2026-08-21T16:16:57.6076622Z Secret source: Actions
Train	Set up job	2026-08-21T16:16:57.6078178Z Prepare workflow directory
Train	Set up job	2026-08-21T16:16:57.6421297Z Prepare all required actions
Train	Set up job	2026-08-21T16:16:57.6494682Z Getting action download info
Train	Set up job	2026-08-21T16:16:58.0562288Z Download action repository 'actions/checkout@v4' (SHA:11d5960a326750d5838078e36cf38b85af677262)
Train	Set up job	2026-08-21T16:16:58.1753188Z Download action repository 'actions/setup-python@v5' (SHA:a26af69be951a213d495a4c3e4e4022e16d87065)
Train	Set up job	2026-08-21T16:16:58.2665986Z Download action repository 'actions/upload-artifact@v4' (SHA:ea165f8d65b6e75b540449e92b4886f43607fa02)
Train	Set up job	2026-08-21T16:16:58.4720813Z Complete job name: Train
Train	Run actions/checkout@v4	﻿2026-08-21T16:16:58.5533838Z Node 20 is being deprecated. This workflow is running with Node 24 by default. If you need to temporarily use Node 20, you can set the ACTIONS_ALLOW_USE_UNSECURE_NODE_VERSION=true environment variable. For more information see: https://github.blog/changelog/2025-09-19-deprecation-of-node-20-on-github-actions-runners/
Train	Run actions/checkout@v4	2026-08-21T16:16:58.5542934Z ##[group]Run actions/checkout@v4
Train	Run actions/checkout@v4	2026-08-21T16:16:58.5543868Z with:
Train	Run actions/checkout@v4	2026-08-21T16:16:58.5544619Z   repository: NhtJm/TRACK2-DAY21-2A202601155-TRANNGUYENTHENHAT
Train	Run actions/checkout@v4	2026-08-21T16:16:58.5548953Z   token: ***
Train	Run actions/checkout@v4	2026-08-21T16:16:58.5549538Z   ssh-strict: true
Train	Run actions/checkout@v4	2026-08-21T16:16:58.5550133Z   ssh-user: git
Train	Run actions/checkout@v4	2026-08-21T16:16:58.5550728Z   persist-credentials: true
Train	Run actions/checkout@v4	2026-08-21T16:16:58.5551373Z   clean: true
Train	Run actions/checkout@v4	2026-08-21T16:16:58.5551953Z   sparse-checkout-cone-mode: true
Train	Run actions/checkout@v4	2026-08-21T16:16:58.5552625Z   fetch-depth: 1
Train	Run actions/checkout@v4	2026-08-21T16:16:58.5553225Z   fetch-tags: false
Train	Run actions/checkout@v4	2026-08-21T16:16:58.5553808Z   show-progress: true
Train	Run actions/checkout@v4	2026-08-21T16:16:58.5554429Z   lfs: false
Train	Run actions/checkout@v4	2026-08-21T16:16:58.5554977Z   submodules: false
Train	Run actions/checkout@v4	2026-08-21T16:16:58.5555603Z   set-safe-directory: true
Train	Run actions/checkout@v4	2026-08-21T16:16:58.5556401Z   allow-unsafe-pr-checkout: false
Train	Run actions/checkout@v4	2026-08-21T16:16:58.5557452Z ##[endgroup]
Train	Run actions/checkout@v4	2026-08-21T16:16:58.6639309Z Syncing repository: NhtJm/TRACK2-DAY21-2A202601155-TRANNGUYENTHENHAT
Train	Run actions/checkout@v4	2026-08-21T16:16:58.6642701Z ##[group]Getting Git version info
Train	Run actions/checkout@v4	2026-08-21T16:16:58.6644940Z Working directory is '/home/runner/work/TRACK2-DAY21-2A202601155-TRANNGUYENTHENHAT/TRACK2-DAY21-2A202601155-TRANNGUYENTHENHAT'
Train	Run actions/checkout@v4	2026-08-21T16:16:58.6648363Z [command]/usr/bin/git version
Train	Run actions/checkout@v4	2026-08-21T16:16:58.6722896Z git version 2.55.0
Train	Run actions/checkout@v4	2026-08-21T16:16:58.6755101Z ##[endgroup]
Train	Run actions/checkout@v4	2026-08-21T16:16:58.6811934Z Temporarily overriding HOME='/home/runner/work/_temp/672010a8-f58a-4573-9599-ba126d362be9' before making global git config changes
Train	Run actions/checkout@v4	2026-08-21T16:16:58.6818129Z Adding repository directory to the temporary git global config as a safe directory
Train	Run actions/checkout@v4	2026-08-21T16:16:58.6821685Z [command]/usr/bin/git config --global --add safe.directory /home/runner/work/TRACK2-DAY21-2A202601155-TRANNGUYENTHENHAT/TRACK2-DAY21-2A202601155-TRANNGUYENTHENHAT
Train	Run actions/checkout@v4	2026-08-21T16:16:58.6921681Z Deleting the contents of '/home/runner/work/TRACK2-DAY21-2A202601155-TRANNGUYENTHENHAT/TRACK2-DAY21-2A202601155-TRANNGUYENTHENHAT'
Train	Run actions/checkout@v4	2026-08-21T16:16:58.6925259Z ##[group]Initializing the repository
Train	Run actions/checkout@v4	2026-08-21T16:16:58.6928304Z [command]/usr/bin/git init /home/runner/work/TRACK2-DAY21-2A202601155-TRANNGUYENTHENHAT/TRACK2-DAY21-2A202601155-TRANNGUYENTHENHAT
Train	Run actions/checkout@v4	2026-08-21T16:16:58.7026129Z hint: Using 'master' as the name for the initial branch. This default branch name
Train	Run actions/checkout@v4	2026-08-21T16:16:58.7037624Z hint: will change to "main" in Git 3.0. To configure the initial branch name
Train	Run actions/checkout@v4	2026-08-21T16:16:58.7059453Z hint: to use in all of your new repositories, which will suppress this warning,
Train	Run actions/checkout@v4	2026-08-21T16:16:58.7061297Z hint: call:
Train	Run actions/checkout@v4	2026-08-21T16:16:58.7062493Z hint:
Train	Run actions/checkout@v4	2026-08-21T16:16:58.7063759Z hint: 	git config --global init.defaultBranch <name>
Train	Run actions/checkout@v4	2026-08-21T16:16:58.7065209Z hint:
Train	Run actions/checkout@v4	2026-08-21T16:16:58.7066820Z hint: Names commonly chosen instead of 'master' are 'main', 'trunk' and
Train	Run actions/checkout@v4	2026-08-21T16:16:58.7068910Z hint: 'development'. The just-created branch can be renamed via this command:
Train	Run actions/checkout@v4	2026-08-21T16:16:58.7070509Z hint:
Train	Run actions/checkout@v4	2026-08-21T16:16:58.7071684Z hint: 	git branch -m <name>
Train	Run actions/checkout@v4	2026-08-21T16:16:58.7072859Z hint:
Train	Run actions/checkout@v4	2026-08-21T16:16:58.7074291Z hint: Disable this message with "git config set advice.defaultBranchName false"
Train	Run actions/checkout@v4	2026-08-21T16:16:58.7077509Z Initialized empty Git repository in /home/runner/work/TRACK2-DAY21-2A202601155-TRANNGUYENTHENHAT/TRACK2-DAY21-2A202601155-TRANNGUYENTHENHAT/.git/
Train	Run actions/checkout@v4	2026-08-21T16:16:58.7082471Z [command]/usr/bin/git remote add origin https://github.com/NhtJm/TRACK2-DAY21-2A202601155-TRANNGUYENTHENHAT
Train	Run actions/checkout@v4	2026-08-21T16:16:58.7114659Z ##[endgroup]
Train	Run actions/checkout@v4	2026-08-21T16:16:58.7116657Z ##[group]Disabling automatic garbage collection
Train	Run actions/checkout@v4	2026-08-21T16:16:58.7120141Z [command]/usr/bin/git config --local gc.auto 0
Train	Run actions/checkout@v4	2026-08-21T16:16:58.7163777Z ##[endgroup]
Train	Run actions/checkout@v4	2026-08-21T16:16:58.7165603Z ##[group]Setting up auth
Train	Run actions/checkout@v4	2026-08-21T16:16:58.7175564Z [command]/usr/bin/git config --local --name-only --get-regexp core\.sshCommand
Train	Run actions/checkout@v4	2026-08-21T16:16:58.7223252Z [command]/usr/bin/git submodule foreach --recursive sh -c "git config --local --name-only --get-regexp 'core\.sshCommand' && git config --local --unset-all 'core.sshCommand' || :"
Train	Run actions/checkout@v4	2026-08-21T16:16:58.7640215Z [command]/usr/bin/git config --local --name-only --get-regexp http\.https\:\/\/github\.com\/\.extraheader
Train	Run actions/checkout@v4	2026-08-21T16:16:58.7678335Z [command]/usr/bin/git submodule foreach --recursive sh -c "git config --local --name-only --get-regexp 'http\.https\:\/\/github\.com\/\.extraheader' && git config --local --unset-all 'http.https://github.com/.extraheader' || :"
Train	Run actions/checkout@v4	2026-08-21T16:16:58.7903206Z [command]/usr/bin/git config --local --name-only --get-regexp ^includeIf\.gitdir:
Train	Run actions/checkout@v4	2026-08-21T16:16:58.7940137Z [command]/usr/bin/git submodule foreach --recursive git config --local --show-origin --name-only --get-regexp remote.origin.url
Train	Run actions/checkout@v4	2026-08-21T16:16:58.8165969Z [command]/usr/bin/git config --local http.https://github.com/.extraheader AUTHORIZATION: basic ***
Train	Run actions/checkout@v4	2026-08-21T16:16:58.8205007Z ##[endgroup]
Train	Run actions/checkout@v4	2026-08-21T16:16:58.8206467Z ##[group]Fetching the repository
Train	Run actions/checkout@v4	2026-08-21T16:16:58.8214971Z [command]/usr/bin/git -c protocol.version=2 fetch --no-tags --prune --no-recurse-submodules --depth=1 origin +0090e53b8094a2193f88dea65b6f3a2e8b48efa2:refs/remotes/origin/main
Train	Run actions/checkout@v4	2026-08-21T16:16:59.4741010Z From https://github.com/NhtJm/TRACK2-DAY21-2A202601155-TRANNGUYENTHENHAT
Train	Run actions/checkout@v4	2026-08-21T16:16:59.4744022Z  * [new ref]         0090e53b8094a2193f88dea65b6f3a2e8b48efa2 -> origin/main
Train	Run actions/checkout@v4	2026-08-21T16:16:59.4750511Z ##[endgroup]
Train	Run actions/checkout@v4	2026-08-21T16:16:59.4753030Z ##[group]Determining the checkout info
Train	Run actions/checkout@v4	2026-08-21T16:16:59.4755842Z ##[endgroup]
Train	Run actions/checkout@v4	2026-08-21T16:16:59.4758623Z [command]/usr/bin/git sparse-checkout disable
Train	Run actions/checkout@v4	2026-08-21T16:16:59.4812222Z [command]/usr/bin/git config --local --unset-all extensions.worktreeConfig
Train	Run actions/checkout@v4	2026-08-21T16:16:59.4845876Z ##[group]Checking out the ref
Train	Run actions/checkout@v4	2026-08-21T16:16:59.4849808Z [command]/usr/bin/git checkout --progress --force -B main refs/remotes/origin/main
Train	Run actions/checkout@v4	2026-08-21T16:16:59.4941309Z Switched to a new branch 'main'
Train	Run actions/checkout@v4	2026-08-21T16:16:59.4947931Z branch 'main' set up to track 'origin/main'.
Train	Run actions/checkout@v4	2026-08-21T16:16:59.4956524Z ##[endgroup]
Train	Run actions/checkout@v4	2026-08-21T16:16:59.4995738Z [command]/usr/bin/git log -1 --format=%H
Train	Run actions/checkout@v4	2026-08-21T16:16:59.5022441Z 0090e53b8094a2193f88dea65b6f3a2e8b48efa2
Train	Run actions/setup-python@v5	﻿2026-08-21T16:16:59.5435068Z Node 20 is being deprecated. This workflow is running with Node 24 by default. If you need to temporarily use Node 20, you can set the ACTIONS_ALLOW_USE_UNSECURE_NODE_VERSION=true environment variable. For more information see: https://github.blog/changelog/2025-09-19-deprecation-of-node-20-on-github-actions-runners/
Train	Run actions/setup-python@v5	2026-08-21T16:16:59.5441785Z ##[group]Run actions/setup-python@v5
Train	Run actions/setup-python@v5	2026-08-21T16:16:59.5443347Z with:
Train	Run actions/setup-python@v5	2026-08-21T16:16:59.5444549Z   python-version: 3.10
Train	Run actions/setup-python@v5	2026-08-21T16:16:59.5445919Z   check-latest: false
Train	Run actions/setup-python@v5	2026-08-21T16:16:59.5456762Z   token: ***
Train	Run actions/setup-python@v5	2026-08-21T16:16:59.5458087Z   update-environment: true
Train	Run actions/setup-python@v5	2026-08-21T16:16:59.5459525Z   allow-prereleases: false
Train	Run actions/setup-python@v5	2026-08-21T16:16:59.5460962Z   freethreaded: false
Train	Run actions/setup-python@v5	2026-08-21T16:16:59.5462274Z ##[endgroup]
Train	Run actions/setup-python@v5	2026-08-21T16:16:59.6793522Z ##[group]Installed versions
Train	Run actions/setup-python@v5	2026-08-21T16:16:59.6888919Z (node:2195) [DEP0040] DeprecationWarning: The `punycode` module is deprecated. Please use a userland alternative instead.
Train	Run actions/setup-python@v5	2026-08-21T16:16:59.6894075Z (Use `node --trace-deprecation ...` to show where the warning was created)
Train	Run actions/setup-python@v5	2026-08-21T16:16:59.6897612Z Successfully set up CPython (3.10.21)
Train	Run actions/setup-python@v5	2026-08-21T16:16:59.6901185Z ##[endgroup]
Train	Install dependencies	﻿2026-08-21T16:16:59.7153488Z ##[group]Run pip install -r requirements.txt
Train	Install dependencies	2026-08-21T16:16:59.7154941Z ^[[36;1mpip install -r requirements.txt^[[0m
Train	Install dependencies	2026-08-21T16:16:59.7272519Z shell: /usr/bin/bash -e ***0***
Train	Install dependencies	2026-08-21T16:16:59.7273981Z env:
Train	Install dependencies	2026-08-21T16:16:59.7275208Z   pythonLocation: /opt/hostedtoolcache/Python/3.10.21/x64
Train	Install dependencies	2026-08-21T16:16:59.7277060Z   PKG_CONFIG_PATH: /opt/hostedtoolcache/Python/3.10.21/x64/lib/pkgconfig
Train	Install dependencies	2026-08-21T16:16:59.7278627Z   Python_ROOT_DIR: /opt/hostedtoolcache/Python/3.10.21/x64
Train	Install dependencies	2026-08-21T16:16:59.7280043Z   Python2_ROOT_DIR: /opt/hostedtoolcache/Python/3.10.21/x64
Train	Install dependencies	2026-08-21T16:16:59.7281443Z   Python3_ROOT_DIR: /opt/hostedtoolcache/Python/3.10.21/x64
Train	Install dependencies	2026-08-21T16:16:59.7282878Z   LD_LIBRARY_PATH: /opt/hostedtoolcache/Python/3.10.21/x64/lib
Train	Install dependencies	2026-08-21T16:16:59.7284190Z ##[endgroup]
Train	Install dependencies	2026-08-21T16:17:01.8383849Z Collecting mlflow==2.13.0 (from -r requirements.txt (line 1))
Train	Install dependencies	2026-08-21T16:17:01.8995470Z   Downloading mlflow-2.13.0-py3-none-any.whl.metadata (29 kB)
Train	Install dependencies	2026-08-21T16:17:02.0380728Z Collecting scikit-learn==1.4.2 (from -r requirements.txt (line 2))
Train	Install dependencies	2026-08-21T16:17:02.0465654Z   Downloading scikit_learn-1.4.2-cp310-cp310-manylinux_2_17_x86_64.manylinux2014_x86_64.whl.metadata (11 kB)
Train	Install dependencies	2026-08-21T16:17:02.2175578Z Collecting pandas==2.2.2 (from -r requirements.txt (line 3))
Train	Install dependencies	2026-08-21T16:17:02.2246972Z   Downloading pandas-2.2.2-cp310-cp310-manylinux_2_17_x86_64.manylinux2014_x86_64.whl.metadata (19 kB)
Train	Install dependencies	2026-08-21T16:17:02.3315756Z Collecting dvc==3.50.1 (from dvc[gs]==3.50.1->-r requirements.txt (line 4))
Train	Install dependencies	2026-08-21T16:17:02.3394752Z   Downloading dvc-3.50.1-py3-none-any.whl.metadata (17 kB)
Train	Install dependencies	2026-08-21T16:17:02.3729614Z Collecting pathspec==0.11.2 (from -r requirements.txt (line 5))
Train	Install dependencies	2026-08-21T16:17:02.3795982Z   Downloading pathspec-0.11.2-py3-none-any.whl.metadata (19 kB)
Train	Install dependencies	2026-08-21T16:17:02.4176510Z Collecting pytest==8.2.0 (from -r requirements.txt (line 6))
Train	Install dependencies	2026-08-21T16:17:02.4252281Z   Downloading pytest-8.2.0-py3-none-any.whl.metadata (7.5 kB)
Train	Install dependencies	2026-08-21T16:17:02.4825812Z Collecting fastapi==0.111.0 (from -r requirements.txt (line 7))
Train	Install dependencies	2026-08-21T16:17:02.4898311Z   Downloading fastapi-0.111.0-py3-none-any.whl.metadata (25 kB)
Train	Install dependencies	2026-08-21T16:17:02.5277043Z Collecting uvicorn==0.29.0 (from -r requirements.txt (line 8))
Train	Install dependencies	2026-08-21T16:17:02.5352154Z   Downloading uvicorn-0.29.0-py3-none-any.whl.metadata (6.3 kB)
Train	Install dependencies	2026-08-21T16:17:02.5647688Z Collecting joblib==1.4.2 (from -r requirements.txt (line 9))
Train	Install dependencies	2026-08-21T16:17:02.5716254Z   Downloading joblib-1.4.2-py3-none-any.whl.metadata (5.4 kB)
Train	Install dependencies	2026-08-21T16:17:02.6044939Z Collecting google-cloud-storage==2.16.0 (from -r requirements.txt (line 10))
Train	Install dependencies	2026-08-21T16:17:02.6129818Z   Downloading google_cloud_storage-2.16.0-py2.py3-none-any.whl.metadata (6.1 kB)
Train	Install dependencies	2026-08-21T16:17:02.6789422Z Collecting pyyaml==6.0.1 (from -r requirements.txt (line 11))
Train	Install dependencies	2026-08-21T16:17:02.6875925Z   Downloading PyYAML-6.0.1-cp310-cp310-manylinux_2_17_x86_64.manylinux2014_x86_64.whl.metadata (2.1 kB)
Train	Install dependencies	2026-08-21T16:17:02.7165354Z Collecting Flask<4 (from mlflow==2.13.0->-r requirements.txt (line 1))
Train	Install dependencies	2026-08-21T16:17:02.7236289Z   Downloading flask-3.1.3-py3-none-any.whl.metadata (3.2 kB)
Train	Install dependencies	2026-08-21T16:17:02.7593500Z Collecting alembic!=1.10.0,<2 (from mlflow==2.13.0->-r requirements.txt (line 1))
Train	Install dependencies	2026-08-21T16:17:02.7663542Z   Downloading alembic-1.19.1-py3-none-any.whl.metadata (7.3 kB)
Train	Install dependencies	2026-08-21T16:17:02.7943451Z Collecting cachetools<6,>=5.0.0 (from mlflow==2.13.0->-r requirements.txt (line 1))
Train	Install dependencies	2026-08-21T16:17:02.8012550Z   Downloading cachetools-5.5.2-py3-none-any.whl.metadata (5.4 kB)
Train	Install dependencies	2026-08-21T16:17:02.8276371Z Collecting click<9,>=7.0 (from mlflow==2.13.0->-r requirements.txt (line 1))
Train	Install dependencies	2026-08-21T16:17:02.8346642Z   Downloading click-8.4.2-py3-none-any.whl.metadata (2.6 kB)
Train	Install dependencies	2026-08-21T16:17:02.8648408Z Collecting cloudpickle<4 (from mlflow==2.13.0->-r requirements.txt (line 1))
Train	Install dependencies	2026-08-21T16:17:02.8718626Z   Downloading cloudpickle-3.1.2-py3-none-any.whl.metadata (7.1 kB)
Train	Install dependencies	2026-08-21T16:17:02.8991353Z Collecting docker<8,>=4.0.0 (from mlflow==2.13.0->-r requirements.txt (line 1))
Train	Install dependencies	2026-08-21T16:17:02.9060080Z   Downloading docker-7.2.0-py3-none-any.whl.metadata (3.8 kB)
Train	Install dependencies	2026-08-21T16:17:02.9262229Z Collecting entrypoints<1 (from mlflow==2.13.0->-r requirements.txt (line 1))
Train	Install dependencies	2026-08-21T16:17:02.9334137Z   Downloading entrypoints-0.4-py3-none-any.whl.metadata (2.6 kB)
Train	Install dependencies	2026-08-21T16:17:02.9658802Z Collecting gitpython<4,>=3.1.9 (from mlflow==2.13.0->-r requirements.txt (line 1))
Train	Install dependencies	2026-08-21T16:17:02.9730116Z   Downloading gitpython-3.1.59-py3-none-any.whl.metadata (13 kB)
Train	Install dependencies	2026-08-21T16:17:03.0033574Z Collecting graphene<4 (from mlflow==2.13.0->-r requirements.txt (line 1))
Train	Install dependencies	2026-08-21T16:17:03.0102128Z   Downloading graphene-3.4.3-py2.py3-none-any.whl.metadata (6.9 kB)
Train	Install dependencies	2026-08-21T16:17:03.0501662Z Collecting importlib-metadata!=4.7.0,<8,>=3.7.0 (from mlflow==2.13.0->-r requirements.txt (line 1))
Train	Install dependencies	2026-08-21T16:17:03.0573431Z   Downloading importlib_metadata-7.2.1-py3-none-any.whl.metadata (4.6 kB)
Train	Install dependencies	2026-08-21T16:17:03.0883730Z Collecting markdown<4,>=3.3 (from mlflow==2.13.0->-r requirements.txt (line 1))
Train	Install dependencies	2026-08-21T16:17:03.0954237Z   Downloading markdown-3.10.3-py3-none-any.whl.metadata (5.1 kB)
Train	Install dependencies	2026-08-21T16:17:03.2877149Z Collecting matplotlib<4 (from mlflow==2.13.0->-r requirements.txt (line 1))
Train	Install dependencies	2026-08-21T16:17:03.2951339Z   Downloading matplotlib-3.10.9-cp310-cp310-manylinux2014_x86_64.manylinux_2_17_x86_64.whl.metadata (52 kB)
Train	Install dependencies	2026-08-21T16:17:03.5927528Z Collecting numpy<2 (from mlflow==2.13.0->-r requirements.txt (line 1))
Train	Install dependencies	2026-08-21T16:17:03.6000324Z   Downloading numpy-1.26.4-cp310-cp310-manylinux_2_17_x86_64.manylinux2014_x86_64.whl.metadata (61 kB)
Train	Install dependencies	2026-08-21T16:17:03.6362807Z Collecting opentelemetry-api<3,>=1.0.0 (from mlflow==2.13.0->-r requirements.txt (line 1))
Train	Install dependencies	2026-08-21T16:17:03.6431840Z   Downloading opentelemetry_api-1.44.0-py3-none-any.whl.metadata (1.4 kB)
Train	Install dependencies	2026-08-21T16:17:03.6873975Z Collecting opentelemetry-sdk<3,>=1.0.0 (from mlflow==2.13.0->-r requirements.txt (line 1))
Train	Install dependencies	2026-08-21T16:17:03.6943601Z   Downloading opentelemetry_sdk-1.44.0-py3-none-any.whl.metadata (1.6 kB)
Train	Install dependencies	2026-08-21T16:17:03.7199024Z Collecting packaging<25 (from mlflow==2.13.0->-r requirements.txt (line 1))
Train	Install dependencies	2026-08-21T16:17:03.7265892Z   Downloading packaging-24.2-py3-none-any.whl.metadata (3.2 kB)
Train	Install dependencies	2026-08-21T16:17:03.9363054Z Collecting protobuf<5,>=3.12.0 (from mlflow==2.13.0->-r requirements.txt (line 1))
Train	Install dependencies	2026-08-21T16:17:03.9436024Z   Downloading protobuf-4.25.9-cp37-abi3-manylinux2014_x86_64.whl.metadata (541 bytes)
Train	Install dependencies	2026-08-21T16:17:04.0561989Z Collecting pyarrow<16,>=4.0.0 (from mlflow==2.13.0->-r requirements.txt (line 1))
Train	Install dependencies	2026-08-21T16:17:04.0642144Z   Downloading pyarrow-15.0.2-cp310-cp310-manylinux_2_28_x86_64.whl.metadata (3.0 kB)
Train	Install dependencies	2026-08-21T16:17:04.1134615Z Collecting pytz<2025 (from mlflow==2.13.0->-r requirements.txt (line 1))
Train	Install dependencies	2026-08-21T16:17:04.1236607Z   Downloading pytz-2024.2-py2.py3-none-any.whl.metadata (22 kB)
Train	Install dependencies	2026-08-21T16:17:04.1407619Z Collecting querystring-parser<2 (from mlflow==2.13.0->-r requirements.txt (line 1))
Train	Install dependencies	2026-08-21T16:17:04.1488917Z   Downloading querystring_parser-1.2.4-py2.py3-none-any.whl.metadata (559 bytes)
Train	Install dependencies	2026-08-21T16:17:04.1807189Z Collecting requests<3,>=2.17.3 (from mlflow==2.13.0->-r requirements.txt (line 1))
Train	Install dependencies	2026-08-21T16:17:04.1881067Z   Downloading requests-2.34.2-py3-none-any.whl.metadata (4.8 kB)
Train	Install dependencies	2026-08-21T16:17:04.3815798Z Collecting scipy<2 (from mlflow==2.13.0->-r requirements.txt (line 1))
Train	Install dependencies	2026-08-21T16:17:04.3887951Z   Downloading scipy-1.15.3-cp310-cp310-manylinux_2_17_x86_64.manylinux2014_x86_64.whl.metadata (61 kB)
Train	Install dependencies	2026-08-21T16:17:04.7537730Z Collecting sqlalchemy<3,>=1.4.0 (from mlflow==2.13.0->-r requirements.txt (line 1))
Train	Install dependencies	2026-08-21T16:17:04.7611874Z   Downloading sqlalchemy-2.0.52-cp310-cp310-manylinux2014_x86_64.manylinux_2_17_x86_64.manylinux_2_28_x86_64.whl.metadata (9.6 kB)
Train	Install dependencies	2026-08-21T16:17:04.7907177Z Collecting sqlparse<1,>=0.4.0 (from mlflow==2.13.0->-r requirements.txt (line 1))
Train	Install dependencies	2026-08-21T16:17:04.7976801Z   Downloading sqlparse-0.6.0-py3-none-any.whl.metadata (6.0 kB)
Train	Install dependencies	2026-08-21T16:17:04.8206816Z Collecting Jinja2<4,>=2.11 (from mlflow==2.13.0->-r requirements.txt (line 1))
Train	Install dependencies	2026-08-21T16:17:04.8275240Z   Downloading jinja2-3.1.6-py3-none-any.whl.metadata (2.9 kB)
Train	Install dependencies	2026-08-21T16:17:04.8545451Z Collecting gunicorn<23 (from mlflow==2.13.0->-r requirements.txt (line 1))
Train	Install dependencies	2026-08-21T16:17:04.8616836Z   Downloading gunicorn-22.0.0-py3-none-any.whl.metadata (4.4 kB)
Train	Install dependencies	2026-08-21T16:17:04.8918327Z Collecting threadpoolctl>=2.0.0 (from scikit-learn==1.4.2->-r requirements.txt (line 2))
Train	Install dependencies	2026-08-21T16:17:04.8988621Z   Downloading threadpoolctl-3.6.0-py3-none-any.whl.metadata (13 kB)
Train	Install dependencies	2026-08-21T16:17:04.9234107Z Collecting python-dateutil>=2.8.2 (from pandas==2.2.2->-r requirements.txt (line 3))
Train	Install dependencies	2026-08-21T16:17:04.9303224Z   Downloading python_dateutil-2.9.0.post0-py2.py3-none-any.whl.metadata (8.4 kB)
Train	Install dependencies	2026-08-21T16:17:04.9580791Z Collecting tzdata>=2022.7 (from pandas==2.2.2->-r requirements.txt (line 3))
Train	Install dependencies	2026-08-21T16:17:04.9650948Z   Downloading tzdata-2026.3-py2.py3-none-any.whl.metadata (1.4 kB)
Train	Install dependencies	2026-08-21T16:17:04.9872020Z Collecting attrs>=22.2.0 (from dvc==3.50.1->dvc[gs]==3.50.1->-r requirements.txt (line 4))
Train	Install dependencies	2026-08-21T16:17:04.9940989Z   Downloading attrs-26.1.0-py3-none-any.whl.metadata (8.8 kB)
Train	Install dependencies	2026-08-21T16:17:05.0365184Z Collecting celery (from dvc==3.50.1->dvc[gs]==3.50.1->-r requirements.txt (line 4))
Train	Install dependencies	2026-08-21T16:17:05.0436146Z   Downloading celery-5.6.3-py3-none-any.whl.metadata (23 kB)
Train	Install dependencies	2026-08-21T16:17:05.0881024Z Collecting colorama>=0.3.9 (from dvc==3.50.1->dvc[gs]==3.50.1->-r requirements.txt (line 4))
Train	Install dependencies	2026-08-21T16:17:05.0948278Z   Downloading colorama-0.4.6-py2.py3-none-any.whl.metadata (17 kB)
Train	Install dependencies	2026-08-21T16:17:05.1411002Z Collecting configobj>=5.0.6 (from dvc==3.50.1->dvc[gs]==3.50.1->-r requirements.txt (line 4))
Train	Install dependencies	2026-08-21T16:17:05.1484054Z   Downloading configobj-5.0.9-py2.py3-none-any.whl.metadata (3.2 kB)
Train	Install dependencies	2026-08-21T16:17:05.1674463Z Collecting distro>=1.3 (from dvc==3.50.1->dvc[gs]==3.50.1->-r requirements.txt (line 4))
Train	Install dependencies	2026-08-21T16:17:05.1741864Z   Downloading distro-1.9.0-py3-none-any.whl.metadata (6.8 kB)
Train	Install dependencies	2026-08-21T16:17:05.1950080Z Collecting dpath<3,>=2.1.0 (from dvc==3.50.1->dvc[gs]==3.50.1->-r requirements.txt (line 4))
Train	Install dependencies	2026-08-21T16:17:05.2019871Z   Downloading dpath-2.2.0-py3-none-any.whl.metadata (15 kB)
Train	Install dependencies	2026-08-21T16:17:05.3866978Z Collecting dulwich (from dvc==3.50.1->dvc[gs]==3.50.1->-r requirements.txt (line 4))
Train	Install dependencies	2026-08-21T16:17:05.3941218Z   Downloading dulwich-1.2.12-cp310-cp310-manylinux_2_28_x86_64.whl.metadata (6.0 kB)
Train	Install dependencies	2026-08-21T16:17:05.4510124Z Collecting dvc-data<3.16,>=3.15 (from dvc==3.50.1->dvc[gs]==3.50.1->-r requirements.txt (line 4))
Train	Install dependencies	2026-08-21T16:17:05.4598547Z   Downloading dvc_data-3.15.2-py3-none-any.whl.metadata (5.0 kB)
Train	Install dependencies	2026-08-21T16:17:05.4828081Z Collecting dvc-http>=2.29.0 (from dvc==3.50.1->dvc[gs]==3.50.1->-r requirements.txt (line 4))
Train	Install dependencies	2026-08-21T16:17:05.4903988Z   Downloading dvc_http-2.32.0-py3-none-any.whl.metadata (1.3 kB)
Train	Install dependencies	2026-08-21T16:17:05.5287592Z Collecting dvc-objects (from dvc==3.50.1->dvc[gs]==3.50.1->-r requirements.txt (line 4))
Train	Install dependencies	2026-08-21T16:17:05.5371311Z   Downloading dvc_objects-5.2.0-py3-none-any.whl.metadata (3.9 kB)
Train	Install dependencies	2026-08-21T16:17:05.5617973Z Collecting dvc-render<2,>=1.0.1 (from dvc==3.50.1->dvc[gs]==3.50.1->-r requirements.txt (line 4))
Train	Install dependencies	2026-08-21T16:17:05.5698438Z   Downloading dvc_render-1.0.2-py3-none-any.whl.metadata (5.4 kB)
Train	Install dependencies	2026-08-21T16:17:05.5939507Z Collecting dvc-studio-client<1,>=0.20 (from dvc==3.50.1->dvc[gs]==3.50.1->-r requirements.txt (line 4))
Train	Install dependencies	2026-08-21T16:17:05.6014779Z   Downloading dvc_studio_client-0.23.0-py3-none-any.whl.metadata (4.4 kB)
Train	Install dependencies	2026-08-21T16:17:05.6239677Z Collecting dvc-task<1,>=0.3.0 (from dvc==3.50.1->dvc[gs]==3.50.1->-r requirements.txt (line 4))
Train	Install dependencies	2026-08-21T16:17:05.6322330Z   Downloading dvc_task-0.40.2-py3-none-any.whl.metadata (10.0 kB)
Train	Install dependencies	2026-08-21T16:17:05.6550186Z Collecting flatten-dict<1,>=0.4.1 (from dvc==3.50.1->dvc[gs]==3.50.1->-r requirements.txt (line 4))
Train	Install dependencies	2026-08-21T16:17:05.6636863Z   Downloading flatten_dict-0.5.0-py3-none-any.whl.metadata (8.9 kB)
Train	Install dependencies	2026-08-21T16:17:05.6839363Z Collecting flufl.lock<8,>=5 (from dvc==3.50.1->dvc[gs]==3.50.1->-r requirements.txt (line 4))
Train	Install dependencies	2026-08-21T16:17:05.6913733Z   Downloading flufl.lock-7.1.1-py3-none-any.whl.metadata (3.3 kB)
Train	Install dependencies	2026-08-21T16:17:05.7213648Z Collecting fsspec (from dvc==3.50.1->dvc[gs]==3.50.1->-r requirements.txt (line 4))
Train	Install dependencies	2026-08-21T16:17:05.7281030Z   Downloading fsspec-2026.7.0-py3-none-any.whl.metadata (10 kB)
Train	Install dependencies	2026-08-21T16:17:05.7773930Z Collecting funcy>=1.14 (from dvc==3.50.1->dvc[gs]==3.50.1->-r requirements.txt (line 4))
Train	Install dependencies	2026-08-21T16:17:05.7841108Z   Downloading funcy-2.0-py2.py3-none-any.whl.metadata (5.9 kB)
Train	Install dependencies	2026-08-21T16:17:05.8025387Z Collecting grandalf<1,>=0.7 (from dvc==3.50.1->dvc[gs]==3.50.1->-r requirements.txt (line 4))
Train	Install dependencies	2026-08-21T16:17:05.8107931Z   Downloading grandalf-0.8-py3-none-any.whl.metadata (1.7 kB)
Train	Install dependencies	2026-08-21T16:17:05.8357919Z Collecting gto<2,>=1.6.0 (from dvc==3.50.1->dvc[gs]==3.50.1->-r requirements.txt (line 4))
Train	Install dependencies	2026-08-21T16:17:05.8437351Z   Downloading gto-1.10.1-py3-none-any.whl.metadata (4.8 kB)
Train	Install dependencies	2026-08-21T16:17:05.8713001Z Collecting hydra-core>=1.1 (from dvc==3.50.1->dvc[gs]==3.50.1->-r requirements.txt (line 4))
Train	Install dependencies	2026-08-21T16:17:05.8780206Z   Downloading hydra_core-1.3.5-py3-none-any.whl.metadata (5.7 kB)
Train	Install dependencies	2026-08-21T16:17:05.8977784Z Collecting iterative-telemetry>=0.0.7 (from dvc==3.50.1->dvc[gs]==3.50.1->-r requirements.txt (line 4))
Train	Install dependencies	2026-08-21T16:17:05.9058369Z   Downloading iterative_telemetry-0.0.10-py3-none-any.whl.metadata (4.1 kB)
Train	Install dependencies	2026-08-21T16:17:05.9454969Z Collecting kombu (from dvc==3.50.1->dvc[gs]==3.50.1->-r requirements.txt (line 4))
Train	Install dependencies	2026-08-21T16:17:05.9526159Z   Downloading kombu-5.6.2-py3-none-any.whl.metadata (3.5 kB)
Train	Install dependencies	2026-08-21T16:17:05.9892077Z Collecting networkx>=2.5 (from dvc==3.50.1->dvc[gs]==3.50.1->-r requirements.txt (line 4))
Train	Install dependencies	2026-08-21T16:17:05.9963167Z   Downloading networkx-3.4.2-py3-none-any.whl.metadata (6.3 kB)
Train	Install dependencies	2026-08-21T16:17:06.0383259Z Collecting omegaconf (from dvc==3.50.1->dvc[gs]==3.50.1->-r requirements.txt (line 4))
Train	Install dependencies	2026-08-21T16:17:06.0455293Z   Downloading omegaconf-2.3.1-py3-none-any.whl.metadata (4.5 kB)
Train	Install dependencies	2026-08-21T16:17:06.0749509Z Collecting platformdirs<4,>=3.1.1 (from dvc==3.50.1->dvc[gs]==3.50.1->-r requirements.txt (line 4))
Train	Install dependencies	2026-08-21T16:17:06.0817269Z   Downloading platformdirs-3.11.0-py3-none-any.whl.metadata (11 kB)
Train	Install dependencies	2026-08-21T16:17:06.1677643Z Collecting psutil>=5.8 (from dvc==3.50.1->dvc[gs]==3.50.1->-r requirements.txt (line 4))
Train	Install dependencies	2026-08-21T16:17:06.1753997Z   Downloading psutil-7.2.2-cp36-abi3-manylinux2010_x86_64.manylinux_2_12_x86_64.manylinux_2_28_x86_64.whl.metadata (22 kB)
Train	Install dependencies	2026-08-21T16:17:06.1995430Z Collecting pydot>=1.2.4 (from dvc==3.50.1->dvc[gs]==3.50.1->-r requirements.txt (line 4))
Train	Install dependencies	2026-08-21T16:17:06.2063439Z   Downloading pydot-4.0.1-py3-none-any.whl.metadata (11 kB)
Train	Install dependencies	2026-08-21T16:17:06.2294348Z Collecting pygtrie>=2.3.2 (from dvc==3.50.1->dvc[gs]==3.50.1->-r requirements.txt (line 4))
Train	Install dependencies	2026-08-21T16:17:06.2368114Z   Downloading pygtrie-2.5.0-py3-none-any.whl.metadata (7.5 kB)
Train	Install dependencies	2026-08-21T16:17:06.3042707Z Collecting pyparsing>=2.4.7 (from dvc==3.50.1->dvc[gs]==3.50.1->-r requirements.txt (line 4))
Train	Install dependencies	2026-08-21T16:17:06.3118114Z   Downloading pyparsing-3.3.2-py3-none-any.whl.metadata (5.8 kB)
Train	Install dependencies	2026-08-21T16:17:06.3591971Z Collecting rich>=12 (from dvc==3.50.1->dvc[gs]==3.50.1->-r requirements.txt (line 4))
Train	Install dependencies	2026-08-21T16:17:06.3663034Z   Downloading rich-15.0.0-py3-none-any.whl.metadata (18 kB)
Train	Install dependencies	2026-08-21T16:17:06.5196863Z Collecting ruamel.yaml>=0.17.11 (from dvc==3.50.1->dvc[gs]==3.50.1->-r requirements.txt (line 4))
Train	Install dependencies	2026-08-21T16:17:06.5269637Z   Downloading ruamel_yaml-0.19.1-py3-none-any.whl.metadata (16 kB)
Train	Install dependencies	2026-08-21T16:17:06.5583159Z Collecting scmrepo<4,>=3.3.2 (from dvc==3.50.1->dvc[gs]==3.50.1->-r requirements.txt (line 4))
Train	Install dependencies	2026-08-21T16:17:06.5658702Z   Downloading scmrepo-3.6.2-py3-none-any.whl.metadata (4.8 kB)
Train	Install dependencies	2026-08-21T16:17:06.5882934Z Collecting shortuuid>=0.5 (from dvc==3.50.1->dvc[gs]==3.50.1->-r requirements.txt (line 4))
Train	Install dependencies	2026-08-21T16:17:06.5948689Z   Downloading shortuuid-1.0.13-py3-none-any.whl.metadata (5.8 kB)
Train	Install dependencies	2026-08-21T16:17:06.6200729Z Collecting shtab<2,>=1.3.4 (from dvc==3.50.1->dvc[gs]==3.50.1->-r requirements.txt (line 4))
Train	Install dependencies	2026-08-21T16:17:06.6280703Z   Downloading shtab-1.11.0-py3-none-any.whl.metadata (7.5 kB)
Train	Install dependencies	2026-08-21T16:17:06.6477168Z Collecting tabulate>=0.8.7 (from dvc==3.50.1->dvc[gs]==3.50.1->-r requirements.txt (line 4))
Train	Install dependencies	2026-08-21T16:17:06.6545984Z   Downloading tabulate-0.10.0-py3-none-any.whl.metadata (40 kB)
Train	Install dependencies	2026-08-21T16:17:06.6812243Z Collecting tomlkit>=0.11.1 (from dvc==3.50.1->dvc[gs]==3.50.1->-r requirements.txt (line 4))
Train	Install dependencies	2026-08-21T16:17:06.6880454Z   Downloading tomlkit-0.15.1-py3-none-any.whl.metadata (3.3 kB)
Train	Install dependencies	2026-08-21T16:17:06.7253624Z Collecting tqdm<5,>=4.63.1 (from dvc==3.50.1->dvc[gs]==3.50.1->-r requirements.txt (line 4))
Train	Install dependencies	2026-08-21T16:17:06.7326948Z   Downloading tqdm-4.70.0-py3-none-any.whl.metadata (57 kB)
Train	Install dependencies	2026-08-21T16:17:06.7605513Z Collecting voluptuous>=0.11.7 (from dvc==3.50.1->dvc[gs]==3.50.1->-r requirements.txt (line 4))
Train	Install dependencies	2026-08-21T16:17:06.7680137Z   Downloading voluptuous-0.16.0-py3-none-any.whl.metadata (20 kB)
Train	Install dependencies	2026-08-21T16:17:06.7887353Z Collecting zc.lockfile>=1.2.1 (from dvc==3.50.1->dvc[gs]==3.50.1->-r requirements.txt (line 4))
Train	Install dependencies	2026-08-21T16:17:06.7978305Z   Downloading zc_lockfile-4.0-py3-none-any.whl.metadata (6.6 kB)
Train	Install dependencies	2026-08-21T16:17:06.8180966Z Collecting iniconfig (from pytest==8.2.0->-r requirements.txt (line 6))
Train	Install dependencies	2026-08-21T16:17:06.8248844Z   Downloading iniconfig-2.3.0-py3-none-any.whl.metadata (2.5 kB)
Train	Install dependencies	2026-08-21T16:17:06.8452705Z Collecting pluggy<2.0,>=1.5 (from pytest==8.2.0->-r requirements.txt (line 6))
Train	Install dependencies	2026-08-21T16:17:06.8521118Z   Downloading pluggy-1.6.0-py3-none-any.whl.metadata (4.8 kB)
Train	Install dependencies	2026-08-21T16:17:06.8730844Z Collecting exceptiongroup>=1.0.0rc8 (from pytest==8.2.0->-r requirements.txt (line 6))
Train	Install dependencies	2026-08-21T16:17:06.8833707Z   Downloading exceptiongroup-1.3.1-py3-none-any.whl.metadata (6.7 kB)
Train	Install dependencies	2026-08-21T16:17:06.9165501Z Collecting tomli>=1 (from pytest==8.2.0->-r requirements.txt (line 6))
Train	Install dependencies	2026-08-21T16:17:06.9237381Z   Downloading tomli-2.4.1-py3-none-any.whl.metadata (10 kB)
Train	Install dependencies	2026-08-21T16:17:06.9589157Z Collecting starlette<0.38.0,>=0.37.2 (from fastapi==0.111.0->-r requirements.txt (line 7))
Train	Install dependencies	2026-08-21T16:17:06.9670952Z   Downloading starlette-0.37.2-py3-none-any.whl.metadata (5.9 kB)
Train	Install dependencies	2026-08-21T16:17:07.1115230Z Collecting pydantic!=1.8,!=1.8.1,!=2.0.0,!=2.0.1,!=2.1.0,<3.0.0,>=1.7.4 (from fastapi==0.111.0->-r requirements.txt (line 7))
Train	Install dependencies	2026-08-21T16:17:07.1187308Z   Downloading pydantic-2.13.4-py3-none-any.whl.metadata (109 kB)
Train	Install dependencies	2026-08-21T16:17:07.1539618Z Collecting typing-extensions>=4.8.0 (from fastapi==0.111.0->-r requirements.txt (line 7))
Train	Install dependencies	2026-08-21T16:17:07.1608481Z   Downloading typing_extensions-4.16.0-py3-none-any.whl.metadata (3.3 kB)
Train	Install dependencies	2026-08-21T16:17:07.1839057Z Collecting fastapi-cli>=0.0.2 (from fastapi==0.111.0->-r requirements.txt (line 7))
Train	Install dependencies	2026-08-21T16:17:07.1905943Z   Downloading fastapi_cli-0.0.32-py3-none-any.whl.metadata (6.7 kB)
Train	Install dependencies	2026-08-21T16:17:07.2166655Z Collecting httpx>=0.23.0 (from fastapi==0.111.0->-r requirements.txt (line 7))
Train	Install dependencies	2026-08-21T16:17:07.2236675Z   Downloading httpx-0.28.1-py3-none-any.whl.metadata (7.1 kB)
Train	Install dependencies	2026-08-21T16:17:07.2483413Z Collecting python-multipart>=0.0.7 (from fastapi==0.111.0->-r requirements.txt (line 7))
Train	Install dependencies	2026-08-21T16:17:07.2581721Z   Downloading python_multipart-0.0.32-py3-none-any.whl.metadata (2.1 kB)
Train	Install dependencies	2026-08-21T16:17:07.3888178Z Collecting ujson!=4.0.2,!=4.1.0,!=4.2.0,!=4.3.0,!=5.0.0,!=5.1.0,>=4.0.1 (from fastapi==0.111.0->-r requirements.txt (line 7))
Train	Install dependencies	2026-08-21T16:17:07.3974854Z   Downloading ujson-5.13.0-cp310-cp310-manylinux_2_24_x86_64.manylinux_2_28_x86_64.whl.metadata (10.0 kB)
Train	Install dependencies	2026-08-21T16:17:07.7092817Z Collecting orjson>=3.2.1 (from fastapi==0.111.0->-r requirements.txt (line 7))
Train	Install dependencies	2026-08-21T16:17:07.7166892Z   Downloading orjson-3.12.0-cp310-cp310-manylinux_2_17_x86_64.manylinux2014_x86_64.whl.metadata (41 kB)
Train	Install dependencies	2026-08-21T16:17:07.7389453Z Collecting email_validator>=2.0.0 (from fastapi==0.111.0->-r requirements.txt (line 7))
Train	Install dependencies	2026-08-21T16:17:07.7456643Z   Downloading email_validator-2.3.0-py3-none-any.whl.metadata (26 kB)
Train	Install dependencies	2026-08-21T16:17:07.7706472Z Collecting h11>=0.8 (from uvicorn==0.29.0->-r requirements.txt (line 8))
Train	Install dependencies	2026-08-21T16:17:07.7781482Z   Downloading h11-0.16.0-py3-none-any.whl.metadata (8.3 kB)
Train	Install dependencies	2026-08-21T16:17:07.8312779Z Collecting google-auth<3.0dev,>=2.26.1 (from google-cloud-storage==2.16.0->-r requirements.txt (line 10))
Train	Install dependencies	2026-08-21T16:17:07.8389468Z   Downloading google_auth-2.56.3-py3-none-any.whl.metadata (6.0 kB)
Train	Install dependencies	2026-08-21T16:17:07.8878486Z Collecting google-api-core<3.0.0dev,>=2.15.0 (from google-cloud-storage==2.16.0->-r requirements.txt (line 10))
Train	Install dependencies	2026-08-21T16:17:07.8949580Z   Downloading google_api_core-2.34.0-py3-none-any.whl.metadata (2.9 kB)
Train	Install dependencies	2026-08-21T16:17:07.9197008Z Collecting google-cloud-core<3.0dev,>=2.3.0 (from google-cloud-storage==2.16.0->-r requirements.txt (line 10))
Train	Install dependencies	2026-08-21T16:17:07.9268059Z   Downloading google_cloud_core-2.6.1-py3-none-any.whl.metadata (2.8 kB)
Train	Install dependencies	2026-08-21T16:17:07.9537153Z Collecting google-resumable-media>=2.6.0 (from google-cloud-storage==2.16.0->-r requirements.txt (line 10))
Train	Install dependencies	2026-08-21T16:17:07.9686887Z   Downloading google_resumable_media-2.10.1-py3-none-any.whl.metadata (2.2 kB)
Train	Install dependencies	2026-08-21T16:17:08.0358260Z Collecting google-crc32c<2.0dev,>=1.0 (from google-cloud-storage==2.16.0->-r requirements.txt (line 10))
Train	Install dependencies	2026-08-21T16:17:08.0438610Z   Downloading google_crc32c-1.8.0-cp310-cp310-manylinux1_x86_64.manylinux2014_x86_64.manylinux_2_17_x86_64.manylinux_2_5_x86_64.whl.metadata (1.7 kB)
Train	Install dependencies	2026-08-21T16:17:08.1232037Z Collecting dvc-gs<4,>=3 (from dvc[gs]==3.50.1->-r requirements.txt (line 4))
Train	Install dependencies	2026-08-21T16:17:08.1305467Z   Downloading dvc_gs-3.1.0-py3-none-any.whl.metadata (1.3 kB)
Train	Install dependencies	2026-08-21T16:17:08.1717559Z Collecting Mako (from alembic!=1.10.0,<2->mlflow==2.13.0->-r requirements.txt (line 1))
Train	Install dependencies	2026-08-21T16:17:08.1786842Z   Downloading mako-1.4.1-py3-none-any.whl.metadata (2.9 kB)
Train	Install dependencies	2026-08-21T16:17:08.2211222Z Collecting urllib3>=1.26.0 (from docker<8,>=4.0.0->mlflow==2.13.0->-r requirements.txt (line 1))
Train	Install dependencies	2026-08-21T16:17:08.2281916Z   Downloading urllib3-2.7.0-py3-none-any.whl.metadata (6.9 kB)
Train	Install dependencies	2026-08-21T16:17:08.2540969Z Collecting dictdiffer>=0.8.1 (from dvc-data<3.16,>=3.15->dvc==3.50.1->dvc[gs]==3.50.1->-r requirements.txt (line 4))
Train	Install dependencies	2026-08-21T16:17:08.2632842Z   Downloading dictdiffer-0.10.0-py3-none-any.whl.metadata (2.9 kB)
Train	Install dependencies	2026-08-21T16:17:08.2898172Z Collecting diskcache>=5.2.1 (from dvc-data<3.16,>=3.15->dvc==3.50.1->dvc[gs]==3.50.1->-r requirements.txt (line 4))
Train	Install dependencies	2026-08-21T16:17:08.2966647Z   Downloading diskcache-5.6.3-py3-none-any.whl.metadata (20 kB)
Train	Install dependencies	2026-08-21T16:17:08.3250459Z Collecting sqltrie<1,>=0.11.0 (from dvc-data<3.16,>=3.15->dvc==3.50.1->dvc[gs]==3.50.1->-r requirements.txt (line 4))
Train	Install dependencies	2026-08-21T16:17:08.3324148Z   Downloading sqltrie-0.11.2-py3-none-any.whl.metadata (3.3 kB)
Train	Install dependencies	2026-08-21T16:17:08.3630467Z Collecting gcsfs>=2022.11.0 (from dvc-gs<4,>=3->dvc[gs]==3.50.1->-r requirements.txt (line 4))
Train	Install dependencies	2026-08-21T16:17:08.3710944Z   Downloading gcsfs-2026.8.0-py3-none-any.whl.metadata (4.6 kB)
Train	Install dependencies	2026-08-21T16:17:08.4156137Z Collecting billiard<5.0,>=4.2.1 (from celery->dvc==3.50.1->dvc[gs]==3.50.1->-r requirements.txt (line 4))
Train	Install dependencies	2026-08-21T16:17:08.4223774Z   Downloading billiard-4.2.4-py3-none-any.whl.metadata (4.8 kB)
Train	Install dependencies	2026-08-21T16:17:08.4436356Z Collecting vine<6.0,>=5.1.0 (from celery->dvc==3.50.1->dvc[gs]==3.50.1->-r requirements.txt (line 4))
Train	Install dependencies	2026-08-21T16:17:08.4503945Z   Downloading vine-5.1.0-py3-none-any.whl.metadata (2.7 kB)
Train	Install dependencies	2026-08-21T16:17:08.4697981Z Collecting click-didyoumean>=0.3.0 (from celery->dvc==3.50.1->dvc[gs]==3.50.1->-r requirements.txt (line 4))
Train	Install dependencies	2026-08-21T16:17:08.4766006Z   Downloading click_didyoumean-0.3.1-py3-none-any.whl.metadata (3.9 kB)
Train	Install dependencies	2026-08-21T16:17:08.4938086Z Collecting click-repl>=0.2.0 (from celery->dvc==3.50.1->dvc[gs]==3.50.1->-r requirements.txt (line 4))
Train	Install dependencies	2026-08-21T16:17:08.5005066Z   Downloading click_repl-0.3.0-py3-none-any.whl.metadata (3.6 kB)
Train	Install dependencies	2026-08-21T16:17:08.5178585Z Collecting click-plugins>=1.1.1 (from celery->dvc==3.50.1->dvc[gs]==3.50.1->-r requirements.txt (line 4))
Train	Install dependencies	2026-08-21T16:17:08.5247015Z   Downloading click_plugins-1.1.1.2-py2.py3-none-any.whl.metadata (6.5 kB)
Train	Install dependencies	2026-08-21T16:17:08.5489551Z Collecting tzlocal (from celery->dvc==3.50.1->dvc[gs]==3.50.1->-r requirements.txt (line 4))
Train	Install dependencies	2026-08-21T16:17:08.5558948Z   Downloading tzlocal-5.4.4-py3-none-any.whl.metadata (7.7 kB)
Train	Install dependencies	2026-08-21T16:17:08.5786255Z Collecting blinker>=1.9.0 (from Flask<4->mlflow==2.13.0->-r requirements.txt (line 1))
Train	Install dependencies	2026-08-21T16:17:08.5853708Z   Downloading blinker-1.9.0-py3-none-any.whl.metadata (1.6 kB)
Train	Install dependencies	2026-08-21T16:17:08.6057272Z Collecting itsdangerous>=2.2.0 (from Flask<4->mlflow==2.13.0->-r requirements.txt (line 1))
Train	Install dependencies	2026-08-21T16:17:08.6125562Z   Downloading itsdangerous-2.2.0-py3-none-any.whl.metadata (1.9 kB)
Train	Install dependencies	2026-08-21T16:17:08.6786590Z Collecting markupsafe>=2.1.1 (from Flask<4->mlflow==2.13.0->-r requirements.txt (line 1))
Train	Install dependencies	2026-08-21T16:17:08.6857673Z   Downloading markupsafe-3.0.3-cp310-cp310-manylinux2014_x86_64.manylinux_2_17_x86_64.manylinux_2_28_x86_64.whl.metadata (2.7 kB)
Train	Install dependencies	2026-08-21T16:17:08.7142792Z Collecting werkzeug>=3.1.0 (from Flask<4->mlflow==2.13.0->-r requirements.txt (line 1))
Train	Install dependencies	2026-08-21T16:17:08.7212976Z   Downloading werkzeug-3.1.8-py3-none-any.whl.metadata (4.0 kB)
Train	Install dependencies	2026-08-21T16:17:08.7450877Z Collecting atpublic>=2.3 (from flufl.lock<8,>=5->dvc==3.50.1->dvc[gs]==3.50.1->-r requirements.txt (line 4))
Train	Install dependencies	2026-08-21T16:17:08.7519752Z   Downloading atpublic-7.0.0-py3-none-any.whl.metadata (2.0 kB)
Train	Install dependencies	2026-08-21T16:17:08.7744518Z Collecting gitdb<5,>=4.0.1 (from gitpython<4,>=3.1.9->mlflow==2.13.0->-r requirements.txt (line 1))
Train	Install dependencies	2026-08-21T16:17:08.7812448Z   Downloading gitdb-4.0.12-py3-none-any.whl.metadata (1.2 kB)
Train	Install dependencies	2026-08-21T16:17:08.8007673Z Collecting smmap<6,>=3.0.1 (from gitdb<5,>=4.0.1->gitpython<4,>=3.1.9->mlflow==2.13.0->-r requirements.txt (line 1))
Train	Install dependencies	2026-08-21T16:17:08.8076204Z   Downloading smmap-5.0.3-py3-none-any.whl.metadata (4.6 kB)
Train	Install dependencies	2026-08-21T16:17:08.8337215Z Collecting googleapis-common-protos<2.0.0,>=1.69.2 (from google-api-core<3.0.0dev,>=2.15.0->google-cloud-storage==2.16.0->-r requirements.txt (line 10))
Train	Install dependencies	2026-08-21T16:17:08.8409987Z   Downloading googleapis_common_protos-1.75.1-py3-none-any.whl.metadata (8.5 kB)
Train	Install dependencies	2026-08-21T16:17:08.8514389Z INFO: pip is looking at multiple versions of google-api-core to determine which version is compatible with other requirements. This could take a while.
Train	Install dependencies	2026-08-21T16:17:08.8522513Z Collecting google-api-core<3.0.0dev,>=2.15.0 (from google-cloud-storage==2.16.0->-r requirements.txt (line 10))
Train	Install dependencies	2026-08-21T16:17:08.8591595Z   Downloading google_api_core-2.33.0-py3-none-any.whl.metadata (3.2 kB)
Train	Install dependencies	2026-08-21T16:17:08.8806859Z   Downloading google_api_core-2.32.0-py3-none-any.whl.metadata (3.2 kB)
Train	Install dependencies	2026-08-21T16:17:08.8930332Z   Downloading google_api_core-2.31.0-py3-none-any.whl.metadata (3.2 kB)
Train	Install dependencies	2026-08-21T16:17:08.9054302Z   Downloading google_api_core-2.30.3-py3-none-any.whl.metadata (3.1 kB)
Train	Install dependencies	2026-08-21T16:17:08.9397435Z Collecting proto-plus<2.0.0,>=1.22.3 (from google-api-core<3.0.0dev,>=2.15.0->google-cloud-storage==2.16.0->-r requirements.txt (line 10))
Train	Install dependencies	2026-08-21T16:17:08.9466277Z   Downloading proto_plus-1.28.3-py3-none-any.whl.metadata (2.2 kB)
Train	Install dependencies	2026-08-21T16:17:08.9862014Z Collecting pyasn1-modules>=0.2.1 (from google-auth<3.0dev,>=2.26.1->google-cloud-storage==2.16.0->-r requirements.txt (line 10))
Train	Install dependencies	2026-08-21T16:17:08.9930580Z   Downloading pyasn1_modules-0.4.2-py3-none-any.whl.metadata (3.5 kB)
Train	Install dependencies	2026-08-21T16:17:09.2116851Z Collecting cryptography>=38.0.3 (from google-auth<3.0dev,>=2.26.1->google-cloud-storage==2.16.0->-r requirements.txt (line 10))
Train	Install dependencies	2026-08-21T16:17:09.2191217Z   Downloading cryptography-50.0.0-cp39-abi3-manylinux_2_34_x86_64.whl.metadata (4.3 kB)
Train	Install dependencies	2026-08-21T16:17:09.2448168Z INFO: pip is looking at multiple versions of googleapis-common-protos to determine which version is compatible with other requirements. This could take a while.
Train	Install dependencies	2026-08-21T16:17:09.2455965Z Collecting googleapis-common-protos<2.0.0,>=1.63.2 (from google-api-core<3.0.0dev,>=2.15.0->google-cloud-storage==2.16.0->-r requirements.txt (line 10))
Train	Install dependencies	2026-08-21T16:17:09.2526158Z   Downloading googleapis_common_protos-1.75.0-py3-none-any.whl.metadata (8.6 kB)
Train	Install dependencies	2026-08-21T16:17:09.2847448Z Collecting graphql-core<3.3,>=3.1 (from graphene<4->mlflow==2.13.0->-r requirements.txt (line 1))
Train	Install dependencies	2026-08-21T16:17:09.2918564Z   Downloading graphql_core-3.2.11-py3-none-any.whl.metadata (11 kB)
Train	Install dependencies	2026-08-21T16:17:09.3113414Z Collecting graphql-relay<3.3,>=3.1 (from graphene<4->mlflow==2.13.0->-r requirements.txt (line 1))
Train	Install dependencies	2026-08-21T16:17:09.3181389Z   Downloading graphql_relay-3.2.0-py3-none-any.whl.metadata (12 kB)
Train	Install dependencies	2026-08-21T16:17:09.3639510Z Collecting pydantic-settings>=2 (from gto<2,>=1.6.0->dvc==3.50.1->dvc[gs]==3.50.1->-r requirements.txt (line 4))
Train	Install dependencies	2026-08-21T16:17:09.3706544Z   Downloading pydantic_settings-2.15.0-py3-none-any.whl.metadata (3.9 kB)
Train	Install dependencies	2026-08-21T16:17:09.4051651Z Collecting semver>=2.13.0 (from gto<2,>=1.6.0->dvc==3.50.1->dvc[gs]==3.50.1->-r requirements.txt (line 4))
Train	Install dependencies	2026-08-21T16:17:09.4122099Z   Downloading semver-3.0.4-py3-none-any.whl.metadata (6.8 kB)
Train	Install dependencies	2026-08-21T16:17:09.4427611Z Collecting zipp>=0.5 (from importlib-metadata!=4.7.0,<8,>=3.7.0->mlflow==2.13.0->-r requirements.txt (line 1))
Train	Install dependencies	2026-08-21T16:17:09.4494374Z   Downloading zipp-4.1.0-py3-none-any.whl.metadata (3.6 kB)
Train	Install dependencies	2026-08-21T16:17:09.4821508Z Collecting amqp<6.0.0,>=5.1.1 (from kombu->dvc==3.50.1->dvc[gs]==3.50.1->-r requirements.txt (line 4))
Train	Install dependencies	2026-08-21T16:17:09.4889339Z   Downloading amqp-5.3.1-py3-none-any.whl.metadata (8.9 kB)
Train	Install dependencies	2026-08-21T16:17:09.5754504Z Collecting contourpy>=1.0.1 (from matplotlib<4->mlflow==2.13.0->-r requirements.txt (line 1))
Train	Install dependencies	2026-08-21T16:17:09.5830475Z   Downloading contourpy-1.3.2-cp310-cp310-manylinux_2_17_x86_64.manylinux2014_x86_64.whl.metadata (5.5 kB)
Train	Install dependencies	2026-08-21T16:17:09.6082032Z Collecting cycler>=0.10 (from matplotlib<4->mlflow==2.13.0->-r requirements.txt (line 1))
Train	Install dependencies	2026-08-21T16:17:09.6159385Z   Downloading cycler-0.12.1-py3-none-any.whl.metadata (3.8 kB)
Train	Install dependencies	2026-08-21T16:17:09.8617881Z Collecting fonttools>=4.22.0 (from matplotlib<4->mlflow==2.13.0->-r requirements.txt (line 1))
Train	Install dependencies	2026-08-21T16:17:09.8690872Z   Downloading fonttools-4.63.0-cp310-cp310-manylinux2014_x86_64.manylinux_2_17_x86_64.whl.metadata (118 kB)
Train	Install dependencies	2026-08-21T16:17:09.9625804Z Collecting kiwisolver>=1.3.1 (from matplotlib<4->mlflow==2.13.0->-r requirements.txt (line 1))
Train	Install dependencies	2026-08-21T16:17:09.9697858Z   Downloading kiwisolver-1.5.0-cp310-cp310-manylinux_2_12_x86_64.manylinux2010_x86_64.whl.metadata (5.1 kB)
Train	Install dependencies	2026-08-21T16:17:10.1838454Z Collecting pillow>=8 (from matplotlib<4->mlflow==2.13.0->-r requirements.txt (line 1))
Train	Install dependencies	2026-08-21T16:17:10.1913988Z   Downloading pillow-12.3.0-cp310-cp310-manylinux_2_27_x86_64.manylinux_2_28_x86_64.whl.metadata (9.1 kB)
Train	Install dependencies	2026-08-21T16:17:10.2317352Z Collecting opentelemetry-semantic-conventions==0.65b0 (from opentelemetry-sdk<3,>=1.0.0->mlflow==2.13.0->-r requirements.txt (line 1))
Train	Install dependencies	2026-08-21T16:17:10.2388242Z   Downloading opentelemetry_semantic_conventions-0.65b0-py3-none-any.whl.metadata (2.4 kB)
Train	Install dependencies	2026-08-21T16:17:10.2493416Z INFO: pip is looking at multiple versions of proto-plus to determine which version is compatible with other requirements. This could take a while.
Train	Install dependencies	2026-08-21T16:17:10.2500966Z Collecting proto-plus<2.0.0,>=1.22.3 (from google-api-core<3.0.0dev,>=2.15.0->google-cloud-storage==2.16.0->-r requirements.txt (line 10))
Train	Install dependencies	2026-08-21T16:17:10.2569474Z   Downloading proto_plus-1.28.2-py3-none-any.whl.metadata (2.2 kB)
Train	Install dependencies	2026-08-21T16:17:10.2823230Z Collecting annotated-types>=0.6.0 (from pydantic!=1.8,!=1.8.1,!=2.0.0,!=2.0.1,!=2.1.0,<3.0.0,>=1.7.4->fastapi==0.111.0->-r requirements.txt (line 7))
Train	Install dependencies	2026-08-21T16:17:10.2889710Z   Downloading annotated_types-0.8.0-py3-none-any.whl.metadata (15 kB)
Train	Install dependencies	2026-08-21T16:17:11.1487910Z Collecting pydantic-core==2.46.4 (from pydantic!=1.8,!=1.8.1,!=2.0.0,!=2.0.1,!=2.1.0,<3.0.0,>=1.7.4->fastapi==0.111.0->-r requirements.txt (line 7))
Train	Install dependencies	2026-08-21T16:17:11.1562145Z   Downloading pydantic_core-2.46.4-cp310-cp310-manylinux_2_17_x86_64.manylinux2014_x86_64.whl.metadata (6.6 kB)
Train	Install dependencies	2026-08-21T16:17:11.1769045Z Collecting typing-inspection>=0.4.2 (from pydantic!=1.8,!=1.8.1,!=2.0.0,!=2.0.1,!=2.1.0,<3.0.0,>=1.7.4->fastapi==0.111.0->-r requirements.txt (line 7))
Train	Install dependencies	2026-08-21T16:17:11.1838156Z   Downloading typing_inspection-0.4.4-py3-none-any.whl.metadata (2.6 kB)
Train	Install dependencies	2026-08-21T16:17:11.2080536Z Collecting six>=1.5 (from python-dateutil>=2.8.2->pandas==2.2.2->-r requirements.txt (line 3))
Train	Install dependencies	2026-08-21T16:17:11.2152265Z   Downloading six-1.17.0-py2.py3-none-any.whl.metadata (1.7 kB)
Train	Install dependencies	2026-08-21T16:17:11.4477992Z Collecting charset_normalizer<4,>=2 (from requests<3,>=2.17.3->mlflow==2.13.0->-r requirements.txt (line 1))
Train	Install dependencies	2026-08-21T16:17:11.4550897Z   Downloading charset_normalizer-3.5.1-cp310-cp310-manylinux2014_x86_64.manylinux_2_17_x86_64.manylinux_2_28_x86_64.whl.metadata (45 kB)
Train	Install dependencies	2026-08-21T16:17:11.4792559Z Collecting idna<4,>=2.5 (from requests<3,>=2.17.3->mlflow==2.13.0->-r requirements.txt (line 1))
Train	Install dependencies	2026-08-21T16:17:11.4861033Z   Downloading idna-3.19-py3-none-any.whl.metadata (9.2 kB)
Train	Install dependencies	2026-08-21T16:17:11.5171031Z Collecting certifi>=2023.5.7 (from requests<3,>=2.17.3->mlflow==2.13.0->-r requirements.txt (line 1))
Train	Install dependencies	2026-08-21T16:17:11.5242154Z   Downloading certifi-2026.7.22-py3-none-any.whl.metadata (2.5 kB)
Train	Install dependencies	2026-08-21T16:17:11.6419525Z Collecting pygit2>=1.14.0 (from scmrepo<4,>=3.3.2->dvc==3.50.1->dvc[gs]==3.50.1->-r requirements.txt (line 4))
Train	Install dependencies	2026-08-21T16:17:11.6503022Z   Downloading pygit2-1.18.2-cp310-cp310-manylinux_2_26_x86_64.manylinux_2_28_x86_64.whl.metadata (3.6 kB)
Train	Install dependencies	2026-08-21T16:17:11.6782287Z Collecting asyncssh<3,>=2.13.1 (from scmrepo<4,>=3.3.2->dvc==3.50.1->dvc[gs]==3.50.1->-r requirements.txt (line 4))
Train	Install dependencies	2026-08-21T16:17:11.6866157Z   Downloading asyncssh-2.24.0-py3-none-any.whl.metadata (9.8 kB)
Train	Install dependencies	2026-08-21T16:17:11.7083183Z Collecting aiohttp-retry>=2.5.0 (from scmrepo<4,>=3.3.2->dvc==3.50.1->dvc[gs]==3.50.1->-r requirements.txt (line 4))
Train	Install dependencies	2026-08-21T16:17:11.7150740Z   Downloading aiohttp_retry-2.9.1-py3-none-any.whl.metadata (8.8 kB)
Train	Install dependencies	2026-08-21T16:17:11.9190136Z Collecting greenlet>=1 (from sqlalchemy<3,>=1.4.0->mlflow==2.13.0->-r requirements.txt (line 1))
Train	Install dependencies	2026-08-21T16:17:11.9263658Z   Downloading greenlet-3.5.5-cp310-cp310-manylinux_2_24_x86_64.manylinux_2_28_x86_64.whl.metadata (3.8 kB)
Train	Install dependencies	2026-08-21T16:17:11.9604201Z Collecting anyio<5,>=3.4.0 (from starlette<0.38.0,>=0.37.2->fastapi==0.111.0->-r requirements.txt (line 7))
Train	Install dependencies	2026-08-21T16:17:11.9672498Z   Downloading anyio-4.14.2-py3-none-any.whl.metadata (4.6 kB)
Train	Install dependencies	2026-08-21T16:17:12.6813585Z Collecting aiohttp (from aiohttp-retry>=2.5.0->scmrepo<4,>=3.3.2->dvc==3.50.1->dvc[gs]==3.50.1->-r requirements.txt (line 4))
Train	Install dependencies	2026-08-21T16:17:12.6887471Z   Downloading aiohttp-3.14.3-cp310-cp310-manylinux2014_x86_64.manylinux_2_17_x86_64.manylinux_2_28_x86_64.whl.metadata (8.3 kB)
Train	Install dependencies	2026-08-21T16:17:12.7385408Z Collecting prompt-toolkit>=3.0.36 (from click-repl>=0.2.0->celery->dvc==3.50.1->dvc[gs]==3.50.1->-r requirements.txt (line 4))
Train	Install dependencies	2026-08-21T16:17:12.7486056Z   Downloading prompt_toolkit-3.0.53-py3-none-any.whl.metadata (6.4 kB)
Train	Install dependencies	2026-08-21T16:17:12.8882516Z Collecting cffi>=2.0.0 (from cryptography>=38.0.3->google-auth<3.0dev,>=2.26.1->google-cloud-storage==2.16.0->-r requirements.txt (line 10))
Train	Install dependencies	2026-08-21T16:17:12.8957444Z   Downloading cffi-2.1.1-cp310-cp310-manylinux2014_x86_64.manylinux_2_17_x86_64.whl.metadata (2.5 kB)
Train	Install dependencies	2026-08-21T16:17:12.9184708Z Collecting pycparser (from cffi>=2.0.0->cryptography>=38.0.3->google-auth<3.0dev,>=2.26.1->google-cloud-storage==2.16.0->-r requirements.txt (line 10))
Train	Install dependencies	2026-08-21T16:17:12.9253741Z   Downloading pycparser-3.0-py3-none-any.whl.metadata (8.2 kB)
Train	Install dependencies	2026-08-21T16:17:12.9554105Z Collecting dnspython>=2.0.0 (from email_validator>=2.0.0->fastapi==0.111.0->-r requirements.txt (line 7))
Train	Install dependencies	2026-08-21T16:17:12.9620518Z   Downloading dnspython-2.8.0-py3-none-any.whl.metadata (5.7 kB)
Train	Install dependencies	2026-08-21T16:17:13.0004812Z Collecting typer>=0.16.0 (from fastapi-cli>=0.0.2->fastapi==0.111.0->-r requirements.txt (line 7))
Train	Install dependencies	2026-08-21T16:17:13.0074535Z   Downloading typer-0.27.1-py3-none-any.whl.metadata (16 kB)
Train	Install dependencies	2026-08-21T16:17:13.0372312Z Collecting rich-toolkit>=0.14.8 (from fastapi-cli>=0.0.2->fastapi==0.111.0->-r requirements.txt (line 7))
Train	Install dependencies	2026-08-21T16:17:13.0440540Z   Downloading rich_toolkit-0.20.3-py3-none-any.whl.metadata (1.0 kB)
Train	Install dependencies	2026-08-21T16:17:13.0832164Z Collecting decorator>4.1.2 (from gcsfs>=2022.11.0->dvc-gs<4,>=3->dvc[gs]==3.50.1->-r requirements.txt (line 4))
Train	Install dependencies	2026-08-21T16:17:13.0898166Z   Downloading decorator-5.3.1-py3-none-any.whl.metadata (3.9 kB)
Train	Install dependencies	2026-08-21T16:17:13.1133322Z Collecting google-auth-oauthlib (from gcsfs>=2022.11.0->dvc-gs<4,>=3->dvc[gs]==3.50.1->-r requirements.txt (line 4))
Train	Install dependencies	2026-08-21T16:17:13.1238369Z   Downloading google_auth_oauthlib-1.4.0-py3-none-any.whl.metadata (2.6 kB)
Train	Install dependencies	2026-08-21T16:17:13.1518014Z Collecting google-cloud-storage-control (from gcsfs>=2022.11.0->dvc-gs<4,>=3->dvc[gs]==3.50.1->-r requirements.txt (line 4))
Train	Install dependencies	2026-08-21T16:17:13.1593377Z   Downloading google_cloud_storage_control-1.13.0-py3-none-any.whl.metadata (9.8 kB)
Train	Install dependencies	2026-08-21T16:17:13.1652927Z INFO: pip is looking at multiple versions of gcsfs to determine which version is compatible with other requirements. This could take a while.
Train	Install dependencies	2026-08-21T16:17:13.1658999Z Collecting gcsfs>=2022.11.0 (from dvc-gs<4,>=3->dvc[gs]==3.50.1->-r requirements.txt (line 4))
Train	Install dependencies	2026-08-21T16:17:13.1742738Z   Downloading gcsfs-2026.7.0-py3-none-any.whl.metadata (4.6 kB)
Train	Install dependencies	2026-08-21T16:17:13.1878124Z   Downloading gcsfs-2026.6.0-py3-none-any.whl.metadata (4.6 kB)
Train	Install dependencies	2026-08-21T16:17:13.2013195Z   Downloading gcsfs-2026.5.0-py3-none-any.whl.metadata (4.5 kB)
Train	Install dependencies	2026-08-21T16:17:13.2166010Z   Downloading gcsfs-2026.4.0-py3-none-any.whl.metadata (4.5 kB)
Train	Install dependencies	2026-08-21T16:17:13.2389214Z   Downloading gcsfs-2026.3.0-py3-none-any.whl.metadata (2.1 kB)
Train	Install dependencies	2026-08-21T16:17:13.2511276Z   Downloading gcsfs-2026.2.0-py3-none-any.whl.metadata (2.1 kB)
Train	Install dependencies	2026-08-21T16:17:13.2755548Z   Downloading gcsfs-2026.1.0-py3-none-any.whl.metadata (2.1 kB)
Train	Install dependencies	2026-08-21T16:17:13.2795310Z INFO: pip is still looking at multiple versions of gcsfs to determine which version is compatible with other requirements. This could take a while.
Train	Install dependencies	2026-08-21T16:17:13.2877352Z   Downloading gcsfs-2025.12.0-py3-none-any.whl.metadata (2.1 kB)
Train	Install dependencies	2026-08-21T16:17:13.2999055Z   Downloading gcsfs-2025.10.0-py2.py3-none-any.whl.metadata (2.1 kB)
Train	Install dependencies	2026-08-21T16:17:13.3127359Z   Downloading gcsfs-2025.9.0-py2.py3-none-any.whl.metadata (2.1 kB)
Train	Install dependencies	2026-08-21T16:17:13.3244359Z   Downloading gcsfs-2025.7.0-py2.py3-none-any.whl.metadata (2.1 kB)
Train	Install dependencies	2026-08-21T16:17:13.3364956Z   Downloading gcsfs-2025.5.1-py2.py3-none-any.whl.metadata (1.9 kB)
Train	Install dependencies	2026-08-21T16:17:13.3404128Z INFO: This is taking longer than usual. You might need to provide the dependency resolver with stricter constraints to reduce runtime. See https://pip.pypa.io/warnings/backtracking for guidance. If you want to abort this run, press Ctrl + C.
Train	Install dependencies	2026-08-21T16:17:13.3493987Z   Downloading gcsfs-2025.5.0.post1-py2.py3-none-any.whl.metadata (1.9 kB)
Train	Install dependencies	2026-08-21T16:17:13.3617262Z   Downloading gcsfs-2025.5.0-py2.py3-none-any.whl.metadata (1.9 kB)
Train	Install dependencies	2026-08-21T16:17:13.3733644Z   Downloading gcsfs-2025.3.2-py2.py3-none-any.whl.metadata (1.9 kB)
Train	Install dependencies	2026-08-21T16:17:13.3856264Z   Downloading gcsfs-2025.3.1-py2.py3-none-any.whl.metadata (1.9 kB)
Train	Install dependencies	2026-08-21T16:17:13.3977940Z   Downloading gcsfs-2025.3.0-py2.py3-none-any.whl.metadata (1.9 kB)
Train	Install dependencies	2026-08-21T16:17:13.4101207Z   Downloading gcsfs-2025.2.0-py2.py3-none-any.whl.metadata (1.9 kB)
Train	Install dependencies	2026-08-21T16:17:13.4225155Z   Downloading gcsfs-2024.12.0-py2.py3-none-any.whl.metadata (1.6 kB)
Train	Install dependencies	2026-08-21T16:17:13.4347396Z   Downloading gcsfs-2024.10.0-py2.py3-none-any.whl.metadata (1.6 kB)
Train	Install dependencies	2026-08-21T16:17:13.4480354Z   Downloading gcsfs-2024.9.0.post1-py2.py3-none-any.whl.metadata (1.6 kB)
Train	Install dependencies	2026-08-21T16:17:13.4587670Z   Downloading gcsfs-2024.6.1-py2.py3-none-any.whl.metadata (1.6 kB)
Train	Install dependencies	2026-08-21T16:17:13.4712082Z   Downloading gcsfs-2024.6.0-py2.py3-none-any.whl.metadata (1.6 kB)
Train	Install dependencies	2026-08-21T16:17:13.4871117Z   Downloading gcsfs-2024.5.0-py2.py3-none-any.whl.metadata (1.6 kB)
Train	Install dependencies	2026-08-21T16:17:13.4999313Z   Downloading gcsfs-2024.3.1-py2.py3-none-any.whl.metadata (1.6 kB)
Train	Install dependencies	2026-08-21T16:17:13.5117604Z   Downloading gcsfs-2024.2.0-py2.py3-none-any.whl.metadata (1.6 kB)
Train	Install dependencies	2026-08-21T16:17:13.5240132Z   Downloading gcsfs-2023.12.2.post1-py2.py3-none-any.whl.metadata (1.6 kB)
Train	Install dependencies	2026-08-21T16:17:13.5356202Z   Downloading gcsfs-2023.12.1-py2.py3-none-any.whl.metadata (1.6 kB)
Train	Install dependencies	2026-08-21T16:17:13.5474931Z   Downloading gcsfs-2023.12.0-py2.py3-none-any.whl.metadata (1.6 kB)
Train	Install dependencies	2026-08-21T16:17:13.5615382Z   Downloading gcsfs-2023.10.0-py2.py3-none-any.whl.metadata (1.6 kB)
Train	Install dependencies	2026-08-21T16:17:13.5744904Z   Downloading gcsfs-2023.9.2-py2.py3-none-any.whl.metadata (1.6 kB)
Train	Install dependencies	2026-08-21T16:17:13.5858925Z   Downloading gcsfs-2023.9.1-py2.py3-none-any.whl.metadata (1.6 kB)
Train	Install dependencies	2026-08-21T16:17:13.5979165Z   Downloading gcsfs-2023.9.0-py2.py3-none-any.whl.metadata (1.6 kB)
Train	Install dependencies	2026-08-21T16:17:13.6099161Z   Downloading gcsfs-2023.6.0-py2.py3-none-any.whl.metadata (1.6 kB)
Train	Install dependencies	2026-08-21T16:17:13.6215244Z   Downloading gcsfs-2023.5.0-py2.py3-none-any.whl.metadata (1.6 kB)
Train	Install dependencies	2026-08-21T16:17:13.6347009Z   Downloading gcsfs-2023.4.0-py2.py3-none-any.whl.metadata (1.6 kB)
Train	Install dependencies	2026-08-21T16:17:13.6583891Z   Downloading gcsfs-2023.3.0-py2.py3-none-any.whl.metadata (1.6 kB)
Train	Install dependencies	2026-08-21T16:17:13.6722455Z   Downloading gcsfs-2023.1.0-py2.py3-none-any.whl.metadata (1.6 kB)
Train	Install dependencies	2026-08-21T16:17:13.6843716Z   Downloading gcsfs-2022.11.0-py2.py3-none-any.whl.metadata (1.6 kB)
Train	Install dependencies	2026-08-21T16:17:13.6909721Z Collecting fsspec[tqdm]>=2024.2.0 (from scmrepo<4,>=3.3.2->dvc==3.50.1->dvc[gs]==3.50.1->-r requirements.txt (line 4))
Train	Install dependencies	2026-08-21T16:17:13.6975889Z   Downloading fsspec-2026.6.0-py3-none-any.whl.metadata (10 kB)
Train	Install dependencies	2026-08-21T16:17:13.7440355Z Collecting fsspec (from dvc==3.50.1->dvc[gs]==3.50.1->-r requirements.txt (line 4))
Train	Install dependencies	2026-08-21T16:17:13.7515696Z   Downloading fsspec-2026.3.0-py3-none-any.whl.metadata (10 kB)
Train	Install dependencies	2026-08-21T16:17:13.7906902Z   Downloading fsspec-2026.2.0-py3-none-any.whl.metadata (10 kB)
Train	Install dependencies	2026-08-21T16:17:13.8302113Z   Downloading fsspec-2026.1.0-py3-none-any.whl.metadata (10 kB)
Train	Install dependencies	2026-08-21T16:17:13.8717618Z   Downloading fsspec-2025.12.0-py3-none-any.whl.metadata (10 kB)
Train	Install dependencies	2026-08-21T16:17:13.9041761Z INFO: pip is looking at multiple versions of fsspec[tqdm] to determine which version is compatible with other requirements. This could take a while.
Train	Install dependencies	2026-08-21T16:17:13.9049085Z Collecting fsspec[tqdm]>=2024.2.0 (from scmrepo<4,>=3.3.2->dvc==3.50.1->dvc[gs]==3.50.1->-r requirements.txt (line 4))
Train	Install dependencies	2026-08-21T16:17:13.9120602Z   Downloading fsspec-2026.4.0-py3-none-any.whl.metadata (10 kB)
Train	Install dependencies	2026-08-21T16:17:13.9640119Z Collecting aiohappyeyeballs>=2.5.0 (from aiohttp->aiohttp-retry>=2.5.0->scmrepo<4,>=3.3.2->dvc==3.50.1->dvc[gs]==3.50.1->-r requirements.txt (line 4))
Train	Install dependencies	2026-08-21T16:17:13.9711125Z   Downloading aiohappyeyeballs-2.7.1-py3-none-any.whl.metadata (5.9 kB)
Train	Install dependencies	2026-08-21T16:17:13.9924077Z Collecting aiosignal>=1.4.0 (from aiohttp->aiohttp-retry>=2.5.0->scmrepo<4,>=3.3.2->dvc==3.50.1->dvc[gs]==3.50.1->-r requirements.txt (line 4))
Train	Install dependencies	2026-08-21T16:17:13.9993615Z   Downloading aiosignal-1.4.0-py3-none-any.whl.metadata (3.7 kB)
Train	Install dependencies	2026-08-21T16:17:14.0188368Z Collecting async-timeout<6.0,>=4.0 (from aiohttp->aiohttp-retry>=2.5.0->scmrepo<4,>=3.3.2->dvc==3.50.1->dvc[gs]==3.50.1->-r requirements.txt (line 4))
Train	Install dependencies	2026-08-21T16:17:14.0256846Z   Downloading async_timeout-5.0.1-py3-none-any.whl.metadata (5.1 kB)
Train	Install dependencies	2026-08-21T16:17:14.1124673Z Collecting frozenlist>=1.1.1 (from aiohttp->aiohttp-retry>=2.5.0->scmrepo<4,>=3.3.2->dvc==3.50.1->dvc[gs]==3.50.1->-r requirements.txt (line 4))
Train	Install dependencies	2026-08-21T16:17:14.1203763Z   Downloading frozenlist-1.8.0-cp310-cp310-manylinux1_x86_64.manylinux_2_28_x86_64.manylinux_2_5_x86_64.whl.metadata (20 kB)
Train	Install dependencies	2026-08-21T16:17:14.5020793Z Collecting multidict<7.0,>=4.5 (from aiohttp->aiohttp-retry>=2.5.0->scmrepo<4,>=3.3.2->dvc==3.50.1->dvc[gs]==3.50.1->-r requirements.txt (line 4))
Train	Install dependencies	2026-08-21T16:17:14.5095234Z   Downloading multidict-6.7.1-cp310-cp310-manylinux2014_x86_64.manylinux_2_17_x86_64.manylinux_2_28_x86_64.whl.metadata (5.3 kB)
Train	Install dependencies	2026-08-21T16:17:14.5828117Z Collecting propcache>=0.2.0 (from aiohttp->aiohttp-retry>=2.5.0->scmrepo<4,>=3.3.2->dvc==3.50.1->dvc[gs]==3.50.1->-r requirements.txt (line 4))
Train	Install dependencies	2026-08-21T16:17:14.5907537Z   Downloading propcache-0.5.2-cp310-cp310-manylinux2014_x86_64.manylinux_2_17_x86_64.manylinux_2_28_x86_64.whl.metadata (16 kB)
Train	Install dependencies	2026-08-21T16:17:14.8977359Z Collecting yarl<2.0,>=1.17.0 (from aiohttp->aiohttp-retry>=2.5.0->scmrepo<4,>=3.3.2->dvc==3.50.1->dvc[gs]==3.50.1->-r requirements.txt (line 4))
Train	Install dependencies	2026-08-21T16:17:14.9052124Z   Downloading yarl-1.24.5-cp310-cp310-manylinux2014_x86_64.manylinux_2_17_x86_64.manylinux_2_28_x86_64.whl.metadata (103 kB)
Train	Install dependencies	2026-08-21T16:17:14.9760166Z Collecting httpcore==1.* (from httpx>=0.23.0->fastapi==0.111.0->-r requirements.txt (line 7))
Train	Install dependencies	2026-08-21T16:17:14.9828029Z   Downloading httpcore-1.0.9-py3-none-any.whl.metadata (21 kB)
Train	Install dependencies	2026-08-21T16:17:15.0134020Z Collecting antlr4-python3-runtime==4.9.* (from hydra-core>=1.1->dvc==3.50.1->dvc[gs]==3.50.1->-r requirements.txt (line 4))
Train	Install dependencies	2026-08-21T16:17:15.0202508Z   Downloading antlr4-python3-runtime-4.9.3.tar.gz (117 kB)
Train	Install dependencies	2026-08-21T16:17:15.0557590Z   Installing build dependencies: started
Train	Install dependencies	2026-08-21T16:17:15.9441340Z   Installing build dependencies: finished with status 'done'
Train	Install dependencies	2026-08-21T16:17:15.9448712Z   Getting requirements to build wheel: started
Train	Install dependencies	2026-08-21T16:17:16.3019082Z   Getting requirements to build wheel: finished with status 'done'
Train	Install dependencies	2026-08-21T16:17:16.3028682Z   Preparing metadata (pyproject.toml): started
Train	Install dependencies	2026-08-21T16:17:16.4868486Z   Preparing metadata (pyproject.toml): finished with status 'done'
Train	Install dependencies	2026-08-21T16:17:16.5103667Z Collecting appdirs (from iterative-telemetry>=0.0.7->dvc==3.50.1->dvc[gs]==3.50.1->-r requirements.txt (line 4))
Train	Install dependencies	2026-08-21T16:17:16.5174799Z   Downloading appdirs-1.4.4-py2.py3-none-any.whl.metadata (9.0 kB)
Train	Install dependencies	2026-08-21T16:17:16.5499498Z Collecting filelock (from iterative-telemetry>=0.0.7->dvc==3.50.1->dvc[gs]==3.50.1->-r requirements.txt (line 4))
Train	Install dependencies	2026-08-21T16:17:16.5568411Z   Downloading filelock-3.32.3-py3-none-any.whl.metadata (2.0 kB)
Train	Install dependencies	2026-08-21T16:17:16.5924760Z Collecting wcwidth>=0.1.4 (from prompt-toolkit>=3.0.36->click-repl>=0.2.0->celery->dvc==3.50.1->dvc[gs]==3.50.1->-r requirements.txt (line 4))
Train	Install dependencies	2026-08-21T16:17:16.5997019Z   Downloading wcwidth-0.8.2-py3-none-any.whl.metadata (43 kB)
Train	Install dependencies	2026-08-21T16:17:16.6425389Z Collecting pyasn1<0.7.0,>=0.6.1 (from pyasn1-modules>=0.2.1->google-auth<3.0dev,>=2.26.1->google-cloud-storage==2.16.0->-r requirements.txt (line 10))
Train	Install dependencies	2026-08-21T16:17:16.6495825Z   Downloading pyasn1-0.6.4-py3-none-any.whl.metadata (8.4 kB)
Train	Install dependencies	2026-08-21T16:17:16.6845645Z Collecting python-dotenv>=0.21.0 (from pydantic-settings>=2->gto<2,>=1.6.0->dvc==3.50.1->dvc[gs]==3.50.1->-r requirements.txt (line 4))
Train	Install dependencies	2026-08-21T16:17:16.6916386Z   Downloading python_dotenv-1.2.3-py3-none-any.whl.metadata (29 kB)
Train	Install dependencies	2026-08-21T16:17:16.7315744Z Collecting markdown-it-py>=2.2.0 (from rich>=12->dvc==3.50.1->dvc[gs]==3.50.1->-r requirements.txt (line 4))
Train	Install dependencies	2026-08-21T16:17:16.7389047Z   Downloading markdown_it_py-4.2.0-py3-none-any.whl.metadata (7.4 kB)
Train	Install dependencies	2026-08-21T16:17:16.7698010Z Collecting pygments<3.0.0,>=2.13.0 (from rich>=12->dvc==3.50.1->dvc[gs]==3.50.1->-r requirements.txt (line 4))
Train	Install dependencies	2026-08-21T16:17:16.7766413Z   Downloading pygments-2.21.0-py3-none-any.whl.metadata (2.5 kB)
Train	Install dependencies	2026-08-21T16:17:16.7992874Z Collecting mdurl~=0.1 (from markdown-it-py>=2.2.0->rich>=12->dvc==3.50.1->dvc[gs]==3.50.1->-r requirements.txt (line 4))
Train	Install dependencies	2026-08-21T16:17:16.8060639Z   Downloading mdurl-0.1.2-py3-none-any.whl.metadata (1.6 kB)
Train	Install dependencies	2026-08-21T16:17:16.8535356Z Collecting shellingham>=1.3.0 (from typer>=0.16.0->fastapi-cli>=0.0.2->fastapi==0.111.0->-r requirements.txt (line 7))
Train	Install dependencies	2026-08-21T16:17:16.8603072Z   Downloading shellingham-1.5.4-py2.py3-none-any.whl.metadata (3.5 kB)
Train	Install dependencies	2026-08-21T16:17:16.8822659Z Collecting annotated-doc>=0.0.2 (from typer>=0.16.0->fastapi-cli>=0.0.2->fastapi==0.111.0->-r requirements.txt (line 7))
Train	Install dependencies	2026-08-21T16:17:16.8890757Z   Downloading annotated_doc-0.0.5-py3-none-any.whl.metadata (6.5 kB)
Train	Install dependencies	2026-08-21T16:17:16.9452911Z Collecting httptools>=0.5.0 (from uvicorn[standard]>=0.12.0->fastapi==0.111.0->-r requirements.txt (line 7))
Train	Install dependencies	2026-08-21T16:17:16.9524878Z   Downloading httptools-0.8.0-cp310-cp310-manylinux1_x86_64.manylinux_2_28_x86_64.manylinux_2_5_x86_64.whl.metadata (3.5 kB)
Train	Install dependencies	2026-08-21T16:17:17.0044820Z Collecting uvloop!=0.15.0,!=0.15.1,>=0.14.0 (from uvicorn[standard]>=0.12.0->fastapi==0.111.0->-r requirements.txt (line 7))
Train	Install dependencies	2026-08-21T16:17:17.0116665Z   Downloading uvloop-0.22.1-cp310-cp310-manylinux2014_x86_64.manylinux_2_17_x86_64.manylinux_2_28_x86_64.whl.metadata (4.9 kB)
Train	Install dependencies	2026-08-21T16:17:17.1080921Z Collecting watchfiles>=0.13 (from uvicorn[standard]>=0.12.0->fastapi==0.111.0->-r requirements.txt (line 7))
Train	Install dependencies	2026-08-21T16:17:17.1153146Z   Downloading watchfiles-1.2.0-cp310-cp310-manylinux_2_17_x86_64.manylinux2014_x86_64.whl.metadata (4.9 kB)
Train	Install dependencies	2026-08-21T16:17:17.2477495Z Collecting websockets>=10.4 (from uvicorn[standard]>=0.12.0->fastapi==0.111.0->-r requirements.txt (line 7))
Train	Install dependencies	2026-08-21T16:17:17.2552985Z   Downloading websockets-16.1.1-cp310-cp310-manylinux1_x86_64.manylinux_2_28_x86_64.manylinux_2_5_x86_64.whl.metadata (6.8 kB)
Train	Install dependencies	2026-08-21T16:17:17.2770808Z Requirement already satisfied: setuptools in /opt/hostedtoolcache/Python/3.10.21/x64/lib/python3.10/site-packages (from zc.lockfile>=1.2.1->dvc==3.50.1->dvc[gs]==3.50.1->-r requirements.txt (line 4)) (79.0.1)
Train	Install dependencies	2026-08-21T16:17:17.2836936Z INFO: pip is looking at multiple versions of fsspec[http] to determine which version is compatible with other requirements. This could take a while.
Train	Install dependencies	2026-08-21T16:17:17.3118837Z Collecting requests-oauthlib>=0.7.0 (from google-auth-oauthlib->gcsfs>=2022.11.0->dvc-gs<4,>=3->dvc[gs]==3.50.1->-r requirements.txt (line 4))
Train	Install dependencies	2026-08-21T16:17:17.3187971Z   Downloading requests_oauthlib-2.0.0-py2.py3-none-any.whl.metadata (11 kB)
Train	Install dependencies	2026-08-21T16:17:17.3421283Z Collecting oauthlib>=3.0.0 (from requests-oauthlib>=0.7.0->google-auth-oauthlib->gcsfs>=2022.11.0->dvc-gs<4,>=3->dvc[gs]==3.50.1->-r requirements.txt (line 4))
Train	Install dependencies	2026-08-21T16:17:17.3495161Z   Downloading oauthlib-3.3.1-py3-none-any.whl.metadata (7.9 kB)
Train	Install dependencies	2026-08-21T16:17:18.0946213Z Collecting grpcio<2.0.0,>=1.59.0 (from google-cloud-storage-control->gcsfs>=2022.11.0->dvc-gs<4,>=3->dvc[gs]==3.50.1->-r requirements.txt (line 4))
Train	Install dependencies	2026-08-21T16:17:18.1026151Z   Downloading grpcio-1.83.0-cp310-cp310-manylinux2014_x86_64.manylinux_2_17_x86_64.whl.metadata (3.7 kB)
Train	Install dependencies	2026-08-21T16:17:18.1091033Z INFO: pip is looking at multiple versions of google-cloud-storage-control to determine which version is compatible with other requirements. This could take a while.
Train	Install dependencies	2026-08-21T16:17:18.1097924Z Collecting google-cloud-storage-control (from gcsfs>=2022.11.0->dvc-gs<4,>=3->dvc[gs]==3.50.1->-r requirements.txt (line 4))
Train	Install dependencies	2026-08-21T16:17:18.1172840Z   Downloading google_cloud_storage_control-1.12.0-py3-none-any.whl.metadata (9.8 kB)
Train	Install dependencies	2026-08-21T16:17:18.1448867Z Collecting grpc-google-iam-v1<1.0.0,>=0.14.0 (from google-cloud-storage-control->gcsfs>=2022.11.0->dvc-gs<4,>=3->dvc[gs]==3.50.1->-r requirements.txt (line 4))
Train	Install dependencies	2026-08-21T16:17:18.1516282Z   Downloading grpc_google_iam_v1-0.14.5-py3-none-any.whl.metadata (8.8 kB)
Train	Install dependencies	2026-08-21T16:17:18.1601104Z INFO: pip is looking at multiple versions of google-api-core[grpc] to determine which version is compatible with other requirements. This could take a while.
Train	Install dependencies	2026-08-21T16:17:18.2209715Z Collecting grpcio-status<2.0.0,>=1.33.2 (from google-api-core[grpc]<3.0.0,>=2.17.1->google-cloud-storage-control->gcsfs>=2022.11.0->dvc-gs<4,>=3->dvc[gs]==3.50.1->-r requirements.txt (line 4))
Train	Install dependencies	2026-08-21T16:17:18.2279437Z   Downloading grpcio_status-1.83.0-py3-none-any.whl.metadata (1.2 kB)
Train	Install dependencies	2026-08-21T16:17:18.2348113Z INFO: pip is looking at multiple versions of grpc-google-iam-v1 to determine which version is compatible with other requirements. This could take a while.
Train	Install dependencies	2026-08-21T16:17:18.2356079Z Collecting grpc-google-iam-v1<1.0.0,>=0.14.0 (from google-cloud-storage-control->gcsfs>=2022.11.0->dvc-gs<4,>=3->dvc[gs]==3.50.1->-r requirements.txt (line 4))
Train	Install dependencies	2026-08-21T16:17:18.2427342Z   Downloading grpc_google_iam_v1-0.14.4-py3-none-any.whl.metadata (9.1 kB)
Train	Install dependencies	2026-08-21T16:17:18.2584363Z INFO: pip is looking at multiple versions of googleapis-common-protos[grpc] to determine which version is compatible with other requirements. This could take a while.
Train	Install dependencies	2026-08-21T16:17:18.2657756Z INFO: pip is looking at multiple versions of grpcio-status to determine which version is compatible with other requirements. This could take a while.
Train	Install dependencies	2026-08-21T16:17:18.2666483Z Collecting grpcio-status<2.0.0,>=1.33.2 (from google-api-core[grpc]<3.0.0,>=2.17.1->google-cloud-storage-control->gcsfs>=2022.11.0->dvc-gs<4,>=3->dvc[gs]==3.50.1->-r requirements.txt (line 4))
Train	Install dependencies	2026-08-21T16:17:18.2734639Z   Downloading grpcio_status-1.82.1-py3-none-any.whl.metadata (1.2 kB)
Train	Install dependencies	2026-08-21T16:17:18.2911454Z   Downloading grpcio_status-1.81.1-py3-none-any.whl.metadata (1.2 kB)
Train	Install dependencies	2026-08-21T16:17:18.3025280Z   Downloading grpcio_status-1.81.0-py3-none-any.whl.metadata (1.2 kB)
Train	Install dependencies	2026-08-21T16:17:18.3135585Z   Downloading grpcio_status-1.80.0-py3-none-any.whl.metadata (1.3 kB)
Train	Install dependencies	2026-08-21T16:17:18.3315690Z   Downloading grpcio_status-1.78.0-py3-none-any.whl.metadata (1.3 kB)
Train	Install dependencies	2026-08-21T16:17:18.3428087Z   Downloading grpcio_status-1.76.0-py3-none-any.whl.metadata (1.1 kB)
Train	Install dependencies	2026-08-21T16:17:18.3538418Z   Downloading grpcio_status-1.75.1-py3-none-any.whl.metadata (1.1 kB)
Train	Install dependencies	2026-08-21T16:17:18.3576810Z INFO: pip is still looking at multiple versions of grpcio-status to determine which version is compatible with other requirements. This could take a while.
Train	Install dependencies	2026-08-21T16:17:18.3649788Z   Downloading grpcio_status-1.75.0-py3-none-any.whl.metadata (1.1 kB)
Train	Install dependencies	2026-08-21T16:17:18.3757834Z   Downloading grpcio_status-1.74.0-py3-none-any.whl.metadata (1.1 kB)
Train	Install dependencies	2026-08-21T16:17:18.3861752Z   Downloading grpcio_status-1.73.1-py3-none-any.whl.metadata (1.1 kB)
Train	Install dependencies	2026-08-21T16:17:18.4040610Z   Downloading grpcio_status-1.73.0-py3-none-any.whl.metadata (1.1 kB)
Train	Install dependencies	2026-08-21T16:17:18.4150257Z   Downloading grpcio_status-1.72.2-py3-none-any.whl.metadata (1.1 kB)
Train	Install dependencies	2026-08-21T16:17:18.4187892Z INFO: This is taking longer than usual. You might need to provide the dependency resolver with stricter constraints to reduce runtime. See https://pip.pypa.io/warnings/backtracking for guidance. If you want to abort this run, press Ctrl + C.
Train	Install dependencies	2026-08-21T16:17:18.4261067Z   Downloading grpcio_status-1.72.1-py3-none-any.whl.metadata (1.1 kB)
Train	Install dependencies	2026-08-21T16:17:18.4366822Z   Downloading grpcio_status-1.71.2-py3-none-any.whl.metadata (1.1 kB)
Train	Install dependencies	2026-08-21T16:17:18.4557040Z   Downloading grpcio_status-1.71.0-py3-none-any.whl.metadata (1.1 kB)
Train	Install dependencies	2026-08-21T16:17:18.4677874Z   Downloading grpcio_status-1.70.0-py3-none-any.whl.metadata (1.1 kB)
Train	Install dependencies	2026-08-21T16:17:18.4786828Z   Downloading grpcio_status-1.69.0-py3-none-any.whl.metadata (1.1 kB)
Train	Install dependencies	2026-08-21T16:17:18.4903117Z   Downloading grpcio_status-1.68.1-py3-none-any.whl.metadata (1.1 kB)
Train	Install dependencies	2026-08-21T16:17:18.5032217Z   Downloading grpcio_status-1.68.0-py3-none-any.whl.metadata (1.1 kB)
Train	Install dependencies	2026-08-21T16:17:18.5145713Z   Downloading grpcio_status-1.67.1-py3-none-any.whl.metadata (1.1 kB)
Train	Install dependencies	2026-08-21T16:17:18.5252610Z   Downloading grpcio_status-1.67.0-py3-none-any.whl.metadata (1.1 kB)
Train	Install dependencies	2026-08-21T16:17:18.5363504Z   Downloading grpcio_status-1.66.2-py3-none-any.whl.metadata (1.1 kB)
Train	Install dependencies	2026-08-21T16:17:18.5481943Z   Downloading grpcio_status-1.66.1-py3-none-any.whl.metadata (1.1 kB)
Train	Install dependencies	2026-08-21T16:17:18.5604941Z   Downloading grpcio_status-1.66.0-py3-none-any.whl.metadata (1.1 kB)
Train	Install dependencies	2026-08-21T16:17:18.5734593Z   Downloading grpcio_status-1.65.5-py3-none-any.whl.metadata (1.1 kB)
Train	Install dependencies	2026-08-21T16:17:18.5846579Z   Downloading grpcio_status-1.65.4-py3-none-any.whl.metadata (1.1 kB)
Train	Install dependencies	2026-08-21T16:17:18.5963507Z   Downloading grpcio_status-1.65.2-py3-none-any.whl.metadata (1.1 kB)
Train	Install dependencies	2026-08-21T16:17:18.6084167Z   Downloading grpcio_status-1.65.1-py3-none-any.whl.metadata (1.1 kB)
Train	Install dependencies	2026-08-21T16:17:18.6205846Z   Downloading grpcio_status-1.64.3-py3-none-any.whl.metadata (1.1 kB)
Train	Install dependencies	2026-08-21T16:17:18.6331600Z   Downloading grpcio_status-1.64.1-py3-none-any.whl.metadata (1.1 kB)
Train	Install dependencies	2026-08-21T16:17:18.6452317Z   Downloading grpcio_status-1.64.0-py3-none-any.whl.metadata (1.1 kB)
Train	Install dependencies	2026-08-21T16:17:18.6578953Z   Downloading grpcio_status-1.63.2-py3-none-any.whl.metadata (1.1 kB)
Train	Install dependencies	2026-08-21T16:17:18.6703263Z   Downloading grpcio_status-1.63.0-py3-none-any.whl.metadata (1.1 kB)
Train	Install dependencies	2026-08-21T16:17:18.6812933Z   Downloading grpcio_status-1.62.3-py3-none-any.whl.metadata (1.3 kB)
Train	Install dependencies	2026-08-21T16:17:18.7302327Z Downloading mlflow-2.13.0-py3-none-any.whl (25.0 MB)
Train	Install dependencies	2026-08-21T16:17:19.0472046Z    ━━━━━━━━━━━━━━━━━━━━━━━━━━━━━━━━━━━━━━━━ 25.0/25.0 MB 82.4 MB/s  0:00:00
Train	Install dependencies	2026-08-21T16:17:19.0565446Z Downloading scikit_learn-1.4.2-cp310-cp310-manylinux_2_17_x86_64.manylinux2014_x86_64.whl (12.1 MB)
Train	Install dependencies	2026-08-21T16:17:19.1134067Z    ━━━━━━━━━━━━━━━━━━━━━━━━━━━━━━━━━━━━━━━━ 12.1/12.1 MB 220.6 MB/s  0:00:00
Train	Install dependencies	2026-08-21T16:17:19.1252774Z Downloading pandas-2.2.2-cp310-cp310-manylinux_2_17_x86_64.manylinux2014_x86_64.whl (13.0 MB)
Train	Install dependencies	2026-08-21T16:17:19.1871101Z    ━━━━━━━━━━━━━━━━━━━━━━━━━━━━━━━━━━━━━━━━ 13.0/13.0 MB 218.6 MB/s  0:00:00
Train	Install dependencies	2026-08-21T16:17:19.1944112Z Downloading PyYAML-6.0.1-cp310-cp310-manylinux_2_17_x86_64.manylinux2014_x86_64.whl (705 kB)
Train	Install dependencies	2026-08-21T16:17:19.2013277Z    ━━━━━━━━━━━━━━━━━━━━━━━━━━━━━━━━━━━━━━━━ 705.5/705.5 kB 106.9 MB/s  0:00:00
Train	Install dependencies	2026-08-21T16:17:19.2099900Z Downloading dvc-3.50.1-py3-none-any.whl (451 kB)
Train	Install dependencies	2026-08-21T16:17:19.2205158Z Downloading pathspec-0.11.2-py3-none-any.whl (29 kB)
Train	Install dependencies	2026-08-21T16:17:19.2304808Z Downloading pytest-8.2.0-py3-none-any.whl (339 kB)
Train	Install dependencies	2026-08-21T16:17:19.2422297Z Downloading fastapi-0.111.0-py3-none-any.whl (91 kB)
Train	Install dependencies	2026-08-21T16:17:19.2514512Z Downloading uvicorn-0.29.0-py3-none-any.whl (60 kB)
Train	Install dependencies	2026-08-21T16:17:19.2608988Z Downloading joblib-1.4.2-py3-none-any.whl (301 kB)
Train	Install dependencies	2026-08-21T16:17:19.2738294Z Downloading google_cloud_storage-2.16.0-py2.py3-none-any.whl (125 kB)
Train	Install dependencies	2026-08-21T16:17:19.2833746Z Downloading alembic-1.19.1-py3-none-any.whl (265 kB)
Train	Install dependencies	2026-08-21T16:17:19.2930479Z Downloading cachetools-5.5.2-py3-none-any.whl (10 kB)
Train	Install dependencies	2026-08-21T16:17:19.3025071Z Downloading click-8.4.2-py3-none-any.whl (119 kB)
Train	Install dependencies	2026-08-21T16:17:19.3117247Z Downloading cloudpickle-3.1.2-py3-none-any.whl (22 kB)
Train	Install dependencies	2026-08-21T16:17:19.3207295Z Downloading docker-7.2.0-py3-none-any.whl (148 kB)
Train	Install dependencies	2026-08-21T16:17:19.3299950Z Downloading dpath-2.2.0-py3-none-any.whl (17 kB)
Train	Install dependencies	2026-08-21T16:17:19.3403963Z Downloading dvc_data-3.15.2-py3-none-any.whl (71 kB)
Train	Install dependencies	2026-08-21T16:17:19.3501680Z Downloading dvc_gs-3.1.0-py3-none-any.whl (11 kB)
Train	Install dependencies	2026-08-21T16:17:19.3592932Z Downloading dvc_objects-5.2.0-py3-none-any.whl (33 kB)
Train	Install dependencies	2026-08-21T16:17:19.3686173Z Downloading dvc_render-1.0.2-py3-none-any.whl (22 kB)
Train	Install dependencies	2026-08-21T16:17:19.3785267Z Downloading dvc_studio_client-0.23.0-py3-none-any.whl (16 kB)
Train	Install dependencies	2026-08-21T16:17:19.3873905Z Downloading dvc_task-0.40.2-py3-none-any.whl (21 kB)
Train	Install dependencies	2026-08-21T16:17:19.3967238Z Downloading celery-5.6.3-py3-none-any.whl (451 kB)
Train	Install dependencies	2026-08-21T16:17:19.4066715Z Downloading billiard-4.2.4-py3-none-any.whl (87 kB)
Train	Install dependencies	2026-08-21T16:17:19.4160702Z Downloading entrypoints-0.4-py3-none-any.whl (5.3 kB)
Train	Install dependencies	2026-08-21T16:17:19.4252135Z Downloading flask-3.1.3-py3-none-any.whl (103 kB)
Train	Install dependencies	2026-08-21T16:17:19.4347531Z Downloading flatten_dict-0.5.0-py3-none-any.whl (9.9 kB)
Train	Install dependencies	2026-08-21T16:17:19.4454522Z Downloading flufl.lock-7.1.1-py3-none-any.whl (11 kB)
Train	Install dependencies	2026-08-21T16:17:19.4551143Z Downloading gitpython-3.1.59-py3-none-any.whl (220 kB)
Train	Install dependencies	2026-08-21T16:17:19.4645605Z Downloading gitdb-4.0.12-py3-none-any.whl (62 kB)
Train	Install dependencies	2026-08-21T16:17:19.4739379Z Downloading google_api_core-2.30.3-py3-none-any.whl (173 kB)
Train	Install dependencies	2026-08-21T16:17:19.4836538Z Downloading google_auth-2.56.3-py3-none-any.whl (259 kB)
Train	Install dependencies	2026-08-21T16:17:19.4933548Z Downloading google_cloud_core-2.6.1-py3-none-any.whl (29 kB)
Train	Install dependencies	2026-08-21T16:17:19.5022712Z Downloading google_crc32c-1.8.0-cp310-cp310-manylinux1_x86_64.manylinux2014_x86_64.manylinux_2_17_x86_64.manylinux_2_5_x86_64.whl (33 kB)
Train	Install dependencies	2026-08-21T16:17:19.5111965Z Downloading googleapis_common_protos-1.75.0-py3-none-any.whl (300 kB)
Train	Install dependencies	2026-08-21T16:17:19.5209139Z Downloading grandalf-0.8-py3-none-any.whl (41 kB)
Train	Install dependencies	2026-08-21T16:17:19.5300469Z Downloading graphene-3.4.3-py2.py3-none-any.whl (114 kB)
Train	Install dependencies	2026-08-21T16:17:19.5393197Z Downloading graphql_core-3.2.11-py3-none-any.whl (214 kB)
Train	Install dependencies	2026-08-21T16:17:19.5484472Z Downloading graphql_relay-3.2.0-py3-none-any.whl (16 kB)
Train	Install dependencies	2026-08-21T16:17:19.5572791Z Downloading gto-1.10.1-py3-none-any.whl (45 kB)
Train	Install dependencies	2026-08-21T16:17:19.5663639Z Downloading gunicorn-22.0.0-py3-none-any.whl (84 kB)
Train	Install dependencies	2026-08-21T16:17:19.5755980Z Downloading importlib_metadata-7.2.1-py3-none-any.whl (25 kB)
Train	Install dependencies	2026-08-21T16:17:19.5849103Z Downloading jinja2-3.1.6-py3-none-any.whl (134 kB)
Train	Install dependencies	2026-08-21T16:17:19.5943971Z Downloading kombu-5.6.2-py3-none-any.whl (214 kB)
Train	Install dependencies	2026-08-21T16:17:19.6039024Z Downloading vine-5.1.0-py3-none-any.whl (9.6 kB)
Train	Install dependencies	2026-08-21T16:17:19.6126325Z Downloading amqp-5.3.1-py3-none-any.whl (50 kB)
Train	Install dependencies	2026-08-21T16:17:19.6225901Z Downloading markdown-3.10.3-py3-none-any.whl (110 kB)
Train	Install dependencies	2026-08-21T16:17:19.6321336Z Downloading matplotlib-3.10.9-cp310-cp310-manylinux2014_x86_64.manylinux_2_17_x86_64.whl (8.8 MB)
Train	Install dependencies	2026-08-21T16:17:19.6646909Z    ━━━━━━━━━━━━━━━━━━━━━━━━━━━━━━━━━━━━━━━━ 8.8/8.8 MB 290.7 MB/s  0:00:00
Train	Install dependencies	2026-08-21T16:17:19.6722872Z Downloading numpy-1.26.4-cp310-cp310-manylinux_2_17_x86_64.manylinux2014_x86_64.whl (18.2 MB)
Train	Install dependencies	2026-08-21T16:17:19.7323825Z    ━━━━━━━━━━━━━━━━━━━━━━━━━━━━━━━━━━━━━━━━ 18.2/18.2 MB 316.9 MB/s  0:00:00
Train	Install dependencies	2026-08-21T16:17:19.7396723Z Downloading opentelemetry_api-1.44.0-py3-none-any.whl (60 kB)
Train	Install dependencies	2026-08-21T16:17:19.7491241Z Downloading opentelemetry_sdk-1.44.0-py3-none-any.whl (137 kB)
Train	Install dependencies	2026-08-21T16:17:19.7585113Z Downloading opentelemetry_semantic_conventions-0.65b0-py3-none-any.whl (204 kB)
Train	Install dependencies	2026-08-21T16:17:19.7680762Z Downloading packaging-24.2-py3-none-any.whl (65 kB)
Train	Install dependencies	2026-08-21T16:17:19.7795422Z Downloading platformdirs-3.11.0-py3-none-any.whl (17 kB)
Train	Install dependencies	2026-08-21T16:17:19.7891853Z Downloading pluggy-1.6.0-py3-none-any.whl (20 kB)
Train	Install dependencies	2026-08-21T16:17:19.7980707Z Downloading proto_plus-1.28.2-py3-none-any.whl (50 kB)
Train	Install dependencies	2026-08-21T16:17:19.8073464Z Downloading protobuf-4.25.9-cp37-abi3-manylinux2014_x86_64.whl (295 kB)
Train	Install dependencies	2026-08-21T16:17:19.8191085Z Downloading pyarrow-15.0.2-cp310-cp310-manylinux_2_28_x86_64.whl (38.3 MB)
Train	Install dependencies	2026-08-21T16:17:20.0059925Z    ━━━━━━━━━━━━━━━━━━━━━━━━━━━━━━━━━━━━━━━━ 38.3/38.3 MB 208.3 MB/s  0:00:00
Train	Install dependencies	2026-08-21T16:17:20.0131617Z Downloading pydantic-2.13.4-py3-none-any.whl (472 kB)
Train	Install dependencies	2026-08-21T16:17:20.0240038Z Downloading pydantic_core-2.46.4-cp310-cp310-manylinux_2_17_x86_64.manylinux2014_x86_64.whl (2.1 MB)
Train	Install dependencies	2026-08-21T16:17:20.0329336Z    ━━━━━━━━━━━━━━━━━━━━━━━━━━━━━━━━━━━━━━━━ 2.1/2.1 MB 289.5 MB/s  0:00:00
Train	Install dependencies	2026-08-21T16:17:20.0401092Z Downloading python_dateutil-2.9.0.post0-py2.py3-none-any.whl (229 kB)
Train	Install dependencies	2026-08-21T16:17:20.0494061Z Downloading pytz-2024.2-py2.py3-none-any.whl (508 kB)
Train	Install dependencies	2026-08-21T16:17:20.0606119Z Downloading querystring_parser-1.2.4-py2.py3-none-any.whl (7.9 kB)
Train	Install dependencies	2026-08-21T16:17:20.0693059Z Downloading requests-2.34.2-py3-none-any.whl (73 kB)
Train	Install dependencies	2026-08-21T16:17:20.0784761Z Downloading charset_normalizer-3.5.1-cp310-cp310-manylinux2014_x86_64.manylinux_2_17_x86_64.manylinux_2_28_x86_64.whl (261 kB)
Train	Install dependencies	2026-08-21T16:17:20.0880158Z Downloading idna-3.19-py3-none-any.whl (68 kB)
Train	Install dependencies	2026-08-21T16:17:20.0967308Z Downloading scipy-1.15.3-cp310-cp310-manylinux_2_17_x86_64.manylinux2014_x86_64.whl (37.7 MB)
Train	Install dependencies	2026-08-21T16:17:20.1957643Z    ━━━━━━━━━━━━━━━━━━━━━━━━━━━━━━━━━━━━━━━━ 37.7/37.7 MB 389.8 MB/s  0:00:00
Train	Install dependencies	2026-08-21T16:17:20.2029786Z Downloading scmrepo-3.6.2-py3-none-any.whl (74 kB)
Train	Install dependencies	2026-08-21T16:17:20.2125523Z Downloading asyncssh-2.24.0-py3-none-any.whl (381 kB)
Train	Install dependencies	2026-08-21T16:17:20.2272573Z Downloading dulwich-1.2.12-cp310-cp310-manylinux_2_28_x86_64.whl (1.5 MB)
Train	Install dependencies	2026-08-21T16:17:20.2364780Z    ━━━━━━━━━━━━━━━━━━━━━━━━━━━━━━━━━━━━━━━━ 1.5/1.5 MB 184.6 MB/s  0:00:00
Train	Install dependencies	2026-08-21T16:17:20.2433528Z Downloading shtab-1.11.0-py3-none-any.whl (17 kB)
Train	Install dependencies	2026-08-21T16:17:20.2520816Z Downloading smmap-5.0.3-py3-none-any.whl (24 kB)
Train	Install dependencies	2026-08-21T16:17:20.2617561Z Downloading sqlalchemy-2.0.52-cp310-cp310-manylinux2014_x86_64.manylinux_2_17_x86_64.manylinux_2_28_x86_64.whl (3.3 MB)
Train	Install dependencies	2026-08-21T16:17:20.2732129Z    ━━━━━━━━━━━━━━━━━━━━━━━━━━━━━━━━━━━━━━━━ 3.3/3.3 MB 341.5 MB/s  0:00:00
Train	Install dependencies	2026-08-21T16:17:20.2800891Z Downloading sqlparse-0.6.0-py3-none-any.whl (50 kB)
Train	Install dependencies	2026-08-21T16:17:20.2887090Z Downloading sqltrie-0.11.2-py3-none-any.whl (17 kB)
Train	Install dependencies	2026-08-21T16:17:20.2974683Z Downloading starlette-0.37.2-py3-none-any.whl (71 kB)
Train	Install dependencies	2026-08-21T16:17:20.3063909Z Downloading anyio-4.14.2-py3-none-any.whl (125 kB)
Train	Install dependencies	2026-08-21T16:17:20.3154115Z Downloading tqdm-4.70.0-py3-none-any.whl (80 kB)
Train	Install dependencies	2026-08-21T16:17:20.3243403Z Downloading typing_extensions-4.16.0-py3-none-any.whl (45 kB)
Train	Install dependencies	2026-08-21T16:17:20.3330463Z Downloading urllib3-2.7.0-py3-none-any.whl (131 kB)
Train	Install dependencies	2026-08-21T16:17:20.3419143Z Downloading aiohttp_retry-2.9.1-py3-none-any.whl (10.0 kB)
Train	Install dependencies	2026-08-21T16:17:20.3509298Z Downloading annotated_types-0.8.0-py3-none-any.whl (13 kB)
Train	Install dependencies	2026-08-21T16:17:20.3596416Z Downloading atpublic-7.0.0-py3-none-any.whl (6.4 kB)
Train	Install dependencies	2026-08-21T16:17:20.3685433Z Downloading attrs-26.1.0-py3-none-any.whl (67 kB)
Train	Install dependencies	2026-08-21T16:17:20.3776424Z Downloading blinker-1.9.0-py3-none-any.whl (8.5 kB)
Train	Install dependencies	2026-08-21T16:17:20.3862984Z Downloading certifi-2026.7.22-py3-none-any.whl (136 kB)
Train	Install dependencies	2026-08-21T16:17:20.3951097Z Downloading click_didyoumean-0.3.1-py3-none-any.whl (3.6 kB)
Train	Install dependencies	2026-08-21T16:17:20.4034721Z Downloading click_plugins-1.1.1.2-py2.py3-none-any.whl (11 kB)
Train	Install dependencies	2026-08-21T16:17:20.4119013Z Downloading click_repl-0.3.0-py3-none-any.whl (10 kB)
Train	Install dependencies	2026-08-21T16:17:20.4205465Z Downloading colorama-0.4.6-py2.py3-none-any.whl (25 kB)
Train	Install dependencies	2026-08-21T16:17:20.4293313Z Downloading configobj-5.0.9-py2.py3-none-any.whl (35 kB)
Train	Install dependencies	2026-08-21T16:17:20.4382150Z Downloading contourpy-1.3.2-cp310-cp310-manylinux_2_17_x86_64.manylinux2014_x86_64.whl (325 kB)
Train	Install dependencies	2026-08-21T16:17:20.4489061Z Downloading cryptography-50.0.0-cp39-abi3-manylinux_2_34_x86_64.whl (4.8 MB)
Train	Install dependencies	2026-08-21T16:17:20.4641053Z    ━━━━━━━━━━━━━━━━━━━━━━━━━━━━━━━━━━━━━━━━ 4.8/4.8 MB 361.3 MB/s  0:00:00
Train	Install dependencies	2026-08-21T16:17:20.4710372Z Downloading cffi-2.1.1-cp310-cp310-manylinux2014_x86_64.manylinux_2_17_x86_64.whl (218 kB)
Train	Install dependencies	2026-08-21T16:17:20.4821997Z Downloading cycler-0.12.1-py3-none-any.whl (8.3 kB)
Train	Install dependencies	2026-08-21T16:17:20.4912455Z Downloading dictdiffer-0.10.0-py3-none-any.whl (16 kB)
Train	Install dependencies	2026-08-21T16:17:20.4997761Z Downloading diskcache-5.6.3-py3-none-any.whl (45 kB)
Train	Install dependencies	2026-08-21T16:17:20.5086446Z Downloading distro-1.9.0-py3-none-any.whl (20 kB)
Train	Install dependencies	2026-08-21T16:17:20.5172733Z Downloading dvc_http-2.32.0-py3-none-any.whl (12 kB)
Train	Install dependencies	2026-08-21T16:17:20.5256845Z Downloading email_validator-2.3.0-py3-none-any.whl (35 kB)
Train	Install dependencies	2026-08-21T16:17:20.5342396Z Downloading dnspython-2.8.0-py3-none-any.whl (331 kB)
Train	Install dependencies	2026-08-21T16:17:20.5445215Z Downloading exceptiongroup-1.3.1-py3-none-any.whl (16 kB)
Train	Install dependencies	2026-08-21T16:17:20.5531296Z Downloading fastapi_cli-0.0.32-py3-none-any.whl (14 kB)
Train	Install dependencies	2026-08-21T16:17:20.5619098Z Downloading fonttools-4.63.0-cp310-cp310-manylinux2014_x86_64.manylinux_2_17_x86_64.whl (4.9 MB)
Train	Install dependencies	2026-08-21T16:17:20.5919429Z    ━━━━━━━━━━━━━━━━━━━━━━━━━━━━━━━━━━━━━━━━ 4.9/4.9 MB 172.2 MB/s  0:00:00
Train	Install dependencies	2026-08-21T16:17:20.5991106Z Downloading gcsfs-2025.12.0-py3-none-any.whl (41 kB)
Train	Install dependencies	2026-08-21T16:17:20.6080402Z Downloading fsspec-2025.12.0-py3-none-any.whl (201 kB)
Train	Install dependencies	2026-08-21T16:17:20.6178487Z Downloading aiohttp-3.14.3-cp310-cp310-manylinux2014_x86_64.manylinux_2_17_x86_64.manylinux_2_28_x86_64.whl (1.7 MB)
Train	Install dependencies	2026-08-21T16:17:20.6259553Z    ━━━━━━━━━━━━━━━━━━━━━━━━━━━━━━━━━━━━━━━━ 1.7/1.7 MB 269.5 MB/s  0:00:00
Train	Install dependencies	2026-08-21T16:17:20.6331924Z Downloading async_timeout-5.0.1-py3-none-any.whl (6.2 kB)
Train	Install dependencies	2026-08-21T16:17:20.6419839Z Downloading multidict-6.7.1-cp310-cp310-manylinux2014_x86_64.manylinux_2_17_x86_64.manylinux_2_28_x86_64.whl (243 kB)
Train	Install dependencies	2026-08-21T16:17:20.6509514Z Downloading yarl-1.24.5-cp310-cp310-manylinux2014_x86_64.manylinux_2_17_x86_64.manylinux_2_28_x86_64.whl (110 kB)
Train	Install dependencies	2026-08-21T16:17:20.6596598Z Downloading aiohappyeyeballs-2.7.1-py3-none-any.whl (15 kB)
Train	Install dependencies	2026-08-21T16:17:20.6683520Z Downloading aiosignal-1.4.0-py3-none-any.whl (7.5 kB)
Train	Install dependencies	2026-08-21T16:17:20.6771229Z Downloading decorator-5.3.1-py3-none-any.whl (10 kB)
Train	Install dependencies	2026-08-21T16:17:20.6857675Z Downloading frozenlist-1.8.0-cp310-cp310-manylinux1_x86_64.manylinux_2_28_x86_64.manylinux_2_5_x86_64.whl (219 kB)
Train	Install dependencies	2026-08-21T16:17:20.6948956Z Downloading funcy-2.0-py2.py3-none-any.whl (30 kB)
Train	Install dependencies	2026-08-21T16:17:20.7039692Z Downloading google_resumable_media-2.10.1-py3-none-any.whl (81 kB)
Train	Install dependencies	2026-08-21T16:17:20.7126344Z Downloading greenlet-3.5.5-cp310-cp310-manylinux_2_24_x86_64.manylinux_2_28_x86_64.whl (622 kB)
Train	Install dependencies	2026-08-21T16:17:20.7180590Z    ━━━━━━━━━━━━━━━━━━━━━━━━━━━━━━━━━━━━━━━━ 622.8/622.8 kB 123.2 MB/s  0:00:00
Train	Install dependencies	2026-08-21T16:17:20.7251772Z Downloading h11-0.16.0-py3-none-any.whl (37 kB)
Train	Install dependencies	2026-08-21T16:17:20.7343059Z Downloading httpx-0.28.1-py3-none-any.whl (73 kB)
Train	Install dependencies	2026-08-21T16:17:20.7437214Z Downloading httpcore-1.0.9-py3-none-any.whl (78 kB)
Train	Install dependencies	2026-08-21T16:17:20.7529305Z Downloading hydra_core-1.3.5-py3-none-any.whl (155 kB)
Train	Install dependencies	2026-08-21T16:17:20.7619274Z Downloading omegaconf-2.3.1-py3-none-any.whl (79 kB)
Train	Install dependencies	2026-08-21T16:17:20.7707960Z Downloading iterative_telemetry-0.0.10-py3-none-any.whl (10 kB)
Train	Install dependencies	2026-08-21T16:17:20.7793645Z Downloading itsdangerous-2.2.0-py3-none-any.whl (16 kB)
Train	Install dependencies	2026-08-21T16:17:20.7884910Z Downloading kiwisolver-1.5.0-cp310-cp310-manylinux_2_12_x86_64.manylinux2010_x86_64.whl (1.6 MB)
Train	Install dependencies	2026-08-21T16:17:20.7999303Z    ━━━━━━━━━━━━━━━━━━━━━━━━━━━━━━━━━━━━━━━━ 1.6/1.6 MB 162.9 MB/s  0:00:00
Train	Install dependencies	2026-08-21T16:17:20.8068892Z Downloading markupsafe-3.0.3-cp310-cp310-manylinux2014_x86_64.manylinux_2_17_x86_64.manylinux_2_28_x86_64.whl (20 kB)
Train	Install dependencies	2026-08-21T16:17:20.8156369Z Downloading networkx-3.4.2-py3-none-any.whl (1.7 MB)
Train	Install dependencies	2026-08-21T16:17:20.8237254Z    ━━━━━━━━━━━━━━━━━━━━━━━━━━━━━━━━━━━━━━━━ 1.7/1.7 MB 259.1 MB/s  0:00:00
Train	Install dependencies	2026-08-21T16:17:20.8303937Z Downloading orjson-3.12.0-cp310-cp310-manylinux_2_17_x86_64.manylinux2014_x86_64.whl (131 kB)
Train	Install dependencies	2026-08-21T16:17:20.8399279Z Downloading pillow-12.3.0-cp310-cp310-manylinux_2_27_x86_64.manylinux_2_28_x86_64.whl (6.9 MB)
Train	Install dependencies	2026-08-21T16:17:20.8610645Z    ━━━━━━━━━━━━━━━━━━━━━━━━━━━━━━━━━━━━━━━━ 6.9/6.9 MB 358.2 MB/s  0:00:00
Train	Install dependencies	2026-08-21T16:17:20.8679654Z Downloading prompt_toolkit-3.0.53-py3-none-any.whl (392 kB)
Train	Install dependencies	2026-08-21T16:17:20.8776090Z Downloading propcache-0.5.2-cp310-cp310-manylinux2014_x86_64.manylinux_2_17_x86_64.manylinux_2_28_x86_64.whl (60 kB)
Train	Install dependencies	2026-08-21T16:17:20.8865195Z Downloading psutil-7.2.2-cp36-abi3-manylinux2010_x86_64.manylinux_2_12_x86_64.manylinux_2_28_x86_64.whl (155 kB)
Train	Install dependencies	2026-08-21T16:17:20.8954883Z Downloading pyasn1_modules-0.4.2-py3-none-any.whl (181 kB)
Train	Install dependencies	2026-08-21T16:17:20.9044718Z Downloading pyasn1-0.6.4-py3-none-any.whl (84 kB)
Train	Install dependencies	2026-08-21T16:17:20.9132912Z Downloading pydantic_settings-2.15.0-py3-none-any.whl (69 kB)
Train	Install dependencies	2026-08-21T16:17:20.9239102Z Downloading pydot-4.0.1-py3-none-any.whl (37 kB)
Train	Install dependencies	2026-08-21T16:17:20.9335311Z Downloading pygit2-1.18.2-cp310-cp310-manylinux_2_26_x86_64.manylinux_2_28_x86_64.whl (5.5 MB)
Train	Install dependencies	2026-08-21T16:17:20.9565135Z    ━━━━━━━━━━━━━━━━━━━━━━━━━━━━━━━━━━━━━━━━ 5.5/5.5 MB 261.9 MB/s  0:00:00
Train	Install dependencies	2026-08-21T16:17:20.9634852Z Downloading pygtrie-2.5.0-py3-none-any.whl (25 kB)
Train	Install dependencies	2026-08-21T16:17:20.9737704Z Downloading pyparsing-3.3.2-py3-none-any.whl (122 kB)
Train	Install dependencies	2026-08-21T16:17:20.9827094Z Downloading python_dotenv-1.2.3-py3-none-any.whl (22 kB)
Train	Install dependencies	2026-08-21T16:17:20.9915477Z Downloading python_multipart-0.0.32-py3-none-any.whl (30 kB)
Train	Install dependencies	2026-08-21T16:17:21.0004007Z Downloading rich-15.0.0-py3-none-any.whl (310 kB)
Train	Install dependencies	2026-08-21T16:17:21.0097304Z Downloading pygments-2.21.0-py3-none-any.whl (1.3 MB)
Train	Install dependencies	2026-08-21T16:17:21.0163619Z    ━━━━━━━━━━━━━━━━━━━━━━━━━━━━━━━━━━━━━━━━ 1.3/1.3 MB 238.2 MB/s  0:00:00
Train	Install dependencies	2026-08-21T16:17:21.0234025Z Downloading markdown_it_py-4.2.0-py3-none-any.whl (91 kB)
Train	Install dependencies	2026-08-21T16:17:21.0350749Z Downloading mdurl-0.1.2-py3-none-any.whl (10.0 kB)
Train	Install dependencies	2026-08-21T16:17:21.0437794Z Downloading rich_toolkit-0.20.3-py3-none-any.whl (36 kB)
Train	Install dependencies	2026-08-21T16:17:21.0523529Z Downloading ruamel_yaml-0.19.1-py3-none-any.whl (118 kB)
Train	Install dependencies	2026-08-21T16:17:21.0613436Z Downloading semver-3.0.4-py3-none-any.whl (17 kB)
Train	Install dependencies	2026-08-21T16:17:21.0700588Z Downloading shortuuid-1.0.13-py3-none-any.whl (10 kB)
Train	Install dependencies	2026-08-21T16:17:21.0789829Z Downloading six-1.17.0-py2.py3-none-any.whl (11 kB)
Train	Install dependencies	2026-08-21T16:17:21.0875961Z Downloading tabulate-0.10.0-py3-none-any.whl (39 kB)
Train	Install dependencies	2026-08-21T16:17:21.0963825Z Downloading threadpoolctl-3.6.0-py3-none-any.whl (18 kB)
Train	Install dependencies	2026-08-21T16:17:21.1049701Z Downloading tomli-2.4.1-py3-none-any.whl (14 kB)
Train	Install dependencies	2026-08-21T16:17:21.1137255Z Downloading tomlkit-0.15.1-py3-none-any.whl (49 kB)
Train	Install dependencies	2026-08-21T16:17:21.1224457Z Downloading typer-0.27.1-py3-none-any.whl (122 kB)
Train	Install dependencies	2026-08-21T16:17:21.1314633Z Downloading annotated_doc-0.0.5-py3-none-any.whl (5.3 kB)
Train	Install dependencies	2026-08-21T16:17:21.1400100Z Downloading shellingham-1.5.4-py2.py3-none-any.whl (9.8 kB)
Train	Install dependencies	2026-08-21T16:17:21.1485100Z Downloading typing_inspection-0.4.4-py3-none-any.whl (14 kB)
Train	Install dependencies	2026-08-21T16:17:21.1570492Z Downloading tzdata-2026.3-py2.py3-none-any.whl (348 kB)
Train	Install dependencies	2026-08-21T16:17:21.1671798Z Downloading ujson-5.13.0-cp310-cp310-manylinux_2_24_x86_64.manylinux_2_28_x86_64.whl (57 kB)
Train	Install dependencies	2026-08-21T16:17:21.1759750Z Downloading httptools-0.8.0-cp310-cp310-manylinux1_x86_64.manylinux_2_28_x86_64.manylinux_2_5_x86_64.whl (450 kB)
Train	Install dependencies	2026-08-21T16:17:21.1866205Z Downloading uvloop-0.22.1-cp310-cp310-manylinux2014_x86_64.manylinux_2_17_x86_64.manylinux_2_28_x86_64.whl (3.7 MB)
Train	Install dependencies	2026-08-21T16:17:21.2202250Z    ━━━━━━━━━━━━━━━━━━━━━━━━━━━━━━━━━━━━━━━━ 3.7/3.7 MB 115.6 MB/s  0:00:00
Train	Install dependencies	2026-08-21T16:17:21.2272701Z Downloading voluptuous-0.16.0-py3-none-any.whl (31 kB)
Train	Install dependencies	2026-08-21T16:17:21.2361939Z Downloading watchfiles-1.2.0-cp310-cp310-manylinux_2_17_x86_64.manylinux2014_x86_64.whl (457 kB)
Train	Install dependencies	2026-08-21T16:17:21.2458298Z Downloading wcwidth-0.8.2-py3-none-any.whl (323 kB)
Train	Install dependencies	2026-08-21T16:17:21.2572574Z Downloading websockets-16.1.1-cp310-cp310-manylinux1_x86_64.manylinux_2_28_x86_64.manylinux_2_5_x86_64.whl (186 kB)
Train	Install dependencies	2026-08-21T16:17:21.2663176Z Downloading werkzeug-3.1.8-py3-none-any.whl (226 kB)
Train	Install dependencies	2026-08-21T16:17:21.2756169Z Downloading zc_lockfile-4.0-py3-none-any.whl (9.1 kB)
Train	Install dependencies	2026-08-21T16:17:21.2843603Z Downloading zipp-4.1.0-py3-none-any.whl (10 kB)
Train	Install dependencies	2026-08-21T16:17:21.2927547Z Downloading appdirs-1.4.4-py2.py3-none-any.whl (9.6 kB)
Train	Install dependencies	2026-08-21T16:17:21.3017676Z Downloading filelock-3.32.3-py3-none-any.whl (98 kB)
Train	Install dependencies	2026-08-21T16:17:21.3107024Z Downloading google_auth_oauthlib-1.4.0-py3-none-any.whl (19 kB)
Train	Install dependencies	2026-08-21T16:17:21.3194284Z Downloading requests_oauthlib-2.0.0-py2.py3-none-any.whl (24 kB)
Train	Install dependencies	2026-08-21T16:17:21.3279737Z Downloading oauthlib-3.3.1-py3-none-any.whl (160 kB)
Train	Install dependencies	2026-08-21T16:17:21.3369831Z Downloading google_cloud_storage_control-1.12.0-py3-none-any.whl (102 kB)
Train	Install dependencies	2026-08-21T16:17:21.3458047Z Downloading grpc_google_iam_v1-0.14.4-py3-none-any.whl (32 kB)
Train	Install dependencies	2026-08-21T16:17:21.3546200Z Downloading grpcio-1.83.0-cp310-cp310-manylinux2014_x86_64.manylinux_2_17_x86_64.whl (7.1 MB)
Train	Install dependencies	2026-08-21T16:17:21.3779946Z    ━━━━━━━━━━━━━━━━━━━━━━━━━━━━━━━━━━━━━━━━ 7.1/7.1 MB 328.5 MB/s  0:00:00
Train	Install dependencies	2026-08-21T16:17:21.3849530Z Downloading grpcio_status-1.62.3-py3-none-any.whl (14 kB)
Train	Install dependencies	2026-08-21T16:17:21.3935205Z Downloading iniconfig-2.3.0-py3-none-any.whl (7.5 kB)
Train	Install dependencies	2026-08-21T16:17:21.4023684Z Downloading mako-1.4.1-py3-none-any.whl (80 kB)
Train	Install dependencies	2026-08-21T16:17:21.4114304Z Downloading pycparser-3.0-py3-none-any.whl (48 kB)
Train	Install dependencies	2026-08-21T16:17:21.4202626Z Downloading tzlocal-5.4.4-py3-none-any.whl (18 kB)
Train	Install dependencies	2026-08-21T16:17:22.3461466Z Building wheels for collected packages: antlr4-python3-runtime
Train	Install dependencies	2026-08-21T16:17:22.3471864Z   Building wheel for antlr4-python3-runtime (pyproject.toml): started
Train	Install dependencies	2026-08-21T16:17:22.5956156Z   Building wheel for antlr4-python3-runtime (pyproject.toml): finished with status 'done'
Train	Install dependencies	2026-08-21T16:17:22.5964494Z   Created wheel for antlr4-python3-runtime: filename=antlr4_python3_runtime-4.9.3-py3-none-any.whl size=144590 sha256=fc9ee45502caa67d4030b2d48fc120186a46fced3466575d52ec1ca91a1abd6b
Train	Install dependencies	2026-08-21T16:17:22.5967651Z   Stored in directory: /home/runner/.cache/pip/wheels/12/93/dd/1f6a127edc45659556564c5730f6d4e300888f4bca2d4c5a88
Train	Install dependencies	2026-08-21T16:17:22.5984232Z Successfully built antlr4-python3-runtime
Train	Install dependencies	2026-08-21T16:17:23.0615701Z Installing collected packages: pytz, pygtrie, funcy, appdirs, antlr4-python3-runtime, zipp, zc.lockfile, websockets, wcwidth, voluptuous, vine, uvloop, urllib3, ujson, tzlocal, tzdata, typing-extensions, tqdm, tomlkit, tomli, threadpoolctl, tabulate, sqlparse, smmap, six, shtab, shortuuid, shellingham, semver, ruamel.yaml, pyyaml, python-multipart, python-dotenv, pyparsing, pygments, pycparser, pyasn1, psutil, protobuf, propcache, pluggy, platformdirs, pillow, pathspec, packaging, orjson, oauthlib, numpy, networkx, mdurl, markupsafe, markdown, kiwisolver, joblib, itsdangerous, iniconfig, idna, httptools, h11, greenlet, graphql-core, google-crc32c, fsspec, frozenlist, fonttools, flatten-dict, filelock, entrypoints, dvc-render, dpath, dnspython, distro, diskcache, dictdiffer, decorator, cycler, configobj, colorama, cloudpickle, click, charset_normalizer, certifi, cachetools, blinker, billiard, attrs, atpublic, async-timeout, annotated-types, annotated-doc, aiohappyeyeballs, werkzeug, uvicorn, typing-inspection, sqltrie, sqlalchemy, scipy, requests, querystring-parser, python-dateutil, pydot, pydantic-core, pyasn1-modules, pyarrow, proto-plus, prompt-toolkit, opentelemetry-api, omegaconf, multidict, markdown-it-py, Mako, Jinja2, importlib-metadata, httpcore, gunicorn, grpcio, graphql-relay, grandalf, googleapis-common-protos, google-resumable-media, gitdb, flufl.lock, exceptiongroup, email_validator, dvc-objects, dulwich, contourpy, click-plugins, click-didyoumean, cffi, amqp, aiosignal, yarl, scikit-learn, rich, requests-oauthlib, pytest, pygit2, pydantic, pandas, opentelemetry-semantic-conventions, matplotlib, kombu, iterative-telemetry, hydra-core, grpcio-status, graphene, gitpython, Flask, dvc-studio-client, dvc-data, docker, cryptography, click-repl, anyio, alembic, watchfiles, typer, starlette, rich-toolkit, pydantic-settings, opentelemetry-sdk, httpx, grpc-google-iam-v1, google-auth, celery, asyncssh, aiohttp, mlflow, google-auth-oauthlib, google-api-core, dvc-task, aiohttp-retry, scmrepo, google-cloud-core, fastapi-cli, dvc-http, gto, google-cloud-storage-control, google-cloud-storage, fastapi, gcsfs, dvc, dvc-gs
Train	Install dependencies	2026-08-21T16:17:49.5066736Z 
Train	Install dependencies	2026-08-21T16:17:49.5310257Z Successfully installed Flask-3.1.3 Jinja2-3.1.6 Mako-1.4.1 aiohappyeyeballs-2.7.1 aiohttp-3.14.3 aiohttp-retry-2.9.1 aiosignal-1.4.0 alembic-1.19.1 amqp-5.3.1 annotated-doc-0.0.5 annotated-types-0.8.0 antlr4-python3-runtime-4.9.3 anyio-4.14.2 appdirs-1.4.4 async-timeout-5.0.1 asyncssh-2.24.0 atpublic-7.0.0 attrs-26.1.0 billiard-4.2.4 blinker-1.9.0 cachetools-5.5.2 celery-5.6.3 certifi-2026.7.22 cffi-2.1.1 charset_normalizer-3.5.1 click-8.4.2 click-didyoumean-0.3.1 click-plugins-1.1.1.2 click-repl-0.3.0 cloudpickle-3.1.2 colorama-0.4.6 configobj-5.0.9 contourpy-1.3.2 cryptography-50.0.0 cycler-0.12.1 decorator-5.3.1 dictdiffer-0.10.0 diskcache-5.6.3 distro-1.9.0 dnspython-2.8.0 docker-7.2.0 dpath-2.2.0 dulwich-1.2.12 dvc-3.50.1 dvc-data-3.15.2 dvc-gs-3.1.0 dvc-http-2.32.0 dvc-objects-5.2.0 dvc-render-1.0.2 dvc-studio-client-0.23.0 dvc-task-0.40.2 email_validator-2.3.0 entrypoints-0.4 exceptiongroup-1.3.1 fastapi-0.111.0 fastapi-cli-0.0.32 filelock-3.32.3 flatten-dict-0.5.0 flufl.lock-7.1.1 fonttools-4.63.0 frozenlist-1.8.0 fsspec-2025.12.0 funcy-2.0 gcsfs-2025.12.0 gitdb-4.0.12 gitpython-3.1.59 google-api-core-2.30.3 google-auth-2.56.3 google-auth-oauthlib-1.4.0 google-cloud-core-2.6.1 google-cloud-storage-2.16.0 google-cloud-storage-control-1.12.0 google-crc32c-1.8.0 google-resumable-media-2.10.1 googleapis-common-protos-1.75.0 grandalf-0.8 graphene-3.4.3 graphql-core-3.2.11 graphql-relay-3.2.0 greenlet-3.5.5 grpc-google-iam-v1-0.14.4 grpcio-1.83.0 grpcio-status-1.62.3 gto-1.10.1 gunicorn-22.0.0 h11-0.16.0 httpcore-1.0.9 httptools-0.8.0 httpx-0.28.1 hydra-core-1.3.5 idna-3.19 importlib-metadata-7.2.1 iniconfig-2.3.0 iterative-telemetry-0.0.10 itsdangerous-2.2.0 joblib-1.4.2 kiwisolver-1.5.0 kombu-5.6.2 markdown-3.10.3 markdown-it-py-4.2.0 markupsafe-3.0.3 matplotlib-3.10.9 mdurl-0.1.2 mlflow-2.13.0 multidict-6.7.1 networkx-3.4.2 numpy-1.26.4 oauthlib-3.3.1 omegaconf-2.3.1 opentelemetry-api-1.44.0 opentelemetry-sdk-1.44.0 opentelemetry-semantic-conventions-0.65b0 orjson-3.12.0 packaging-24.2 pandas-2.2.2 pathspec-0.11.2 pillow-12.3.0 platformdirs-3.11.0 pluggy-1.6.0 prompt-toolkit-3.0.53 propcache-0.5.2 proto-plus-1.28.2 protobuf-4.25.9 psutil-7.2.2 pyarrow-15.0.2 pyasn1-0.6.4 pyasn1-modules-0.4.2 pycparser-3.0 pydantic-2.13.4 pydantic-core-2.46.4 pydantic-settings-2.15.0 pydot-4.0.1 pygit2-1.18.2 pygments-2.21.0 pygtrie-2.5.0 pyparsing-3.3.2 pytest-8.2.0 python-dateutil-2.9.0.post0 python-dotenv-1.2.3 python-multipart-0.0.32 pytz-2024.2 pyyaml-6.0.1 querystring-parser-1.2.4 requests-2.34.2 requests-oauthlib-2.0.0 rich-15.0.0 rich-toolkit-0.20.3 ruamel.yaml-0.19.1 scikit-learn-1.4.2 scipy-1.15.3 scmrepo-3.6.2 semver-3.0.4 shellingham-1.5.4 shortuuid-1.0.13 shtab-1.11.0 six-1.17.0 smmap-5.0.3 sqlalchemy-2.0.52 sqlparse-0.6.0 sqltrie-0.11.2 starlette-0.37.2 tabulate-0.10.0 threadpoolctl-3.6.0 tomli-2.4.1 tomlkit-0.15.1 tqdm-4.70.0 typer-0.27.1 typing-extensions-4.16.0 typing-inspection-0.4.4 tzdata-2026.3 tzlocal-5.4.4 ujson-5.13.0 urllib3-2.7.0 uvicorn-0.29.0 uvloop-0.22.1 vine-5.1.0 voluptuous-0.16.0 watchfiles-1.2.0 wcwidth-0.8.2 websockets-16.1.1 werkzeug-3.1.8 yarl-1.24.5 zc.lockfile-4.0 zipp-4.1.0
Train	Set MLflow remote tracking env (Bonus 1 - DagsHub, tuy chon)	﻿2026-08-21T16:17:50.1557953Z ##[group]Run if [ -n "" ]; then
Train	Set MLflow remote tracking env (Bonus 1 - DagsHub, tuy chon)	2026-08-21T16:17:50.1558366Z ^[[36;1mif [ -n "" ]; then^[[0m
Train	Set MLflow remote tracking env (Bonus 1 - DagsHub, tuy chon)	2026-08-21T16:17:50.1558754Z ^[[36;1m  echo "MLFLOW_TRACKING_URI=" >> $GITHUB_ENV^[[0m
Train	Set MLflow remote tracking env (Bonus 1 - DagsHub, tuy chon)	2026-08-21T16:17:50.1559393Z ^[[36;1m  echo "MLFLOW_TRACKING_USERNAME=" >> $GITHUB_ENV^[[0m
Train	Set MLflow remote tracking env (Bonus 1 - DagsHub, tuy chon)	2026-08-21T16:17:50.1559855Z ^[[36;1m  echo "MLFLOW_TRACKING_PASSWORD=" >> $GITHUB_ENV^[[0m
Train	Set MLflow remote tracking env (Bonus 1 - DagsHub, tuy chon)	2026-08-21T16:17:50.1560317Z ^[[36;1m  echo "Da cau hinh MLflow tracking remote (DagsHub)."^[[0m
Train	Set MLflow remote tracking env (Bonus 1 - DagsHub, tuy chon)	2026-08-21T16:17:50.1560705Z ^[[36;1melse^[[0m
Train	Set MLflow remote tracking env (Bonus 1 - DagsHub, tuy chon)	2026-08-21T16:17:50.1561104Z ^[[36;1m  echo "Chua co secret DagsHub, dung MLflow tracking local mac dinh."^[[0m
Train	Set MLflow remote tracking env (Bonus 1 - DagsHub, tuy chon)	2026-08-21T16:17:50.1561543Z ^[[36;1mfi^[[0m
Train	Set MLflow remote tracking env (Bonus 1 - DagsHub, tuy chon)	2026-08-21T16:17:50.1601344Z shell: /usr/bin/bash -e ***0***
Train	Set MLflow remote tracking env (Bonus 1 - DagsHub, tuy chon)	2026-08-21T16:17:50.1601678Z env:
Train	Set MLflow remote tracking env (Bonus 1 - DagsHub, tuy chon)	2026-08-21T16:17:50.1602024Z   pythonLocation: /opt/hostedtoolcache/Python/3.10.21/x64
Train	Set MLflow remote tracking env (Bonus 1 - DagsHub, tuy chon)	2026-08-21T16:17:50.1602549Z   PKG_CONFIG_PATH: /opt/hostedtoolcache/Python/3.10.21/x64/lib/pkgconfig
Train	Set MLflow remote tracking env (Bonus 1 - DagsHub, tuy chon)	2026-08-21T16:17:50.1603050Z   Python_ROOT_DIR: /opt/hostedtoolcache/Python/3.10.21/x64
Train	Set MLflow remote tracking env (Bonus 1 - DagsHub, tuy chon)	2026-08-21T16:17:50.1603557Z   Python2_ROOT_DIR: /opt/hostedtoolcache/Python/3.10.21/x64
Train	Set MLflow remote tracking env (Bonus 1 - DagsHub, tuy chon)	2026-08-21T16:17:50.1604009Z   Python3_ROOT_DIR: /opt/hostedtoolcache/Python/3.10.21/x64
Train	Set MLflow remote tracking env (Bonus 1 - DagsHub, tuy chon)	2026-08-21T16:17:50.1604479Z   LD_LIBRARY_PATH: /opt/hostedtoolcache/Python/3.10.21/x64/lib
Train	Set MLflow remote tracking env (Bonus 1 - DagsHub, tuy chon)	2026-08-21T16:17:50.1604875Z ##[endgroup]
Train	Set MLflow remote tracking env (Bonus 1 - DagsHub, tuy chon)	2026-08-21T16:17:50.1666981Z Chua co secret DagsHub, dung MLflow tracking local mac dinh.
Train	Authenticate to Cloud Storage	﻿2026-08-21T16:17:50.1699141Z ##[group]Run echo '***
Train	Authenticate to Cloud Storage	2026-08-21T16:17:50.1699535Z ^[[36;1mecho '***^[[0m
Train	Authenticate to Cloud Storage	2026-08-21T16:17:50.1699898Z ^[[36;1m  ***^[[0m
Train	Authenticate to Cloud Storage	2026-08-21T16:17:50.1700201Z ^[[36;1m  ***^[[0m
Train	Authenticate to Cloud Storage	2026-08-21T16:17:50.1700592Z ^[[36;1m  ***^[[0m
Train	Authenticate to Cloud Storage	2026-08-21T16:17:50.1708137Z ^[[36;1m  ***^[[0m
Train	Authenticate to Cloud Storage	2026-08-21T16:17:50.1708596Z ^[[36;1m  ***^[[0m
Train	Authenticate to Cloud Storage	2026-08-21T16:17:50.1708897Z ^[[36;1m  ***^[[0m
Train	Authenticate to Cloud Storage	2026-08-21T16:17:50.1709287Z ^[[36;1m  ***^[[0m
Train	Authenticate to Cloud Storage	2026-08-21T16:17:50.1709641Z ^[[36;1m  ***^[[0m
Train	Authenticate to Cloud Storage	2026-08-21T16:17:50.1710080Z ^[[36;1m  ***^[[0m
Train	Authenticate to Cloud Storage	2026-08-21T16:17:50.1710700Z ^[[36;1m  ***^[[0m
Train	Authenticate to Cloud Storage	2026-08-21T16:17:50.1711006Z ^[[36;1m  ***^[[0m
Train	Authenticate to Cloud Storage	2026-08-21T16:17:50.1711291Z ^[[36;1m***' > /tmp/sa-key.json^[[0m
Train	Authenticate to Cloud Storage	2026-08-21T16:17:50.1711754Z ^[[36;1mecho "GOOGLE_APPLICATION_CREDENTIALS=/tmp/sa-key.json" >> $GITHUB_ENV^[[0m
Train	Authenticate to Cloud Storage	2026-08-21T16:17:50.1747003Z shell: /usr/bin/bash -e ***0***
Train	Authenticate to Cloud Storage	2026-08-21T16:17:50.1747340Z env:
Train	Authenticate to Cloud Storage	2026-08-21T16:17:50.1747682Z   pythonLocation: /opt/hostedtoolcache/Python/3.10.21/x64
Train	Authenticate to Cloud Storage	2026-08-21T16:17:50.1748207Z   PKG_CONFIG_PATH: /opt/hostedtoolcache/Python/3.10.21/x64/lib/pkgconfig
Train	Authenticate to Cloud Storage	2026-08-21T16:17:50.1748752Z   Python_ROOT_DIR: /opt/hostedtoolcache/Python/3.10.21/x64
Train	Authenticate to Cloud Storage	2026-08-21T16:17:50.1749218Z   Python2_ROOT_DIR: /opt/hostedtoolcache/Python/3.10.21/x64
Train	Authenticate to Cloud Storage	2026-08-21T16:17:50.1749670Z   Python3_ROOT_DIR: /opt/hostedtoolcache/Python/3.10.21/x64
Train	Authenticate to Cloud Storage	2026-08-21T16:17:50.1750151Z   LD_LIBRARY_PATH: /opt/hostedtoolcache/Python/3.10.21/x64/lib
Train	Authenticate to Cloud Storage	2026-08-21T16:17:50.1750547Z ##[endgroup]
Train	Pull data with DVC	﻿2026-08-21T16:17:50.1855138Z ##[group]Run dvc pull data/train_phase1.csv.dvc data/eval.csv.dvc
Train	Pull data with DVC	2026-08-21T16:17:50.1855702Z ^[[36;1mdvc pull data/train_phase1.csv.dvc data/eval.csv.dvc^[[0m
Train	Pull data with DVC	2026-08-21T16:17:50.1891690Z shell: /usr/bin/bash -e ***0***
Train	Pull data with DVC	2026-08-21T16:17:50.1892031Z env:
Train	Pull data with DVC	2026-08-21T16:17:50.1892381Z   pythonLocation: /opt/hostedtoolcache/Python/3.10.21/x64
Train	Pull data with DVC	2026-08-21T16:17:50.1892937Z   PKG_CONFIG_PATH: /opt/hostedtoolcache/Python/3.10.21/x64/lib/pkgconfig
Train	Pull data with DVC	2026-08-21T16:17:50.1893445Z   Python_ROOT_DIR: /opt/hostedtoolcache/Python/3.10.21/x64
Train	Pull data with DVC	2026-08-21T16:17:50.1893915Z   Python2_ROOT_DIR: /opt/hostedtoolcache/Python/3.10.21/x64
Train	Pull data with DVC	2026-08-21T16:17:50.1894379Z   Python3_ROOT_DIR: /opt/hostedtoolcache/Python/3.10.21/x64
Train	Pull data with DVC	2026-08-21T16:17:50.1894839Z   LD_LIBRARY_PATH: /opt/hostedtoolcache/Python/3.10.21/x64/lib
Train	Pull data with DVC	2026-08-21T16:17:50.1895290Z   GOOGLE_APPLICATION_CREDENTIALS: /tmp/sa-key.json
Train	Pull data with DVC	2026-08-21T16:17:50.1895661Z ##[endgroup]
Train	Pull data with DVC	2026-08-21T16:17:52.3538063Z A       data/train_phase1.csv
Train	Pull data with DVC	2026-08-21T16:17:52.3541323Z A       data/eval.csv
Train	Pull data with DVC	2026-08-21T16:17:52.3556254Z 2 files added and 2 files fetched
Train	Train model	﻿2026-08-21T16:17:52.5582808Z ##[group]Run python src/train.py
Train	Train model	2026-08-21T16:17:52.5583222Z ^[[36;1mpython src/train.py^[[0m
Train	Train model	2026-08-21T16:17:52.5620909Z shell: /usr/bin/bash -e ***0***
Train	Train model	2026-08-21T16:17:52.5621240Z env:
Train	Train model	2026-08-21T16:17:52.5621755Z   pythonLocation: /opt/hostedtoolcache/Python/3.10.21/x64
Train	Train model	2026-08-21T16:17:52.5622276Z   PKG_CONFIG_PATH: /opt/hostedtoolcache/Python/3.10.21/x64/lib/pkgconfig
Train	Train model	2026-08-21T16:17:52.5622789Z   Python_ROOT_DIR: /opt/hostedtoolcache/Python/3.10.21/x64
Train	Train model	2026-08-21T16:17:52.5623247Z   Python2_ROOT_DIR: /opt/hostedtoolcache/Python/3.10.21/x64
Train	Train model	2026-08-21T16:17:52.5623700Z   Python3_ROOT_DIR: /opt/hostedtoolcache/Python/3.10.21/x64
Train	Train model	2026-08-21T16:17:52.5624160Z   LD_LIBRARY_PATH: /opt/hostedtoolcache/Python/3.10.21/x64/lib
Train	Train model	2026-08-21T16:17:52.5624605Z   GOOGLE_APPLICATION_CREDENTIALS: /tmp/sa-key.json
Train	Train model	2026-08-21T16:17:52.5624971Z ##[endgroup]
Train	Train model	2026-08-21T16:17:58.7342373Z Accuracy: 0.6820 | F1: 0.6811
Train	Read metrics	﻿2026-08-21T16:17:59.0177532Z ##[group]Run ACC=$(python -c "import json; d=json.load(open('outputs/metrics.json')); print(d['accuracy'])")
Train	Read metrics	2026-08-21T16:17:59.0178388Z ^[[36;1mACC=$(python -c "import json; d=json.load(open('outputs/metrics.json')); print(d['accuracy'])")^[[0m
Train	Read metrics	2026-08-21T16:17:59.0178982Z ^[[36;1mecho "accuracy=$ACC" >> $GITHUB_OUTPUT^[[0m
Train	Read metrics	2026-08-21T16:17:59.0179377Z ^[[36;1mecho "Accuracy vua doc duoc: $ACC"^[[0m
Train	Read metrics	2026-08-21T16:17:59.0218740Z shell: /usr/bin/bash -e ***0***
Train	Read metrics	2026-08-21T16:17:59.0219075Z env:
Train	Read metrics	2026-08-21T16:17:59.0219406Z   pythonLocation: /opt/hostedtoolcache/Python/3.10.21/x64
Train	Read metrics	2026-08-21T16:17:59.0219936Z   PKG_CONFIG_PATH: /opt/hostedtoolcache/Python/3.10.21/x64/lib/pkgconfig
Train	Read metrics	2026-08-21T16:17:59.0220444Z   Python_ROOT_DIR: /opt/hostedtoolcache/Python/3.10.21/x64
Train	Read metrics	2026-08-21T16:17:59.0220895Z   Python2_ROOT_DIR: /opt/hostedtoolcache/Python/3.10.21/x64
Train	Read metrics	2026-08-21T16:17:59.0221356Z   Python3_ROOT_DIR: /opt/hostedtoolcache/Python/3.10.21/x64
Train	Read metrics	2026-08-21T16:17:59.0221828Z   LD_LIBRARY_PATH: /opt/hostedtoolcache/Python/3.10.21/x64/lib
Train	Read metrics	2026-08-21T16:17:59.0222311Z   GOOGLE_APPLICATION_CREDENTIALS: /tmp/sa-key.json
Train	Read metrics	2026-08-21T16:17:59.0222683Z ##[endgroup]
Train	Read metrics	2026-08-21T16:17:59.0486781Z Accuracy vua doc duoc: 0.682
Train	Compare with previous deployed model (Bonus 4 - rollback an toan)	﻿2026-08-21T16:17:59.0544077Z ##[group]Run python - <<'EOF'
Train	Compare with previous deployed model (Bonus 4 - rollback an toan)	2026-08-21T16:17:59.0544485Z ^[[36;1mpython - <<'EOF'^[[0m
Train	Compare with previous deployed model (Bonus 4 - rollback an toan)	2026-08-21T16:17:59.0544795Z ^[[36;1mimport json, os^[[0m
Train	Compare with previous deployed model (Bonus 4 - rollback an toan)	2026-08-21T16:17:59.0545122Z ^[[36;1mfrom google.cloud import storage^[[0m
Train	Compare with previous deployed model (Bonus 4 - rollback an toan)	2026-08-21T16:17:59.0545471Z ^[[36;1m^[[0m
Train	Compare with previous deployed model (Bonus 4 - rollback an toan)	2026-08-21T16:17:59.0545762Z ^[[36;1mbucket_name = os.environ["CLOUD_BUCKET"]^[[0m
Train	Compare with previous deployed model (Bonus 4 - rollback an toan)	2026-08-21T16:17:59.0546154Z ^[[36;1mclient = storage.Client()^[[0m
Train	Compare with previous deployed model (Bonus 4 - rollback an toan)	2026-08-21T16:17:59.0546826Z ^[[36;1mbucket = client.bucket(bucket_name)^[[0m
Train	Compare with previous deployed model (Bonus 4 - rollback an toan)	2026-08-21T16:17:59.0547185Z ^[[36;1m^[[0m
Train	Compare with previous deployed model (Bonus 4 - rollback an toan)	2026-08-21T16:17:59.0547548Z ^[[36;1mnew_acc = json.load(open("outputs/metrics.json"))["accuracy"]^[[0m
Train	Compare with previous deployed model (Bonus 4 - rollback an toan)	2026-08-21T16:17:59.0548055Z ^[[36;1mold_blob = bucket.blob("models/latest/metrics.json")^[[0m
Train	Compare with previous deployed model (Bonus 4 - rollback an toan)	2026-08-21T16:17:59.0548488Z ^[[36;1m^[[0m
Train	Compare with previous deployed model (Bonus 4 - rollback an toan)	2026-08-21T16:17:59.0548758Z ^[[36;1mif old_blob.exists():^[[0m
Train	Compare with previous deployed model (Bonus 4 - rollback an toan)	2026-08-21T16:17:59.0549150Z ^[[36;1m    old_metrics = json.loads(old_blob.download_as_text())^[[0m
Train	Compare with previous deployed model (Bonus 4 - rollback an toan)	2026-08-21T16:17:59.0549613Z ^[[36;1m    old_acc = old_metrics.get("accuracy", 0.0)^[[0m
Train	Compare with previous deployed model (Bonus 4 - rollback an toan)	2026-08-21T16:17:59.0550281Z ^[[36;1m    print(f"Model dang chay: accuracy=***old_acc:.4f*** | Model moi vua train: accuracy=***new_acc:.4f***")^[[0m
Train	Compare with previous deployed model (Bonus 4 - rollback an toan)	2026-08-21T16:17:59.0550889Z ^[[36;1m    should_deploy = new_acc >= old_acc^[[0m
Train	Compare with previous deployed model (Bonus 4 - rollback an toan)	2026-08-21T16:17:59.0551250Z ^[[36;1melse:^[[0m
Train	Compare with previous deployed model (Bonus 4 - rollback an toan)	2026-08-21T16:17:59.0551737Z ^[[36;1m    print(f"Chua co model nao tren GCS. Model moi: accuracy=***new_acc:.4f*** -> cho phep deploy.")^[[0m
Train	Compare with previous deployed model (Bonus 4 - rollback an toan)	2026-08-21T16:17:59.0552298Z ^[[36;1m    should_deploy = True^[[0m
Train	Compare with previous deployed model (Bonus 4 - rollback an toan)	2026-08-21T16:17:59.0552611Z ^[[36;1m^[[0m
Train	Compare with previous deployed model (Bonus 4 - rollback an toan)	2026-08-21T16:17:59.0552915Z ^[[36;1mprint(f"should_deploy=***should_deploy***")^[[0m
Train	Compare with previous deployed model (Bonus 4 - rollback an toan)	2026-08-21T16:17:59.0553353Z ^[[36;1mwith open(os.environ["GITHUB_OUTPUT"], "a") as f:^[[0m
Train	Compare with previous deployed model (Bonus 4 - rollback an toan)	2026-08-21T16:17:59.0553876Z ^[[36;1m    f.write(f"should_deploy=***'true' if should_deploy else 'false'***\n")^[[0m
Train	Compare with previous deployed model (Bonus 4 - rollback an toan)	2026-08-21T16:17:59.0554330Z ^[[36;1mEOF^[[0m
Train	Compare with previous deployed model (Bonus 4 - rollback an toan)	2026-08-21T16:17:59.0590887Z shell: /usr/bin/bash -e ***0***
Train	Compare with previous deployed model (Bonus 4 - rollback an toan)	2026-08-21T16:17:59.0591237Z env:
Train	Compare with previous deployed model (Bonus 4 - rollback an toan)	2026-08-21T16:17:59.0591592Z   pythonLocation: /opt/hostedtoolcache/Python/3.10.21/x64
Train	Compare with previous deployed model (Bonus 4 - rollback an toan)	2026-08-21T16:17:59.0592119Z   PKG_CONFIG_PATH: /opt/hostedtoolcache/Python/3.10.21/x64/lib/pkgconfig
Train	Compare with previous deployed model (Bonus 4 - rollback an toan)	2026-08-21T16:17:59.0592808Z   Python_ROOT_DIR: /opt/hostedtoolcache/Python/3.10.21/x64
Train	Compare with previous deployed model (Bonus 4 - rollback an toan)	2026-08-21T16:17:59.0593301Z   Python2_ROOT_DIR: /opt/hostedtoolcache/Python/3.10.21/x64
Train	Compare with previous deployed model (Bonus 4 - rollback an toan)	2026-08-21T16:17:59.0593758Z   Python3_ROOT_DIR: /opt/hostedtoolcache/Python/3.10.21/x64
Train	Compare with previous deployed model (Bonus 4 - rollback an toan)	2026-08-21T16:17:59.0594222Z   LD_LIBRARY_PATH: /opt/hostedtoolcache/Python/3.10.21/x64/lib
Train	Compare with previous deployed model (Bonus 4 - rollback an toan)	2026-08-21T16:17:59.0594666Z   GOOGLE_APPLICATION_CREDENTIALS: /tmp/sa-key.json
Train	Compare with previous deployed model (Bonus 4 - rollback an toan)	2026-08-21T16:17:59.0595075Z   CLOUD_BUCKET: ***
Train	Compare with previous deployed model (Bonus 4 - rollback an toan)	2026-08-21T16:17:59.0595347Z ##[endgroup]
Train	Compare with previous deployed model (Bonus 4 - rollback an toan)	2026-08-21T16:17:59.3508545Z /opt/hostedtoolcache/Python/3.10.21/x64/lib/python3.10/site-packages/google/api_core/_python_version_support.py:273: FutureWarning: You are using a Python version (3.10.21) which Google will stop supporting in new releases of google.api_core once it reaches its end of life (2026-10-04). Please upgrade to the latest Python version, or at least Python 3.11, to continue receiving updates for google.api_core past that date.
Train	Compare with previous deployed model (Bonus 4 - rollback an toan)	2026-08-21T16:17:59.3511238Z   warnings.warn(message, FutureWarning)
Train	Compare with previous deployed model (Bonus 4 - rollback an toan)	2026-08-21T16:17:59.7707696Z Chua co model nao tren GCS. Model moi: accuracy=0.6820 -> cho phep deploy.
Train	Compare with previous deployed model (Bonus 4 - rollback an toan)	2026-08-21T16:17:59.7708653Z should_deploy=True
Train	Upload model to Cloud Storage	﻿2026-08-21T16:17:59.8096198Z ##[group]Run python - <<'EOF'
Train	Upload model to Cloud Storage	2026-08-21T16:17:59.8096952Z ^[[36;1mpython - <<'EOF'^[[0m
Train	Upload model to Cloud Storage	2026-08-21T16:17:59.8097260Z ^[[36;1mimport os^[[0m
Train	Upload model to Cloud Storage	2026-08-21T16:17:59.8097576Z ^[[36;1mfrom google.cloud import storage^[[0m
Train	Upload model to Cloud Storage	2026-08-21T16:17:59.8097920Z ^[[36;1m^[[0m
Train	Upload model to Cloud Storage	2026-08-21T16:17:59.8098213Z ^[[36;1mbucket_name = os.environ["CLOUD_BUCKET"]^[[0m
Train	Upload model to Cloud Storage	2026-08-21T16:17:59.8098595Z ^[[36;1mclient = storage.Client()^[[0m
Train	Upload model to Cloud Storage	2026-08-21T16:17:59.8098946Z ^[[36;1mbucket = client.bucket(bucket_name)^[[0m
Train	Upload model to Cloud Storage	2026-08-21T16:17:59.8099291Z ^[[36;1m^[[0m
Train	Upload model to Cloud Storage	2026-08-21T16:17:59.8099622Z ^[[36;1mmodel_blob = bucket.blob("models/latest/model.pkl")^[[0m
Train	Upload model to Cloud Storage	2026-08-21T16:17:59.8100102Z ^[[36;1mmodel_blob.upload_from_filename("models/model.pkl")^[[0m
Train	Upload model to Cloud Storage	2026-08-21T16:17:59.8100723Z ^[[36;1mprint(f"Da upload models/model.pkl len gs://***bucket_name***/models/latest/model.pkl")^[[0m
Train	Upload model to Cloud Storage	2026-08-21T16:17:59.8101285Z ^[[36;1m^[[0m
Train	Upload model to Cloud Storage	2026-08-21T16:17:59.8101634Z ^[[36;1mmetrics_blob = bucket.blob("models/latest/metrics.json")^[[0m
Train	Upload model to Cloud Storage	2026-08-21T16:17:59.8102151Z ^[[36;1mmetrics_blob.upload_from_filename("outputs/metrics.json")^[[0m
Train	Upload model to Cloud Storage	2026-08-21T16:17:59.8102812Z ^[[36;1mprint(f"Da upload outputs/metrics.json len gs://***bucket_name***/models/latest/metrics.json")^[[0m
Train	Upload model to Cloud Storage	2026-08-21T16:17:59.8103368Z ^[[36;1mEOF^[[0m
Train	Upload model to Cloud Storage	2026-08-21T16:17:59.8140264Z shell: /usr/bin/bash -e ***0***
Train	Upload model to Cloud Storage	2026-08-21T16:17:59.8140606Z env:
Train	Upload model to Cloud Storage	2026-08-21T16:17:59.8140953Z   pythonLocation: /opt/hostedtoolcache/Python/3.10.21/x64
Train	Upload model to Cloud Storage	2026-08-21T16:17:59.8141488Z   PKG_CONFIG_PATH: /opt/hostedtoolcache/Python/3.10.21/x64/lib/pkgconfig
Train	Upload model to Cloud Storage	2026-08-21T16:17:59.8142024Z   Python_ROOT_DIR: /opt/hostedtoolcache/Python/3.10.21/x64
Train	Upload model to Cloud Storage	2026-08-21T16:17:59.8142497Z   Python2_ROOT_DIR: /opt/hostedtoolcache/Python/3.10.21/x64
Train	Upload model to Cloud Storage	2026-08-21T16:17:59.8142956Z   Python3_ROOT_DIR: /opt/hostedtoolcache/Python/3.10.21/x64
Train	Upload model to Cloud Storage	2026-08-21T16:17:59.8143445Z   LD_LIBRARY_PATH: /opt/hostedtoolcache/Python/3.10.21/x64/lib
Train	Upload model to Cloud Storage	2026-08-21T16:17:59.8143902Z   GOOGLE_APPLICATION_CREDENTIALS: /tmp/sa-key.json
Train	Upload model to Cloud Storage	2026-08-21T16:17:59.8144311Z   CLOUD_BUCKET: ***
Train	Upload model to Cloud Storage	2026-08-21T16:17:59.8144591Z ##[endgroup]
Train	Upload model to Cloud Storage	2026-08-21T16:18:00.0736894Z /opt/hostedtoolcache/Python/3.10.21/x64/lib/python3.10/site-packages/google/api_core/_python_version_support.py:273: FutureWarning: You are using a Python version (3.10.21) which Google will stop supporting in new releases of google.api_core once it reaches its end of life (2026-10-04). Please upgrade to the latest Python version, or at least Python 3.11, to continue receiving updates for google.api_core past that date.
Train	Upload model to Cloud Storage	2026-08-21T16:18:00.0739409Z   warnings.warn(message, FutureWarning)
Train	Upload model to Cloud Storage	2026-08-21T16:18:01.4573150Z Da upload models/model.pkl len gs://***/models/latest/model.pkl
Train	Upload model to Cloud Storage	2026-08-21T16:18:01.4574105Z Da upload outputs/metrics.json len gs://***/models/latest/metrics.json
Train	Save metrics as artifact	﻿2026-08-21T16:18:01.5007073Z Node 20 is being deprecated. This workflow is running with Node 24 by default. If you need to temporarily use Node 20, you can set the ACTIONS_ALLOW_USE_UNSECURE_NODE_VERSION=true environment variable. For more information see: https://github.blog/changelog/2025-09-19-deprecation-of-node-20-on-github-actions-runners/
Train	Save metrics as artifact	2026-08-21T16:18:01.5008653Z ##[group]Run actions/upload-artifact@v4
Train	Save metrics as artifact	2026-08-21T16:18:01.5008994Z with:
Train	Save metrics as artifact	2026-08-21T16:18:01.5009252Z   name: metrics
Train	Save metrics as artifact	2026-08-21T16:18:01.5009531Z   path: outputs/metrics.json
Train	Save metrics as artifact	2026-08-21T16:18:01.5009846Z   if-no-files-found: warn
Train	Save metrics as artifact	2026-08-21T16:18:01.5010139Z   compression-level: 6
Train	Save metrics as artifact	2026-08-21T16:18:01.5010427Z   overwrite: false
Train	Save metrics as artifact	2026-08-21T16:18:01.5010704Z   include-hidden-files: false
Train	Save metrics as artifact	2026-08-21T16:18:01.5011008Z env:
Train	Save metrics as artifact	2026-08-21T16:18:01.5011327Z   pythonLocation: /opt/hostedtoolcache/Python/3.10.21/x64
Train	Save metrics as artifact	2026-08-21T16:18:01.5011831Z   PKG_CONFIG_PATH: /opt/hostedtoolcache/Python/3.10.21/x64/lib/pkgconfig
Train	Save metrics as artifact	2026-08-21T16:18:01.5012342Z   Python_ROOT_DIR: /opt/hostedtoolcache/Python/3.10.21/x64
Train	Save metrics as artifact	2026-08-21T16:18:01.5012838Z   Python2_ROOT_DIR: /opt/hostedtoolcache/Python/3.10.21/x64
Train	Save metrics as artifact	2026-08-21T16:18:01.5013292Z   Python3_ROOT_DIR: /opt/hostedtoolcache/Python/3.10.21/x64
Train	Save metrics as artifact	2026-08-21T16:18:01.5013754Z   LD_LIBRARY_PATH: /opt/hostedtoolcache/Python/3.10.21/x64/lib
Train	Save metrics as artifact	2026-08-21T16:18:01.5014197Z   GOOGLE_APPLICATION_CREDENTIALS: /tmp/sa-key.json
Train	Save metrics as artifact	2026-08-21T16:18:01.5014568Z ##[endgroup]
Train	Save metrics as artifact	2026-08-21T16:18:01.6672972Z (node:2331) [DEP0040] DeprecationWarning: The `punycode` module is deprecated. Please use a userland alternative instead.
Train	Save metrics as artifact	2026-08-21T16:18:01.6674192Z (Use `node --trace-deprecation ...` to show where the warning was created)
Train	Save metrics as artifact	2026-08-21T16:18:01.6727223Z With the provided path, there will be 1 file uploaded
Train	Save metrics as artifact	2026-08-21T16:18:01.6733741Z Artifact name is valid!
Train	Save metrics as artifact	2026-08-21T16:18:01.6742878Z Root directory input is valid!
Train	Save metrics as artifact	2026-08-21T16:18:02.0906065Z Beginning upload of artifact content to blob storage
Train	Save metrics as artifact	2026-08-21T16:18:02.1090703Z (node:2331) [DEP0169] DeprecationWarning: `url.parse()` behavior is not standardized and prone to errors that have security implications. Use the WHATWG URL API instead. CVEs are not issued for `url.parse()` vulnerabilities.
Train	Save metrics as artifact	2026-08-21T16:18:02.3944442Z Uploaded bytes 534
Train	Save metrics as artifact	2026-08-21T16:18:02.4733004Z Finished uploading artifact content to blob storage!
Train	Save metrics as artifact	2026-08-21T16:18:02.4734549Z SHA256 digest of uploaded artifact zip is 4d5d89c58f001a2753802320fce70d9dc28b724060bc6298aaf629af14db3194
Train	Save metrics as artifact	2026-08-21T16:18:02.4735507Z Finalizing artifact upload
Train	Save metrics as artifact	2026-08-21T16:18:02.7306943Z Artifact metrics.zip successfully finalized. Artifact ID 9453915082
Train	Save metrics as artifact	2026-08-21T16:18:02.7308236Z Artifact metrics has been successfully uploaded! Final size is 534 bytes. Artifact ID is 9453915082
Train	Save metrics as artifact	2026-08-21T16:18:02.7316562Z Artifact download URL: https://github.com/NhtJm/TRACK2-DAY21-2A202601155-TRANNGUYENTHENHAT/actions/runs/32502009731/artifacts/9453915082
Train	Post Run actions/setup-python@v5	﻿2026-08-21T16:18:02.7512204Z Node 20 is being deprecated. This workflow is running with Node 24 by default. If you need to temporarily use Node 20, you can set the ACTIONS_ALLOW_USE_UNSECURE_NODE_VERSION=true environment variable. For more information see: https://github.blog/changelog/2025-09-19-deprecation-of-node-20-on-github-actions-runners/
Train	Post Run actions/setup-python@v5	2026-08-21T16:18:02.7513573Z Post job cleanup.
Train	Post Run actions/setup-python@v5	2026-08-21T16:18:02.8663876Z (node:2345) [DEP0040] DeprecationWarning: The `punycode` module is deprecated. Please use a userland alternative instead.
Train	Post Run actions/setup-python@v5	2026-08-21T16:18:02.8664896Z (Use `node --trace-deprecation ...` to show where the warning was created)
Train	Post Run actions/checkout@v4	﻿2026-08-21T16:18:02.8851869Z Node 20 is being deprecated. This workflow is running with Node 24 by default. If you need to temporarily use Node 20, you can set the ACTIONS_ALLOW_USE_UNSECURE_NODE_VERSION=true environment variable. For more information see: https://github.blog/changelog/2025-09-19-deprecation-of-node-20-on-github-actions-runners/
Train	Post Run actions/checkout@v4	2026-08-21T16:18:02.8853249Z Post job cleanup.
Train	Post Run actions/checkout@v4	2026-08-21T16:18:02.9740165Z [command]/usr/bin/git version
Train	Post Run actions/checkout@v4	2026-08-21T16:18:02.9784735Z git version 2.55.0
Train	Post Run actions/checkout@v4	2026-08-21T16:18:02.9826897Z Temporarily overriding HOME='/home/runner/work/_temp/8018babe-a1c2-405f-8fe6-ab8464790b12' before making global git config changes
Train	Post Run actions/checkout@v4	2026-08-21T16:18:02.9828731Z Adding repository directory to the temporary git global config as a safe directory
Train	Post Run actions/checkout@v4	2026-08-21T16:18:02.9833016Z [command]/usr/bin/git config --global --add safe.directory /home/runner/work/TRACK2-DAY21-2A202601155-TRANNGUYENTHENHAT/TRACK2-DAY21-2A202601155-TRANNGUYENTHENHAT
Train	Post Run actions/checkout@v4	2026-08-21T16:18:02.9874211Z [command]/usr/bin/git config --local --name-only --get-regexp core\.sshCommand
Train	Post Run actions/checkout@v4	2026-08-21T16:18:02.9919521Z [command]/usr/bin/git submodule foreach --recursive sh -c "git config --local --name-only --get-regexp 'core\.sshCommand' && git config --local --unset-all 'core.sshCommand' || :"
Train	Post Run actions/checkout@v4	2026-08-21T16:18:03.0176710Z [command]/usr/bin/git config --local --name-only --get-regexp http\.https\:\/\/github\.com\/\.extraheader
Train	Post Run actions/checkout@v4	2026-08-21T16:18:03.0207253Z http.https://github.com/.extraheader
Train	Post Run actions/checkout@v4	2026-08-21T16:18:03.0218856Z [command]/usr/bin/git config --local --unset-all http.https://github.com/.extraheader
Train	Post Run actions/checkout@v4	2026-08-21T16:18:03.0258228Z [command]/usr/bin/git submodule foreach --recursive sh -c "git config --local --name-only --get-regexp 'http\.https\:\/\/github\.com\/\.extraheader' && git config --local --unset-all 'http.https://github.com/.extraheader' || :"
Train	Post Run actions/checkout@v4	2026-08-21T16:18:03.0568094Z [command]/usr/bin/git config --local --name-only --get-regexp ^includeIf\.gitdir:
Train	Post Run actions/checkout@v4	2026-08-21T16:18:03.0623775Z [command]/usr/bin/git submodule foreach --recursive git config --local --show-origin --name-only --get-regexp remote.origin.url
Train	Complete job	﻿2026-08-21T16:18:03.1060167Z Evaluate and set job outputs
Train	Complete job	2026-08-21T16:18:03.1065792Z Set output 'accuracy'
Train	Complete job	2026-08-21T16:18:03.1067843Z Set output 'should_deploy'
Train	Complete job	2026-08-21T16:18:03.1068944Z Cleaning up orphan processes
Train	Complete job	2026-08-21T16:18:03.1365883Z ##[warning]Node.js 20 is deprecated. The following actions target Node.js 20 but are being forced to run on Node.js 24: actions/checkout@v4, actions/setup-python@v5, actions/upload-artifact@v4. For more information see: https://github.blog/changelog/2025-09-19-deprecation-of-node-20-on-github-actions-runners/
Eval	Set up job	﻿2026-08-21T16:18:09.7740663Z Current runner version: '2.336.0'
Eval	Set up job	2026-08-21T16:18:09.7765102Z ##[group]Runner Image Provisioner
Eval	Set up job	2026-08-21T16:18:09.7766220Z Hosted Compute Agent
Eval	Set up job	2026-08-21T16:18:09.7766866Z Version: 20260729.566
Eval	Set up job	2026-08-21T16:18:09.7767510Z Commit: cf7153fe6e25b664e8693c24944bf2b00355d109
Eval	Set up job	2026-08-21T16:18:09.7768226Z Build Date: 2026-07-29T19:17:02Z
Eval	Set up job	2026-08-21T16:18:09.7768983Z Worker ID: {b1421a66-10ec-4443-ab37-6a1bb1aa4aac}
Eval	Set up job	2026-08-21T16:18:09.7769694Z Azure Region: westus2
Eval	Set up job	2026-08-21T16:18:09.7770448Z ##[endgroup]
Eval	Set up job	2026-08-21T16:18:09.7772008Z ##[group]Operating System
Eval	Set up job	2026-08-21T16:18:09.7772658Z Ubuntu
Eval	Set up job	2026-08-21T16:18:09.7773308Z 24.04.4
Eval	Set up job	2026-08-21T16:18:09.7773816Z LTS
Eval	Set up job	2026-08-21T16:18:09.7774305Z ##[endgroup]
Eval	Set up job	2026-08-21T16:18:09.7774915Z ##[group]Runner Image
Eval	Set up job	2026-08-21T16:18:09.7775505Z Image: ubuntu-24.04
Eval	Set up job	2026-08-21T16:18:09.7776094Z Version: 20260816.277.1
Eval	Set up job	2026-08-21T16:18:09.7777204Z Included Software: https://github.com/actions/runner-images/blob/ubuntu24/20260816.277/images/ubuntu/Ubuntu2404-Readme.md
Eval	Set up job	2026-08-21T16:18:09.7778933Z Image Release: https://github.com/actions/runner-images/releases/tag/ubuntu24%2F20260816.277
Eval	Set up job	2026-08-21T16:18:09.7779883Z ##[endgroup]
Eval	Set up job	2026-08-21T16:18:09.7781439Z ##[group]GITHUB_TOKEN Permissions
Eval	Set up job	2026-08-21T16:18:09.7783487Z Contents: read
Eval	Set up job	2026-08-21T16:18:09.7784170Z Metadata: read
Eval	Set up job	2026-08-21T16:18:09.7784749Z Packages: read
Eval	Set up job	2026-08-21T16:18:09.7785297Z ##[endgroup]
Eval	Set up job	2026-08-21T16:18:09.7787428Z Secret source: Actions
Eval	Set up job	2026-08-21T16:18:09.7788450Z Prepare workflow directory
Eval	Set up job	2026-08-21T16:18:09.8112828Z Prepare all required actions
Eval	Set up job	2026-08-21T16:18:09.8277474Z Complete job name: Eval
Eval	Check eval gate	﻿2026-08-21T16:18:09.9072270Z ##[group]Run python - <<'EOF'
Eval	Check eval gate	2026-08-21T16:18:09.9073097Z ^[[36;1mpython - <<'EOF'^[[0m
Eval	Check eval gate	2026-08-21T16:18:09.9073702Z ^[[36;1macc = float("0.682")^[[0m
Eval	Check eval gate	2026-08-21T16:18:09.9074365Z ^[[36;1mthreshold = float("0.70")^[[0m
Eval	Check eval gate	2026-08-21T16:18:09.9075209Z ^[[36;1mshould_deploy = "true" == "true"^[[0m
Eval	Check eval gate	2026-08-21T16:18:09.9075897Z ^[[36;1m^[[0m
Eval	Check eval gate	2026-08-21T16:18:09.9076435Z ^[[36;1mif acc < threshold:^[[0m
Eval	Check eval gate	2026-08-21T16:18:09.9077351Z ^[[36;1m    raise SystemExit(f"FAILED: accuracy {acc:.4f} < {threshold:.4f}. Huy deploy.")^[[0m
Eval	Check eval gate	2026-08-21T16:18:09.9078333Z ^[[36;1mif not should_deploy:^[[0m
Eval	Check eval gate	2026-08-21T16:18:09.9078963Z ^[[36;1m    raise SystemExit(^[[0m
Eval	Check eval gate	2026-08-21T16:18:09.9079823Z ^[[36;1m        f"BLOCKED: accuracy {acc:.4f} >= nguong {threshold:.4f} nhung khong tot hon "^[[0m
Eval	Check eval gate	2026-08-21T16:18:09.9081190Z ^[[36;1m        "model dang chay (Bonus 4 rollback safety). Huy deploy."^[[0m
Eval	Check eval gate	2026-08-21T16:18:09.9082009Z ^[[36;1m    )^[[0m
Eval	Check eval gate	2026-08-21T16:18:09.9082895Z ^[[36;1mprint(f"PASSED: accuracy {acc:.4f} >= {threshold:.4f} va tot hon model cu. Dang trien khai model.")^[[0m
Eval	Check eval gate	2026-08-21T16:18:09.9084013Z ^[[36;1mEOF^[[0m
Eval	Check eval gate	2026-08-21T16:18:09.9574812Z shell: /usr/bin/bash -e {0}
Eval	Check eval gate	2026-08-21T16:18:09.9575814Z ##[endgroup]
Eval	Check eval gate	2026-08-21T16:18:09.9936224Z FAILED: accuracy 0.6820 < 0.7000. Huy deploy.
Eval	Check eval gate	2026-08-21T16:18:09.9980746Z ##[error]Process completed with exit code 1.
Eval	Complete job	﻿2026-08-21T16:18:10.0168821Z Cleaning up orphan processes
