Unit Test	Set up job	﻿2026-08-21T16:25:45.7591570Z Current runner version: '2.336.0'
Unit Test	Set up job	2026-08-21T16:25:45.7617540Z ##[group]Runner Image Provisioner
Unit Test	Set up job	2026-08-21T16:25:45.7618501Z Hosted Compute Agent
Unit Test	Set up job	2026-08-21T16:25:45.7619191Z Version: 20260729.566
Unit Test	Set up job	2026-08-21T16:25:45.7620082Z Commit: cf7153fe6e25b664e8693c24944bf2b00355d109
Unit Test	Set up job	2026-08-21T16:25:45.7620883Z Build Date: 2026-07-29T19:17:02Z
Unit Test	Set up job	2026-08-21T16:25:45.7621655Z Worker ID: {4c1da336-04d9-4708-b59b-10c513c1778d}
Unit Test	Set up job	2026-08-21T16:25:45.7622439Z Azure Region: westcentralus
Unit Test	Set up job	2026-08-21T16:25:45.7623159Z ##[endgroup]
Unit Test	Set up job	2026-08-21T16:25:45.7624712Z ##[group]Operating System
Unit Test	Set up job	2026-08-21T16:25:45.7625390Z Ubuntu
Unit Test	Set up job	2026-08-21T16:25:45.7626016Z 24.04.4
Unit Test	Set up job	2026-08-21T16:25:45.7626590Z LTS
Unit Test	Set up job	2026-08-21T16:25:45.7627124Z ##[endgroup]
Unit Test	Set up job	2026-08-21T16:25:45.7627772Z ##[group]Runner Image
Unit Test	Set up job	2026-08-21T16:25:45.7628418Z Image: ubuntu-24.04
Unit Test	Set up job	2026-08-21T16:25:45.7629050Z Version: 20260816.277.1
Unit Test	Set up job	2026-08-21T16:25:45.7630459Z Included Software: https://github.com/actions/runner-images/blob/ubuntu24/20260816.277/images/ubuntu/Ubuntu2404-Readme.md
Unit Test	Set up job	2026-08-21T16:25:45.7632348Z Image Release: https://github.com/actions/runner-images/releases/tag/ubuntu24%2F20260816.277
Unit Test	Set up job	2026-08-21T16:25:45.7633364Z ##[endgroup]
Unit Test	Set up job	2026-08-21T16:25:45.7634714Z ##[group]GITHUB_TOKEN Permissions
Unit Test	Set up job	2026-08-21T16:25:45.7636809Z Contents: read
Unit Test	Set up job	2026-08-21T16:25:45.7637602Z Metadata: read
Unit Test	Set up job	2026-08-21T16:25:45.7638203Z Packages: read
Unit Test	Set up job	2026-08-21T16:25:45.7638786Z ##[endgroup]
Unit Test	Set up job	2026-08-21T16:25:45.7641332Z Secret source: Actions
Unit Test	Set up job	2026-08-21T16:25:45.7642442Z Prepare workflow directory
Unit Test	Set up job	2026-08-21T16:25:45.7994740Z Prepare all required actions
Unit Test	Set up job	2026-08-21T16:25:45.8042790Z Getting action download info
Unit Test	Set up job	2026-08-21T16:25:46.0961939Z Download action repository 'actions/checkout@v4' (SHA:11d5960a326750d5838078e36cf38b85af677262)
Unit Test	Set up job	2026-08-21T16:25:46.2059473Z Download action repository 'actions/setup-python@v5' (SHA:a26af69be951a213d495a4c3e4e4022e16d87065)
Unit Test	Set up job	2026-08-21T16:25:46.3863031Z Complete job name: Unit Test
Unit Test	Run actions/checkout@v4	﻿2026-08-21T16:25:46.4616768Z Node 20 is being deprecated. This workflow is running with Node 24 by default. If you need to temporarily use Node 20, you can set the ACTIONS_ALLOW_USE_UNSECURE_NODE_VERSION=true environment variable. For more information see: https://github.blog/changelog/2025-09-19-deprecation-of-node-20-on-github-actions-runners/
Unit Test	Run actions/checkout@v4	2026-08-21T16:25:46.4626035Z ##[group]Run actions/checkout@v4
Unit Test	Run actions/checkout@v4	2026-08-21T16:25:46.4626823Z with:
Unit Test	Run actions/checkout@v4	2026-08-21T16:25:46.4627430Z   repository: NhtJm/TRACK2-DAY21-2A202601155-TRANNGUYENTHENHAT
Unit Test	Run actions/checkout@v4	2026-08-21T16:25:46.4631550Z   token: ***
Unit Test	Run actions/checkout@v4	2026-08-21T16:25:46.4632025Z   ssh-strict: true
Unit Test	Run actions/checkout@v4	2026-08-21T16:25:46.4632482Z   ssh-user: git
Unit Test	Run actions/checkout@v4	2026-08-21T16:25:46.4632951Z   persist-credentials: true
Unit Test	Run actions/checkout@v4	2026-08-21T16:25:46.4633479Z   clean: true
Unit Test	Run actions/checkout@v4	2026-08-21T16:25:46.4633952Z   sparse-checkout-cone-mode: true
Unit Test	Run actions/checkout@v4	2026-08-21T16:25:46.4634493Z   fetch-depth: 1
Unit Test	Run actions/checkout@v4	2026-08-21T16:25:46.4634942Z   fetch-tags: false
Unit Test	Run actions/checkout@v4	2026-08-21T16:25:46.4635416Z   show-progress: true
Unit Test	Run actions/checkout@v4	2026-08-21T16:25:46.4635894Z   lfs: false
Unit Test	Run actions/checkout@v4	2026-08-21T16:25:46.4636335Z   submodules: false
Unit Test	Run actions/checkout@v4	2026-08-21T16:25:46.4636856Z   set-safe-directory: true
Unit Test	Run actions/checkout@v4	2026-08-21T16:25:46.4637387Z   allow-unsafe-pr-checkout: false
Unit Test	Run actions/checkout@v4	2026-08-21T16:25:46.4638219Z ##[endgroup]
Unit Test	Run actions/checkout@v4	2026-08-21T16:25:46.5644276Z Syncing repository: NhtJm/TRACK2-DAY21-2A202601155-TRANNGUYENTHENHAT
Unit Test	Run actions/checkout@v4	2026-08-21T16:25:46.5647200Z ##[group]Getting Git version info
Unit Test	Run actions/checkout@v4	2026-08-21T16:25:46.5649096Z Working directory is '/home/runner/work/TRACK2-DAY21-2A202601155-TRANNGUYENTHENHAT/TRACK2-DAY21-2A202601155-TRANNGUYENTHENHAT'
Unit Test	Run actions/checkout@v4	2026-08-21T16:25:46.5651771Z [command]/usr/bin/git version
Unit Test	Run actions/checkout@v4	2026-08-21T16:25:46.5714240Z git version 2.55.0
Unit Test	Run actions/checkout@v4	2026-08-21T16:25:46.5737474Z ##[endgroup]
Unit Test	Run actions/checkout@v4	2026-08-21T16:25:46.5761590Z Temporarily overriding HOME='/home/runner/work/_temp/af8438fd-d8fa-43d6-8e9a-5b8abef3bae2' before making global git config changes
Unit Test	Run actions/checkout@v4	2026-08-21T16:25:46.5764125Z Adding repository directory to the temporary git global config as a safe directory
Unit Test	Run actions/checkout@v4	2026-08-21T16:25:46.5766788Z [command]/usr/bin/git config --global --add safe.directory /home/runner/work/TRACK2-DAY21-2A202601155-TRANNGUYENTHENHAT/TRACK2-DAY21-2A202601155-TRANNGUYENTHENHAT
Unit Test	Run actions/checkout@v4	2026-08-21T16:25:46.5820410Z Deleting the contents of '/home/runner/work/TRACK2-DAY21-2A202601155-TRANNGUYENTHENHAT/TRACK2-DAY21-2A202601155-TRANNGUYENTHENHAT'
Unit Test	Run actions/checkout@v4	2026-08-21T16:25:46.5823713Z ##[group]Initializing the repository
Unit Test	Run actions/checkout@v4	2026-08-21T16:25:46.5829480Z [command]/usr/bin/git init /home/runner/work/TRACK2-DAY21-2A202601155-TRANNGUYENTHENHAT/TRACK2-DAY21-2A202601155-TRANNGUYENTHENHAT
Unit Test	Run actions/checkout@v4	2026-08-21T16:25:46.5938738Z hint: Using 'master' as the name for the initial branch. This default branch name
Unit Test	Run actions/checkout@v4	2026-08-21T16:25:46.5940555Z hint: will change to "main" in Git 3.0. To configure the initial branch name
Unit Test	Run actions/checkout@v4	2026-08-21T16:25:46.5942059Z hint: to use in all of your new repositories, which will suppress this warning,
Unit Test	Run actions/checkout@v4	2026-08-21T16:25:46.5943313Z hint: call:
Unit Test	Run actions/checkout@v4	2026-08-21T16:25:46.5943989Z hint:
Unit Test	Run actions/checkout@v4	2026-08-21T16:25:46.5944824Z hint: 	git config --global init.defaultBranch <name>
Unit Test	Run actions/checkout@v4	2026-08-21T16:25:46.5945819Z hint:
Unit Test	Run actions/checkout@v4	2026-08-21T16:25:46.5946729Z hint: Names commonly chosen instead of 'master' are 'main', 'trunk' and
Unit Test	Run actions/checkout@v4	2026-08-21T16:25:46.5948348Z hint: 'development'. The just-created branch can be renamed via this command:
Unit Test	Run actions/checkout@v4	2026-08-21T16:25:46.5949575Z hint:
Unit Test	Run actions/checkout@v4	2026-08-21T16:25:46.5950576Z hint: 	git branch -m <name>
Unit Test	Run actions/checkout@v4	2026-08-21T16:25:46.5951360Z hint:
Unit Test	Run actions/checkout@v4	2026-08-21T16:25:46.5952356Z hint: Disable this message with "git config set advice.defaultBranchName false"
Unit Test	Run actions/checkout@v4	2026-08-21T16:25:46.5955025Z Initialized empty Git repository in /home/runner/work/TRACK2-DAY21-2A202601155-TRANNGUYENTHENHAT/TRACK2-DAY21-2A202601155-TRANNGUYENTHENHAT/.git/
Unit Test	Run actions/checkout@v4	2026-08-21T16:25:46.5960888Z [command]/usr/bin/git remote add origin https://github.com/NhtJm/TRACK2-DAY21-2A202601155-TRANNGUYENTHENHAT
Unit Test	Run actions/checkout@v4	2026-08-21T16:25:46.6013669Z ##[endgroup]
Unit Test	Run actions/checkout@v4	2026-08-21T16:25:46.6015308Z ##[group]Disabling automatic garbage collection
Unit Test	Run actions/checkout@v4	2026-08-21T16:25:46.6017082Z [command]/usr/bin/git config --local gc.auto 0
Unit Test	Run actions/checkout@v4	2026-08-21T16:25:46.6051001Z ##[endgroup]
Unit Test	Run actions/checkout@v4	2026-08-21T16:25:46.6052253Z ##[group]Setting up auth
Unit Test	Run actions/checkout@v4	2026-08-21T16:25:46.6057656Z [command]/usr/bin/git config --local --name-only --get-regexp core\.sshCommand
Unit Test	Run actions/checkout@v4	2026-08-21T16:25:46.6091257Z [command]/usr/bin/git submodule foreach --recursive sh -c "git config --local --name-only --get-regexp 'core\.sshCommand' && git config --local --unset-all 'core.sshCommand' || :"
Unit Test	Run actions/checkout@v4	2026-08-21T16:25:46.6506814Z [command]/usr/bin/git config --local --name-only --get-regexp http\.https\:\/\/github\.com\/\.extraheader
Unit Test	Run actions/checkout@v4	2026-08-21T16:25:46.6552123Z [command]/usr/bin/git submodule foreach --recursive sh -c "git config --local --name-only --get-regexp 'http\.https\:\/\/github\.com\/\.extraheader' && git config --local --unset-all 'http.https://github.com/.extraheader' || :"
Unit Test	Run actions/checkout@v4	2026-08-21T16:25:46.6777608Z [command]/usr/bin/git config --local --name-only --get-regexp ^includeIf\.gitdir:
Unit Test	Run actions/checkout@v4	2026-08-21T16:25:46.6814596Z [command]/usr/bin/git submodule foreach --recursive git config --local --show-origin --name-only --get-regexp remote.origin.url
Unit Test	Run actions/checkout@v4	2026-08-21T16:25:46.7036080Z [command]/usr/bin/git config --local http.https://github.com/.extraheader AUTHORIZATION: basic ***
Unit Test	Run actions/checkout@v4	2026-08-21T16:25:46.7074423Z ##[endgroup]
Unit Test	Run actions/checkout@v4	2026-08-21T16:25:46.7075277Z ##[group]Fetching the repository
Unit Test	Run actions/checkout@v4	2026-08-21T16:25:46.7084838Z [command]/usr/bin/git -c protocol.version=2 fetch --no-tags --prune --no-recurse-submodules --depth=1 origin +ab11424c36710ecaa0274cf0fe9700721f388843:refs/remotes/origin/main
Unit Test	Run actions/checkout@v4	2026-08-21T16:25:47.3153605Z From https://github.com/NhtJm/TRACK2-DAY21-2A202601155-TRANNGUYENTHENHAT
Unit Test	Run actions/checkout@v4	2026-08-21T16:25:47.3155096Z  * [new ref]         ab11424c36710ecaa0274cf0fe9700721f388843 -> origin/main
Unit Test	Run actions/checkout@v4	2026-08-21T16:25:47.3158532Z ##[endgroup]
Unit Test	Run actions/checkout@v4	2026-08-21T16:25:47.3160094Z ##[group]Determining the checkout info
Unit Test	Run actions/checkout@v4	2026-08-21T16:25:47.3161509Z ##[endgroup]
Unit Test	Run actions/checkout@v4	2026-08-21T16:25:47.3167483Z [command]/usr/bin/git sparse-checkout disable
Unit Test	Run actions/checkout@v4	2026-08-21T16:25:47.3220091Z [command]/usr/bin/git config --local --unset-all extensions.worktreeConfig
Unit Test	Run actions/checkout@v4	2026-08-21T16:25:47.3252493Z ##[group]Checking out the ref
Unit Test	Run actions/checkout@v4	2026-08-21T16:25:47.3256556Z [command]/usr/bin/git checkout --progress --force -B main refs/remotes/origin/main
Unit Test	Run actions/checkout@v4	2026-08-21T16:25:47.3364723Z Switched to a new branch 'main'
Unit Test	Run actions/checkout@v4	2026-08-21T16:25:47.3371145Z branch 'main' set up to track 'origin/main'.
Unit Test	Run actions/checkout@v4	2026-08-21T16:25:47.3376086Z ##[endgroup]
Unit Test	Run actions/checkout@v4	2026-08-21T16:25:47.3418023Z [command]/usr/bin/git log -1 --format=%H
Unit Test	Run actions/checkout@v4	2026-08-21T16:25:47.3523309Z ab11424c36710ecaa0274cf0fe9700721f388843
Unit Test	Run actions/setup-python@v5	﻿2026-08-21T16:25:47.3750738Z Node 20 is being deprecated. This workflow is running with Node 24 by default. If you need to temporarily use Node 20, you can set the ACTIONS_ALLOW_USE_UNSECURE_NODE_VERSION=true environment variable. For more information see: https://github.blog/changelog/2025-09-19-deprecation-of-node-20-on-github-actions-runners/
Unit Test	Run actions/setup-python@v5	2026-08-21T16:25:47.3753488Z ##[group]Run actions/setup-python@v5
Unit Test	Run actions/setup-python@v5	2026-08-21T16:25:47.3754136Z with:
Unit Test	Run actions/setup-python@v5	2026-08-21T16:25:47.3754659Z   python-version: 3.10
Unit Test	Run actions/setup-python@v5	2026-08-21T16:25:47.3755243Z   check-latest: false
Unit Test	Run actions/setup-python@v5	2026-08-21T16:25:47.3758931Z   token: ***
Unit Test	Run actions/setup-python@v5	2026-08-21T16:25:47.3759492Z   update-environment: true
Unit Test	Run actions/setup-python@v5	2026-08-21T16:25:47.3760282Z   allow-prereleases: false
Unit Test	Run actions/setup-python@v5	2026-08-21T16:25:47.3760907Z   freethreaded: false
Unit Test	Run actions/setup-python@v5	2026-08-21T16:25:47.3761462Z ##[endgroup]
Unit Test	Run actions/setup-python@v5	2026-08-21T16:25:47.5028273Z ##[group]Installed versions
Unit Test	Run actions/setup-python@v5	2026-08-21T16:25:47.5128533Z (node:2304) [DEP0040] DeprecationWarning: The `punycode` module is deprecated. Please use a userland alternative instead.
Unit Test	Run actions/setup-python@v5	2026-08-21T16:25:47.5130844Z (Use `node --trace-deprecation ...` to show where the warning was created)
Unit Test	Run actions/setup-python@v5	2026-08-21T16:25:47.5132674Z Successfully set up CPython (3.10.21)
Unit Test	Run actions/setup-python@v5	2026-08-21T16:25:47.5134504Z ##[endgroup]
Unit Test	Install dependencies	﻿2026-08-21T16:25:47.5311777Z ##[group]Run pip install -r requirements.txt
Unit Test	Install dependencies	2026-08-21T16:25:47.5312650Z ^[[36;1mpip install -r requirements.txt^[[0m
Unit Test	Install dependencies	2026-08-21T16:25:47.5368378Z shell: /usr/bin/bash -e {0}
Unit Test	Install dependencies	2026-08-21T16:25:47.5369042Z env:
Unit Test	Install dependencies	2026-08-21T16:25:47.5369947Z   pythonLocation: /opt/hostedtoolcache/Python/3.10.21/x64
Unit Test	Install dependencies	2026-08-21T16:25:47.5371415Z   PKG_CONFIG_PATH: /opt/hostedtoolcache/Python/3.10.21/x64/lib/pkgconfig
Unit Test	Install dependencies	2026-08-21T16:25:47.5373158Z   Python_ROOT_DIR: /opt/hostedtoolcache/Python/3.10.21/x64
Unit Test	Install dependencies	2026-08-21T16:25:47.5374599Z   Python2_ROOT_DIR: /opt/hostedtoolcache/Python/3.10.21/x64
Unit Test	Install dependencies	2026-08-21T16:25:47.5375891Z   Python3_ROOT_DIR: /opt/hostedtoolcache/Python/3.10.21/x64
Unit Test	Install dependencies	2026-08-21T16:25:47.5377293Z   LD_LIBRARY_PATH: /opt/hostedtoolcache/Python/3.10.21/x64/lib
Unit Test	Install dependencies	2026-08-21T16:25:47.5378506Z ##[endgroup]
Unit Test	Install dependencies	2026-08-21T16:25:52.6345920Z Collecting mlflow==2.13.0 (from -r requirements.txt (line 1))
Unit Test	Install dependencies	2026-08-21T16:25:52.7297619Z   Downloading mlflow-2.13.0-py3-none-any.whl.metadata (29 kB)
Unit Test	Install dependencies	2026-08-21T16:25:52.8909165Z Collecting scikit-learn==1.4.2 (from -r requirements.txt (line 2))
Unit Test	Install dependencies	2026-08-21T16:25:52.9137316Z   Downloading scikit_learn-1.4.2-cp310-cp310-manylinux_2_17_x86_64.manylinux2014_x86_64.whl.metadata (11 kB)
Unit Test	Install dependencies	2026-08-21T16:25:53.0816022Z Collecting pandas==2.2.2 (from -r requirements.txt (line 3))
Unit Test	Install dependencies	2026-08-21T16:25:53.1015842Z   Downloading pandas-2.2.2-cp310-cp310-manylinux_2_17_x86_64.manylinux2014_x86_64.whl.metadata (19 kB)
Unit Test	Install dependencies	2026-08-21T16:25:53.2069783Z Collecting dvc==3.50.1 (from dvc[gs]==3.50.1->-r requirements.txt (line 4))
Unit Test	Install dependencies	2026-08-21T16:25:53.2283594Z   Downloading dvc-3.50.1-py3-none-any.whl.metadata (17 kB)
Unit Test	Install dependencies	2026-08-21T16:25:53.2704418Z Collecting pathspec==0.11.2 (from -r requirements.txt (line 5))
Unit Test	Install dependencies	2026-08-21T16:25:53.2912010Z   Downloading pathspec-0.11.2-py3-none-any.whl.metadata (19 kB)
Unit Test	Install dependencies	2026-08-21T16:25:53.3378030Z Collecting pytest==8.2.0 (from -r requirements.txt (line 6))
Unit Test	Install dependencies	2026-08-21T16:25:53.3586938Z   Downloading pytest-8.2.0-py3-none-any.whl.metadata (7.5 kB)
Unit Test	Install dependencies	2026-08-21T16:25:53.4205704Z Collecting fastapi==0.111.0 (from -r requirements.txt (line 7))
Unit Test	Install dependencies	2026-08-21T16:25:53.4394891Z   Downloading fastapi-0.111.0-py3-none-any.whl.metadata (25 kB)
Unit Test	Install dependencies	2026-08-21T16:25:53.4851334Z Collecting uvicorn==0.29.0 (from -r requirements.txt (line 8))
Unit Test	Install dependencies	2026-08-21T16:25:53.5053253Z   Downloading uvicorn-0.29.0-py3-none-any.whl.metadata (6.3 kB)
Unit Test	Install dependencies	2026-08-21T16:25:53.5418267Z Collecting joblib==1.4.2 (from -r requirements.txt (line 9))
Unit Test	Install dependencies	2026-08-21T16:25:53.5613292Z   Downloading joblib-1.4.2-py3-none-any.whl.metadata (5.4 kB)
Unit Test	Install dependencies	2026-08-21T16:25:53.6003475Z Collecting google-cloud-storage==2.16.0 (from -r requirements.txt (line 10))
Unit Test	Install dependencies	2026-08-21T16:25:53.6195568Z   Downloading google_cloud_storage-2.16.0-py2.py3-none-any.whl.metadata (6.1 kB)
Unit Test	Install dependencies	2026-08-21T16:25:53.6898031Z Collecting pyyaml==6.0.1 (from -r requirements.txt (line 11))
Unit Test	Install dependencies	2026-08-21T16:25:53.7112236Z   Downloading PyYAML-6.0.1-cp310-cp310-manylinux_2_17_x86_64.manylinux2014_x86_64.whl.metadata (2.1 kB)
Unit Test	Install dependencies	2026-08-21T16:25:53.7454866Z Collecting Flask<4 (from mlflow==2.13.0->-r requirements.txt (line 1))
Unit Test	Install dependencies	2026-08-21T16:25:53.7649556Z   Downloading flask-3.1.3-py3-none-any.whl.metadata (3.2 kB)
Unit Test	Install dependencies	2026-08-21T16:25:53.8068064Z Collecting alembic!=1.10.0,<2 (from mlflow==2.13.0->-r requirements.txt (line 1))
Unit Test	Install dependencies	2026-08-21T16:25:53.8259984Z   Downloading alembic-1.19.1-py3-none-any.whl.metadata (7.3 kB)
Unit Test	Install dependencies	2026-08-21T16:25:53.8603396Z Collecting cachetools<6,>=5.0.0 (from mlflow==2.13.0->-r requirements.txt (line 1))
Unit Test	Install dependencies	2026-08-21T16:25:53.8794954Z   Downloading cachetools-5.5.2-py3-none-any.whl.metadata (5.4 kB)
Unit Test	Install dependencies	2026-08-21T16:25:53.9131886Z Collecting click<9,>=7.0 (from mlflow==2.13.0->-r requirements.txt (line 1))
Unit Test	Install dependencies	2026-08-21T16:25:53.9324434Z   Downloading click-8.4.2-py3-none-any.whl.metadata (2.6 kB)
Unit Test	Install dependencies	2026-08-21T16:25:53.9640720Z Collecting cloudpickle<4 (from mlflow==2.13.0->-r requirements.txt (line 1))
Unit Test	Install dependencies	2026-08-21T16:25:53.9831907Z   Downloading cloudpickle-3.1.2-py3-none-any.whl.metadata (7.1 kB)
Unit Test	Install dependencies	2026-08-21T16:25:54.0174169Z Collecting docker<8,>=4.0.0 (from mlflow==2.13.0->-r requirements.txt (line 1))
Unit Test	Install dependencies	2026-08-21T16:25:54.0368752Z   Downloading docker-7.2.0-py3-none-any.whl.metadata (3.8 kB)
Unit Test	Install dependencies	2026-08-21T16:25:54.0677204Z Collecting entrypoints<1 (from mlflow==2.13.0->-r requirements.txt (line 1))
Unit Test	Install dependencies	2026-08-21T16:25:54.0866250Z   Downloading entrypoints-0.4-py3-none-any.whl.metadata (2.6 kB)
Unit Test	Install dependencies	2026-08-21T16:25:54.1264248Z Collecting gitpython<4,>=3.1.9 (from mlflow==2.13.0->-r requirements.txt (line 1))
Unit Test	Install dependencies	2026-08-21T16:25:54.1456050Z   Downloading gitpython-3.1.59-py3-none-any.whl.metadata (13 kB)
Unit Test	Install dependencies	2026-08-21T16:25:54.1838893Z Collecting graphene<4 (from mlflow==2.13.0->-r requirements.txt (line 1))
Unit Test	Install dependencies	2026-08-21T16:25:54.2028500Z   Downloading graphene-3.4.3-py2.py3-none-any.whl.metadata (6.9 kB)
Unit Test	Install dependencies	2026-08-21T16:25:54.2531758Z Collecting importlib-metadata!=4.7.0,<8,>=3.7.0 (from mlflow==2.13.0->-r requirements.txt (line 1))
Unit Test	Install dependencies	2026-08-21T16:25:54.2724127Z   Downloading importlib_metadata-7.2.1-py3-none-any.whl.metadata (4.6 kB)
Unit Test	Install dependencies	2026-08-21T16:25:54.3081919Z Collecting markdown<4,>=3.3 (from mlflow==2.13.0->-r requirements.txt (line 1))
Unit Test	Install dependencies	2026-08-21T16:25:54.3273384Z   Downloading markdown-3.10.3-py3-none-any.whl.metadata (5.1 kB)
Unit Test	Install dependencies	2026-08-21T16:25:54.5075957Z Collecting matplotlib<4 (from mlflow==2.13.0->-r requirements.txt (line 1))
Unit Test	Install dependencies	2026-08-21T16:25:54.5270188Z   Downloading matplotlib-3.10.9-cp310-cp310-manylinux2014_x86_64.manylinux_2_17_x86_64.whl.metadata (52 kB)
Unit Test	Install dependencies	2026-08-21T16:25:54.8184496Z Collecting numpy<2 (from mlflow==2.13.0->-r requirements.txt (line 1))
Unit Test	Install dependencies	2026-08-21T16:25:54.8379915Z   Downloading numpy-1.26.4-cp310-cp310-manylinux_2_17_x86_64.manylinux2014_x86_64.whl.metadata (61 kB)
Unit Test	Install dependencies	2026-08-21T16:25:54.8827049Z Collecting opentelemetry-api<3,>=1.0.0 (from mlflow==2.13.0->-r requirements.txt (line 1))
Unit Test	Install dependencies	2026-08-21T16:25:54.9018761Z   Downloading opentelemetry_api-1.44.0-py3-none-any.whl.metadata (1.4 kB)
Unit Test	Install dependencies	2026-08-21T16:25:54.9402331Z Collecting opentelemetry-sdk<3,>=1.0.0 (from mlflow==2.13.0->-r requirements.txt (line 1))
Unit Test	Install dependencies	2026-08-21T16:25:54.9595570Z   Downloading opentelemetry_sdk-1.44.0-py3-none-any.whl.metadata (1.6 kB)
Unit Test	Install dependencies	2026-08-21T16:25:54.9937083Z Collecting packaging<25 (from mlflow==2.13.0->-r requirements.txt (line 1))
Unit Test	Install dependencies	2026-08-21T16:25:55.0128331Z   Downloading packaging-24.2-py3-none-any.whl.metadata (3.2 kB)
Unit Test	Install dependencies	2026-08-21T16:25:55.2077595Z Collecting protobuf<5,>=3.12.0 (from mlflow==2.13.0->-r requirements.txt (line 1))
Unit Test	Install dependencies	2026-08-21T16:25:55.2278570Z   Downloading protobuf-4.25.9-cp37-abi3-manylinux2014_x86_64.whl.metadata (541 bytes)
Unit Test	Install dependencies	2026-08-21T16:25:55.3401380Z Collecting pyarrow<16,>=4.0.0 (from mlflow==2.13.0->-r requirements.txt (line 1))
Unit Test	Install dependencies	2026-08-21T16:25:55.3592014Z   Downloading pyarrow-15.0.2-cp310-cp310-manylinux_2_28_x86_64.whl.metadata (3.0 kB)
Unit Test	Install dependencies	2026-08-21T16:25:55.4162164Z Collecting pytz<2025 (from mlflow==2.13.0->-r requirements.txt (line 1))
Unit Test	Install dependencies	2026-08-21T16:25:55.4351948Z   Downloading pytz-2024.2-py2.py3-none-any.whl.metadata (22 kB)
Unit Test	Install dependencies	2026-08-21T16:25:55.4626509Z Collecting querystring-parser<2 (from mlflow==2.13.0->-r requirements.txt (line 1))
Unit Test	Install dependencies	2026-08-21T16:25:55.4822688Z   Downloading querystring_parser-1.2.4-py2.py3-none-any.whl.metadata (559 bytes)
Unit Test	Install dependencies	2026-08-21T16:25:55.5219691Z Collecting requests<3,>=2.17.3 (from mlflow==2.13.0->-r requirements.txt (line 1))
Unit Test	Install dependencies	2026-08-21T16:25:55.5408947Z   Downloading requests-2.34.2-py3-none-any.whl.metadata (4.8 kB)
Unit Test	Install dependencies	2026-08-21T16:25:55.7313246Z Collecting scipy<2 (from mlflow==2.13.0->-r requirements.txt (line 1))
Unit Test	Install dependencies	2026-08-21T16:25:55.7514083Z   Downloading scipy-1.15.3-cp310-cp310-manylinux_2_17_x86_64.manylinux2014_x86_64.whl.metadata (61 kB)
Unit Test	Install dependencies	2026-08-21T16:25:56.1015410Z Collecting sqlalchemy<3,>=1.4.0 (from mlflow==2.13.0->-r requirements.txt (line 1))
Unit Test	Install dependencies	2026-08-21T16:25:56.1217183Z   Downloading sqlalchemy-2.0.52-cp310-cp310-manylinux2014_x86_64.manylinux_2_17_x86_64.manylinux_2_28_x86_64.whl.metadata (9.6 kB)
Unit Test	Install dependencies	2026-08-21T16:25:56.1602600Z Collecting sqlparse<1,>=0.4.0 (from mlflow==2.13.0->-r requirements.txt (line 1))
Unit Test	Install dependencies	2026-08-21T16:25:56.1797502Z   Downloading sqlparse-0.6.0-py3-none-any.whl.metadata (6.0 kB)
Unit Test	Install dependencies	2026-08-21T16:25:56.2109933Z Collecting Jinja2<4,>=2.11 (from mlflow==2.13.0->-r requirements.txt (line 1))
Unit Test	Install dependencies	2026-08-21T16:25:56.2300099Z   Downloading jinja2-3.1.6-py3-none-any.whl.metadata (2.9 kB)
Unit Test	Install dependencies	2026-08-21T16:25:56.2644908Z Collecting gunicorn<23 (from mlflow==2.13.0->-r requirements.txt (line 1))
Unit Test	Install dependencies	2026-08-21T16:25:56.2838503Z   Downloading gunicorn-22.0.0-py3-none-any.whl.metadata (4.4 kB)
Unit Test	Install dependencies	2026-08-21T16:25:56.3219141Z Collecting threadpoolctl>=2.0.0 (from scikit-learn==1.4.2->-r requirements.txt (line 2))
Unit Test	Install dependencies	2026-08-21T16:25:56.3411618Z   Downloading threadpoolctl-3.6.0-py3-none-any.whl.metadata (13 kB)
Unit Test	Install dependencies	2026-08-21T16:25:56.3737952Z Collecting python-dateutil>=2.8.2 (from pandas==2.2.2->-r requirements.txt (line 3))
Unit Test	Install dependencies	2026-08-21T16:25:56.3927247Z   Downloading python_dateutil-2.9.0.post0-py2.py3-none-any.whl.metadata (8.4 kB)
Unit Test	Install dependencies	2026-08-21T16:25:56.4256152Z Collecting tzdata>=2022.7 (from pandas==2.2.2->-r requirements.txt (line 3))
Unit Test	Install dependencies	2026-08-21T16:25:56.4446091Z   Downloading tzdata-2026.3-py2.py3-none-any.whl.metadata (1.4 kB)
Unit Test	Install dependencies	2026-08-21T16:25:56.4770538Z Collecting attrs>=22.2.0 (from dvc==3.50.1->dvc[gs]==3.50.1->-r requirements.txt (line 4))
Unit Test	Install dependencies	2026-08-21T16:25:56.4961736Z   Downloading attrs-26.1.0-py3-none-any.whl.metadata (8.8 kB)
Unit Test	Install dependencies	2026-08-21T16:25:56.5441109Z Collecting celery (from dvc==3.50.1->dvc[gs]==3.50.1->-r requirements.txt (line 4))
Unit Test	Install dependencies	2026-08-21T16:25:56.5633382Z   Downloading celery-5.6.3-py3-none-any.whl.metadata (23 kB)
Unit Test	Install dependencies	2026-08-21T16:25:56.6164796Z Collecting colorama>=0.3.9 (from dvc==3.50.1->dvc[gs]==3.50.1->-r requirements.txt (line 4))
Unit Test	Install dependencies	2026-08-21T16:25:56.6356911Z   Downloading colorama-0.4.6-py2.py3-none-any.whl.metadata (17 kB)
Unit Test	Install dependencies	2026-08-21T16:25:56.6875365Z Collecting configobj>=5.0.6 (from dvc==3.50.1->dvc[gs]==3.50.1->-r requirements.txt (line 4))
Unit Test	Install dependencies	2026-08-21T16:25:56.7078676Z   Downloading configobj-5.0.9-py2.py3-none-any.whl.metadata (3.2 kB)
Unit Test	Install dependencies	2026-08-21T16:25:56.7356311Z Collecting distro>=1.3 (from dvc==3.50.1->dvc[gs]==3.50.1->-r requirements.txt (line 4))
Unit Test	Install dependencies	2026-08-21T16:25:56.7546407Z   Downloading distro-1.9.0-py3-none-any.whl.metadata (6.8 kB)
Unit Test	Install dependencies	2026-08-21T16:25:56.7848529Z Collecting dpath<3,>=2.1.0 (from dvc==3.50.1->dvc[gs]==3.50.1->-r requirements.txt (line 4))
Unit Test	Install dependencies	2026-08-21T16:25:56.8069420Z   Downloading dpath-2.2.0-py3-none-any.whl.metadata (15 kB)
Unit Test	Install dependencies	2026-08-21T16:25:56.9958849Z Collecting dulwich (from dvc==3.50.1->dvc[gs]==3.50.1->-r requirements.txt (line 4))
Unit Test	Install dependencies	2026-08-21T16:25:57.0156598Z   Downloading dulwich-1.2.12-cp310-cp310-manylinux_2_28_x86_64.whl.metadata (6.0 kB)
Unit Test	Install dependencies	2026-08-21T16:25:57.0793442Z Collecting dvc-data<3.16,>=3.15 (from dvc==3.50.1->dvc[gs]==3.50.1->-r requirements.txt (line 4))
Unit Test	Install dependencies	2026-08-21T16:25:57.1018791Z   Downloading dvc_data-3.15.2-py3-none-any.whl.metadata (5.0 kB)
Unit Test	Install dependencies	2026-08-21T16:25:57.1323562Z Collecting dvc-http>=2.29.0 (from dvc==3.50.1->dvc[gs]==3.50.1->-r requirements.txt (line 4))
Unit Test	Install dependencies	2026-08-21T16:25:57.1526732Z   Downloading dvc_http-2.32.0-py3-none-any.whl.metadata (1.3 kB)
Unit Test	Install dependencies	2026-08-21T16:25:57.2001600Z Collecting dvc-objects (from dvc==3.50.1->dvc[gs]==3.50.1->-r requirements.txt (line 4))
Unit Test	Install dependencies	2026-08-21T16:25:57.2206804Z   Downloading dvc_objects-5.2.0-py3-none-any.whl.metadata (3.9 kB)
Unit Test	Install dependencies	2026-08-21T16:25:57.2529651Z Collecting dvc-render<2,>=1.0.1 (from dvc==3.50.1->dvc[gs]==3.50.1->-r requirements.txt (line 4))
Unit Test	Install dependencies	2026-08-21T16:25:57.2729747Z   Downloading dvc_render-1.0.2-py3-none-any.whl.metadata (5.4 kB)
Unit Test	Install dependencies	2026-08-21T16:25:57.3053026Z Collecting dvc-studio-client<1,>=0.20 (from dvc==3.50.1->dvc[gs]==3.50.1->-r requirements.txt (line 4))
Unit Test	Install dependencies	2026-08-21T16:25:57.3252273Z   Downloading dvc_studio_client-0.23.0-py3-none-any.whl.metadata (4.4 kB)
Unit Test	Install dependencies	2026-08-21T16:25:57.3556138Z Collecting dvc-task<1,>=0.3.0 (from dvc==3.50.1->dvc[gs]==3.50.1->-r requirements.txt (line 4))
Unit Test	Install dependencies	2026-08-21T16:25:57.3756517Z   Downloading dvc_task-0.40.2-py3-none-any.whl.metadata (10.0 kB)
Unit Test	Install dependencies	2026-08-21T16:25:57.4058250Z Collecting flatten-dict<1,>=0.4.1 (from dvc==3.50.1->dvc[gs]==3.50.1->-r requirements.txt (line 4))
Unit Test	Install dependencies	2026-08-21T16:25:57.4279465Z   Downloading flatten_dict-0.5.0-py3-none-any.whl.metadata (8.9 kB)
Unit Test	Install dependencies	2026-08-21T16:25:57.4564450Z Collecting flufl.lock<8,>=5 (from dvc==3.50.1->dvc[gs]==3.50.1->-r requirements.txt (line 4))
Unit Test	Install dependencies	2026-08-21T16:25:57.4768516Z   Downloading flufl.lock-7.1.1-py3-none-any.whl.metadata (3.3 kB)
Unit Test	Install dependencies	2026-08-21T16:25:57.5153559Z Collecting fsspec (from dvc==3.50.1->dvc[gs]==3.50.1->-r requirements.txt (line 4))
Unit Test	Install dependencies	2026-08-21T16:25:57.5344446Z   Downloading fsspec-2026.7.0-py3-none-any.whl.metadata (10 kB)
Unit Test	Install dependencies	2026-08-21T16:25:57.5914663Z Collecting funcy>=1.14 (from dvc==3.50.1->dvc[gs]==3.50.1->-r requirements.txt (line 4))
Unit Test	Install dependencies	2026-08-21T16:25:57.6103127Z   Downloading funcy-2.0-py2.py3-none-any.whl.metadata (5.9 kB)
Unit Test	Install dependencies	2026-08-21T16:25:57.6367122Z Collecting grandalf<1,>=0.7 (from dvc==3.50.1->dvc[gs]==3.50.1->-r requirements.txt (line 4))
Unit Test	Install dependencies	2026-08-21T16:25:57.6568637Z   Downloading grandalf-0.8-py3-none-any.whl.metadata (1.7 kB)
Unit Test	Install dependencies	2026-08-21T16:25:57.6896055Z Collecting gto<2,>=1.6.0 (from dvc==3.50.1->dvc[gs]==3.50.1->-r requirements.txt (line 4))
Unit Test	Install dependencies	2026-08-21T16:25:57.7094019Z   Downloading gto-1.10.1-py3-none-any.whl.metadata (4.8 kB)
Unit Test	Install dependencies	2026-08-21T16:25:57.7444553Z Collecting hydra-core>=1.1 (from dvc==3.50.1->dvc[gs]==3.50.1->-r requirements.txt (line 4))
Unit Test	Install dependencies	2026-08-21T16:25:57.7646985Z   Downloading hydra_core-1.3.5-py3-none-any.whl.metadata (5.7 kB)
Unit Test	Install dependencies	2026-08-21T16:25:57.7926566Z Collecting iterative-telemetry>=0.0.7 (from dvc==3.50.1->dvc[gs]==3.50.1->-r requirements.txt (line 4))
Unit Test	Install dependencies	2026-08-21T16:25:57.8128995Z   Downloading iterative_telemetry-0.0.10-py3-none-any.whl.metadata (4.1 kB)
Unit Test	Install dependencies	2026-08-21T16:25:57.8613116Z Collecting kombu (from dvc==3.50.1->dvc[gs]==3.50.1->-r requirements.txt (line 4))
Unit Test	Install dependencies	2026-08-21T16:25:57.8806232Z   Downloading kombu-5.6.2-py3-none-any.whl.metadata (3.5 kB)
Unit Test	Install dependencies	2026-08-21T16:25:57.9247597Z Collecting networkx>=2.5 (from dvc==3.50.1->dvc[gs]==3.50.1->-r requirements.txt (line 4))
Unit Test	Install dependencies	2026-08-21T16:25:57.9440128Z   Downloading networkx-3.4.2-py3-none-any.whl.metadata (6.3 kB)
Unit Test	Install dependencies	2026-08-21T16:25:57.9939176Z Collecting omegaconf (from dvc==3.50.1->dvc[gs]==3.50.1->-r requirements.txt (line 4))
Unit Test	Install dependencies	2026-08-21T16:25:58.0140529Z   Downloading omegaconf-2.3.1-py3-none-any.whl.metadata (4.5 kB)
Unit Test	Install dependencies	2026-08-21T16:25:58.0518735Z Collecting platformdirs<4,>=3.1.1 (from dvc==3.50.1->dvc[gs]==3.50.1->-r requirements.txt (line 4))
Unit Test	Install dependencies	2026-08-21T16:25:58.0723938Z   Downloading platformdirs-3.11.0-py3-none-any.whl.metadata (11 kB)
Unit Test	Install dependencies	2026-08-21T16:25:58.1665084Z Collecting psutil>=5.8 (from dvc==3.50.1->dvc[gs]==3.50.1->-r requirements.txt (line 4))
Unit Test	Install dependencies	2026-08-21T16:25:58.1861170Z   Downloading psutil-7.2.2-cp36-abi3-manylinux2010_x86_64.manylinux_2_12_x86_64.manylinux_2_28_x86_64.whl.metadata (22 kB)
Unit Test	Install dependencies	2026-08-21T16:25:58.2207628Z Collecting pydot>=1.2.4 (from dvc==3.50.1->dvc[gs]==3.50.1->-r requirements.txt (line 4))
Unit Test	Install dependencies	2026-08-21T16:25:58.2405409Z   Downloading pydot-4.0.1-py3-none-any.whl.metadata (11 kB)
Unit Test	Install dependencies	2026-08-21T16:25:58.2717931Z Collecting pygtrie>=2.3.2 (from dvc==3.50.1->dvc[gs]==3.50.1->-r requirements.txt (line 4))
Unit Test	Install dependencies	2026-08-21T16:25:58.2917983Z   Downloading pygtrie-2.5.0-py3-none-any.whl.metadata (7.5 kB)
Unit Test	Install dependencies	2026-08-21T16:25:58.3665881Z Collecting pyparsing>=2.4.7 (from dvc==3.50.1->dvc[gs]==3.50.1->-r requirements.txt (line 4))
Unit Test	Install dependencies	2026-08-21T16:25:58.3860647Z   Downloading pyparsing-3.3.2-py3-none-any.whl.metadata (5.8 kB)
Unit Test	Install dependencies	2026-08-21T16:25:58.4414394Z Collecting rich>=12 (from dvc==3.50.1->dvc[gs]==3.50.1->-r requirements.txt (line 4))
Unit Test	Install dependencies	2026-08-21T16:25:58.4606695Z   Downloading rich-15.0.0-py3-none-any.whl.metadata (18 kB)
Unit Test	Install dependencies	2026-08-21T16:25:58.6175527Z Collecting ruamel.yaml>=0.17.11 (from dvc==3.50.1->dvc[gs]==3.50.1->-r requirements.txt (line 4))
Unit Test	Install dependencies	2026-08-21T16:25:58.6370668Z   Downloading ruamel_yaml-0.19.1-py3-none-any.whl.metadata (16 kB)
Unit Test	Install dependencies	2026-08-21T16:25:58.6761299Z Collecting scmrepo<4,>=3.3.2 (from dvc==3.50.1->dvc[gs]==3.50.1->-r requirements.txt (line 4))
Unit Test	Install dependencies	2026-08-21T16:25:58.6960573Z   Downloading scmrepo-3.6.2-py3-none-any.whl.metadata (4.8 kB)
Unit Test	Install dependencies	2026-08-21T16:25:58.7266694Z Collecting shortuuid>=0.5 (from dvc==3.50.1->dvc[gs]==3.50.1->-r requirements.txt (line 4))
Unit Test	Install dependencies	2026-08-21T16:25:58.7467397Z   Downloading shortuuid-1.0.13-py3-none-any.whl.metadata (5.8 kB)
Unit Test	Install dependencies	2026-08-21T16:25:58.7805346Z Collecting shtab<2,>=1.3.4 (from dvc==3.50.1->dvc[gs]==3.50.1->-r requirements.txt (line 4))
Unit Test	Install dependencies	2026-08-21T16:25:58.8004813Z   Downloading shtab-1.11.0-py3-none-any.whl.metadata (7.5 kB)
Unit Test	Install dependencies	2026-08-21T16:25:58.8286553Z Collecting tabulate>=0.8.7 (from dvc==3.50.1->dvc[gs]==3.50.1->-r requirements.txt (line 4))
Unit Test	Install dependencies	2026-08-21T16:25:58.8478440Z   Downloading tabulate-0.10.0-py3-none-any.whl.metadata (40 kB)
Unit Test	Install dependencies	2026-08-21T16:25:58.8823626Z Collecting tomlkit>=0.11.1 (from dvc==3.50.1->dvc[gs]==3.50.1->-r requirements.txt (line 4))
Unit Test	Install dependencies	2026-08-21T16:25:58.9014119Z   Downloading tomlkit-0.15.1-py3-none-any.whl.metadata (3.3 kB)
Unit Test	Install dependencies	2026-08-21T16:25:58.9468542Z Collecting tqdm<5,>=4.63.1 (from dvc==3.50.1->dvc[gs]==3.50.1->-r requirements.txt (line 4))
Unit Test	Install dependencies	2026-08-21T16:25:58.9662938Z   Downloading tqdm-4.70.0-py3-none-any.whl.metadata (57 kB)
Unit Test	Install dependencies	2026-08-21T16:25:59.0033272Z Collecting voluptuous>=0.11.7 (from dvc==3.50.1->dvc[gs]==3.50.1->-r requirements.txt (line 4))
Unit Test	Install dependencies	2026-08-21T16:25:59.0239084Z   Downloading voluptuous-0.16.0-py3-none-any.whl.metadata (20 kB)
Unit Test	Install dependencies	2026-08-21T16:25:59.0540730Z Collecting zc.lockfile>=1.2.1 (from dvc==3.50.1->dvc[gs]==3.50.1->-r requirements.txt (line 4))
Unit Test	Install dependencies	2026-08-21T16:25:59.0749864Z   Downloading zc_lockfile-4.0-py3-none-any.whl.metadata (6.6 kB)
Unit Test	Install dependencies	2026-08-21T16:25:59.1032256Z Collecting iniconfig (from pytest==8.2.0->-r requirements.txt (line 6))
Unit Test	Install dependencies	2026-08-21T16:25:59.1222068Z   Downloading iniconfig-2.3.0-py3-none-any.whl.metadata (2.5 kB)
Unit Test	Install dependencies	2026-08-21T16:25:59.1501793Z Collecting pluggy<2.0,>=1.5 (from pytest==8.2.0->-r requirements.txt (line 6))
Unit Test	Install dependencies	2026-08-21T16:25:59.1692101Z   Downloading pluggy-1.6.0-py3-none-any.whl.metadata (4.8 kB)
Unit Test	Install dependencies	2026-08-21T16:25:59.1984337Z Collecting exceptiongroup>=1.0.0rc8 (from pytest==8.2.0->-r requirements.txt (line 6))
Unit Test	Install dependencies	2026-08-21T16:25:59.2175640Z   Downloading exceptiongroup-1.3.1-py3-none-any.whl.metadata (6.7 kB)
Unit Test	Install dependencies	2026-08-21T16:25:59.2584389Z Collecting tomli>=1 (from pytest==8.2.0->-r requirements.txt (line 6))
Unit Test	Install dependencies	2026-08-21T16:25:59.2774893Z   Downloading tomli-2.4.1-py3-none-any.whl.metadata (10 kB)
Unit Test	Install dependencies	2026-08-21T16:25:59.3193866Z Collecting starlette<0.38.0,>=0.37.2 (from fastapi==0.111.0->-r requirements.txt (line 7))
Unit Test	Install dependencies	2026-08-21T16:25:59.3385619Z   Downloading starlette-0.37.2-py3-none-any.whl.metadata (5.9 kB)
Unit Test	Install dependencies	2026-08-21T16:25:59.4859287Z Collecting pydantic!=1.8,!=1.8.1,!=2.0.0,!=2.0.1,!=2.1.0,<3.0.0,>=1.7.4 (from fastapi==0.111.0->-r requirements.txt (line 7))
Unit Test	Install dependencies	2026-08-21T16:25:59.5051303Z   Downloading pydantic-2.13.4-py3-none-any.whl.metadata (109 kB)
Unit Test	Install dependencies	2026-08-21T16:25:59.5468047Z Collecting typing-extensions>=4.8.0 (from fastapi==0.111.0->-r requirements.txt (line 7))
Unit Test	Install dependencies	2026-08-21T16:25:59.5663603Z   Downloading typing_extensions-4.16.0-py3-none-any.whl.metadata (3.3 kB)
Unit Test	Install dependencies	2026-08-21T16:25:59.5965875Z Collecting fastapi-cli>=0.0.2 (from fastapi==0.111.0->-r requirements.txt (line 7))
Unit Test	Install dependencies	2026-08-21T16:25:59.6156202Z   Downloading fastapi_cli-0.0.32-py3-none-any.whl.metadata (6.7 kB)
Unit Test	Install dependencies	2026-08-21T16:25:59.6505051Z Collecting httpx>=0.23.0 (from fastapi==0.111.0->-r requirements.txt (line 7))
Unit Test	Install dependencies	2026-08-21T16:25:59.6695741Z   Downloading httpx-0.28.1-py3-none-any.whl.metadata (7.1 kB)
Unit Test	Install dependencies	2026-08-21T16:25:59.7042448Z Collecting python-multipart>=0.0.7 (from fastapi==0.111.0->-r requirements.txt (line 7))
Unit Test	Install dependencies	2026-08-21T16:25:59.7233889Z   Downloading python_multipart-0.0.32-py3-none-any.whl.metadata (2.1 kB)
Unit Test	Install dependencies	2026-08-21T16:25:59.8577083Z Collecting ujson!=4.0.2,!=4.1.0,!=4.2.0,!=4.3.0,!=5.0.0,!=5.1.0,>=4.0.1 (from fastapi==0.111.0->-r requirements.txt (line 7))
Unit Test	Install dependencies	2026-08-21T16:25:59.8778867Z   Downloading ujson-5.13.0-cp310-cp310-manylinux_2_24_x86_64.manylinux_2_28_x86_64.whl.metadata (10.0 kB)
Unit Test	Install dependencies	2026-08-21T16:26:00.1890766Z Collecting orjson>=3.2.1 (from fastapi==0.111.0->-r requirements.txt (line 7))
Unit Test	Install dependencies	2026-08-21T16:26:00.2086711Z   Downloading orjson-3.12.0-cp310-cp310-manylinux_2_17_x86_64.manylinux2014_x86_64.whl.metadata (41 kB)
Unit Test	Install dependencies	2026-08-21T16:26:00.2409138Z Collecting email_validator>=2.0.0 (from fastapi==0.111.0->-r requirements.txt (line 7))
Unit Test	Install dependencies	2026-08-21T16:26:00.2602154Z   Downloading email_validator-2.3.0-py3-none-any.whl.metadata (26 kB)
Unit Test	Install dependencies	2026-08-21T16:26:00.2917093Z Collecting h11>=0.8 (from uvicorn==0.29.0->-r requirements.txt (line 8))
Unit Test	Install dependencies	2026-08-21T16:26:00.3110603Z   Downloading h11-0.16.0-py3-none-any.whl.metadata (8.3 kB)
Unit Test	Install dependencies	2026-08-21T16:26:00.3661504Z Collecting google-auth<3.0dev,>=2.26.1 (from google-cloud-storage==2.16.0->-r requirements.txt (line 10))
Unit Test	Install dependencies	2026-08-21T16:26:00.3858460Z   Downloading google_auth-2.56.3-py3-none-any.whl.metadata (6.0 kB)
Unit Test	Install dependencies	2026-08-21T16:26:00.4424009Z Collecting google-api-core<3.0.0dev,>=2.15.0 (from google-cloud-storage==2.16.0->-r requirements.txt (line 10))
Unit Test	Install dependencies	2026-08-21T16:26:00.4618831Z   Downloading google_api_core-2.34.0-py3-none-any.whl.metadata (2.9 kB)
Unit Test	Install dependencies	2026-08-21T16:26:00.4953421Z Collecting google-cloud-core<3.0dev,>=2.3.0 (from google-cloud-storage==2.16.0->-r requirements.txt (line 10))
Unit Test	Install dependencies	2026-08-21T16:26:00.5145981Z   Downloading google_cloud_core-2.6.1-py3-none-any.whl.metadata (2.8 kB)
Unit Test	Install dependencies	2026-08-21T16:26:00.5468043Z Collecting google-resumable-media>=2.6.0 (from google-cloud-storage==2.16.0->-r requirements.txt (line 10))
Unit Test	Install dependencies	2026-08-21T16:26:00.5662475Z   Downloading google_resumable_media-2.10.1-py3-none-any.whl.metadata (2.2 kB)
Unit Test	Install dependencies	2026-08-21T16:26:00.6393032Z Collecting google-crc32c<2.0dev,>=1.0 (from google-cloud-storage==2.16.0->-r requirements.txt (line 10))
Unit Test	Install dependencies	2026-08-21T16:26:00.6585627Z   Downloading google_crc32c-1.8.0-cp310-cp310-manylinux1_x86_64.manylinux2014_x86_64.manylinux_2_17_x86_64.manylinux_2_5_x86_64.whl.metadata (1.7 kB)
Unit Test	Install dependencies	2026-08-21T16:26:00.7370440Z Collecting dvc-gs<4,>=3 (from dvc[gs]==3.50.1->-r requirements.txt (line 4))
Unit Test	Install dependencies	2026-08-21T16:26:00.7573422Z   Downloading dvc_gs-3.1.0-py3-none-any.whl.metadata (1.3 kB)
Unit Test	Install dependencies	2026-08-21T16:26:00.8055034Z Collecting Mako (from alembic!=1.10.0,<2->mlflow==2.13.0->-r requirements.txt (line 1))
Unit Test	Install dependencies	2026-08-21T16:26:00.8247436Z   Downloading mako-1.4.1-py3-none-any.whl.metadata (2.9 kB)
Unit Test	Install dependencies	2026-08-21T16:26:00.8747854Z Collecting urllib3>=1.26.0 (from docker<8,>=4.0.0->mlflow==2.13.0->-r requirements.txt (line 1))
Unit Test	Install dependencies	2026-08-21T16:26:00.8937993Z   Downloading urllib3-2.7.0-py3-none-any.whl.metadata (6.9 kB)
Unit Test	Install dependencies	2026-08-21T16:26:00.9247241Z Collecting dictdiffer>=0.8.1 (from dvc-data<3.16,>=3.15->dvc==3.50.1->dvc[gs]==3.50.1->-r requirements.txt (line 4))
Unit Test	Install dependencies	2026-08-21T16:26:00.9452080Z   Downloading dictdiffer-0.10.0-py3-none-any.whl.metadata (2.9 kB)
Unit Test	Install dependencies	2026-08-21T16:26:00.9795820Z Collecting diskcache>=5.2.1 (from dvc-data<3.16,>=3.15->dvc==3.50.1->dvc[gs]==3.50.1->-r requirements.txt (line 4))
Unit Test	Install dependencies	2026-08-21T16:26:00.9986914Z   Downloading diskcache-5.6.3-py3-none-any.whl.metadata (20 kB)
Unit Test	Install dependencies	2026-08-21T16:26:01.0350355Z Collecting sqltrie<1,>=0.11.0 (from dvc-data<3.16,>=3.15->dvc==3.50.1->dvc[gs]==3.50.1->-r requirements.txt (line 4))
Unit Test	Install dependencies	2026-08-21T16:26:01.0551991Z   Downloading sqltrie-0.11.2-py3-none-any.whl.metadata (3.3 kB)
Unit Test	Install dependencies	2026-08-21T16:26:01.0943286Z Collecting gcsfs>=2022.11.0 (from dvc-gs<4,>=3->dvc[gs]==3.50.1->-r requirements.txt (line 4))
Unit Test	Install dependencies	2026-08-21T16:26:01.1149530Z   Downloading gcsfs-2026.8.0-py3-none-any.whl.metadata (4.6 kB)
Unit Test	Install dependencies	2026-08-21T16:26:01.1741182Z Collecting billiard<5.0,>=4.2.1 (from celery->dvc==3.50.1->dvc[gs]==3.50.1->-r requirements.txt (line 4))
Unit Test	Install dependencies	2026-08-21T16:26:01.1932571Z   Downloading billiard-4.2.4-py3-none-any.whl.metadata (4.8 kB)
Unit Test	Install dependencies	2026-08-21T16:26:01.2228666Z Collecting vine<6.0,>=5.1.0 (from celery->dvc==3.50.1->dvc[gs]==3.50.1->-r requirements.txt (line 4))
Unit Test	Install dependencies	2026-08-21T16:26:01.2422206Z   Downloading vine-5.1.0-py3-none-any.whl.metadata (2.7 kB)
Unit Test	Install dependencies	2026-08-21T16:26:01.2696866Z Collecting click-didyoumean>=0.3.0 (from celery->dvc==3.50.1->dvc[gs]==3.50.1->-r requirements.txt (line 4))
Unit Test	Install dependencies	2026-08-21T16:26:01.2887454Z   Downloading click_didyoumean-0.3.1-py3-none-any.whl.metadata (3.9 kB)
Unit Test	Install dependencies	2026-08-21T16:26:01.3146006Z Collecting click-repl>=0.2.0 (from celery->dvc==3.50.1->dvc[gs]==3.50.1->-r requirements.txt (line 4))
Unit Test	Install dependencies	2026-08-21T16:26:01.3338845Z   Downloading click_repl-0.3.0-py3-none-any.whl.metadata (3.6 kB)
Unit Test	Install dependencies	2026-08-21T16:26:01.3598637Z Collecting click-plugins>=1.1.1 (from celery->dvc==3.50.1->dvc[gs]==3.50.1->-r requirements.txt (line 4))
Unit Test	Install dependencies	2026-08-21T16:26:01.3788651Z   Downloading click_plugins-1.1.1.2-py2.py3-none-any.whl.metadata (6.5 kB)
Unit Test	Install dependencies	2026-08-21T16:26:01.4106991Z Collecting tzlocal (from celery->dvc==3.50.1->dvc[gs]==3.50.1->-r requirements.txt (line 4))
Unit Test	Install dependencies	2026-08-21T16:26:01.4297663Z   Downloading tzlocal-5.4.4-py3-none-any.whl.metadata (7.7 kB)
Unit Test	Install dependencies	2026-08-21T16:26:01.4600266Z Collecting blinker>=1.9.0 (from Flask<4->mlflow==2.13.0->-r requirements.txt (line 1))
Unit Test	Install dependencies	2026-08-21T16:26:01.4789976Z   Downloading blinker-1.9.0-py3-none-any.whl.metadata (1.6 kB)
Unit Test	Install dependencies	2026-08-21T16:26:01.5073702Z Collecting itsdangerous>=2.2.0 (from Flask<4->mlflow==2.13.0->-r requirements.txt (line 1))
Unit Test	Install dependencies	2026-08-21T16:26:01.5264795Z   Downloading itsdangerous-2.2.0-py3-none-any.whl.metadata (1.9 kB)
Unit Test	Install dependencies	2026-08-21T16:26:01.5990258Z Collecting markupsafe>=2.1.1 (from Flask<4->mlflow==2.13.0->-r requirements.txt (line 1))
Unit Test	Install dependencies	2026-08-21T16:26:01.6183020Z   Downloading markupsafe-3.0.3-cp310-cp310-manylinux2014_x86_64.manylinux_2_17_x86_64.manylinux_2_28_x86_64.whl.metadata (2.7 kB)
Unit Test	Install dependencies	2026-08-21T16:26:01.6530269Z Collecting werkzeug>=3.1.0 (from Flask<4->mlflow==2.13.0->-r requirements.txt (line 1))
Unit Test	Install dependencies	2026-08-21T16:26:01.6723124Z   Downloading werkzeug-3.1.8-py3-none-any.whl.metadata (4.0 kB)
Unit Test	Install dependencies	2026-08-21T16:26:01.7027650Z Collecting atpublic>=2.3 (from flufl.lock<8,>=5->dvc==3.50.1->dvc[gs]==3.50.1->-r requirements.txt (line 4))
Unit Test	Install dependencies	2026-08-21T16:26:01.7223266Z   Downloading atpublic-7.0.0-py3-none-any.whl.metadata (2.0 kB)
Unit Test	Install dependencies	2026-08-21T16:26:01.7525713Z Collecting gitdb<5,>=4.0.1 (from gitpython<4,>=3.1.9->mlflow==2.13.0->-r requirements.txt (line 1))
Unit Test	Install dependencies	2026-08-21T16:26:01.7717646Z   Downloading gitdb-4.0.12-py3-none-any.whl.metadata (1.2 kB)
Unit Test	Install dependencies	2026-08-21T16:26:01.7992400Z Collecting smmap<6,>=3.0.1 (from gitdb<5,>=4.0.1->gitpython<4,>=3.1.9->mlflow==2.13.0->-r requirements.txt (line 1))
Unit Test	Install dependencies	2026-08-21T16:26:01.8182302Z   Downloading smmap-5.0.3-py3-none-any.whl.metadata (4.6 kB)
Unit Test	Install dependencies	2026-08-21T16:26:01.8523904Z Collecting googleapis-common-protos<2.0.0,>=1.69.2 (from google-api-core<3.0.0dev,>=2.15.0->google-cloud-storage==2.16.0->-r requirements.txt (line 10))
Unit Test	Install dependencies	2026-08-21T16:26:01.8717414Z   Downloading googleapis_common_protos-1.75.1-py3-none-any.whl.metadata (8.5 kB)
Unit Test	Install dependencies	2026-08-21T16:26:01.8816434Z INFO: pip is looking at multiple versions of google-api-core to determine which version is compatible with other requirements. This could take a while.
Unit Test	Install dependencies	2026-08-21T16:26:01.8822448Z Collecting google-api-core<3.0.0dev,>=2.15.0 (from google-cloud-storage==2.16.0->-r requirements.txt (line 10))
Unit Test	Install dependencies	2026-08-21T16:26:01.9013640Z   Downloading google_api_core-2.33.0-py3-none-any.whl.metadata (3.2 kB)
Unit Test	Install dependencies	2026-08-21T16:26:01.9346055Z   Downloading google_api_core-2.32.0-py3-none-any.whl.metadata (3.2 kB)
Unit Test	Install dependencies	2026-08-21T16:26:01.9588942Z   Downloading google_api_core-2.31.0-py3-none-any.whl.metadata (3.2 kB)
Unit Test	Install dependencies	2026-08-21T16:26:01.9831723Z   Downloading google_api_core-2.30.3-py3-none-any.whl.metadata (3.1 kB)
Unit Test	Install dependencies	2026-08-21T16:26:02.0252386Z Collecting proto-plus<2.0.0,>=1.22.3 (from google-api-core<3.0.0dev,>=2.15.0->google-cloud-storage==2.16.0->-r requirements.txt (line 10))
Unit Test	Install dependencies	2026-08-21T16:26:02.0443730Z   Downloading proto_plus-1.28.3-py3-none-any.whl.metadata (2.2 kB)
Unit Test	Install dependencies	2026-08-21T16:26:02.0914832Z Collecting pyasn1-modules>=0.2.1 (from google-auth<3.0dev,>=2.26.1->google-cloud-storage==2.16.0->-r requirements.txt (line 10))
Unit Test	Install dependencies	2026-08-21T16:26:02.1106204Z   Downloading pyasn1_modules-0.4.2-py3-none-any.whl.metadata (3.5 kB)
Unit Test	Install dependencies	2026-08-21T16:26:02.3387905Z Collecting cryptography>=38.0.3 (from google-auth<3.0dev,>=2.26.1->google-cloud-storage==2.16.0->-r requirements.txt (line 10))
Unit Test	Install dependencies	2026-08-21T16:26:02.3586500Z   Downloading cryptography-50.0.0-cp39-abi3-manylinux_2_34_x86_64.whl.metadata (4.3 kB)
Unit Test	Install dependencies	2026-08-21T16:26:02.3848021Z INFO: pip is looking at multiple versions of googleapis-common-protos to determine which version is compatible with other requirements. This could take a while.
Unit Test	Install dependencies	2026-08-21T16:26:02.3854801Z Collecting googleapis-common-protos<2.0.0,>=1.63.2 (from google-api-core<3.0.0dev,>=2.15.0->google-cloud-storage==2.16.0->-r requirements.txt (line 10))
Unit Test	Install dependencies	2026-08-21T16:26:02.4046530Z   Downloading googleapis_common_protos-1.75.0-py3-none-any.whl.metadata (8.6 kB)
Unit Test	Install dependencies	2026-08-21T16:26:02.4484889Z Collecting graphql-core<3.3,>=3.1 (from graphene<4->mlflow==2.13.0->-r requirements.txt (line 1))
Unit Test	Install dependencies	2026-08-21T16:26:02.4676052Z   Downloading graphql_core-3.2.11-py3-none-any.whl.metadata (11 kB)
Unit Test	Install dependencies	2026-08-21T16:26:02.4955638Z Collecting graphql-relay<3.3,>=3.1 (from graphene<4->mlflow==2.13.0->-r requirements.txt (line 1))
Unit Test	Install dependencies	2026-08-21T16:26:02.5147589Z   Downloading graphql_relay-3.2.0-py3-none-any.whl.metadata (12 kB)
Unit Test	Install dependencies	2026-08-21T16:26:02.5690768Z Collecting pydantic-settings>=2 (from gto<2,>=1.6.0->dvc==3.50.1->dvc[gs]==3.50.1->-r requirements.txt (line 4))
Unit Test	Install dependencies	2026-08-21T16:26:02.5880793Z   Downloading pydantic_settings-2.15.0-py3-none-any.whl.metadata (3.9 kB)
Unit Test	Install dependencies	2026-08-21T16:26:02.6217445Z Collecting semver>=2.13.0 (from gto<2,>=1.6.0->dvc==3.50.1->dvc[gs]==3.50.1->-r requirements.txt (line 4))
Unit Test	Install dependencies	2026-08-21T16:26:02.6407956Z   Downloading semver-3.0.4-py3-none-any.whl.metadata (6.8 kB)
Unit Test	Install dependencies	2026-08-21T16:26:02.6792240Z Collecting zipp>=0.5 (from importlib-metadata!=4.7.0,<8,>=3.7.0->mlflow==2.13.0->-r requirements.txt (line 1))
Unit Test	Install dependencies	2026-08-21T16:26:02.6988841Z   Downloading zipp-4.1.0-py3-none-any.whl.metadata (3.6 kB)
Unit Test	Install dependencies	2026-08-21T16:26:02.7368139Z Collecting amqp<6.0.0,>=5.1.1 (from kombu->dvc==3.50.1->dvc[gs]==3.50.1->-r requirements.txt (line 4))
Unit Test	Install dependencies	2026-08-21T16:26:02.7560784Z   Downloading amqp-5.3.1-py3-none-any.whl.metadata (8.9 kB)
Unit Test	Install dependencies	2026-08-21T16:26:02.8487403Z Collecting contourpy>=1.0.1 (from matplotlib<4->mlflow==2.13.0->-r requirements.txt (line 1))
Unit Test	Install dependencies	2026-08-21T16:26:02.8681210Z   Downloading contourpy-1.3.2-cp310-cp310-manylinux_2_17_x86_64.manylinux2014_x86_64.whl.metadata (5.5 kB)
Unit Test	Install dependencies	2026-08-21T16:26:02.8960097Z Collecting cycler>=0.10 (from matplotlib<4->mlflow==2.13.0->-r requirements.txt (line 1))
Unit Test	Install dependencies	2026-08-21T16:26:02.9152406Z   Downloading cycler-0.12.1-py3-none-any.whl.metadata (3.8 kB)
Unit Test	Install dependencies	2026-08-21T16:26:03.1622898Z Collecting fonttools>=4.22.0 (from matplotlib<4->mlflow==2.13.0->-r requirements.txt (line 1))
Unit Test	Install dependencies	2026-08-21T16:26:03.1819958Z   Downloading fonttools-4.63.0-cp310-cp310-manylinux2014_x86_64.manylinux_2_17_x86_64.whl.metadata (118 kB)
Unit Test	Install dependencies	2026-08-21T16:26:03.2818068Z Collecting kiwisolver>=1.3.1 (from matplotlib<4->mlflow==2.13.0->-r requirements.txt (line 1))
Unit Test	Install dependencies	2026-08-21T16:26:03.3008886Z   Downloading kiwisolver-1.5.0-cp310-cp310-manylinux_2_12_x86_64.manylinux2010_x86_64.whl.metadata (5.1 kB)
Unit Test	Install dependencies	2026-08-21T16:26:03.5204028Z Collecting pillow>=8 (from matplotlib<4->mlflow==2.13.0->-r requirements.txt (line 1))
Unit Test	Install dependencies	2026-08-21T16:26:03.5399111Z   Downloading pillow-12.3.0-cp310-cp310-manylinux_2_27_x86_64.manylinux_2_28_x86_64.whl.metadata (9.1 kB)
Unit Test	Install dependencies	2026-08-21T16:26:03.5876656Z Collecting opentelemetry-semantic-conventions==0.65b0 (from opentelemetry-sdk<3,>=1.0.0->mlflow==2.13.0->-r requirements.txt (line 1))
Unit Test	Install dependencies	2026-08-21T16:26:03.6075391Z   Downloading opentelemetry_semantic_conventions-0.65b0-py3-none-any.whl.metadata (2.4 kB)
Unit Test	Install dependencies	2026-08-21T16:26:03.6172941Z INFO: pip is looking at multiple versions of proto-plus to determine which version is compatible with other requirements. This could take a while.
Unit Test	Install dependencies	2026-08-21T16:26:03.6180299Z Collecting proto-plus<2.0.0,>=1.22.3 (from google-api-core<3.0.0dev,>=2.15.0->google-cloud-storage==2.16.0->-r requirements.txt (line 10))
Unit Test	Install dependencies	2026-08-21T16:26:03.6370349Z   Downloading proto_plus-1.28.2-py3-none-any.whl.metadata (2.2 kB)
Unit Test	Install dependencies	2026-08-21T16:26:03.6703552Z Collecting annotated-types>=0.6.0 (from pydantic!=1.8,!=1.8.1,!=2.0.0,!=2.0.1,!=2.1.0,<3.0.0,>=1.7.4->fastapi==0.111.0->-r requirements.txt (line 7))
Unit Test	Install dependencies	2026-08-21T16:26:03.6894103Z   Downloading annotated_types-0.8.0-py3-none-any.whl.metadata (15 kB)
Unit Test	Install dependencies	2026-08-21T16:26:04.5873711Z Collecting pydantic-core==2.46.4 (from pydantic!=1.8,!=1.8.1,!=2.0.0,!=2.0.1,!=2.1.0,<3.0.0,>=1.7.4->fastapi==0.111.0->-r requirements.txt (line 7))
Unit Test	Install dependencies	2026-08-21T16:26:04.6070531Z   Downloading pydantic_core-2.46.4-cp310-cp310-manylinux_2_17_x86_64.manylinux2014_x86_64.whl.metadata (6.6 kB)
Unit Test	Install dependencies	2026-08-21T16:26:04.6356254Z Collecting typing-inspection>=0.4.2 (from pydantic!=1.8,!=1.8.1,!=2.0.0,!=2.0.1,!=2.1.0,<3.0.0,>=1.7.4->fastapi==0.111.0->-r requirements.txt (line 7))
Unit Test	Install dependencies	2026-08-21T16:26:04.6548664Z   Downloading typing_inspection-0.4.4-py3-none-any.whl.metadata (2.6 kB)
Unit Test	Install dependencies	2026-08-21T16:26:04.6877977Z Collecting six>=1.5 (from python-dateutil>=2.8.2->pandas==2.2.2->-r requirements.txt (line 3))
Unit Test	Install dependencies	2026-08-21T16:26:04.7069587Z   Downloading six-1.17.0-py2.py3-none-any.whl.metadata (1.7 kB)
Unit Test	Install dependencies	2026-08-21T16:26:04.9421567Z Collecting charset_normalizer<4,>=2 (from requests<3,>=2.17.3->mlflow==2.13.0->-r requirements.txt (line 1))
Unit Test	Install dependencies	2026-08-21T16:26:04.9623180Z   Downloading charset_normalizer-3.5.1-cp310-cp310-manylinux2014_x86_64.manylinux_2_17_x86_64.manylinux_2_28_x86_64.whl.metadata (45 kB)
Unit Test	Install dependencies	2026-08-21T16:26:04.9947419Z Collecting idna<4,>=2.5 (from requests<3,>=2.17.3->mlflow==2.13.0->-r requirements.txt (line 1))
Unit Test	Install dependencies	2026-08-21T16:26:05.0137615Z   Downloading idna-3.19-py3-none-any.whl.metadata (9.2 kB)
Unit Test	Install dependencies	2026-08-21T16:26:05.0527317Z Collecting certifi>=2023.5.7 (from requests<3,>=2.17.3->mlflow==2.13.0->-r requirements.txt (line 1))
Unit Test	Install dependencies	2026-08-21T16:26:05.0717979Z   Downloading certifi-2026.7.22-py3-none-any.whl.metadata (2.5 kB)
Unit Test	Install dependencies	2026-08-21T16:26:05.1944929Z Collecting pygit2>=1.14.0 (from scmrepo<4,>=3.3.2->dvc==3.50.1->dvc[gs]==3.50.1->-r requirements.txt (line 4))
Unit Test	Install dependencies	2026-08-21T16:26:05.2143315Z   Downloading pygit2-1.18.2-cp310-cp310-manylinux_2_26_x86_64.manylinux_2_28_x86_64.whl.metadata (3.6 kB)
Unit Test	Install dependencies	2026-08-21T16:26:05.2529177Z Collecting asyncssh<3,>=2.13.1 (from scmrepo<4,>=3.3.2->dvc==3.50.1->dvc[gs]==3.50.1->-r requirements.txt (line 4))
Unit Test	Install dependencies	2026-08-21T16:26:05.2729400Z   Downloading asyncssh-2.24.0-py3-none-any.whl.metadata (9.8 kB)
Unit Test	Install dependencies	2026-08-21T16:26:05.3030430Z Collecting aiohttp-retry>=2.5.0 (from scmrepo<4,>=3.3.2->dvc==3.50.1->dvc[gs]==3.50.1->-r requirements.txt (line 4))
Unit Test	Install dependencies	2026-08-21T16:26:05.3223270Z   Downloading aiohttp_retry-2.9.1-py3-none-any.whl.metadata (8.8 kB)
Unit Test	Install dependencies	2026-08-21T16:26:05.5244235Z Collecting greenlet>=1 (from sqlalchemy<3,>=1.4.0->mlflow==2.13.0->-r requirements.txt (line 1))
Unit Test	Install dependencies	2026-08-21T16:26:05.5438770Z   Downloading greenlet-3.5.5-cp310-cp310-manylinux_2_24_x86_64.manylinux_2_28_x86_64.whl.metadata (3.8 kB)
Unit Test	Install dependencies	2026-08-21T16:26:05.5851321Z Collecting anyio<5,>=3.4.0 (from starlette<0.38.0,>=0.37.2->fastapi==0.111.0->-r requirements.txt (line 7))
Unit Test	Install dependencies	2026-08-21T16:26:05.6042137Z   Downloading anyio-4.14.2-py3-none-any.whl.metadata (4.6 kB)
Unit Test	Install dependencies	2026-08-21T16:26:06.3163956Z Collecting aiohttp (from aiohttp-retry>=2.5.0->scmrepo<4,>=3.3.2->dvc==3.50.1->dvc[gs]==3.50.1->-r requirements.txt (line 4))
Unit Test	Install dependencies	2026-08-21T16:26:06.3362203Z   Downloading aiohttp-3.14.3-cp310-cp310-manylinux2014_x86_64.manylinux_2_17_x86_64.manylinux_2_28_x86_64.whl.metadata (8.3 kB)
Unit Test	Install dependencies	2026-08-21T16:26:06.3951433Z Collecting prompt-toolkit>=3.0.36 (from click-repl>=0.2.0->celery->dvc==3.50.1->dvc[gs]==3.50.1->-r requirements.txt (line 4))
Unit Test	Install dependencies	2026-08-21T16:26:06.4142132Z   Downloading prompt_toolkit-3.0.53-py3-none-any.whl.metadata (6.4 kB)
Unit Test	Install dependencies	2026-08-21T16:26:06.5575469Z Collecting cffi>=2.0.0 (from cryptography>=38.0.3->google-auth<3.0dev,>=2.26.1->google-cloud-storage==2.16.0->-r requirements.txt (line 10))
Unit Test	Install dependencies	2026-08-21T16:26:06.5769024Z   Downloading cffi-2.1.1-cp310-cp310-manylinux2014_x86_64.manylinux_2_17_x86_64.whl.metadata (2.5 kB)
Unit Test	Install dependencies	2026-08-21T16:26:06.6074464Z Collecting pycparser (from cffi>=2.0.0->cryptography>=38.0.3->google-auth<3.0dev,>=2.26.1->google-cloud-storage==2.16.0->-r requirements.txt (line 10))
Unit Test	Install dependencies	2026-08-21T16:26:06.6264605Z   Downloading pycparser-3.0-py3-none-any.whl.metadata (8.2 kB)
Unit Test	Install dependencies	2026-08-21T16:26:06.6640172Z Collecting dnspython>=2.0.0 (from email_validator>=2.0.0->fastapi==0.111.0->-r requirements.txt (line 7))
Unit Test	Install dependencies	2026-08-21T16:26:06.6829415Z   Downloading dnspython-2.8.0-py3-none-any.whl.metadata (5.7 kB)
Unit Test	Install dependencies	2026-08-21T16:26:06.7295519Z Collecting typer>=0.16.0 (from fastapi-cli>=0.0.2->fastapi==0.111.0->-r requirements.txt (line 7))
Unit Test	Install dependencies	2026-08-21T16:26:06.7486708Z   Downloading typer-0.27.1-py3-none-any.whl.metadata (16 kB)
Unit Test	Install dependencies	2026-08-21T16:26:06.7842553Z Collecting rich-toolkit>=0.14.8 (from fastapi-cli>=0.0.2->fastapi==0.111.0->-r requirements.txt (line 7))
Unit Test	Install dependencies	2026-08-21T16:26:06.8032695Z   Downloading rich_toolkit-0.20.3-py3-none-any.whl.metadata (1.0 kB)
Unit Test	Install dependencies	2026-08-21T16:26:06.8498762Z Collecting decorator>4.1.2 (from gcsfs>=2022.11.0->dvc-gs<4,>=3->dvc[gs]==3.50.1->-r requirements.txt (line 4))
Unit Test	Install dependencies	2026-08-21T16:26:06.8689874Z   Downloading decorator-5.3.1-py3-none-any.whl.metadata (3.9 kB)
Unit Test	Install dependencies	2026-08-21T16:26:06.8990695Z Collecting google-auth-oauthlib (from gcsfs>=2022.11.0->dvc-gs<4,>=3->dvc[gs]==3.50.1->-r requirements.txt (line 4))
Unit Test	Install dependencies	2026-08-21T16:26:06.9180091Z   Downloading google_auth_oauthlib-1.4.0-py3-none-any.whl.metadata (2.6 kB)
Unit Test	Install dependencies	2026-08-21T16:26:06.9538974Z Collecting google-cloud-storage-control (from gcsfs>=2022.11.0->dvc-gs<4,>=3->dvc[gs]==3.50.1->-r requirements.txt (line 4))
Unit Test	Install dependencies	2026-08-21T16:26:06.9735705Z   Downloading google_cloud_storage_control-1.13.0-py3-none-any.whl.metadata (9.8 kB)
Unit Test	Install dependencies	2026-08-21T16:26:06.9794598Z INFO: pip is looking at multiple versions of gcsfs to determine which version is compatible with other requirements. This could take a while.
Unit Test	Install dependencies	2026-08-21T16:26:06.9800056Z Collecting gcsfs>=2022.11.0 (from dvc-gs<4,>=3->dvc[gs]==3.50.1->-r requirements.txt (line 4))
Unit Test	Install dependencies	2026-08-21T16:26:07.0004640Z   Downloading gcsfs-2026.7.0-py3-none-any.whl.metadata (4.6 kB)
Unit Test	Install dependencies	2026-08-21T16:26:07.0259813Z   Downloading gcsfs-2026.6.0-py3-none-any.whl.metadata (4.6 kB)
Unit Test	Install dependencies	2026-08-21T16:26:07.0516374Z   Downloading gcsfs-2026.5.0-py3-none-any.whl.metadata (4.5 kB)
Unit Test	Install dependencies	2026-08-21T16:26:07.0789368Z   Downloading gcsfs-2026.4.0-py3-none-any.whl.metadata (4.5 kB)
Unit Test	Install dependencies	2026-08-21T16:26:07.1043886Z   Downloading gcsfs-2026.3.0-py3-none-any.whl.metadata (2.1 kB)
Unit Test	Install dependencies	2026-08-21T16:26:07.1285711Z   Downloading gcsfs-2026.2.0-py3-none-any.whl.metadata (2.1 kB)
Unit Test	Install dependencies	2026-08-21T16:26:07.1652686Z   Downloading gcsfs-2026.1.0-py3-none-any.whl.metadata (2.1 kB)
Unit Test	Install dependencies	2026-08-21T16:26:07.1692630Z INFO: pip is still looking at multiple versions of gcsfs to determine which version is compatible with other requirements. This could take a while.
Unit Test	Install dependencies	2026-08-21T16:26:07.1893362Z   Downloading gcsfs-2025.12.0-py3-none-any.whl.metadata (2.1 kB)
Unit Test	Install dependencies	2026-08-21T16:26:07.2130461Z   Downloading gcsfs-2025.10.0-py2.py3-none-any.whl.metadata (2.1 kB)
Unit Test	Install dependencies	2026-08-21T16:26:07.2367978Z   Downloading gcsfs-2025.9.0-py2.py3-none-any.whl.metadata (2.1 kB)
Unit Test	Install dependencies	2026-08-21T16:26:07.2609761Z   Downloading gcsfs-2025.7.0-py2.py3-none-any.whl.metadata (2.1 kB)
Unit Test	Install dependencies	2026-08-21T16:26:07.2847264Z   Downloading gcsfs-2025.5.1-py2.py3-none-any.whl.metadata (1.9 kB)
Unit Test	Install dependencies	2026-08-21T16:26:07.2885614Z INFO: This is taking longer than usual. You might need to provide the dependency resolver with stricter constraints to reduce runtime. See https://pip.pypa.io/warnings/backtracking for guidance. If you want to abort this run, press Ctrl + C.
Unit Test	Install dependencies	2026-08-21T16:26:07.3103117Z   Downloading gcsfs-2025.5.0.post1-py2.py3-none-any.whl.metadata (1.9 kB)
Unit Test	Install dependencies	2026-08-21T16:26:07.3348065Z   Downloading gcsfs-2025.5.0-py2.py3-none-any.whl.metadata (1.9 kB)
Unit Test	Install dependencies	2026-08-21T16:26:07.3586851Z   Downloading gcsfs-2025.3.2-py2.py3-none-any.whl.metadata (1.9 kB)
Unit Test	Install dependencies	2026-08-21T16:26:07.3827732Z   Downloading gcsfs-2025.3.1-py2.py3-none-any.whl.metadata (1.9 kB)
Unit Test	Install dependencies	2026-08-21T16:26:07.4068113Z   Downloading gcsfs-2025.3.0-py2.py3-none-any.whl.metadata (1.9 kB)
Unit Test	Install dependencies	2026-08-21T16:26:07.4314565Z   Downloading gcsfs-2025.2.0-py2.py3-none-any.whl.metadata (1.9 kB)
Unit Test	Install dependencies	2026-08-21T16:26:07.4555998Z   Downloading gcsfs-2024.12.0-py2.py3-none-any.whl.metadata (1.6 kB)
Unit Test	Install dependencies	2026-08-21T16:26:07.4796772Z   Downloading gcsfs-2024.10.0-py2.py3-none-any.whl.metadata (1.6 kB)
Unit Test	Install dependencies	2026-08-21T16:26:07.5040662Z   Downloading gcsfs-2024.9.0.post1-py2.py3-none-any.whl.metadata (1.6 kB)
Unit Test	Install dependencies	2026-08-21T16:26:07.5276142Z   Downloading gcsfs-2024.6.1-py2.py3-none-any.whl.metadata (1.6 kB)
Unit Test	Install dependencies	2026-08-21T16:26:07.5531564Z   Downloading gcsfs-2024.6.0-py2.py3-none-any.whl.metadata (1.6 kB)
Unit Test	Install dependencies	2026-08-21T16:26:07.5772432Z   Downloading gcsfs-2024.5.0-py2.py3-none-any.whl.metadata (1.6 kB)
Unit Test	Install dependencies	2026-08-21T16:26:07.6010175Z   Downloading gcsfs-2024.3.1-py2.py3-none-any.whl.metadata (1.6 kB)
Unit Test	Install dependencies	2026-08-21T16:26:07.6252409Z   Downloading gcsfs-2024.2.0-py2.py3-none-any.whl.metadata (1.6 kB)
Unit Test	Install dependencies	2026-08-21T16:26:07.6499168Z   Downloading gcsfs-2023.12.2.post1-py2.py3-none-any.whl.metadata (1.6 kB)
Unit Test	Install dependencies	2026-08-21T16:26:07.6733322Z   Downloading gcsfs-2023.12.1-py2.py3-none-any.whl.metadata (1.6 kB)
Unit Test	Install dependencies	2026-08-21T16:26:07.6978948Z   Downloading gcsfs-2023.12.0-py2.py3-none-any.whl.metadata (1.6 kB)
Unit Test	Install dependencies	2026-08-21T16:26:07.7216436Z   Downloading gcsfs-2023.10.0-py2.py3-none-any.whl.metadata (1.6 kB)
Unit Test	Install dependencies	2026-08-21T16:26:07.7460060Z   Downloading gcsfs-2023.9.2-py2.py3-none-any.whl.metadata (1.6 kB)
Unit Test	Install dependencies	2026-08-21T16:26:07.7696375Z   Downloading gcsfs-2023.9.1-py2.py3-none-any.whl.metadata (1.6 kB)
Unit Test	Install dependencies	2026-08-21T16:26:07.7938356Z   Downloading gcsfs-2023.9.0-py2.py3-none-any.whl.metadata (1.6 kB)
Unit Test	Install dependencies	2026-08-21T16:26:07.8179325Z   Downloading gcsfs-2023.6.0-py2.py3-none-any.whl.metadata (1.6 kB)
Unit Test	Install dependencies	2026-08-21T16:26:07.8418056Z   Downloading gcsfs-2023.5.0-py2.py3-none-any.whl.metadata (1.6 kB)
Unit Test	Install dependencies	2026-08-21T16:26:07.8657541Z   Downloading gcsfs-2023.4.0-py2.py3-none-any.whl.metadata (1.6 kB)
Unit Test	Install dependencies	2026-08-21T16:26:07.8900099Z   Downloading gcsfs-2023.3.0-py2.py3-none-any.whl.metadata (1.6 kB)
Unit Test	Install dependencies	2026-08-21T16:26:07.9134564Z   Downloading gcsfs-2023.1.0-py2.py3-none-any.whl.metadata (1.6 kB)
Unit Test	Install dependencies	2026-08-21T16:26:07.9371885Z   Downloading gcsfs-2022.11.0-py2.py3-none-any.whl.metadata (1.6 kB)
Unit Test	Install dependencies	2026-08-21T16:26:07.9435191Z Collecting fsspec[tqdm]>=2024.2.0 (from scmrepo<4,>=3.3.2->dvc==3.50.1->dvc[gs]==3.50.1->-r requirements.txt (line 4))
Unit Test	Install dependencies	2026-08-21T16:26:07.9625266Z   Downloading fsspec-2026.6.0-py3-none-any.whl.metadata (10 kB)
Unit Test	Install dependencies	2026-08-21T16:26:08.0074832Z Collecting fsspec (from dvc==3.50.1->dvc[gs]==3.50.1->-r requirements.txt (line 4))
Unit Test	Install dependencies	2026-08-21T16:26:08.0266864Z   Downloading fsspec-2026.3.0-py3-none-any.whl.metadata (10 kB)
Unit Test	Install dependencies	2026-08-21T16:26:08.0771980Z   Downloading fsspec-2026.2.0-py3-none-any.whl.metadata (10 kB)
Unit Test	Install dependencies	2026-08-21T16:26:08.1284059Z   Downloading fsspec-2026.1.0-py3-none-any.whl.metadata (10 kB)
Unit Test	Install dependencies	2026-08-21T16:26:08.1807625Z   Downloading fsspec-2025.12.0-py3-none-any.whl.metadata (10 kB)
Unit Test	Install dependencies	2026-08-21T16:26:08.2127471Z INFO: pip is looking at multiple versions of fsspec[tqdm] to determine which version is compatible with other requirements. This could take a while.
Unit Test	Install dependencies	2026-08-21T16:26:08.2135063Z Collecting fsspec[tqdm]>=2024.2.0 (from scmrepo<4,>=3.3.2->dvc==3.50.1->dvc[gs]==3.50.1->-r requirements.txt (line 4))
Unit Test	Install dependencies	2026-08-21T16:26:08.2336762Z   Downloading fsspec-2026.4.0-py3-none-any.whl.metadata (10 kB)
Unit Test	Install dependencies	2026-08-21T16:26:08.2936359Z Collecting aiohappyeyeballs>=2.5.0 (from aiohttp->aiohttp-retry>=2.5.0->scmrepo<4,>=3.3.2->dvc==3.50.1->dvc[gs]==3.50.1->-r requirements.txt (line 4))
Unit Test	Install dependencies	2026-08-21T16:26:08.3127255Z   Downloading aiohappyeyeballs-2.7.1-py3-none-any.whl.metadata (5.9 kB)
Unit Test	Install dependencies	2026-08-21T16:26:08.3386018Z Collecting aiosignal>=1.4.0 (from aiohttp->aiohttp-retry>=2.5.0->scmrepo<4,>=3.3.2->dvc==3.50.1->dvc[gs]==3.50.1->-r requirements.txt (line 4))
Unit Test	Install dependencies	2026-08-21T16:26:08.3578470Z   Downloading aiosignal-1.4.0-py3-none-any.whl.metadata (3.7 kB)
Unit Test	Install dependencies	2026-08-21T16:26:08.3929554Z Collecting async-timeout<6.0,>=4.0 (from aiohttp->aiohttp-retry>=2.5.0->scmrepo<4,>=3.3.2->dvc==3.50.1->dvc[gs]==3.50.1->-r requirements.txt (line 4))
Unit Test	Install dependencies	2026-08-21T16:26:08.4119920Z   Downloading async_timeout-5.0.1-py3-none-any.whl.metadata (5.1 kB)
Unit Test	Install dependencies	2026-08-21T16:26:08.5063700Z Collecting frozenlist>=1.1.1 (from aiohttp->aiohttp-retry>=2.5.0->scmrepo<4,>=3.3.2->dvc==3.50.1->dvc[gs]==3.50.1->-r requirements.txt (line 4))
Unit Test	Install dependencies	2026-08-21T16:26:08.5259144Z   Downloading frozenlist-1.8.0-cp310-cp310-manylinux1_x86_64.manylinux_2_28_x86_64.manylinux_2_5_x86_64.whl.metadata (20 kB)
Unit Test	Install dependencies	2026-08-21T16:26:08.9078599Z Collecting multidict<7.0,>=4.5 (from aiohttp->aiohttp-retry>=2.5.0->scmrepo<4,>=3.3.2->dvc==3.50.1->dvc[gs]==3.50.1->-r requirements.txt (line 4))
Unit Test	Install dependencies	2026-08-21T16:26:08.9279453Z   Downloading multidict-6.7.1-cp310-cp310-manylinux2014_x86_64.manylinux_2_17_x86_64.manylinux_2_28_x86_64.whl.metadata (5.3 kB)
Unit Test	Install dependencies	2026-08-21T16:26:09.0082859Z Collecting propcache>=0.2.0 (from aiohttp->aiohttp-retry>=2.5.0->scmrepo<4,>=3.3.2->dvc==3.50.1->dvc[gs]==3.50.1->-r requirements.txt (line 4))
Unit Test	Install dependencies	2026-08-21T16:26:09.0274715Z   Downloading propcache-0.5.2-cp310-cp310-manylinux2014_x86_64.manylinux_2_17_x86_64.manylinux_2_28_x86_64.whl.metadata (16 kB)
Unit Test	Install dependencies	2026-08-21T16:26:09.3400842Z Collecting yarl<2.0,>=1.17.0 (from aiohttp->aiohttp-retry>=2.5.0->scmrepo<4,>=3.3.2->dvc==3.50.1->dvc[gs]==3.50.1->-r requirements.txt (line 4))
Unit Test	Install dependencies	2026-08-21T16:26:09.3597150Z   Downloading yarl-1.24.5-cp310-cp310-manylinux2014_x86_64.manylinux_2_17_x86_64.manylinux_2_28_x86_64.whl.metadata (103 kB)
Unit Test	Install dependencies	2026-08-21T16:26:09.4346944Z Collecting httpcore==1.* (from httpx>=0.23.0->fastapi==0.111.0->-r requirements.txt (line 7))
Unit Test	Install dependencies	2026-08-21T16:26:09.4537936Z   Downloading httpcore-1.0.9-py3-none-any.whl.metadata (21 kB)
Unit Test	Install dependencies	2026-08-21T16:26:09.4912810Z Collecting antlr4-python3-runtime==4.9.* (from hydra-core>=1.1->dvc==3.50.1->dvc[gs]==3.50.1->-r requirements.txt (line 4))
Unit Test	Install dependencies	2026-08-21T16:26:09.5104435Z   Downloading antlr4-python3-runtime-4.9.3.tar.gz (117 kB)
Unit Test	Install dependencies	2026-08-21T16:26:09.5418828Z   Installing build dependencies: started
Unit Test	Install dependencies	2026-08-21T16:26:11.0716861Z   Installing build dependencies: finished with status 'done'
Unit Test	Install dependencies	2026-08-21T16:26:11.0724258Z   Getting requirements to build wheel: started
Unit Test	Install dependencies	2026-08-21T16:26:11.4892454Z   Getting requirements to build wheel: finished with status 'done'
Unit Test	Install dependencies	2026-08-21T16:26:11.4902788Z   Preparing metadata (pyproject.toml): started
Unit Test	Install dependencies	2026-08-21T16:26:11.7613583Z   Preparing metadata (pyproject.toml): finished with status 'done'
Unit Test	Install dependencies	2026-08-21T16:26:11.7953434Z Collecting appdirs (from iterative-telemetry>=0.0.7->dvc==3.50.1->dvc[gs]==3.50.1->-r requirements.txt (line 4))
Unit Test	Install dependencies	2026-08-21T16:26:11.8144710Z   Downloading appdirs-1.4.4-py2.py3-none-any.whl.metadata (9.0 kB)
Unit Test	Install dependencies	2026-08-21T16:26:11.8565245Z Collecting filelock (from iterative-telemetry>=0.0.7->dvc==3.50.1->dvc[gs]==3.50.1->-r requirements.txt (line 4))
Unit Test	Install dependencies	2026-08-21T16:26:11.8754517Z   Downloading filelock-3.32.3-py3-none-any.whl.metadata (2.0 kB)
Unit Test	Install dependencies	2026-08-21T16:26:11.9198875Z Collecting wcwidth>=0.1.4 (from prompt-toolkit>=3.0.36->click-repl>=0.2.0->celery->dvc==3.50.1->dvc[gs]==3.50.1->-r requirements.txt (line 4))
Unit Test	Install dependencies	2026-08-21T16:26:11.9388613Z   Downloading wcwidth-0.8.2-py3-none-any.whl.metadata (43 kB)
Unit Test	Install dependencies	2026-08-21T16:26:11.9839977Z Collecting pyasn1<0.7.0,>=0.6.1 (from pyasn1-modules>=0.2.1->google-auth<3.0dev,>=2.26.1->google-cloud-storage==2.16.0->-r requirements.txt (line 10))
Unit Test	Install dependencies	2026-08-21T16:26:12.0030086Z   Downloading pyasn1-0.6.4-py3-none-any.whl.metadata (8.4 kB)
Unit Test	Install dependencies	2026-08-21T16:26:12.0473236Z Collecting python-dotenv>=0.21.0 (from pydantic-settings>=2->gto<2,>=1.6.0->dvc==3.50.1->dvc[gs]==3.50.1->-r requirements.txt (line 4))
Unit Test	Install dependencies	2026-08-21T16:26:12.0668947Z   Downloading python_dotenv-1.2.3-py3-none-any.whl.metadata (29 kB)
Unit Test	Install dependencies	2026-08-21T16:26:12.1160167Z Collecting markdown-it-py>=2.2.0 (from rich>=12->dvc==3.50.1->dvc[gs]==3.50.1->-r requirements.txt (line 4))
Unit Test	Install dependencies	2026-08-21T16:26:12.1354279Z   Downloading markdown_it_py-4.2.0-py3-none-any.whl.metadata (7.4 kB)
Unit Test	Install dependencies	2026-08-21T16:26:12.1755178Z Collecting pygments<3.0.0,>=2.13.0 (from rich>=12->dvc==3.50.1->dvc[gs]==3.50.1->-r requirements.txt (line 4))
Unit Test	Install dependencies	2026-08-21T16:26:12.1955955Z   Downloading pygments-2.21.0-py3-none-any.whl.metadata (2.5 kB)
Unit Test	Install dependencies	2026-08-21T16:26:12.2293833Z Collecting mdurl~=0.1 (from markdown-it-py>=2.2.0->rich>=12->dvc==3.50.1->dvc[gs]==3.50.1->-r requirements.txt (line 4))
Unit Test	Install dependencies	2026-08-21T16:26:12.2484101Z   Downloading mdurl-0.1.2-py3-none-any.whl.metadata (1.6 kB)
Unit Test	Install dependencies	2026-08-21T16:26:12.3040941Z Collecting shellingham>=1.3.0 (from typer>=0.16.0->fastapi-cli>=0.0.2->fastapi==0.111.0->-r requirements.txt (line 7))
Unit Test	Install dependencies	2026-08-21T16:26:12.3233423Z   Downloading shellingham-1.5.4-py2.py3-none-any.whl.metadata (3.5 kB)
Unit Test	Install dependencies	2026-08-21T16:26:12.3528452Z Collecting annotated-doc>=0.0.2 (from typer>=0.16.0->fastapi-cli>=0.0.2->fastapi==0.111.0->-r requirements.txt (line 7))
Unit Test	Install dependencies	2026-08-21T16:26:12.3729174Z   Downloading annotated_doc-0.0.5-py3-none-any.whl.metadata (6.5 kB)
Unit Test	Install dependencies	2026-08-21T16:26:12.4387573Z Collecting httptools>=0.5.0 (from uvicorn[standard]>=0.12.0->fastapi==0.111.0->-r requirements.txt (line 7))
Unit Test	Install dependencies	2026-08-21T16:26:12.4592970Z   Downloading httptools-0.8.0-cp310-cp310-manylinux1_x86_64.manylinux_2_28_x86_64.manylinux_2_5_x86_64.whl.metadata (3.5 kB)
Unit Test	Install dependencies	2026-08-21T16:26:12.5192886Z Collecting uvloop!=0.15.0,!=0.15.1,>=0.14.0 (from uvicorn[standard]>=0.12.0->fastapi==0.111.0->-r requirements.txt (line 7))
Unit Test	Install dependencies	2026-08-21T16:26:12.5393939Z   Downloading uvloop-0.22.1-cp310-cp310-manylinux2014_x86_64.manylinux_2_17_x86_64.manylinux_2_28_x86_64.whl.metadata (4.9 kB)
Unit Test	Install dependencies	2026-08-21T16:26:12.6426690Z Collecting watchfiles>=0.13 (from uvicorn[standard]>=0.12.0->fastapi==0.111.0->-r requirements.txt (line 7))
Unit Test	Install dependencies	2026-08-21T16:26:12.6624860Z   Downloading watchfiles-1.2.0-cp310-cp310-manylinux_2_17_x86_64.manylinux2014_x86_64.whl.metadata (4.9 kB)
Unit Test	Install dependencies	2026-08-21T16:26:12.7972584Z Collecting websockets>=10.4 (from uvicorn[standard]>=0.12.0->fastapi==0.111.0->-r requirements.txt (line 7))
Unit Test	Install dependencies	2026-08-21T16:26:12.8168213Z   Downloading websockets-16.1.1-cp310-cp310-manylinux1_x86_64.manylinux_2_28_x86_64.manylinux_2_5_x86_64.whl.metadata (6.8 kB)
Unit Test	Install dependencies	2026-08-21T16:26:12.8383146Z Requirement already satisfied: setuptools in /opt/hostedtoolcache/Python/3.10.21/x64/lib/python3.10/site-packages (from zc.lockfile>=1.2.1->dvc==3.50.1->dvc[gs]==3.50.1->-r requirements.txt (line 4)) (79.0.1)
Unit Test	Install dependencies	2026-08-21T16:26:12.8449215Z INFO: pip is looking at multiple versions of fsspec[http] to determine which version is compatible with other requirements. This could take a while.
Unit Test	Install dependencies	2026-08-21T16:26:12.8810870Z Collecting requests-oauthlib>=0.7.0 (from google-auth-oauthlib->gcsfs>=2022.11.0->dvc-gs<4,>=3->dvc[gs]==3.50.1->-r requirements.txt (line 4))
Unit Test	Install dependencies	2026-08-21T16:26:12.9002139Z   Downloading requests_oauthlib-2.0.0-py2.py3-none-any.whl.metadata (11 kB)
Unit Test	Install dependencies	2026-08-21T16:26:12.9319521Z Collecting oauthlib>=3.0.0 (from requests-oauthlib>=0.7.0->google-auth-oauthlib->gcsfs>=2022.11.0->dvc-gs<4,>=3->dvc[gs]==3.50.1->-r requirements.txt (line 4))
Unit Test	Install dependencies	2026-08-21T16:26:12.9508242Z   Downloading oauthlib-3.3.1-py3-none-any.whl.metadata (7.9 kB)
Unit Test	Install dependencies	2026-08-21T16:26:13.6856231Z Collecting grpcio<2.0.0,>=1.59.0 (from google-cloud-storage-control->gcsfs>=2022.11.0->dvc-gs<4,>=3->dvc[gs]==3.50.1->-r requirements.txt (line 4))
Unit Test	Install dependencies	2026-08-21T16:26:13.7050835Z   Downloading grpcio-1.83.0-cp310-cp310-manylinux2014_x86_64.manylinux_2_17_x86_64.whl.metadata (3.7 kB)
Unit Test	Install dependencies	2026-08-21T16:26:13.7114105Z INFO: pip is looking at multiple versions of google-cloud-storage-control to determine which version is compatible with other requirements. This could take a while.
Unit Test	Install dependencies	2026-08-21T16:26:13.7121889Z Collecting google-cloud-storage-control (from gcsfs>=2022.11.0->dvc-gs<4,>=3->dvc[gs]==3.50.1->-r requirements.txt (line 4))
Unit Test	Install dependencies	2026-08-21T16:26:13.7327086Z   Downloading google_cloud_storage_control-1.12.0-py3-none-any.whl.metadata (9.8 kB)
Unit Test	Install dependencies	2026-08-21T16:26:13.7680073Z Collecting grpc-google-iam-v1<1.0.0,>=0.14.0 (from google-cloud-storage-control->gcsfs>=2022.11.0->dvc-gs<4,>=3->dvc[gs]==3.50.1->-r requirements.txt (line 4))
Unit Test	Install dependencies	2026-08-21T16:26:13.7874538Z   Downloading grpc_google_iam_v1-0.14.5-py3-none-any.whl.metadata (8.8 kB)
Unit Test	Install dependencies	2026-08-21T16:26:13.7961796Z INFO: pip is looking at multiple versions of google-api-core[grpc] to determine which version is compatible with other requirements. This could take a while.
Unit Test	Install dependencies	2026-08-21T16:26:13.8655975Z Collecting grpcio-status<2.0.0,>=1.33.2 (from google-api-core[grpc]<3.0.0,>=2.17.1->google-cloud-storage-control->gcsfs>=2022.11.0->dvc-gs<4,>=3->dvc[gs]==3.50.1->-r requirements.txt (line 4))
Unit Test	Install dependencies	2026-08-21T16:26:13.8847356Z   Downloading grpcio_status-1.83.0-py3-none-any.whl.metadata (1.2 kB)
Unit Test	Install dependencies	2026-08-21T16:26:13.8913466Z INFO: pip is looking at multiple versions of grpc-google-iam-v1 to determine which version is compatible with other requirements. This could take a while.
Unit Test	Install dependencies	2026-08-21T16:26:13.8920294Z Collecting grpc-google-iam-v1<1.0.0,>=0.14.0 (from google-cloud-storage-control->gcsfs>=2022.11.0->dvc-gs<4,>=3->dvc[gs]==3.50.1->-r requirements.txt (line 4))
Unit Test	Install dependencies	2026-08-21T16:26:13.9110972Z   Downloading grpc_google_iam_v1-0.14.4-py3-none-any.whl.metadata (9.1 kB)
Unit Test	Install dependencies	2026-08-21T16:26:13.9270602Z INFO: pip is looking at multiple versions of googleapis-common-protos[grpc] to determine which version is compatible with other requirements. This could take a while.
Unit Test	Install dependencies	2026-08-21T16:26:13.9343591Z INFO: pip is looking at multiple versions of grpcio-status to determine which version is compatible with other requirements. This could take a while.
Unit Test	Install dependencies	2026-08-21T16:26:13.9351065Z Collecting grpcio-status<2.0.0,>=1.33.2 (from google-api-core[grpc]<3.0.0,>=2.17.1->google-cloud-storage-control->gcsfs>=2022.11.0->dvc-gs<4,>=3->dvc[gs]==3.50.1->-r requirements.txt (line 4))
Unit Test	Install dependencies	2026-08-21T16:26:13.9541897Z   Downloading grpcio_status-1.82.1-py3-none-any.whl.metadata (1.2 kB)
Unit Test	Install dependencies	2026-08-21T16:26:13.9838984Z   Downloading grpcio_status-1.81.1-py3-none-any.whl.metadata (1.2 kB)
Unit Test	Install dependencies	2026-08-21T16:26:14.0068187Z   Downloading grpcio_status-1.81.0-py3-none-any.whl.metadata (1.2 kB)
Unit Test	Install dependencies	2026-08-21T16:26:14.0299659Z   Downloading grpcio_status-1.80.0-py3-none-any.whl.metadata (1.3 kB)
Unit Test	Install dependencies	2026-08-21T16:26:14.0604533Z   Downloading grpcio_status-1.78.0-py3-none-any.whl.metadata (1.3 kB)
Unit Test	Install dependencies	2026-08-21T16:26:14.0837243Z   Downloading grpcio_status-1.76.0-py3-none-any.whl.metadata (1.1 kB)
Unit Test	Install dependencies	2026-08-21T16:26:14.1066342Z   Downloading grpcio_status-1.75.1-py3-none-any.whl.metadata (1.1 kB)
Unit Test	Install dependencies	2026-08-21T16:26:14.1100729Z INFO: pip is still looking at multiple versions of grpcio-status to determine which version is compatible with other requirements. This could take a while.
Unit Test	Install dependencies	2026-08-21T16:26:14.1296306Z   Downloading grpcio_status-1.75.0-py3-none-any.whl.metadata (1.1 kB)
Unit Test	Install dependencies	2026-08-21T16:26:14.1525723Z   Downloading grpcio_status-1.74.0-py3-none-any.whl.metadata (1.1 kB)
Unit Test	Install dependencies	2026-08-21T16:26:14.1756853Z   Downloading grpcio_status-1.73.1-py3-none-any.whl.metadata (1.1 kB)
Unit Test	Install dependencies	2026-08-21T16:26:14.2065619Z   Downloading grpcio_status-1.73.0-py3-none-any.whl.metadata (1.1 kB)
Unit Test	Install dependencies	2026-08-21T16:26:14.2301930Z   Downloading grpcio_status-1.72.2-py3-none-any.whl.metadata (1.1 kB)
Unit Test	Install dependencies	2026-08-21T16:26:14.2337660Z INFO: This is taking longer than usual. You might need to provide the dependency resolver with stricter constraints to reduce runtime. See https://pip.pypa.io/warnings/backtracking for guidance. If you want to abort this run, press Ctrl + C.
Unit Test	Install dependencies	2026-08-21T16:26:14.2538649Z   Downloading grpcio_status-1.72.1-py3-none-any.whl.metadata (1.1 kB)
Unit Test	Install dependencies	2026-08-21T16:26:14.2770127Z   Downloading grpcio_status-1.71.2-py3-none-any.whl.metadata (1.1 kB)
Unit Test	Install dependencies	2026-08-21T16:26:14.3081147Z   Downloading grpcio_status-1.71.0-py3-none-any.whl.metadata (1.1 kB)
Unit Test	Install dependencies	2026-08-21T16:26:14.3328959Z   Downloading grpcio_status-1.70.0-py3-none-any.whl.metadata (1.1 kB)
Unit Test	Install dependencies	2026-08-21T16:26:14.3567734Z   Downloading grpcio_status-1.69.0-py3-none-any.whl.metadata (1.1 kB)
Unit Test	Install dependencies	2026-08-21T16:26:14.3805503Z   Downloading grpcio_status-1.68.1-py3-none-any.whl.metadata (1.1 kB)
Unit Test	Install dependencies	2026-08-21T16:26:14.4074850Z   Downloading grpcio_status-1.68.0-py3-none-any.whl.metadata (1.1 kB)
Unit Test	Install dependencies	2026-08-21T16:26:14.4313526Z   Downloading grpcio_status-1.67.1-py3-none-any.whl.metadata (1.1 kB)
Unit Test	Install dependencies	2026-08-21T16:26:14.4552158Z   Downloading grpcio_status-1.67.0-py3-none-any.whl.metadata (1.1 kB)
Unit Test	Install dependencies	2026-08-21T16:26:14.4792365Z   Downloading grpcio_status-1.66.2-py3-none-any.whl.metadata (1.1 kB)
Unit Test	Install dependencies	2026-08-21T16:26:14.5038869Z   Downloading grpcio_status-1.66.1-py3-none-any.whl.metadata (1.1 kB)
Unit Test	Install dependencies	2026-08-21T16:26:14.5275597Z   Downloading grpcio_status-1.66.0-py3-none-any.whl.metadata (1.1 kB)
Unit Test	Install dependencies	2026-08-21T16:26:14.5518397Z   Downloading grpcio_status-1.65.5-py3-none-any.whl.metadata (1.1 kB)
Unit Test	Install dependencies	2026-08-21T16:26:14.5768032Z   Downloading grpcio_status-1.65.4-py3-none-any.whl.metadata (1.1 kB)
Unit Test	Install dependencies	2026-08-21T16:26:14.6005847Z   Downloading grpcio_status-1.65.2-py3-none-any.whl.metadata (1.1 kB)
Unit Test	Install dependencies	2026-08-21T16:26:14.6242436Z   Downloading grpcio_status-1.65.1-py3-none-any.whl.metadata (1.1 kB)
Unit Test	Install dependencies	2026-08-21T16:26:14.6483948Z   Downloading grpcio_status-1.64.3-py3-none-any.whl.metadata (1.1 kB)
Unit Test	Install dependencies	2026-08-21T16:26:14.6722341Z   Downloading grpcio_status-1.64.1-py3-none-any.whl.metadata (1.1 kB)
Unit Test	Install dependencies	2026-08-21T16:26:14.6965488Z   Downloading grpcio_status-1.64.0-py3-none-any.whl.metadata (1.1 kB)
Unit Test	Install dependencies	2026-08-21T16:26:14.7214191Z   Downloading grpcio_status-1.63.2-py3-none-any.whl.metadata (1.1 kB)
Unit Test	Install dependencies	2026-08-21T16:26:14.7453821Z   Downloading grpcio_status-1.63.0-py3-none-any.whl.metadata (1.1 kB)
Unit Test	Install dependencies	2026-08-21T16:26:14.7685714Z   Downloading grpcio_status-1.62.3-py3-none-any.whl.metadata (1.3 kB)
Unit Test	Install dependencies	2026-08-21T16:26:14.8323396Z Downloading mlflow-2.13.0-py3-none-any.whl (25.0 MB)
Unit Test	Install dependencies	2026-08-21T16:26:15.0585924Z    ━━━━━━━━━━━━━━━━━━━━━━━━━━━━━━━━━━━━━━━━ 25.0/25.0 MB 120.3 MB/s  0:00:00
Unit Test	Install dependencies	2026-08-21T16:26:15.0799341Z Downloading scikit_learn-1.4.2-cp310-cp310-manylinux_2_17_x86_64.manylinux2014_x86_64.whl (12.1 MB)
Unit Test	Install dependencies	2026-08-21T16:26:15.1247287Z    ━━━━━━━━━━━━━━━━━━━━━━━━━━━━━━━━━━━━━━━━ 12.1/12.1 MB 286.2 MB/s  0:00:00
Unit Test	Install dependencies	2026-08-21T16:26:15.1444200Z Downloading pandas-2.2.2-cp310-cp310-manylinux_2_17_x86_64.manylinux2014_x86_64.whl (13.0 MB)
Unit Test	Install dependencies	2026-08-21T16:26:15.1995758Z    ━━━━━━━━━━━━━━━━━━━━━━━━━━━━━━━━━━━━━━━━ 13.0/13.0 MB 245.3 MB/s  0:00:00
Unit Test	Install dependencies	2026-08-21T16:26:15.2222313Z Downloading PyYAML-6.0.1-cp310-cp310-manylinux_2_17_x86_64.manylinux2014_x86_64.whl (705 kB)
Unit Test	Install dependencies	2026-08-21T16:26:15.2278304Z    ━━━━━━━━━━━━━━━━━━━━━━━━━━━━━━━━━━━━━━━━ 705.5/705.5 kB 139.0 MB/s  0:00:00
Unit Test	Install dependencies	2026-08-21T16:26:15.2486253Z Downloading dvc-3.50.1-py3-none-any.whl (451 kB)
Unit Test	Install dependencies	2026-08-21T16:26:15.2716488Z Downloading pathspec-0.11.2-py3-none-any.whl (29 kB)
Unit Test	Install dependencies	2026-08-21T16:26:15.2934939Z Downloading pytest-8.2.0-py3-none-any.whl (339 kB)
Unit Test	Install dependencies	2026-08-21T16:26:15.3156625Z Downloading fastapi-0.111.0-py3-none-any.whl (91 kB)
Unit Test	Install dependencies	2026-08-21T16:26:15.3373037Z Downloading uvicorn-0.29.0-py3-none-any.whl (60 kB)
Unit Test	Install dependencies	2026-08-21T16:26:15.3588554Z Downloading joblib-1.4.2-py3-none-any.whl (301 kB)
Unit Test	Install dependencies	2026-08-21T16:26:15.3819712Z Downloading google_cloud_storage-2.16.0-py2.py3-none-any.whl (125 kB)
Unit Test	Install dependencies	2026-08-21T16:26:15.4037860Z Downloading alembic-1.19.1-py3-none-any.whl (265 kB)
Unit Test	Install dependencies	2026-08-21T16:26:15.4258076Z Downloading cachetools-5.5.2-py3-none-any.whl (10 kB)
Unit Test	Install dependencies	2026-08-21T16:26:15.4470276Z Downloading click-8.4.2-py3-none-any.whl (119 kB)
Unit Test	Install dependencies	2026-08-21T16:26:15.4685238Z Downloading cloudpickle-3.1.2-py3-none-any.whl (22 kB)
Unit Test	Install dependencies	2026-08-21T16:26:15.4904997Z Downloading docker-7.2.0-py3-none-any.whl (148 kB)
Unit Test	Install dependencies	2026-08-21T16:26:15.5124532Z Downloading dpath-2.2.0-py3-none-any.whl (17 kB)
Unit Test	Install dependencies	2026-08-21T16:26:15.5348160Z Downloading dvc_data-3.15.2-py3-none-any.whl (71 kB)
Unit Test	Install dependencies	2026-08-21T16:26:15.5571474Z Downloading dvc_gs-3.1.0-py3-none-any.whl (11 kB)
Unit Test	Install dependencies	2026-08-21T16:26:15.5783926Z Downloading dvc_objects-5.2.0-py3-none-any.whl (33 kB)
Unit Test	Install dependencies	2026-08-21T16:26:15.5994080Z Downloading dvc_render-1.0.2-py3-none-any.whl (22 kB)
Unit Test	Install dependencies	2026-08-21T16:26:15.6205919Z Downloading dvc_studio_client-0.23.0-py3-none-any.whl (16 kB)
Unit Test	Install dependencies	2026-08-21T16:26:15.6417357Z Downloading dvc_task-0.40.2-py3-none-any.whl (21 kB)
Unit Test	Install dependencies	2026-08-21T16:26:15.6644452Z Downloading celery-5.6.3-py3-none-any.whl (451 kB)
Unit Test	Install dependencies	2026-08-21T16:26:15.6870524Z Downloading billiard-4.2.4-py3-none-any.whl (87 kB)
Unit Test	Install dependencies	2026-08-21T16:26:15.7088862Z Downloading entrypoints-0.4-py3-none-any.whl (5.3 kB)
Unit Test	Install dependencies	2026-08-21T16:26:15.7303952Z Downloading flask-3.1.3-py3-none-any.whl (103 kB)
Unit Test	Install dependencies	2026-08-21T16:26:15.7517654Z Downloading flatten_dict-0.5.0-py3-none-any.whl (9.9 kB)
Unit Test	Install dependencies	2026-08-21T16:26:15.7738500Z Downloading flufl.lock-7.1.1-py3-none-any.whl (11 kB)
Unit Test	Install dependencies	2026-08-21T16:26:15.7961321Z Downloading gitpython-3.1.59-py3-none-any.whl (220 kB)
Unit Test	Install dependencies	2026-08-21T16:26:15.8178787Z Downloading gitdb-4.0.12-py3-none-any.whl (62 kB)
Unit Test	Install dependencies	2026-08-21T16:26:15.8396660Z Downloading google_api_core-2.30.3-py3-none-any.whl (173 kB)
Unit Test	Install dependencies	2026-08-21T16:26:15.8612071Z Downloading google_auth-2.56.3-py3-none-any.whl (259 kB)
Unit Test	Install dependencies	2026-08-21T16:26:15.8828850Z Downloading google_cloud_core-2.6.1-py3-none-any.whl (29 kB)
Unit Test	Install dependencies	2026-08-21T16:26:15.9042750Z Downloading google_crc32c-1.8.0-cp310-cp310-manylinux1_x86_64.manylinux2014_x86_64.manylinux_2_17_x86_64.manylinux_2_5_x86_64.whl (33 kB)
Unit Test	Install dependencies	2026-08-21T16:26:15.9261628Z Downloading googleapis_common_protos-1.75.0-py3-none-any.whl (300 kB)
Unit Test	Install dependencies	2026-08-21T16:26:15.9495175Z Downloading grandalf-0.8-py3-none-any.whl (41 kB)
Unit Test	Install dependencies	2026-08-21T16:26:15.9707579Z Downloading graphene-3.4.3-py2.py3-none-any.whl (114 kB)
Unit Test	Install dependencies	2026-08-21T16:26:15.9926342Z Downloading graphql_core-3.2.11-py3-none-any.whl (214 kB)
Unit Test	Install dependencies	2026-08-21T16:26:16.0142040Z Downloading graphql_relay-3.2.0-py3-none-any.whl (16 kB)
Unit Test	Install dependencies	2026-08-21T16:26:16.0351146Z Downloading gto-1.10.1-py3-none-any.whl (45 kB)
Unit Test	Install dependencies	2026-08-21T16:26:16.0563345Z Downloading gunicorn-22.0.0-py3-none-any.whl (84 kB)
Unit Test	Install dependencies	2026-08-21T16:26:16.0782045Z Downloading importlib_metadata-7.2.1-py3-none-any.whl (25 kB)
Unit Test	Install dependencies	2026-08-21T16:26:16.0993737Z Downloading jinja2-3.1.6-py3-none-any.whl (134 kB)
Unit Test	Install dependencies	2026-08-21T16:26:16.1211241Z Downloading kombu-5.6.2-py3-none-any.whl (214 kB)
Unit Test	Install dependencies	2026-08-21T16:26:16.1422696Z Downloading vine-5.1.0-py3-none-any.whl (9.6 kB)
Unit Test	Install dependencies	2026-08-21T16:26:16.1635414Z Downloading amqp-5.3.1-py3-none-any.whl (50 kB)
Unit Test	Install dependencies	2026-08-21T16:26:16.1853925Z Downloading markdown-3.10.3-py3-none-any.whl (110 kB)
Unit Test	Install dependencies	2026-08-21T16:26:16.2072717Z Downloading matplotlib-3.10.9-cp310-cp310-manylinux2014_x86_64.manylinux_2_17_x86_64.whl (8.8 MB)
Unit Test	Install dependencies	2026-08-21T16:26:16.2377808Z    ━━━━━━━━━━━━━━━━━━━━━━━━━━━━━━━━━━━━━━━━ 8.8/8.8 MB 311.5 MB/s  0:00:00
Unit Test	Install dependencies	2026-08-21T16:26:16.2604564Z Downloading numpy-1.26.4-cp310-cp310-manylinux_2_17_x86_64.manylinux2014_x86_64.whl (18.2 MB)
Unit Test	Install dependencies	2026-08-21T16:26:16.3216484Z    ━━━━━━━━━━━━━━━━━━━━━━━━━━━━━━━━━━━━━━━━ 18.2/18.2 MB 309.3 MB/s  0:00:00
Unit Test	Install dependencies	2026-08-21T16:26:16.3410220Z Downloading opentelemetry_api-1.44.0-py3-none-any.whl (60 kB)
Unit Test	Install dependencies	2026-08-21T16:26:16.3649120Z Downloading opentelemetry_sdk-1.44.0-py3-none-any.whl (137 kB)
Unit Test	Install dependencies	2026-08-21T16:26:16.3850590Z Downloading opentelemetry_semantic_conventions-0.65b0-py3-none-any.whl (204 kB)
Unit Test	Install dependencies	2026-08-21T16:26:16.4069830Z Downloading packaging-24.2-py3-none-any.whl (65 kB)
Unit Test	Install dependencies	2026-08-21T16:26:16.4297272Z Downloading platformdirs-3.11.0-py3-none-any.whl (17 kB)
Unit Test	Install dependencies	2026-08-21T16:26:16.4507435Z Downloading pluggy-1.6.0-py3-none-any.whl (20 kB)
Unit Test	Install dependencies	2026-08-21T16:26:16.4722534Z Downloading proto_plus-1.28.2-py3-none-any.whl (50 kB)
Unit Test	Install dependencies	2026-08-21T16:26:16.4940980Z Downloading protobuf-4.25.9-cp37-abi3-manylinux2014_x86_64.whl (295 kB)
Unit Test	Install dependencies	2026-08-21T16:26:16.5223387Z Downloading pyarrow-15.0.2-cp310-cp310-manylinux_2_28_x86_64.whl (38.3 MB)
Unit Test	Install dependencies	2026-08-21T16:26:16.6972978Z    ━━━━━━━━━━━━━━━━━━━━━━━━━━━━━━━━━━━━━━━━ 38.3/38.3 MB 221.9 MB/s  0:00:00
Unit Test	Install dependencies	2026-08-21T16:26:16.7170101Z Downloading pydantic-2.13.4-py3-none-any.whl (472 kB)
Unit Test	Install dependencies	2026-08-21T16:26:16.7401389Z Downloading pydantic_core-2.46.4-cp310-cp310-manylinux_2_17_x86_64.manylinux2014_x86_64.whl (2.1 MB)
Unit Test	Install dependencies	2026-08-21T16:26:16.7511087Z    ━━━━━━━━━━━━━━━━━━━━━━━━━━━━━━━━━━━━━━━━ 2.1/2.1 MB 214.1 MB/s  0:00:00
Unit Test	Install dependencies	2026-08-21T16:26:16.7703943Z Downloading python_dateutil-2.9.0.post0-py2.py3-none-any.whl (229 kB)
Unit Test	Install dependencies	2026-08-21T16:26:16.7921826Z Downloading pytz-2024.2-py2.py3-none-any.whl (508 kB)
Unit Test	Install dependencies	2026-08-21T16:26:16.8148340Z Downloading querystring_parser-1.2.4-py2.py3-none-any.whl (7.9 kB)
Unit Test	Install dependencies	2026-08-21T16:26:16.8369916Z Downloading requests-2.34.2-py3-none-any.whl (73 kB)
Unit Test	Install dependencies	2026-08-21T16:26:16.8583310Z Downloading charset_normalizer-3.5.1-cp310-cp310-manylinux2014_x86_64.manylinux_2_17_x86_64.manylinux_2_28_x86_64.whl (261 kB)
Unit Test	Install dependencies	2026-08-21T16:26:16.8800178Z Downloading idna-3.19-py3-none-any.whl (68 kB)
Unit Test	Install dependencies	2026-08-21T16:26:16.9014080Z Downloading scipy-1.15.3-cp310-cp310-manylinux_2_17_x86_64.manylinux2014_x86_64.whl (37.7 MB)
Unit Test	Install dependencies	2026-08-21T16:26:17.0156461Z    ━━━━━━━━━━━━━━━━━━━━━━━━━━━━━━━━━━━━━━━━ 37.7/37.7 MB 336.7 MB/s  0:00:00
Unit Test	Install dependencies	2026-08-21T16:26:17.0351613Z Downloading scmrepo-3.6.2-py3-none-any.whl (74 kB)
Unit Test	Install dependencies	2026-08-21T16:26:17.0579909Z Downloading asyncssh-2.24.0-py3-none-any.whl (381 kB)
Unit Test	Install dependencies	2026-08-21T16:26:17.0826820Z Downloading dulwich-1.2.12-cp310-cp310-manylinux_2_28_x86_64.whl (1.5 MB)
Unit Test	Install dependencies	2026-08-21T16:26:17.0905596Z    ━━━━━━━━━━━━━━━━━━━━━━━━━━━━━━━━━━━━━━━━ 1.5/1.5 MB 226.5 MB/s  0:00:00
Unit Test	Install dependencies	2026-08-21T16:26:17.1114403Z Downloading shtab-1.11.0-py3-none-any.whl (17 kB)
Unit Test	Install dependencies	2026-08-21T16:26:17.1327001Z Downloading smmap-5.0.3-py3-none-any.whl (24 kB)
Unit Test	Install dependencies	2026-08-21T16:26:17.1540471Z Downloading sqlalchemy-2.0.52-cp310-cp310-manylinux2014_x86_64.manylinux_2_17_x86_64.manylinux_2_28_x86_64.whl (3.3 MB)
Unit Test	Install dependencies	2026-08-21T16:26:17.1663209Z    ━━━━━━━━━━━━━━━━━━━━━━━━━━━━━━━━━━━━━━━━ 3.3/3.3 MB 311.3 MB/s  0:00:00
Unit Test	Install dependencies	2026-08-21T16:26:17.1854006Z Downloading sqlparse-0.6.0-py3-none-any.whl (50 kB)
Unit Test	Install dependencies	2026-08-21T16:26:17.2066296Z Downloading sqltrie-0.11.2-py3-none-any.whl (17 kB)
Unit Test	Install dependencies	2026-08-21T16:26:17.2277338Z Downloading starlette-0.37.2-py3-none-any.whl (71 kB)
Unit Test	Install dependencies	2026-08-21T16:26:17.2492960Z Downloading anyio-4.14.2-py3-none-any.whl (125 kB)
Unit Test	Install dependencies	2026-08-21T16:26:17.2707873Z Downloading tqdm-4.70.0-py3-none-any.whl (80 kB)
Unit Test	Install dependencies	2026-08-21T16:26:17.2921500Z Downloading typing_extensions-4.16.0-py3-none-any.whl (45 kB)
Unit Test	Install dependencies	2026-08-21T16:26:17.3134013Z Downloading urllib3-2.7.0-py3-none-any.whl (131 kB)
Unit Test	Install dependencies	2026-08-21T16:26:17.3347288Z Downloading aiohttp_retry-2.9.1-py3-none-any.whl (10.0 kB)
Unit Test	Install dependencies	2026-08-21T16:26:17.3565300Z Downloading annotated_types-0.8.0-py3-none-any.whl (13 kB)
Unit Test	Install dependencies	2026-08-21T16:26:17.3779841Z Downloading atpublic-7.0.0-py3-none-any.whl (6.4 kB)
Unit Test	Install dependencies	2026-08-21T16:26:17.3990539Z Downloading attrs-26.1.0-py3-none-any.whl (67 kB)
Unit Test	Install dependencies	2026-08-21T16:26:17.4204042Z Downloading blinker-1.9.0-py3-none-any.whl (8.5 kB)
Unit Test	Install dependencies	2026-08-21T16:26:17.4416828Z Downloading certifi-2026.7.22-py3-none-any.whl (136 kB)
Unit Test	Install dependencies	2026-08-21T16:26:17.4631686Z Downloading click_didyoumean-0.3.1-py3-none-any.whl (3.6 kB)
Unit Test	Install dependencies	2026-08-21T16:26:17.4845344Z Downloading click_plugins-1.1.1.2-py2.py3-none-any.whl (11 kB)
Unit Test	Install dependencies	2026-08-21T16:26:17.5055903Z Downloading click_repl-0.3.0-py3-none-any.whl (10 kB)
Unit Test	Install dependencies	2026-08-21T16:26:17.5269932Z Downloading colorama-0.4.6-py2.py3-none-any.whl (25 kB)
Unit Test	Install dependencies	2026-08-21T16:26:17.5482195Z Downloading configobj-5.0.9-py2.py3-none-any.whl (35 kB)
Unit Test	Install dependencies	2026-08-21T16:26:17.5694908Z Downloading contourpy-1.3.2-cp310-cp310-manylinux_2_17_x86_64.manylinux2014_x86_64.whl (325 kB)
Unit Test	Install dependencies	2026-08-21T16:26:17.5915762Z Downloading cryptography-50.0.0-cp39-abi3-manylinux_2_34_x86_64.whl (4.8 MB)
Unit Test	Install dependencies	2026-08-21T16:26:17.6076178Z    ━━━━━━━━━━━━━━━━━━━━━━━━━━━━━━━━━━━━━━━━ 4.8/4.8 MB 335.9 MB/s  0:00:00
Unit Test	Install dependencies	2026-08-21T16:26:17.6269168Z Downloading cffi-2.1.1-cp310-cp310-manylinux2014_x86_64.manylinux_2_17_x86_64.whl (218 kB)
Unit Test	Install dependencies	2026-08-21T16:26:17.6491220Z Downloading cycler-0.12.1-py3-none-any.whl (8.3 kB)
Unit Test	Install dependencies	2026-08-21T16:26:17.6702136Z Downloading dictdiffer-0.10.0-py3-none-any.whl (16 kB)
Unit Test	Install dependencies	2026-08-21T16:26:17.6914157Z Downloading diskcache-5.6.3-py3-none-any.whl (45 kB)
Unit Test	Install dependencies	2026-08-21T16:26:17.7126824Z Downloading distro-1.9.0-py3-none-any.whl (20 kB)
Unit Test	Install dependencies	2026-08-21T16:26:17.7338409Z Downloading dvc_http-2.32.0-py3-none-any.whl (12 kB)
Unit Test	Install dependencies	2026-08-21T16:26:17.7547486Z Downloading email_validator-2.3.0-py3-none-any.whl (35 kB)
Unit Test	Install dependencies	2026-08-21T16:26:17.7758706Z Downloading dnspython-2.8.0-py3-none-any.whl (331 kB)
Unit Test	Install dependencies	2026-08-21T16:26:17.7975643Z Downloading exceptiongroup-1.3.1-py3-none-any.whl (16 kB)
Unit Test	Install dependencies	2026-08-21T16:26:17.8185849Z Downloading fastapi_cli-0.0.32-py3-none-any.whl (14 kB)
Unit Test	Install dependencies	2026-08-21T16:26:17.8397535Z Downloading fonttools-4.63.0-cp310-cp310-manylinux2014_x86_64.manylinux_2_17_x86_64.whl (4.9 MB)
Unit Test	Install dependencies	2026-08-21T16:26:17.8567465Z    ━━━━━━━━━━━━━━━━━━━━━━━━━━━━━━━━━━━━━━━━ 4.9/4.9 MB 324.1 MB/s  0:00:00
Unit Test	Install dependencies	2026-08-21T16:26:17.8758644Z Downloading gcsfs-2025.12.0-py3-none-any.whl (41 kB)
Unit Test	Install dependencies	2026-08-21T16:26:17.8973605Z Downloading fsspec-2025.12.0-py3-none-any.whl (201 kB)
Unit Test	Install dependencies	2026-08-21T16:26:17.9192261Z Downloading aiohttp-3.14.3-cp310-cp310-manylinux2014_x86_64.manylinux_2_17_x86_64.manylinux_2_28_x86_64.whl (1.7 MB)
Unit Test	Install dependencies	2026-08-21T16:26:17.9276703Z    ━━━━━━━━━━━━━━━━━━━━━━━━━━━━━━━━━━━━━━━━ 1.7/1.7 MB 257.4 MB/s  0:00:00
Unit Test	Install dependencies	2026-08-21T16:26:17.9467973Z Downloading async_timeout-5.0.1-py3-none-any.whl (6.2 kB)
Unit Test	Install dependencies	2026-08-21T16:26:17.9681267Z Downloading multidict-6.7.1-cp310-cp310-manylinux2014_x86_64.manylinux_2_17_x86_64.manylinux_2_28_x86_64.whl (243 kB)
Unit Test	Install dependencies	2026-08-21T16:26:17.9898764Z Downloading yarl-1.24.5-cp310-cp310-manylinux2014_x86_64.manylinux_2_17_x86_64.manylinux_2_28_x86_64.whl (110 kB)
Unit Test	Install dependencies	2026-08-21T16:26:18.0110761Z Downloading aiohappyeyeballs-2.7.1-py3-none-any.whl (15 kB)
Unit Test	Install dependencies	2026-08-21T16:26:18.0322525Z Downloading aiosignal-1.4.0-py3-none-any.whl (7.5 kB)
Unit Test	Install dependencies	2026-08-21T16:26:18.0535572Z Downloading decorator-5.3.1-py3-none-any.whl (10 kB)
Unit Test	Install dependencies	2026-08-21T16:26:18.0755274Z Downloading frozenlist-1.8.0-cp310-cp310-manylinux1_x86_64.manylinux_2_28_x86_64.manylinux_2_5_x86_64.whl (219 kB)
Unit Test	Install dependencies	2026-08-21T16:26:18.0976755Z Downloading funcy-2.0-py2.py3-none-any.whl (30 kB)
Unit Test	Install dependencies	2026-08-21T16:26:18.1190844Z Downloading google_resumable_media-2.10.1-py3-none-any.whl (81 kB)
Unit Test	Install dependencies	2026-08-21T16:26:18.1405788Z Downloading greenlet-3.5.5-cp310-cp310-manylinux_2_24_x86_64.manylinux_2_28_x86_64.whl (622 kB)
Unit Test	Install dependencies	2026-08-21T16:26:18.1461328Z    ━━━━━━━━━━━━━━━━━━━━━━━━━━━━━━━━━━━━━━━━ 622.8/622.8 kB 115.5 MB/s  0:00:00
Unit Test	Install dependencies	2026-08-21T16:26:18.1653085Z Downloading h11-0.16.0-py3-none-any.whl (37 kB)
Unit Test	Install dependencies	2026-08-21T16:26:18.1867938Z Downloading httpx-0.28.1-py3-none-any.whl (73 kB)
Unit Test	Install dependencies	2026-08-21T16:26:18.2083299Z Downloading httpcore-1.0.9-py3-none-any.whl (78 kB)
Unit Test	Install dependencies	2026-08-21T16:26:18.2316267Z Downloading hydra_core-1.3.5-py3-none-any.whl (155 kB)
Unit Test	Install dependencies	2026-08-21T16:26:18.2531854Z Downloading omegaconf-2.3.1-py3-none-any.whl (79 kB)
Unit Test	Install dependencies	2026-08-21T16:26:18.2744294Z Downloading iterative_telemetry-0.0.10-py3-none-any.whl (10 kB)
Unit Test	Install dependencies	2026-08-21T16:26:18.2958342Z Downloading itsdangerous-2.2.0-py3-none-any.whl (16 kB)
Unit Test	Install dependencies	2026-08-21T16:26:18.3179384Z Downloading kiwisolver-1.5.0-cp310-cp310-manylinux_2_12_x86_64.manylinux2010_x86_64.whl (1.6 MB)
Unit Test	Install dependencies	2026-08-21T16:26:18.3270285Z    ━━━━━━━━━━━━━━━━━━━━━━━━━━━━━━━━━━━━━━━━ 1.6/1.6 MB 220.6 MB/s  0:00:00
Unit Test	Install dependencies	2026-08-21T16:26:18.3465184Z Downloading markupsafe-3.0.3-cp310-cp310-manylinux2014_x86_64.manylinux_2_17_x86_64.manylinux_2_28_x86_64.whl (20 kB)
Unit Test	Install dependencies	2026-08-21T16:26:18.3685499Z Downloading networkx-3.4.2-py3-none-any.whl (1.7 MB)
Unit Test	Install dependencies	2026-08-21T16:26:18.3769058Z    ━━━━━━━━━━━━━━━━━━━━━━━━━━━━━━━━━━━━━━━━ 1.7/1.7 MB 272.1 MB/s  0:00:00
Unit Test	Install dependencies	2026-08-21T16:26:18.3961766Z Downloading orjson-3.12.0-cp310-cp310-manylinux_2_17_x86_64.manylinux2014_x86_64.whl (131 kB)
Unit Test	Install dependencies	2026-08-21T16:26:18.4183102Z Downloading pillow-12.3.0-cp310-cp310-manylinux_2_27_x86_64.manylinux_2_28_x86_64.whl (6.9 MB)
Unit Test	Install dependencies	2026-08-21T16:26:18.4422322Z    ━━━━━━━━━━━━━━━━━━━━━━━━━━━━━━━━━━━━━━━━ 6.9/6.9 MB 313.7 MB/s  0:00:00
Unit Test	Install dependencies	2026-08-21T16:26:18.4615991Z Downloading prompt_toolkit-3.0.53-py3-none-any.whl (392 kB)
Unit Test	Install dependencies	2026-08-21T16:26:18.4841258Z Downloading propcache-0.5.2-cp310-cp310-manylinux2014_x86_64.manylinux_2_17_x86_64.manylinux_2_28_x86_64.whl (60 kB)
Unit Test	Install dependencies	2026-08-21T16:26:18.5060860Z Downloading psutil-7.2.2-cp36-abi3-manylinux2010_x86_64.manylinux_2_12_x86_64.manylinux_2_28_x86_64.whl (155 kB)
Unit Test	Install dependencies	2026-08-21T16:26:18.5290834Z Downloading pyasn1_modules-0.4.2-py3-none-any.whl (181 kB)
Unit Test	Install dependencies	2026-08-21T16:26:18.5506144Z Downloading pyasn1-0.6.4-py3-none-any.whl (84 kB)
Unit Test	Install dependencies	2026-08-21T16:26:18.5723408Z Downloading pydantic_settings-2.15.0-py3-none-any.whl (69 kB)
Unit Test	Install dependencies	2026-08-21T16:26:18.5936068Z Downloading pydot-4.0.1-py3-none-any.whl (37 kB)
Unit Test	Install dependencies	2026-08-21T16:26:18.6172931Z Downloading pygit2-1.18.2-cp310-cp310-manylinux_2_26_x86_64.manylinux_2_28_x86_64.whl (5.5 MB)
Unit Test	Install dependencies	2026-08-21T16:26:18.6390539Z    ━━━━━━━━━━━━━━━━━━━━━━━━━━━━━━━━━━━━━━━━ 5.5/5.5 MB 277.7 MB/s  0:00:00
Unit Test	Install dependencies	2026-08-21T16:26:18.6584170Z Downloading pygtrie-2.5.0-py3-none-any.whl (25 kB)
Unit Test	Install dependencies	2026-08-21T16:26:18.6807616Z Downloading pyparsing-3.3.2-py3-none-any.whl (122 kB)
Unit Test	Install dependencies	2026-08-21T16:26:18.7036142Z Downloading python_dotenv-1.2.3-py3-none-any.whl (22 kB)
Unit Test	Install dependencies	2026-08-21T16:26:18.7249522Z Downloading python_multipart-0.0.32-py3-none-any.whl (30 kB)
Unit Test	Install dependencies	2026-08-21T16:26:18.7466446Z Downloading rich-15.0.0-py3-none-any.whl (310 kB)
Unit Test	Install dependencies	2026-08-21T16:26:18.7691373Z Downloading pygments-2.21.0-py3-none-any.whl (1.3 MB)
Unit Test	Install dependencies	2026-08-21T16:26:18.7761149Z    ━━━━━━━━━━━━━━━━━━━━━━━━━━━━━━━━━━━━━━━━ 1.3/1.3 MB 226.7 MB/s  0:00:00
Unit Test	Install dependencies	2026-08-21T16:26:18.7954527Z Downloading markdown_it_py-4.2.0-py3-none-any.whl (91 kB)
Unit Test	Install dependencies	2026-08-21T16:26:18.8167480Z Downloading mdurl-0.1.2-py3-none-any.whl (10.0 kB)
Unit Test	Install dependencies	2026-08-21T16:26:18.8379071Z Downloading rich_toolkit-0.20.3-py3-none-any.whl (36 kB)
Unit Test	Install dependencies	2026-08-21T16:26:18.8589867Z Downloading ruamel_yaml-0.19.1-py3-none-any.whl (118 kB)
Unit Test	Install dependencies	2026-08-21T16:26:18.8805390Z Downloading semver-3.0.4-py3-none-any.whl (17 kB)
Unit Test	Install dependencies	2026-08-21T16:26:18.9017397Z Downloading shortuuid-1.0.13-py3-none-any.whl (10 kB)
Unit Test	Install dependencies	2026-08-21T16:26:18.9226714Z Downloading six-1.17.0-py2.py3-none-any.whl (11 kB)
Unit Test	Install dependencies	2026-08-21T16:26:18.9443234Z Downloading tabulate-0.10.0-py3-none-any.whl (39 kB)
Unit Test	Install dependencies	2026-08-21T16:26:18.9664705Z Downloading threadpoolctl-3.6.0-py3-none-any.whl (18 kB)
Unit Test	Install dependencies	2026-08-21T16:26:18.9878250Z Downloading tomli-2.4.1-py3-none-any.whl (14 kB)
Unit Test	Install dependencies	2026-08-21T16:26:19.0091882Z Downloading tomlkit-0.15.1-py3-none-any.whl (49 kB)
Unit Test	Install dependencies	2026-08-21T16:26:19.0305152Z Downloading typer-0.27.1-py3-none-any.whl (122 kB)
Unit Test	Install dependencies	2026-08-21T16:26:19.0521540Z Downloading annotated_doc-0.0.5-py3-none-any.whl (5.3 kB)
Unit Test	Install dependencies	2026-08-21T16:26:19.0741073Z Downloading shellingham-1.5.4-py2.py3-none-any.whl (9.8 kB)
Unit Test	Install dependencies	2026-08-21T16:26:19.0954905Z Downloading typing_inspection-0.4.4-py3-none-any.whl (14 kB)
Unit Test	Install dependencies	2026-08-21T16:26:19.1170125Z Downloading tzdata-2026.3-py2.py3-none-any.whl (348 kB)
Unit Test	Install dependencies	2026-08-21T16:26:19.1430247Z Downloading ujson-5.13.0-cp310-cp310-manylinux_2_24_x86_64.manylinux_2_28_x86_64.whl (57 kB)
Unit Test	Install dependencies	2026-08-21T16:26:19.1666847Z Downloading httptools-0.8.0-cp310-cp310-manylinux1_x86_64.manylinux_2_28_x86_64.manylinux_2_5_x86_64.whl (450 kB)
Unit Test	Install dependencies	2026-08-21T16:26:19.1900019Z Downloading uvloop-0.22.1-cp310-cp310-manylinux2014_x86_64.manylinux_2_17_x86_64.manylinux_2_28_x86_64.whl (3.7 MB)
Unit Test	Install dependencies	2026-08-21T16:26:19.2038247Z    ━━━━━━━━━━━━━━━━━━━━━━━━━━━━━━━━━━━━━━━━ 3.7/3.7 MB 326.6 MB/s  0:00:00
Unit Test	Install dependencies	2026-08-21T16:26:19.2233179Z Downloading voluptuous-0.16.0-py3-none-any.whl (31 kB)
Unit Test	Install dependencies	2026-08-21T16:26:19.2453687Z Downloading watchfiles-1.2.0-cp310-cp310-manylinux_2_17_x86_64.manylinux2014_x86_64.whl (457 kB)
Unit Test	Install dependencies	2026-08-21T16:26:19.2686437Z Downloading wcwidth-0.8.2-py3-none-any.whl (323 kB)
Unit Test	Install dependencies	2026-08-21T16:26:19.2911650Z Downloading websockets-16.1.1-cp310-cp310-manylinux1_x86_64.manylinux_2_28_x86_64.manylinux_2_5_x86_64.whl (186 kB)
Unit Test	Install dependencies	2026-08-21T16:26:19.3129805Z Downloading werkzeug-3.1.8-py3-none-any.whl (226 kB)
Unit Test	Install dependencies	2026-08-21T16:26:19.3345742Z Downloading zc_lockfile-4.0-py3-none-any.whl (9.1 kB)
Unit Test	Install dependencies	2026-08-21T16:26:19.3559998Z Downloading zipp-4.1.0-py3-none-any.whl (10 kB)
Unit Test	Install dependencies	2026-08-21T16:26:19.3774441Z Downloading appdirs-1.4.4-py2.py3-none-any.whl (9.6 kB)
Unit Test	Install dependencies	2026-08-21T16:26:19.3985274Z Downloading filelock-3.32.3-py3-none-any.whl (98 kB)
Unit Test	Install dependencies	2026-08-21T16:26:19.4198098Z Downloading google_auth_oauthlib-1.4.0-py3-none-any.whl (19 kB)
Unit Test	Install dependencies	2026-08-21T16:26:19.4415031Z Downloading requests_oauthlib-2.0.0-py2.py3-none-any.whl (24 kB)
Unit Test	Install dependencies	2026-08-21T16:26:19.4627385Z Downloading oauthlib-3.3.1-py3-none-any.whl (160 kB)
Unit Test	Install dependencies	2026-08-21T16:26:19.4844903Z Downloading google_cloud_storage_control-1.12.0-py3-none-any.whl (102 kB)
Unit Test	Install dependencies	2026-08-21T16:26:19.5063114Z Downloading grpc_google_iam_v1-0.14.4-py3-none-any.whl (32 kB)
Unit Test	Install dependencies	2026-08-21T16:26:19.5276944Z Downloading grpcio-1.83.0-cp310-cp310-manylinux2014_x86_64.manylinux_2_17_x86_64.whl (7.1 MB)
Unit Test	Install dependencies	2026-08-21T16:26:19.5526924Z    ━━━━━━━━━━━━━━━━━━━━━━━━━━━━━━━━━━━━━━━━ 7.1/7.1 MB 313.2 MB/s  0:00:00
Unit Test	Install dependencies	2026-08-21T16:26:19.5726854Z Downloading grpcio_status-1.62.3-py3-none-any.whl (14 kB)
Unit Test	Install dependencies	2026-08-21T16:26:19.5942834Z Downloading iniconfig-2.3.0-py3-none-any.whl (7.5 kB)
Unit Test	Install dependencies	2026-08-21T16:26:19.6154288Z Downloading mako-1.4.1-py3-none-any.whl (80 kB)
Unit Test	Install dependencies	2026-08-21T16:26:19.6366683Z Downloading pycparser-3.0-py3-none-any.whl (48 kB)
Unit Test	Install dependencies	2026-08-21T16:26:19.6579188Z Downloading tzlocal-5.4.4-py3-none-any.whl (18 kB)
Unit Test	Install dependencies	2026-08-21T16:26:20.5864211Z Building wheels for collected packages: antlr4-python3-runtime
Unit Test	Install dependencies	2026-08-21T16:26:20.5874160Z   Building wheel for antlr4-python3-runtime (pyproject.toml): started
Unit Test	Install dependencies	2026-08-21T16:26:20.8355019Z   Building wheel for antlr4-python3-runtime (pyproject.toml): finished with status 'done'
Unit Test	Install dependencies	2026-08-21T16:26:20.8363920Z   Created wheel for antlr4-python3-runtime: filename=antlr4_python3_runtime-4.9.3-py3-none-any.whl size=144590 sha256=9f48c9f56b7aa42a7cf56ebbf170bded7645559704714104ac704ed49bf34b8a
Unit Test	Install dependencies	2026-08-21T16:26:20.8366781Z   Stored in directory: /home/runner/.cache/pip/wheels/12/93/dd/1f6a127edc45659556564c5730f6d4e300888f4bca2d4c5a88
Unit Test	Install dependencies	2026-08-21T16:26:20.8383348Z Successfully built antlr4-python3-runtime
Unit Test	Install dependencies	2026-08-21T16:26:21.3011462Z Installing collected packages: pytz, pygtrie, funcy, appdirs, antlr4-python3-runtime, zipp, zc.lockfile, websockets, wcwidth, voluptuous, vine, uvloop, urllib3, ujson, tzlocal, tzdata, typing-extensions, tqdm, tomlkit, tomli, threadpoolctl, tabulate, sqlparse, smmap, six, shtab, shortuuid, shellingham, semver, ruamel.yaml, pyyaml, python-multipart, python-dotenv, pyparsing, pygments, pycparser, pyasn1, psutil, protobuf, propcache, pluggy, platformdirs, pillow, pathspec, packaging, orjson, oauthlib, numpy, networkx, mdurl, markupsafe, markdown, kiwisolver, joblib, itsdangerous, iniconfig, idna, httptools, h11, greenlet, graphql-core, google-crc32c, fsspec, frozenlist, fonttools, flatten-dict, filelock, entrypoints, dvc-render, dpath, dnspython, distro, diskcache, dictdiffer, decorator, cycler, configobj, colorama, cloudpickle, click, charset_normalizer, certifi, cachetools, blinker, billiard, attrs, atpublic, async-timeout, annotated-types, annotated-doc, aiohappyeyeballs, werkzeug, uvicorn, typing-inspection, sqltrie, sqlalchemy, scipy, requests, querystring-parser, python-dateutil, pydot, pydantic-core, pyasn1-modules, pyarrow, proto-plus, prompt-toolkit, opentelemetry-api, omegaconf, multidict, markdown-it-py, Mako, Jinja2, importlib-metadata, httpcore, gunicorn, grpcio, graphql-relay, grandalf, googleapis-common-protos, google-resumable-media, gitdb, flufl.lock, exceptiongroup, email_validator, dvc-objects, dulwich, contourpy, click-plugins, click-didyoumean, cffi, amqp, aiosignal, yarl, scikit-learn, rich, requests-oauthlib, pytest, pygit2, pydantic, pandas, opentelemetry-semantic-conventions, matplotlib, kombu, iterative-telemetry, hydra-core, grpcio-status, graphene, gitpython, Flask, dvc-studio-client, dvc-data, docker, cryptography, click-repl, anyio, alembic, watchfiles, typer, starlette, rich-toolkit, pydantic-settings, opentelemetry-sdk, httpx, grpc-google-iam-v1, google-auth, celery, asyncssh, aiohttp, mlflow, google-auth-oauthlib, google-api-core, dvc-task, aiohttp-retry, scmrepo, google-cloud-core, fastapi-cli, dvc-http, gto, google-cloud-storage-control, google-cloud-storage, fastapi, gcsfs, dvc, dvc-gs
Unit Test	Install dependencies	2026-08-21T16:26:48.2219886Z 
Unit Test	Install dependencies	2026-08-21T16:26:48.2460548Z Successfully installed Flask-3.1.3 Jinja2-3.1.6 Mako-1.4.1 aiohappyeyeballs-2.7.1 aiohttp-3.14.3 aiohttp-retry-2.9.1 aiosignal-1.4.0 alembic-1.19.1 amqp-5.3.1 annotated-doc-0.0.5 annotated-types-0.8.0 antlr4-python3-runtime-4.9.3 anyio-4.14.2 appdirs-1.4.4 async-timeout-5.0.1 asyncssh-2.24.0 atpublic-7.0.0 attrs-26.1.0 billiard-4.2.4 blinker-1.9.0 cachetools-5.5.2 celery-5.6.3 certifi-2026.7.22 cffi-2.1.1 charset_normalizer-3.5.1 click-8.4.2 click-didyoumean-0.3.1 click-plugins-1.1.1.2 click-repl-0.3.0 cloudpickle-3.1.2 colorama-0.4.6 configobj-5.0.9 contourpy-1.3.2 cryptography-50.0.0 cycler-0.12.1 decorator-5.3.1 dictdiffer-0.10.0 diskcache-5.6.3 distro-1.9.0 dnspython-2.8.0 docker-7.2.0 dpath-2.2.0 dulwich-1.2.12 dvc-3.50.1 dvc-data-3.15.2 dvc-gs-3.1.0 dvc-http-2.32.0 dvc-objects-5.2.0 dvc-render-1.0.2 dvc-studio-client-0.23.0 dvc-task-0.40.2 email_validator-2.3.0 entrypoints-0.4 exceptiongroup-1.3.1 fastapi-0.111.0 fastapi-cli-0.0.32 filelock-3.32.3 flatten-dict-0.5.0 flufl.lock-7.1.1 fonttools-4.63.0 frozenlist-1.8.0 fsspec-2025.12.0 funcy-2.0 gcsfs-2025.12.0 gitdb-4.0.12 gitpython-3.1.59 google-api-core-2.30.3 google-auth-2.56.3 google-auth-oauthlib-1.4.0 google-cloud-core-2.6.1 google-cloud-storage-2.16.0 google-cloud-storage-control-1.12.0 google-crc32c-1.8.0 google-resumable-media-2.10.1 googleapis-common-protos-1.75.0 grandalf-0.8 graphene-3.4.3 graphql-core-3.2.11 graphql-relay-3.2.0 greenlet-3.5.5 grpc-google-iam-v1-0.14.4 grpcio-1.83.0 grpcio-status-1.62.3 gto-1.10.1 gunicorn-22.0.0 h11-0.16.0 httpcore-1.0.9 httptools-0.8.0 httpx-0.28.1 hydra-core-1.3.5 idna-3.19 importlib-metadata-7.2.1 iniconfig-2.3.0 iterative-telemetry-0.0.10 itsdangerous-2.2.0 joblib-1.4.2 kiwisolver-1.5.0 kombu-5.6.2 markdown-3.10.3 markdown-it-py-4.2.0 markupsafe-3.0.3 matplotlib-3.10.9 mdurl-0.1.2 mlflow-2.13.0 multidict-6.7.1 networkx-3.4.2 numpy-1.26.4 oauthlib-3.3.1 omegaconf-2.3.1 opentelemetry-api-1.44.0 opentelemetry-sdk-1.44.0 opentelemetry-semantic-conventions-0.65b0 orjson-3.12.0 packaging-24.2 pandas-2.2.2 pathspec-0.11.2 pillow-12.3.0 platformdirs-3.11.0 pluggy-1.6.0 prompt-toolkit-3.0.53 propcache-0.5.2 proto-plus-1.28.2 protobuf-4.25.9 psutil-7.2.2 pyarrow-15.0.2 pyasn1-0.6.4 pyasn1-modules-0.4.2 pycparser-3.0 pydantic-2.13.4 pydantic-core-2.46.4 pydantic-settings-2.15.0 pydot-4.0.1 pygit2-1.18.2 pygments-2.21.0 pygtrie-2.5.0 pyparsing-3.3.2 pytest-8.2.0 python-dateutil-2.9.0.post0 python-dotenv-1.2.3 python-multipart-0.0.32 pytz-2024.2 pyyaml-6.0.1 querystring-parser-1.2.4 requests-2.34.2 requests-oauthlib-2.0.0 rich-15.0.0 rich-toolkit-0.20.3 ruamel.yaml-0.19.1 scikit-learn-1.4.2 scipy-1.15.3 scmrepo-3.6.2 semver-3.0.4 shellingham-1.5.4 shortuuid-1.0.13 shtab-1.11.0 six-1.17.0 smmap-5.0.3 sqlalchemy-2.0.52 sqlparse-0.6.0 sqltrie-0.11.2 starlette-0.37.2 tabulate-0.10.0 threadpoolctl-3.6.0 tomli-2.4.1 tomlkit-0.15.1 tqdm-4.70.0 typer-0.27.1 typing-extensions-4.16.0 typing-inspection-0.4.4 tzdata-2026.3 tzlocal-5.4.4 ujson-5.13.0 urllib3-2.7.0 uvicorn-0.29.0 uvloop-0.22.1 vine-5.1.0 voluptuous-0.16.0 watchfiles-1.2.0 wcwidth-0.8.2 websockets-16.1.1 werkzeug-3.1.8 yarl-1.24.5 zc.lockfile-4.0 zipp-4.1.0
Unit Test	Run unit tests	﻿2026-08-21T16:26:48.8542006Z ##[group]Run pytest tests/ -v
Unit Test	Run unit tests	2026-08-21T16:26:48.8542351Z ^[[36;1mpytest tests/ -v^[[0m
Unit Test	Run unit tests	2026-08-21T16:26:48.8582003Z shell: /usr/bin/bash -e {0}
Unit Test	Run unit tests	2026-08-21T16:26:48.8582266Z env:
Unit Test	Run unit tests	2026-08-21T16:26:48.8582533Z   pythonLocation: /opt/hostedtoolcache/Python/3.10.21/x64
Unit Test	Run unit tests	2026-08-21T16:26:48.8583159Z   PKG_CONFIG_PATH: /opt/hostedtoolcache/Python/3.10.21/x64/lib/pkgconfig
Unit Test	Run unit tests	2026-08-21T16:26:48.8583604Z   Python_ROOT_DIR: /opt/hostedtoolcache/Python/3.10.21/x64
Unit Test	Run unit tests	2026-08-21T16:26:48.8583986Z   Python2_ROOT_DIR: /opt/hostedtoolcache/Python/3.10.21/x64
Unit Test	Run unit tests	2026-08-21T16:26:48.8584365Z   Python3_ROOT_DIR: /opt/hostedtoolcache/Python/3.10.21/x64
Unit Test	Run unit tests	2026-08-21T16:26:48.8584753Z   LD_LIBRARY_PATH: /opt/hostedtoolcache/Python/3.10.21/x64/lib
Unit Test	Run unit tests	2026-08-21T16:26:48.8585079Z ##[endgroup]
Unit Test	Run unit tests	2026-08-21T16:26:50.4791902Z ============================= test session starts ==============================
Unit Test	Run unit tests	2026-08-21T16:26:50.4795035Z platform linux -- Python 3.10.21, pytest-8.2.0, pluggy-1.6.0 -- /opt/hostedtoolcache/Python/3.10.21/x64/bin/python
Unit Test	Run unit tests	2026-08-21T16:26:50.4796198Z cachedir: .pytest_cache
Unit Test	Run unit tests	2026-08-21T16:26:50.4796788Z rootdir: /home/runner/work/TRACK2-DAY21-2A202601155-TRANNGUYENTHENHAT/TRACK2-DAY21-2A202601155-TRANNGUYENTHENHAT
Unit Test	Run unit tests	2026-08-21T16:26:50.4797444Z plugins: hydra-core-1.3.5, anyio-4.14.2
Unit Test	Run unit tests	2026-08-21T16:26:53.4670930Z collecting ... collected 3 items
Unit Test	Run unit tests	2026-08-21T16:26:53.4671403Z 
Unit Test	Run unit tests	2026-08-21T16:26:56.3554398Z tests/test_train.py::test_train_returns_float PASSED                     [ 33%]
Unit Test	Run unit tests	2026-08-21T16:26:57.9292066Z tests/test_train.py::test_metrics_file_created PASSED                    [ 66%]
Unit Test	Run unit tests	2026-08-21T16:26:59.4770747Z tests/test_train.py::test_model_file_created PASSED                      [100%]
Unit Test	Run unit tests	2026-08-21T16:26:59.4771395Z 
Unit Test	Run unit tests	2026-08-21T16:26:59.4771650Z =============================== warnings summary ===============================
Unit Test	Run unit tests	2026-08-21T16:26:59.4772358Z ../../../../../opt/hostedtoolcache/Python/3.10.21/x64/lib/python3.10/site-packages/mlflow/utils/requirements_utils.py:20
Unit Test	Run unit tests	2026-08-21T16:26:59.4773772Z   /opt/hostedtoolcache/Python/3.10.21/x64/lib/python3.10/site-packages/mlflow/utils/requirements_utils.py:20: DeprecationWarning: pkg_resources is deprecated as an API. See https://setuptools.pypa.io/en/latest/pkg_resources.html
Unit Test	Run unit tests	2026-08-21T16:26:59.4774951Z     import pkg_resources  # noqa: TID251
Unit Test	Run unit tests	2026-08-21T16:26:59.4775171Z 
Unit Test	Run unit tests	2026-08-21T16:26:59.4775530Z ../../../../../opt/hostedtoolcache/Python/3.10.21/x64/lib/python3.10/site-packages/mlflow/gateway/config.py:61
Unit Test	Run unit tests	2026-08-21T16:26:59.4778234Z   /opt/hostedtoolcache/Python/3.10.21/x64/lib/python3.10/site-packages/mlflow/gateway/config.py:61: PydanticDeprecatedSince20: Pydantic V1 style `@validator` validators are deprecated. You should migrate to Pydantic V2 style `@field_validator` validators, see the migration guide for more details. Deprecated in Pydantic V2.0 to be removed in V3.0. See Pydantic V2 Migration Guide at https://errors.pydantic.dev/2.13/migration/
Unit Test	Run unit tests	2026-08-21T16:26:59.4780375Z     @validator("togetherai_api_key", pre=True)
Unit Test	Run unit tests	2026-08-21T16:26:59.4780618Z 
Unit Test	Run unit tests	2026-08-21T16:26:59.4780982Z ../../../../../opt/hostedtoolcache/Python/3.10.21/x64/lib/python3.10/site-packages/mlflow/gateway/config.py:75
Unit Test	Run unit tests	2026-08-21T16:26:59.4783110Z   /opt/hostedtoolcache/Python/3.10.21/x64/lib/python3.10/site-packages/mlflow/gateway/config.py:75: PydanticDeprecatedSince20: Pydantic V1 style `@validator` validators are deprecated. You should migrate to Pydantic V2 style `@field_validator` validators, see the migration guide for more details. Deprecated in Pydantic V2.0 to be removed in V3.0. See Pydantic V2 Migration Guide at https://errors.pydantic.dev/2.13/migration/
Unit Test	Run unit tests	2026-08-21T16:26:59.4784989Z     @validator("cohere_api_key", pre=True)
Unit Test	Run unit tests	2026-08-21T16:26:59.4785208Z 
Unit Test	Run unit tests	2026-08-21T16:26:59.4785551Z ../../../../../opt/hostedtoolcache/Python/3.10.21/x64/lib/python3.10/site-packages/mlflow/gateway/config.py:83
Unit Test	Run unit tests	2026-08-21T16:26:59.4787398Z   /opt/hostedtoolcache/Python/3.10.21/x64/lib/python3.10/site-packages/mlflow/gateway/config.py:83: PydanticDeprecatedSince20: Pydantic V1 style `@validator` validators are deprecated. You should migrate to Pydantic V2 style `@field_validator` validators, see the migration guide for more details. Deprecated in Pydantic V2.0 to be removed in V3.0. See Pydantic V2 Migration Guide at https://errors.pydantic.dev/2.13/migration/
Unit Test	Run unit tests	2026-08-21T16:26:59.4789416Z     @validator("ai21labs_api_key", pre=True)
Unit Test	Run unit tests	2026-08-21T16:26:59.4789624Z 
Unit Test	Run unit tests	2026-08-21T16:26:59.4790224Z ../../../../../opt/hostedtoolcache/Python/3.10.21/x64/lib/python3.10/site-packages/mlflow/gateway/config.py:92
Unit Test	Run unit tests	2026-08-21T16:26:59.4792082Z   /opt/hostedtoolcache/Python/3.10.21/x64/lib/python3.10/site-packages/mlflow/gateway/config.py:92: PydanticDeprecatedSince20: Pydantic V1 style `@validator` validators are deprecated. You should migrate to Pydantic V2 style `@field_validator` validators, see the migration guide for more details. Deprecated in Pydantic V2.0 to be removed in V3.0. See Pydantic V2 Migration Guide at https://errors.pydantic.dev/2.13/migration/
Unit Test	Run unit tests	2026-08-21T16:26:59.4793670Z     @validator("mosaicml_api_key", pre=True)
Unit Test	Run unit tests	2026-08-21T16:26:59.4793867Z 
Unit Test	Run unit tests	2026-08-21T16:26:59.4794185Z ../../../../../opt/hostedtoolcache/Python/3.10.21/x64/lib/python3.10/site-packages/mlflow/gateway/config.py:122
Unit Test	Run unit tests	2026-08-21T16:26:59.4795968Z   /opt/hostedtoolcache/Python/3.10.21/x64/lib/python3.10/site-packages/mlflow/gateway/config.py:122: PydanticDeprecatedSince20: Pydantic V1 style `@validator` validators are deprecated. You should migrate to Pydantic V2 style `@field_validator` validators, see the migration guide for more details. Deprecated in Pydantic V2.0 to be removed in V3.0. See Pydantic V2 Migration Guide at https://errors.pydantic.dev/2.13/migration/
Unit Test	Run unit tests	2026-08-21T16:26:59.4797559Z     @validator("openai_api_key", pre=True)
Unit Test	Run unit tests	2026-08-21T16:26:59.4797766Z 
Unit Test	Run unit tests	2026-08-21T16:26:59.4798072Z ../../../../../opt/hostedtoolcache/Python/3.10.21/x64/lib/python3.10/site-packages/mlflow/gateway/config.py:179
Unit Test	Run unit tests	2026-08-21T16:26:59.4800228Z   /opt/hostedtoolcache/Python/3.10.21/x64/lib/python3.10/site-packages/mlflow/gateway/config.py:179: PydanticDeprecatedSince20: Pydantic V1 style `@validator` validators are deprecated. You should migrate to Pydantic V2 style `@field_validator` validators, see the migration guide for more details. Deprecated in Pydantic V2.0 to be removed in V3.0. See Pydantic V2 Migration Guide at https://errors.pydantic.dev/2.13/migration/
Unit Test	Run unit tests	2026-08-21T16:26:59.4801859Z     @validator("anthropic_api_key", pre=True)
Unit Test	Run unit tests	2026-08-21T16:26:59.4802070Z 
Unit Test	Run unit tests	2026-08-21T16:26:59.4802372Z ../../../../../opt/hostedtoolcache/Python/3.10.21/x64/lib/python3.10/site-packages/mlflow/gateway/config.py:187
Unit Test	Run unit tests	2026-08-21T16:26:59.4804158Z   /opt/hostedtoolcache/Python/3.10.21/x64/lib/python3.10/site-packages/mlflow/gateway/config.py:187: PydanticDeprecatedSince20: Pydantic V1 style `@validator` validators are deprecated. You should migrate to Pydantic V2 style `@field_validator` validators, see the migration guide for more details. Deprecated in Pydantic V2.0 to be removed in V3.0. See Pydantic V2 Migration Guide at https://errors.pydantic.dev/2.13/migration/
Unit Test	Run unit tests	2026-08-21T16:26:59.4805737Z     @validator("palm_api_key", pre=True)
Unit Test	Run unit tests	2026-08-21T16:26:59.4805921Z 
Unit Test	Run unit tests	2026-08-21T16:26:59.4806233Z ../../../../../opt/hostedtoolcache/Python/3.10.21/x64/lib/python3.10/site-packages/mlflow/gateway/config.py:227
Unit Test	Run unit tests	2026-08-21T16:26:59.4808027Z   /opt/hostedtoolcache/Python/3.10.21/x64/lib/python3.10/site-packages/mlflow/gateway/config.py:227: PydanticDeprecatedSince20: Pydantic V1 style `@validator` validators are deprecated. You should migrate to Pydantic V2 style `@field_validator` validators, see the migration guide for more details. Deprecated in Pydantic V2.0 to be removed in V3.0. See Pydantic V2 Migration Guide at https://errors.pydantic.dev/2.13/migration/
Unit Test	Run unit tests	2026-08-21T16:26:59.4809611Z     @validator("mistral_api_key", pre=True)
Unit Test	Run unit tests	2026-08-21T16:26:59.4810064Z 
Unit Test	Run unit tests	2026-08-21T16:26:59.4810382Z ../../../../../opt/hostedtoolcache/Python/3.10.21/x64/lib/python3.10/site-packages/mlflow/gateway/config.py:308
Unit Test	Run unit tests	2026-08-21T16:26:59.4812171Z   /opt/hostedtoolcache/Python/3.10.21/x64/lib/python3.10/site-packages/mlflow/gateway/config.py:308: PydanticDeprecatedSince20: Pydantic V1 style `@validator` validators are deprecated. You should migrate to Pydantic V2 style `@field_validator` validators, see the migration guide for more details. Deprecated in Pydantic V2.0 to be removed in V3.0. See Pydantic V2 Migration Guide at https://errors.pydantic.dev/2.13/migration/
Unit Test	Run unit tests	2026-08-21T16:26:59.4814022Z     @validator("provider", pre=True)
Unit Test	Run unit tests	2026-08-21T16:26:59.4814203Z 
Unit Test	Run unit tests	2026-08-21T16:26:59.4814512Z ../../../../../opt/hostedtoolcache/Python/3.10.21/x64/lib/python3.10/site-packages/mlflow/gateway/config.py:329
Unit Test	Run unit tests	2026-08-21T16:26:59.4816308Z   /opt/hostedtoolcache/Python/3.10.21/x64/lib/python3.10/site-packages/mlflow/gateway/config.py:329: PydanticDeprecatedSince20: Pydantic V1 style `@validator` validators are deprecated. You should migrate to Pydantic V2 style `@field_validator` validators, see the migration guide for more details. Deprecated in Pydantic V2.0 to be removed in V3.0. See Pydantic V2 Migration Guide at https://errors.pydantic.dev/2.13/migration/
Unit Test	Run unit tests	2026-08-21T16:26:59.4817882Z     @validator("config", pre=True)
Unit Test	Run unit tests	2026-08-21T16:26:59.4818052Z 
Unit Test	Run unit tests	2026-08-21T16:26:59.4818356Z ../../../../../opt/hostedtoolcache/Python/3.10.21/x64/lib/python3.10/site-packages/mlflow/gateway/config.py:369
Unit Test	Run unit tests	2026-08-21T16:26:59.4820367Z   /opt/hostedtoolcache/Python/3.10.21/x64/lib/python3.10/site-packages/mlflow/gateway/config.py:369: PydanticDeprecatedSince20: Pydantic V1 style `@validator` validators are deprecated. You should migrate to Pydantic V2 style `@field_validator` validators, see the migration guide for more details. Deprecated in Pydantic V2.0 to be removed in V3.0. See Pydantic V2 Migration Guide at https://errors.pydantic.dev/2.13/migration/
Unit Test	Run unit tests	2026-08-21T16:26:59.4821940Z     @validator("name")
Unit Test	Run unit tests	2026-08-21T16:26:59.4822072Z 
Unit Test	Run unit tests	2026-08-21T16:26:59.4822375Z ../../../../../opt/hostedtoolcache/Python/3.10.21/x64/lib/python3.10/site-packages/mlflow/gateway/config.py:379
Unit Test	Run unit tests	2026-08-21T16:26:59.4824157Z   /opt/hostedtoolcache/Python/3.10.21/x64/lib/python3.10/site-packages/mlflow/gateway/config.py:379: PydanticDeprecatedSince20: Pydantic V1 style `@validator` validators are deprecated. You should migrate to Pydantic V2 style `@field_validator` validators, see the migration guide for more details. Deprecated in Pydantic V2.0 to be removed in V3.0. See Pydantic V2 Migration Guide at https://errors.pydantic.dev/2.13/migration/
Unit Test	Run unit tests	2026-08-21T16:26:59.4825736Z     @validator("model", pre=True)
Unit Test	Run unit tests	2026-08-21T16:26:59.4825903Z 
Unit Test	Run unit tests	2026-08-21T16:26:59.4826198Z ../../../../../opt/hostedtoolcache/Python/3.10.21/x64/lib/python3.10/site-packages/mlflow/gateway/config.py:390
Unit Test	Run unit tests	2026-08-21T16:26:59.4827989Z   /opt/hostedtoolcache/Python/3.10.21/x64/lib/python3.10/site-packages/mlflow/gateway/config.py:390: PydanticDeprecatedSince20: Pydantic V1 style `@root_validator` validators are deprecated. You should migrate to Pydantic V2 style `@model_validator` validators, see the migration guide for more details. Deprecated in Pydantic V2.0 to be removed in V3.0. See Pydantic V2 Migration Guide at https://errors.pydantic.dev/2.13/migration/
Unit Test	Run unit tests	2026-08-21T16:26:59.4829575Z     @root_validator(skip_on_failure=True)
Unit Test	Run unit tests	2026-08-21T16:26:59.4829889Z 
Unit Test	Run unit tests	2026-08-21T16:26:59.4830186Z ../../../../../opt/hostedtoolcache/Python/3.10.21/x64/lib/python3.10/site-packages/mlflow/gateway/config.py:412
Unit Test	Run unit tests	2026-08-21T16:26:59.4831953Z   /opt/hostedtoolcache/Python/3.10.21/x64/lib/python3.10/site-packages/mlflow/gateway/config.py:412: PydanticDeprecatedSince20: Pydantic V1 style `@validator` validators are deprecated. You should migrate to Pydantic V2 style `@field_validator` validators, see the migration guide for more details. Deprecated in Pydantic V2.0 to be removed in V3.0. See Pydantic V2 Migration Guide at https://errors.pydantic.dev/2.13/migration/
Unit Test	Run unit tests	2026-08-21T16:26:59.4833508Z     @validator("route_type", pre=True)
Unit Test	Run unit tests	2026-08-21T16:26:59.4833683Z 
Unit Test	Run unit tests	2026-08-21T16:26:59.4833981Z ../../../../../opt/hostedtoolcache/Python/3.10.21/x64/lib/python3.10/site-packages/mlflow/gateway/config.py:418
Unit Test	Run unit tests	2026-08-21T16:26:59.4835887Z   /opt/hostedtoolcache/Python/3.10.21/x64/lib/python3.10/site-packages/mlflow/gateway/config.py:418: PydanticDeprecatedSince20: Pydantic V1 style `@validator` validators are deprecated. You should migrate to Pydantic V2 style `@field_validator` validators, see the migration guide for more details. Deprecated in Pydantic V2.0 to be removed in V3.0. See Pydantic V2 Migration Guide at https://errors.pydantic.dev/2.13/migration/
Unit Test	Run unit tests	2026-08-21T16:26:59.4837554Z     @validator("limit", pre=True)
Unit Test	Run unit tests	2026-08-21T16:26:59.4837722Z 
Unit Test	Run unit tests	2026-08-21T16:26:59.4838024Z ../../../../../opt/hostedtoolcache/Python/3.10.21/x64/lib/python3.10/site-packages/mlflow/gateway/config.py:468
Unit Test	Run unit tests	2026-08-21T16:26:59.4839489Z   /opt/hostedtoolcache/Python/3.10.21/x64/lib/python3.10/site-packages/mlflow/gateway/config.py:468: PydanticDeprecatedSince20: Support for class-based `config` is deprecated, use ConfigDict instead. Deprecated in Pydantic V2.0 to be removed in V3.0. See Pydantic V2 Migration Guide at https://errors.pydantic.dev/2.13/migration/
Unit Test	Run unit tests	2026-08-21T16:26:59.4841058Z     class Route(ConfigModel):
Unit Test	Run unit tests	2026-08-21T16:26:59.4841225Z 
Unit Test	Run unit tests	2026-08-21T16:26:59.4841461Z tests/test_train.py::test_train_returns_float
Unit Test	Run unit tests	2026-08-21T16:26:59.4841827Z tests/test_train.py::test_metrics_file_created
Unit Test	Run unit tests	2026-08-21T16:26:59.4842144Z tests/test_train.py::test_model_file_created
Unit Test	Run unit tests	2026-08-21T16:26:59.4843085Z   /opt/hostedtoolcache/Python/3.10.21/x64/lib/python3.10/importlib/__init__.py:126: DeprecationWarning: The distutils package is deprecated and slated for removal in Python 3.12. Use setuptools or check PEP 632 for potential alternatives
Unit Test	Run unit tests	2026-08-21T16:26:59.4844083Z     return _bootstrap._gcd_import(name[level:], package, level)
Unit Test	Run unit tests	2026-08-21T16:26:59.4844338Z 
Unit Test	Run unit tests	2026-08-21T16:26:59.4844458Z tests/test_train.py::test_metrics_file_created
Unit Test	Run unit tests	2026-08-21T16:26:59.4844767Z tests/test_train.py::test_model_file_created
Unit Test	Run unit tests	2026-08-21T16:26:59.4846584Z   /opt/hostedtoolcache/Python/3.10.21/x64/lib/python3.10/site-packages/_distutils_hack/__init__.py:15: UserWarning: Distutils was imported before Setuptools, but importing Setuptools also replaces the `distutils` module in `sys.modules`. This may lead to undesirable behaviors or errors. To avoid these issues, avoid using distutils directly, ensure that setuptools is installed in the traditional way (e.g. not an editable install), and/or make sure that setuptools is always imported before distutils.
Unit Test	Run unit tests	2026-08-21T16:26:59.4848393Z     warnings.warn(
Unit Test	Run unit tests	2026-08-21T16:26:59.4848513Z 
Unit Test	Run unit tests	2026-08-21T16:26:59.4848633Z tests/test_train.py::test_metrics_file_created
Unit Test	Run unit tests	2026-08-21T16:26:59.4848937Z tests/test_train.py::test_model_file_created
Unit Test	Run unit tests	2026-08-21T16:26:59.4850608Z   /opt/hostedtoolcache/Python/3.10.21/x64/lib/python3.10/site-packages/_distutils_hack/__init__.py:30: UserWarning: Setuptools is replacing distutils. Support for replacing an already imported distutils is deprecated. In the future, this condition will fail. Register concerns at https://github.com/pypa/setuptools/issues/new?template=distutils-deprecation.yml
Unit Test	Run unit tests	2026-08-21T16:26:59.4852010Z     warnings.warn(
Unit Test	Run unit tests	2026-08-21T16:26:59.4852195Z 
Unit Test	Run unit tests	2026-08-21T16:26:59.4852403Z -- Docs: https://docs.pytest.org/en/stable/how-to/capture-warnings.html
Unit Test	Run unit tests	2026-08-21T16:26:59.4852859Z ======================== 3 passed, 24 warnings in 9.00s ========================
Unit Test	Post Run actions/setup-python@v5	﻿2026-08-21T16:26:59.8352900Z Node 20 is being deprecated. This workflow is running with Node 24 by default. If you need to temporarily use Node 20, you can set the ACTIONS_ALLOW_USE_UNSECURE_NODE_VERSION=true environment variable. For more information see: https://github.blog/changelog/2025-09-19-deprecation-of-node-20-on-github-actions-runners/
Unit Test	Post Run actions/setup-python@v5	2026-08-21T16:26:59.8354183Z Post job cleanup.
Unit Test	Post Run actions/setup-python@v5	2026-08-21T16:26:59.9531051Z (node:2438) [DEP0040] DeprecationWarning: The `punycode` module is deprecated. Please use a userland alternative instead.
Unit Test	Post Run actions/setup-python@v5	2026-08-21T16:26:59.9532365Z (Use `node --trace-deprecation ...` to show where the warning was created)
Unit Test	Post Run actions/checkout@v4	﻿2026-08-21T16:26:59.9731828Z Node 20 is being deprecated. This workflow is running with Node 24 by default. If you need to temporarily use Node 20, you can set the ACTIONS_ALLOW_USE_UNSECURE_NODE_VERSION=true environment variable. For more information see: https://github.blog/changelog/2025-09-19-deprecation-of-node-20-on-github-actions-runners/
Unit Test	Post Run actions/checkout@v4	2026-08-21T16:26:59.9733099Z Post job cleanup.
Unit Test	Post Run actions/checkout@v4	2026-08-21T16:27:00.0623777Z [command]/usr/bin/git version
Unit Test	Post Run actions/checkout@v4	2026-08-21T16:27:00.0668502Z git version 2.55.0
Unit Test	Post Run actions/checkout@v4	2026-08-21T16:27:00.0712768Z Temporarily overriding HOME='/home/runner/work/_temp/8d8b9632-dd8a-4875-a56e-560182ac7f18' before making global git config changes
Unit Test	Post Run actions/checkout@v4	2026-08-21T16:27:00.0713829Z Adding repository directory to the temporary git global config as a safe directory
Unit Test	Post Run actions/checkout@v4	2026-08-21T16:27:00.0715220Z [command]/usr/bin/git config --global --add safe.directory /home/runner/work/TRACK2-DAY21-2A202601155-TRANNGUYENTHENHAT/TRACK2-DAY21-2A202601155-TRANNGUYENTHENHAT
Unit Test	Post Run actions/checkout@v4	2026-08-21T16:27:00.0754647Z [command]/usr/bin/git config --local --name-only --get-regexp core\.sshCommand
Unit Test	Post Run actions/checkout@v4	2026-08-21T16:27:00.0795915Z [command]/usr/bin/git submodule foreach --recursive sh -c "git config --local --name-only --get-regexp 'core\.sshCommand' && git config --local --unset-all 'core.sshCommand' || :"
Unit Test	Post Run actions/checkout@v4	2026-08-21T16:27:00.1082799Z [command]/usr/bin/git config --local --name-only --get-regexp http\.https\:\/\/github\.com\/\.extraheader
Unit Test	Post Run actions/checkout@v4	2026-08-21T16:27:00.1113089Z http.https://github.com/.extraheader
Unit Test	Post Run actions/checkout@v4	2026-08-21T16:27:00.1141022Z [command]/usr/bin/git config --local --unset-all http.https://github.com/.extraheader
Unit Test	Post Run actions/checkout@v4	2026-08-21T16:27:00.1174954Z [command]/usr/bin/git submodule foreach --recursive sh -c "git config --local --name-only --get-regexp 'http\.https\:\/\/github\.com\/\.extraheader' && git config --local --unset-all 'http.https://github.com/.extraheader' || :"
Unit Test	Post Run actions/checkout@v4	2026-08-21T16:27:00.1450817Z [command]/usr/bin/git config --local --name-only --get-regexp ^includeIf\.gitdir:
Unit Test	Post Run actions/checkout@v4	2026-08-21T16:27:00.1484996Z [command]/usr/bin/git submodule foreach --recursive git config --local --show-origin --name-only --get-regexp remote.origin.url
Unit Test	Complete job	﻿2026-08-21T16:27:00.1967010Z Cleaning up orphan processes
Unit Test	Complete job	2026-08-21T16:27:00.2264448Z ##[warning]Node.js 20 is deprecated. The following actions target Node.js 20 but are being forced to run on Node.js 24: actions/checkout@v4, actions/setup-python@v5. For more information see: https://github.blog/changelog/2025-09-19-deprecation-of-node-20-on-github-actions-runners/
Train	Set up job	﻿2026-08-21T16:27:07.4348979Z Current runner version: '2.336.0'
Train	Set up job	2026-08-21T16:27:07.4388763Z ##[group]Runner Image Provisioner
Train	Set up job	2026-08-21T16:27:07.4390776Z Hosted Compute Agent
Train	Set up job	2026-08-21T16:27:07.4392084Z Version: 20260729.566
Train	Set up job	2026-08-21T16:27:07.4393565Z Commit: cf7153fe6e25b664e8693c24944bf2b00355d109
Train	Set up job	2026-08-21T16:27:07.4395125Z Build Date: 2026-07-29T19:17:02Z
Train	Set up job	2026-08-21T16:27:07.4396778Z Worker ID: ***dd8b4510-ac1d-42b8-b2dc-ae24fe4b341f***
Train	Set up job	2026-08-21T16:27:07.4398474Z Azure Region: eastus
Train	Set up job	2026-08-21T16:27:07.4399759Z ##[endgroup]
Train	Set up job	2026-08-21T16:27:07.4403366Z ##[group]Operating System
Train	Set up job	2026-08-21T16:27:07.4404867Z Ubuntu
Train	Set up job	2026-08-21T16:27:07.4406169Z 24.04.4
Train	Set up job	2026-08-21T16:27:07.4407362Z LTS
Train	Set up job	2026-08-21T16:27:07.4408459Z ##[endgroup]
Train	Set up job	2026-08-21T16:27:07.4409913Z ##[group]Runner Image
Train	Set up job	2026-08-21T16:27:07.4411528Z Image: ubuntu-24.04
Train	Set up job	2026-08-21T16:27:07.4412782Z Version: 20260816.277.1
Train	Set up job	2026-08-21T16:27:07.4414989Z Included Software: https://github.com/actions/runner-images/blob/ubuntu24/20260816.277/images/ubuntu/Ubuntu2404-Readme.md
Train	Set up job	2026-08-21T16:27:07.4418392Z Image Release: https://github.com/actions/runner-images/releases/tag/ubuntu24%2F20260816.277
Train	Set up job	2026-08-21T16:27:07.4420855Z ##[endgroup]
Train	Set up job	2026-08-21T16:27:07.4423646Z ##[group]GITHUB_TOKEN Permissions
Train	Set up job	2026-08-21T16:27:07.4426793Z Contents: read
Train	Set up job	2026-08-21T16:27:07.4428276Z Metadata: read
Train	Set up job	2026-08-21T16:27:07.4429480Z Packages: read
Train	Set up job	2026-08-21T16:27:07.4430970Z ##[endgroup]
Train	Set up job	2026-08-21T16:27:07.4434441Z Secret source: Actions
Train	Set up job	2026-08-21T16:27:07.4436701Z Prepare workflow directory
Train	Set up job	2026-08-21T16:27:07.4923849Z Prepare all required actions
Train	Set up job	2026-08-21T16:27:07.4995301Z Getting action download info
Train	Set up job	2026-08-21T16:27:07.6565765Z Download action repository 'actions/checkout@v4' (SHA:11d5960a326750d5838078e36cf38b85af677262)
Train	Set up job	2026-08-21T16:27:07.7647552Z Download action repository 'actions/setup-python@v5' (SHA:a26af69be951a213d495a4c3e4e4022e16d87065)
Train	Set up job	2026-08-21T16:27:07.8453743Z Download action repository 'actions/upload-artifact@v4' (SHA:ea165f8d65b6e75b540449e92b4886f43607fa02)
Train	Set up job	2026-08-21T16:27:08.0686298Z Complete job name: Train
Train	Run actions/checkout@v4	﻿2026-08-21T16:27:08.1498454Z Node 20 is being deprecated. This workflow is running with Node 24 by default. If you need to temporarily use Node 20, you can set the ACTIONS_ALLOW_USE_UNSECURE_NODE_VERSION=true environment variable. For more information see: https://github.blog/changelog/2025-09-19-deprecation-of-node-20-on-github-actions-runners/
Train	Run actions/checkout@v4	2026-08-21T16:27:08.1507771Z ##[group]Run actions/checkout@v4
Train	Run actions/checkout@v4	2026-08-21T16:27:08.1508693Z with:
Train	Run actions/checkout@v4	2026-08-21T16:27:08.1509440Z   repository: NhtJm/TRACK2-DAY21-2A202601155-TRANNGUYENTHENHAT
Train	Run actions/checkout@v4	2026-08-21T16:27:08.1514554Z   token: ***
Train	Run actions/checkout@v4	2026-08-21T16:27:08.1515205Z   ssh-strict: true
Train	Run actions/checkout@v4	2026-08-21T16:27:08.1515824Z   ssh-user: git
Train	Run actions/checkout@v4	2026-08-21T16:27:08.1516446Z   persist-credentials: true
Train	Run actions/checkout@v4	2026-08-21T16:27:08.1517111Z   clean: true
Train	Run actions/checkout@v4	2026-08-21T16:27:08.1517723Z   sparse-checkout-cone-mode: true
Train	Run actions/checkout@v4	2026-08-21T16:27:08.1518411Z   fetch-depth: 1
Train	Run actions/checkout@v4	2026-08-21T16:27:08.1518999Z   fetch-tags: false
Train	Run actions/checkout@v4	2026-08-21T16:27:08.1519609Z   show-progress: true
Train	Run actions/checkout@v4	2026-08-21T16:27:08.1520382Z   lfs: false
Train	Run actions/checkout@v4	2026-08-21T16:27:08.1520961Z   submodules: false
Train	Run actions/checkout@v4	2026-08-21T16:27:08.1521620Z   set-safe-directory: true
Train	Run actions/checkout@v4	2026-08-21T16:27:08.1522295Z   allow-unsafe-pr-checkout: false
Train	Run actions/checkout@v4	2026-08-21T16:27:08.1596247Z ##[endgroup]
Train	Run actions/checkout@v4	2026-08-21T16:27:08.2650159Z Syncing repository: NhtJm/TRACK2-DAY21-2A202601155-TRANNGUYENTHENHAT
Train	Run actions/checkout@v4	2026-08-21T16:27:08.2654172Z ##[group]Getting Git version info
Train	Run actions/checkout@v4	2026-08-21T16:27:08.2656238Z Working directory is '/home/runner/work/TRACK2-DAY21-2A202601155-TRANNGUYENTHENHAT/TRACK2-DAY21-2A202601155-TRANNGUYENTHENHAT'
Train	Run actions/checkout@v4	2026-08-21T16:27:08.2658033Z [command]/usr/bin/git version
Train	Run actions/checkout@v4	2026-08-21T16:27:08.2708643Z git version 2.55.0
Train	Run actions/checkout@v4	2026-08-21T16:27:08.2731987Z ##[endgroup]
Train	Run actions/checkout@v4	2026-08-21T16:27:08.2748428Z Temporarily overriding HOME='/home/runner/work/_temp/6e329baf-8ab3-4b5d-ab9d-63274b991785' before making global git config changes
Train	Run actions/checkout@v4	2026-08-21T16:27:08.2750064Z Adding repository directory to the temporary git global config as a safe directory
Train	Run actions/checkout@v4	2026-08-21T16:27:08.2755377Z [command]/usr/bin/git config --global --add safe.directory /home/runner/work/TRACK2-DAY21-2A202601155-TRANNGUYENTHENHAT/TRACK2-DAY21-2A202601155-TRANNGUYENTHENHAT
Train	Run actions/checkout@v4	2026-08-21T16:27:08.2816728Z Deleting the contents of '/home/runner/work/TRACK2-DAY21-2A202601155-TRANNGUYENTHENHAT/TRACK2-DAY21-2A202601155-TRANNGUYENTHENHAT'
Train	Run actions/checkout@v4	2026-08-21T16:27:08.2826283Z ##[group]Initializing the repository
Train	Run actions/checkout@v4	2026-08-21T16:27:08.2830076Z [command]/usr/bin/git init /home/runner/work/TRACK2-DAY21-2A202601155-TRANNGUYENTHENHAT/TRACK2-DAY21-2A202601155-TRANNGUYENTHENHAT
Train	Run actions/checkout@v4	2026-08-21T16:27:08.2911154Z hint: Using 'master' as the name for the initial branch. This default branch name
Train	Run actions/checkout@v4	2026-08-21T16:27:08.2913203Z hint: will change to "main" in Git 3.0. To configure the initial branch name
Train	Run actions/checkout@v4	2026-08-21T16:27:08.2915252Z hint: to use in all of your new repositories, which will suppress this warning,
Train	Run actions/checkout@v4	2026-08-21T16:27:08.2917284Z hint: call:
Train	Run actions/checkout@v4	2026-08-21T16:27:08.2918340Z hint:
Train	Run actions/checkout@v4	2026-08-21T16:27:08.2919673Z hint: 	git config --global init.defaultBranch <name>
Train	Run actions/checkout@v4	2026-08-21T16:27:08.2921470Z hint:
Train	Run actions/checkout@v4	2026-08-21T16:27:08.2922815Z hint: Names commonly chosen instead of 'master' are 'main', 'trunk' and
Train	Run actions/checkout@v4	2026-08-21T16:27:08.2924767Z hint: 'development'. The just-created branch can be renamed via this command:
Train	Run actions/checkout@v4	2026-08-21T16:27:08.2926435Z hint:
Train	Run actions/checkout@v4	2026-08-21T16:27:08.2927474Z hint: 	git branch -m <name>
Train	Run actions/checkout@v4	2026-08-21T16:27:08.2928619Z hint:
Train	Run actions/checkout@v4	2026-08-21T16:27:08.2930020Z hint: Disable this message with "git config set advice.defaultBranchName false"
Train	Run actions/checkout@v4	2026-08-21T16:27:08.2933550Z Initialized empty Git repository in /home/runner/work/TRACK2-DAY21-2A202601155-TRANNGUYENTHENHAT/TRACK2-DAY21-2A202601155-TRANNGUYENTHENHAT/.git/
Train	Run actions/checkout@v4	2026-08-21T16:27:08.2938385Z [command]/usr/bin/git remote add origin https://github.com/NhtJm/TRACK2-DAY21-2A202601155-TRANNGUYENTHENHAT
Train	Run actions/checkout@v4	2026-08-21T16:27:08.2971513Z ##[endgroup]
Train	Run actions/checkout@v4	2026-08-21T16:27:08.2973123Z ##[group]Disabling automatic garbage collection
Train	Run actions/checkout@v4	2026-08-21T16:27:08.2976237Z [command]/usr/bin/git config --local gc.auto 0
Train	Run actions/checkout@v4	2026-08-21T16:27:08.3011625Z ##[endgroup]
Train	Run actions/checkout@v4	2026-08-21T16:27:08.3013155Z ##[group]Setting up auth
Train	Run actions/checkout@v4	2026-08-21T16:27:08.3019391Z [command]/usr/bin/git config --local --name-only --get-regexp core\.sshCommand
Train	Run actions/checkout@v4	2026-08-21T16:27:08.3055315Z [command]/usr/bin/git submodule foreach --recursive sh -c "git config --local --name-only --get-regexp 'core\.sshCommand' && git config --local --unset-all 'core.sshCommand' || :"
Train	Run actions/checkout@v4	2026-08-21T16:27:08.3426514Z [command]/usr/bin/git config --local --name-only --get-regexp http\.https\:\/\/github\.com\/\.extraheader
Train	Run actions/checkout@v4	2026-08-21T16:27:08.3474501Z [command]/usr/bin/git submodule foreach --recursive sh -c "git config --local --name-only --get-regexp 'http\.https\:\/\/github\.com\/\.extraheader' && git config --local --unset-all 'http.https://github.com/.extraheader' || :"
Train	Run actions/checkout@v4	2026-08-21T16:27:08.3744214Z [command]/usr/bin/git config --local --name-only --get-regexp ^includeIf\.gitdir:
Train	Run actions/checkout@v4	2026-08-21T16:27:08.3787601Z [command]/usr/bin/git submodule foreach --recursive git config --local --show-origin --name-only --get-regexp remote.origin.url
Train	Run actions/checkout@v4	2026-08-21T16:27:08.4051473Z [command]/usr/bin/git config --local http.https://github.com/.extraheader AUTHORIZATION: basic ***
Train	Run actions/checkout@v4	2026-08-21T16:27:08.4094089Z ##[endgroup]
Train	Run actions/checkout@v4	2026-08-21T16:27:08.4095183Z ##[group]Fetching the repository
Train	Run actions/checkout@v4	2026-08-21T16:27:08.4104337Z [command]/usr/bin/git -c protocol.version=2 fetch --no-tags --prune --no-recurse-submodules --depth=1 origin +ab11424c36710ecaa0274cf0fe9700721f388843:refs/remotes/origin/main
Train	Run actions/checkout@v4	2026-08-21T16:27:08.7053281Z From https://github.com/NhtJm/TRACK2-DAY21-2A202601155-TRANNGUYENTHENHAT
Train	Run actions/checkout@v4	2026-08-21T16:27:08.7054654Z  * [new ref]         ab11424c36710ecaa0274cf0fe9700721f388843 -> origin/main
Train	Run actions/checkout@v4	2026-08-21T16:27:08.7057844Z ##[endgroup]
Train	Run actions/checkout@v4	2026-08-21T16:27:08.7059320Z ##[group]Determining the checkout info
Train	Run actions/checkout@v4	2026-08-21T16:27:08.7061133Z ##[endgroup]
Train	Run actions/checkout@v4	2026-08-21T16:27:08.7066981Z [command]/usr/bin/git sparse-checkout disable
Train	Run actions/checkout@v4	2026-08-21T16:27:08.7120973Z [command]/usr/bin/git config --local --unset-all extensions.worktreeConfig
Train	Run actions/checkout@v4	2026-08-21T16:27:08.7155804Z ##[group]Checking out the ref
Train	Run actions/checkout@v4	2026-08-21T16:27:08.7159715Z [command]/usr/bin/git checkout --progress --force -B main refs/remotes/origin/main
Train	Run actions/checkout@v4	2026-08-21T16:27:08.7272033Z Switched to a new branch 'main'
Train	Run actions/checkout@v4	2026-08-21T16:27:08.7276449Z branch 'main' set up to track 'origin/main'.
Train	Run actions/checkout@v4	2026-08-21T16:27:08.7283118Z ##[endgroup]
Train	Run actions/checkout@v4	2026-08-21T16:27:08.7328503Z [command]/usr/bin/git log -1 --format=%H
Train	Run actions/checkout@v4	2026-08-21T16:27:08.7358587Z ab11424c36710ecaa0274cf0fe9700721f388843
Train	Run actions/setup-python@v5	﻿2026-08-21T16:27:08.7670014Z Node 20 is being deprecated. This workflow is running with Node 24 by default. If you need to temporarily use Node 20, you can set the ACTIONS_ALLOW_USE_UNSECURE_NODE_VERSION=true environment variable. For more information see: https://github.blog/changelog/2025-09-19-deprecation-of-node-20-on-github-actions-runners/
Train	Run actions/setup-python@v5	2026-08-21T16:27:08.7672942Z ##[group]Run actions/setup-python@v5
Train	Run actions/setup-python@v5	2026-08-21T16:27:08.7673654Z with:
Train	Run actions/setup-python@v5	2026-08-21T16:27:08.7674220Z   python-version: 3.10
Train	Run actions/setup-python@v5	2026-08-21T16:27:08.7674849Z   check-latest: false
Train	Run actions/setup-python@v5	2026-08-21T16:27:08.7679178Z   token: ***
Train	Run actions/setup-python@v5	2026-08-21T16:27:08.7679784Z   update-environment: true
Train	Run actions/setup-python@v5	2026-08-21T16:27:08.7680726Z   allow-prereleases: false
Train	Run actions/setup-python@v5	2026-08-21T16:27:08.7681387Z   freethreaded: false
Train	Run actions/setup-python@v5	2026-08-21T16:27:08.7681997Z ##[endgroup]
Train	Run actions/setup-python@v5	2026-08-21T16:27:08.9083296Z ##[group]Installed versions
Train	Run actions/setup-python@v5	2026-08-21T16:27:08.9173365Z (node:2303) [DEP0040] DeprecationWarning: The `punycode` module is deprecated. Please use a userland alternative instead.
Train	Run actions/setup-python@v5	2026-08-21T16:27:08.9175658Z (Use `node --trace-deprecation ...` to show where the warning was created)
Train	Run actions/setup-python@v5	2026-08-21T16:27:08.9177046Z Successfully set up CPython (3.10.21)
Train	Run actions/setup-python@v5	2026-08-21T16:27:08.9178415Z ##[endgroup]
Train	Install dependencies	﻿2026-08-21T16:27:08.9417081Z ##[group]Run pip install -r requirements.txt
Train	Install dependencies	2026-08-21T16:27:08.9418493Z ^[[36;1mpip install -r requirements.txt^[[0m
Train	Install dependencies	2026-08-21T16:27:08.9574331Z shell: /usr/bin/bash -e ***0***
Train	Install dependencies	2026-08-21T16:27:08.9575554Z env:
Train	Install dependencies	2026-08-21T16:27:08.9576566Z   pythonLocation: /opt/hostedtoolcache/Python/3.10.21/x64
Train	Install dependencies	2026-08-21T16:27:08.9578318Z   PKG_CONFIG_PATH: /opt/hostedtoolcache/Python/3.10.21/x64/lib/pkgconfig
Train	Install dependencies	2026-08-21T16:27:08.9580063Z   Python_ROOT_DIR: /opt/hostedtoolcache/Python/3.10.21/x64
Train	Install dependencies	2026-08-21T16:27:08.9581875Z   Python2_ROOT_DIR: /opt/hostedtoolcache/Python/3.10.21/x64
Train	Install dependencies	2026-08-21T16:27:08.9583397Z   Python3_ROOT_DIR: /opt/hostedtoolcache/Python/3.10.21/x64
Train	Install dependencies	2026-08-21T16:27:08.9584958Z   LD_LIBRARY_PATH: /opt/hostedtoolcache/Python/3.10.21/x64/lib
Train	Install dependencies	2026-08-21T16:27:08.9586312Z ##[endgroup]
Train	Install dependencies	2026-08-21T16:27:13.7199208Z Collecting mlflow==2.13.0 (from -r requirements.txt (line 1))
Train	Install dependencies	2026-08-21T16:27:13.7842574Z   Downloading mlflow-2.13.0-py3-none-any.whl.metadata (29 kB)
Train	Install dependencies	2026-08-21T16:27:13.8976159Z Collecting scikit-learn==1.4.2 (from -r requirements.txt (line 2))
Train	Install dependencies	2026-08-21T16:27:13.9021036Z   Downloading scikit_learn-1.4.2-cp310-cp310-manylinux_2_17_x86_64.manylinux2014_x86_64.whl.metadata (11 kB)
Train	Install dependencies	2026-08-21T16:27:14.0246419Z Collecting pandas==2.2.2 (from -r requirements.txt (line 3))
Train	Install dependencies	2026-08-21T16:27:14.0296006Z   Downloading pandas-2.2.2-cp310-cp310-manylinux_2_17_x86_64.manylinux2014_x86_64.whl.metadata (19 kB)
Train	Install dependencies	2026-08-21T16:27:14.1113078Z Collecting dvc==3.50.1 (from dvc[gs]==3.50.1->-r requirements.txt (line 4))
Train	Install dependencies	2026-08-21T16:27:14.1171017Z   Downloading dvc-3.50.1-py3-none-any.whl.metadata (17 kB)
Train	Install dependencies	2026-08-21T16:27:14.1417370Z Collecting pathspec==0.11.2 (from -r requirements.txt (line 5))
Train	Install dependencies	2026-08-21T16:27:14.1472710Z   Downloading pathspec-0.11.2-py3-none-any.whl.metadata (19 kB)
Train	Install dependencies	2026-08-21T16:27:14.1742874Z Collecting pytest==8.2.0 (from -r requirements.txt (line 6))
Train	Install dependencies	2026-08-21T16:27:14.1786329Z   Downloading pytest-8.2.0-py3-none-any.whl.metadata (7.5 kB)
Train	Install dependencies	2026-08-21T16:27:14.2194367Z Collecting fastapi==0.111.0 (from -r requirements.txt (line 7))
Train	Install dependencies	2026-08-21T16:27:14.2238453Z   Downloading fastapi-0.111.0-py3-none-any.whl.metadata (25 kB)
Train	Install dependencies	2026-08-21T16:27:14.2504890Z Collecting uvicorn==0.29.0 (from -r requirements.txt (line 8))
Train	Install dependencies	2026-08-21T16:27:14.2553691Z   Downloading uvicorn-0.29.0-py3-none-any.whl.metadata (6.3 kB)
Train	Install dependencies	2026-08-21T16:27:14.2751970Z Collecting joblib==1.4.2 (from -r requirements.txt (line 9))
Train	Install dependencies	2026-08-21T16:27:14.2793464Z   Downloading joblib-1.4.2-py3-none-any.whl.metadata (5.4 kB)
Train	Install dependencies	2026-08-21T16:27:14.3008996Z Collecting google-cloud-storage==2.16.0 (from -r requirements.txt (line 10))
Train	Install dependencies	2026-08-21T16:27:14.3050921Z   Downloading google_cloud_storage-2.16.0-py2.py3-none-any.whl.metadata (6.1 kB)
Train	Install dependencies	2026-08-21T16:27:14.3587054Z Collecting pyyaml==6.0.1 (from -r requirements.txt (line 11))
Train	Install dependencies	2026-08-21T16:27:14.3645009Z   Downloading PyYAML-6.0.1-cp310-cp310-manylinux_2_17_x86_64.manylinux2014_x86_64.whl.metadata (2.1 kB)
Train	Install dependencies	2026-08-21T16:27:14.3827985Z Collecting Flask<4 (from mlflow==2.13.0->-r requirements.txt (line 1))
Train	Install dependencies	2026-08-21T16:27:14.3875016Z   Downloading flask-3.1.3-py3-none-any.whl.metadata (3.2 kB)
Train	Install dependencies	2026-08-21T16:27:14.4184067Z Collecting alembic!=1.10.0,<2 (from mlflow==2.13.0->-r requirements.txt (line 1))
Train	Install dependencies	2026-08-21T16:27:14.4230215Z   Downloading alembic-1.19.1-py3-none-any.whl.metadata (7.3 kB)
Train	Install dependencies	2026-08-21T16:27:14.4416710Z Collecting cachetools<6,>=5.0.0 (from mlflow==2.13.0->-r requirements.txt (line 1))
Train	Install dependencies	2026-08-21T16:27:14.4460206Z   Downloading cachetools-5.5.2-py3-none-any.whl.metadata (5.4 kB)
Train	Install dependencies	2026-08-21T16:27:14.4633976Z Collecting click<9,>=7.0 (from mlflow==2.13.0->-r requirements.txt (line 1))
Train	Install dependencies	2026-08-21T16:27:14.4715619Z   Downloading click-8.4.2-py3-none-any.whl.metadata (2.6 kB)
Train	Install dependencies	2026-08-21T16:27:14.4879161Z Collecting cloudpickle<4 (from mlflow==2.13.0->-r requirements.txt (line 1))
Train	Install dependencies	2026-08-21T16:27:14.4930496Z   Downloading cloudpickle-3.1.2-py3-none-any.whl.metadata (7.1 kB)
Train	Install dependencies	2026-08-21T16:27:14.5125959Z Collecting docker<8,>=4.0.0 (from mlflow==2.13.0->-r requirements.txt (line 1))
Train	Install dependencies	2026-08-21T16:27:14.5175194Z   Downloading docker-7.2.0-py3-none-any.whl.metadata (3.8 kB)
Train	Install dependencies	2026-08-21T16:27:14.5339544Z Collecting entrypoints<1 (from mlflow==2.13.0->-r requirements.txt (line 1))
Train	Install dependencies	2026-08-21T16:27:14.5389092Z   Downloading entrypoints-0.4-py3-none-any.whl.metadata (2.6 kB)
Train	Install dependencies	2026-08-21T16:27:14.5637309Z Collecting gitpython<4,>=3.1.9 (from mlflow==2.13.0->-r requirements.txt (line 1))
Train	Install dependencies	2026-08-21T16:27:14.5678598Z   Downloading gitpython-3.1.59-py3-none-any.whl.metadata (13 kB)
Train	Install dependencies	2026-08-21T16:27:14.5937382Z Collecting graphene<4 (from mlflow==2.13.0->-r requirements.txt (line 1))
Train	Install dependencies	2026-08-21T16:27:14.5986165Z   Downloading graphene-3.4.3-py2.py3-none-any.whl.metadata (6.9 kB)
Train	Install dependencies	2026-08-21T16:27:14.6335857Z Collecting importlib-metadata!=4.7.0,<8,>=3.7.0 (from mlflow==2.13.0->-r requirements.txt (line 1))
Train	Install dependencies	2026-08-21T16:27:14.6384150Z   Downloading importlib_metadata-7.2.1-py3-none-any.whl.metadata (4.6 kB)
Train	Install dependencies	2026-08-21T16:27:14.6595490Z Collecting markdown<4,>=3.3 (from mlflow==2.13.0->-r requirements.txt (line 1))
Train	Install dependencies	2026-08-21T16:27:14.6644676Z   Downloading markdown-3.10.3-py3-none-any.whl.metadata (5.1 kB)
Train	Install dependencies	2026-08-21T16:27:14.8092735Z Collecting matplotlib<4 (from mlflow==2.13.0->-r requirements.txt (line 1))
Train	Install dependencies	2026-08-21T16:27:14.8138174Z   Downloading matplotlib-3.10.9-cp310-cp310-manylinux2014_x86_64.manylinux_2_17_x86_64.whl.metadata (52 kB)
Train	Install dependencies	2026-08-21T16:27:15.0581209Z Collecting numpy<2 (from mlflow==2.13.0->-r requirements.txt (line 1))
Train	Install dependencies	2026-08-21T16:27:15.0627514Z   Downloading numpy-1.26.4-cp310-cp310-manylinux_2_17_x86_64.manylinux2014_x86_64.whl.metadata (61 kB)
Train	Install dependencies	2026-08-21T16:27:15.0877584Z Collecting opentelemetry-api<3,>=1.0.0 (from mlflow==2.13.0->-r requirements.txt (line 1))
Train	Install dependencies	2026-08-21T16:27:15.0925957Z   Downloading opentelemetry_api-1.44.0-py3-none-any.whl.metadata (1.4 kB)
Train	Install dependencies	2026-08-21T16:27:15.1152644Z Collecting opentelemetry-sdk<3,>=1.0.0 (from mlflow==2.13.0->-r requirements.txt (line 1))
Train	Install dependencies	2026-08-21T16:27:15.1198396Z   Downloading opentelemetry_sdk-1.44.0-py3-none-any.whl.metadata (1.6 kB)
Train	Install dependencies	2026-08-21T16:27:15.1379950Z Collecting packaging<25 (from mlflow==2.13.0->-r requirements.txt (line 1))
Train	Install dependencies	2026-08-21T16:27:15.1426452Z   Downloading packaging-24.2-py3-none-any.whl.metadata (3.2 kB)
Train	Install dependencies	2026-08-21T16:27:15.3023818Z Collecting protobuf<5,>=3.12.0 (from mlflow==2.13.0->-r requirements.txt (line 1))
Train	Install dependencies	2026-08-21T16:27:15.3074232Z   Downloading protobuf-4.25.9-cp37-abi3-manylinux2014_x86_64.whl.metadata (541 bytes)
Train	Install dependencies	2026-08-21T16:27:15.3946596Z Collecting pyarrow<16,>=4.0.0 (from mlflow==2.13.0->-r requirements.txt (line 1))
Train	Install dependencies	2026-08-21T16:27:15.3991275Z   Downloading pyarrow-15.0.2-cp310-cp310-manylinux_2_28_x86_64.whl.metadata (3.0 kB)
Train	Install dependencies	2026-08-21T16:27:15.4385350Z Collecting pytz<2025 (from mlflow==2.13.0->-r requirements.txt (line 1))
Train	Install dependencies	2026-08-21T16:27:15.4447861Z   Downloading pytz-2024.2-py2.py3-none-any.whl.metadata (22 kB)
Train	Install dependencies	2026-08-21T16:27:15.4588897Z Collecting querystring-parser<2 (from mlflow==2.13.0->-r requirements.txt (line 1))
Train	Install dependencies	2026-08-21T16:27:15.4627144Z   Downloading querystring_parser-1.2.4-py2.py3-none-any.whl.metadata (559 bytes)
Train	Install dependencies	2026-08-21T16:27:15.4857423Z Collecting requests<3,>=2.17.3 (from mlflow==2.13.0->-r requirements.txt (line 1))
Train	Install dependencies	2026-08-21T16:27:15.4935390Z   Downloading requests-2.34.2-py3-none-any.whl.metadata (4.8 kB)
Train	Install dependencies	2026-08-21T16:27:15.6700982Z Collecting scipy<2 (from mlflow==2.13.0->-r requirements.txt (line 1))
Train	Install dependencies	2026-08-21T16:27:15.6772149Z   Downloading scipy-1.15.3-cp310-cp310-manylinux_2_17_x86_64.manylinux2014_x86_64.whl.metadata (61 kB)
Train	Install dependencies	2026-08-21T16:27:15.9791705Z Collecting sqlalchemy<3,>=1.4.0 (from mlflow==2.13.0->-r requirements.txt (line 1))
Train	Install dependencies	2026-08-21T16:27:15.9838454Z   Downloading sqlalchemy-2.0.52-cp310-cp310-manylinux2014_x86_64.manylinux_2_17_x86_64.manylinux_2_28_x86_64.whl.metadata (9.6 kB)
Train	Install dependencies	2026-08-21T16:27:16.0056927Z Collecting sqlparse<1,>=0.4.0 (from mlflow==2.13.0->-r requirements.txt (line 1))
Train	Install dependencies	2026-08-21T16:27:16.0097740Z   Downloading sqlparse-0.6.0-py3-none-any.whl.metadata (6.0 kB)
Train	Install dependencies	2026-08-21T16:27:16.0249152Z Collecting Jinja2<4,>=2.11 (from mlflow==2.13.0->-r requirements.txt (line 1))
Train	Install dependencies	2026-08-21T16:27:16.0294192Z   Downloading jinja2-3.1.6-py3-none-any.whl.metadata (2.9 kB)
Train	Install dependencies	2026-08-21T16:27:16.0481167Z Collecting gunicorn<23 (from mlflow==2.13.0->-r requirements.txt (line 1))
Train	Install dependencies	2026-08-21T16:27:16.0523132Z   Downloading gunicorn-22.0.0-py3-none-any.whl.metadata (4.4 kB)
Train	Install dependencies	2026-08-21T16:27:16.0746910Z Collecting threadpoolctl>=2.0.0 (from scikit-learn==1.4.2->-r requirements.txt (line 2))
Train	Install dependencies	2026-08-21T16:27:16.0795408Z   Downloading threadpoolctl-3.6.0-py3-none-any.whl.metadata (13 kB)
Train	Install dependencies	2026-08-21T16:27:16.0974306Z Collecting python-dateutil>=2.8.2 (from pandas==2.2.2->-r requirements.txt (line 3))
Train	Install dependencies	2026-08-21T16:27:16.1018974Z   Downloading python_dateutil-2.9.0.post0-py2.py3-none-any.whl.metadata (8.4 kB)
Train	Install dependencies	2026-08-21T16:27:16.1186854Z Collecting tzdata>=2022.7 (from pandas==2.2.2->-r requirements.txt (line 3))
Train	Install dependencies	2026-08-21T16:27:16.1231036Z   Downloading tzdata-2026.3-py2.py3-none-any.whl.metadata (1.4 kB)
Train	Install dependencies	2026-08-21T16:27:16.1387901Z Collecting attrs>=22.2.0 (from dvc==3.50.1->dvc[gs]==3.50.1->-r requirements.txt (line 4))
Train	Install dependencies	2026-08-21T16:27:16.1429016Z   Downloading attrs-26.1.0-py3-none-any.whl.metadata (8.8 kB)
Train	Install dependencies	2026-08-21T16:27:16.1765128Z Collecting celery (from dvc==3.50.1->dvc[gs]==3.50.1->-r requirements.txt (line 4))
Train	Install dependencies	2026-08-21T16:27:16.1809415Z   Downloading celery-5.6.3-py3-none-any.whl.metadata (23 kB)
Train	Install dependencies	2026-08-21T16:27:16.2146990Z Collecting colorama>=0.3.9 (from dvc==3.50.1->dvc[gs]==3.50.1->-r requirements.txt (line 4))
Train	Install dependencies	2026-08-21T16:27:16.2188789Z   Downloading colorama-0.4.6-py2.py3-none-any.whl.metadata (17 kB)
Train	Install dependencies	2026-08-21T16:27:16.2658018Z Collecting configobj>=5.0.6 (from dvc==3.50.1->dvc[gs]==3.50.1->-r requirements.txt (line 4))
Train	Install dependencies	2026-08-21T16:27:16.2702295Z   Downloading configobj-5.0.9-py2.py3-none-any.whl.metadata (3.2 kB)
Train	Install dependencies	2026-08-21T16:27:16.2817334Z Collecting distro>=1.3 (from dvc==3.50.1->dvc[gs]==3.50.1->-r requirements.txt (line 4))
Train	Install dependencies	2026-08-21T16:27:16.2862942Z   Downloading distro-1.9.0-py3-none-any.whl.metadata (6.8 kB)
Train	Install dependencies	2026-08-21T16:27:16.2990726Z Collecting dpath<3,>=2.1.0 (from dvc==3.50.1->dvc[gs]==3.50.1->-r requirements.txt (line 4))
Train	Install dependencies	2026-08-21T16:27:16.3034101Z   Downloading dpath-2.2.0-py3-none-any.whl.metadata (15 kB)
Train	Install dependencies	2026-08-21T16:27:16.4568464Z Collecting dulwich (from dvc==3.50.1->dvc[gs]==3.50.1->-r requirements.txt (line 4))
Train	Install dependencies	2026-08-21T16:27:16.4612757Z   Downloading dulwich-1.2.12-cp310-cp310-manylinux_2_28_x86_64.whl.metadata (6.0 kB)
Train	Install dependencies	2026-08-21T16:27:16.5059432Z Collecting dvc-data<3.16,>=3.15 (from dvc==3.50.1->dvc[gs]==3.50.1->-r requirements.txt (line 4))
Train	Install dependencies	2026-08-21T16:27:16.5124185Z   Downloading dvc_data-3.15.2-py3-none-any.whl.metadata (5.0 kB)
Train	Install dependencies	2026-08-21T16:27:16.5270232Z Collecting dvc-http>=2.29.0 (from dvc==3.50.1->dvc[gs]==3.50.1->-r requirements.txt (line 4))
Train	Install dependencies	2026-08-21T16:27:16.5310003Z   Downloading dvc_http-2.32.0-py3-none-any.whl.metadata (1.3 kB)
Train	Install dependencies	2026-08-21T16:27:16.5598249Z Collecting dvc-objects (from dvc==3.50.1->dvc[gs]==3.50.1->-r requirements.txt (line 4))
Train	Install dependencies	2026-08-21T16:27:16.5640824Z   Downloading dvc_objects-5.2.0-py3-none-any.whl.metadata (3.9 kB)
Train	Install dependencies	2026-08-21T16:27:16.5800978Z Collecting dvc-render<2,>=1.0.1 (from dvc==3.50.1->dvc[gs]==3.50.1->-r requirements.txt (line 4))
Train	Install dependencies	2026-08-21T16:27:16.5839850Z   Downloading dvc_render-1.0.2-py3-none-any.whl.metadata (5.4 kB)
Train	Install dependencies	2026-08-21T16:27:16.5996385Z Collecting dvc-studio-client<1,>=0.20 (from dvc==3.50.1->dvc[gs]==3.50.1->-r requirements.txt (line 4))
Train	Install dependencies	2026-08-21T16:27:16.6034104Z   Downloading dvc_studio_client-0.23.0-py3-none-any.whl.metadata (4.4 kB)
Train	Install dependencies	2026-08-21T16:27:16.6185336Z Collecting dvc-task<1,>=0.3.0 (from dvc==3.50.1->dvc[gs]==3.50.1->-r requirements.txt (line 4))
Train	Install dependencies	2026-08-21T16:27:16.6225470Z   Downloading dvc_task-0.40.2-py3-none-any.whl.metadata (10.0 kB)
Train	Install dependencies	2026-08-21T16:27:16.6354255Z Collecting flatten-dict<1,>=0.4.1 (from dvc==3.50.1->dvc[gs]==3.50.1->-r requirements.txt (line 4))
Train	Install dependencies	2026-08-21T16:27:16.6392448Z   Downloading flatten_dict-0.5.0-py3-none-any.whl.metadata (8.9 kB)
Train	Install dependencies	2026-08-21T16:27:16.6550167Z Collecting flufl.lock<8,>=5 (from dvc==3.50.1->dvc[gs]==3.50.1->-r requirements.txt (line 4))
Train	Install dependencies	2026-08-21T16:27:16.6590059Z   Downloading flufl.lock-7.1.1-py3-none-any.whl.metadata (3.3 kB)
Train	Install dependencies	2026-08-21T16:27:16.6799882Z Collecting fsspec (from dvc==3.50.1->dvc[gs]==3.50.1->-r requirements.txt (line 4))
Train	Install dependencies	2026-08-21T16:27:16.6839744Z   Downloading fsspec-2026.7.0-py3-none-any.whl.metadata (10 kB)
Train	Install dependencies	2026-08-21T16:27:16.7225948Z Collecting funcy>=1.14 (from dvc==3.50.1->dvc[gs]==3.50.1->-r requirements.txt (line 4))
Train	Install dependencies	2026-08-21T16:27:16.7264917Z   Downloading funcy-2.0-py2.py3-none-any.whl.metadata (5.9 kB)
Train	Install dependencies	2026-08-21T16:27:16.7382909Z Collecting grandalf<1,>=0.7 (from dvc==3.50.1->dvc[gs]==3.50.1->-r requirements.txt (line 4))
Train	Install dependencies	2026-08-21T16:27:16.7421236Z   Downloading grandalf-0.8-py3-none-any.whl.metadata (1.7 kB)
Train	Install dependencies	2026-08-21T16:27:16.7582944Z Collecting gto<2,>=1.6.0 (from dvc==3.50.1->dvc[gs]==3.50.1->-r requirements.txt (line 4))
Train	Install dependencies	2026-08-21T16:27:16.7621268Z   Downloading gto-1.10.1-py3-none-any.whl.metadata (4.8 kB)
Train	Install dependencies	2026-08-21T16:27:16.7796948Z Collecting hydra-core>=1.1 (from dvc==3.50.1->dvc[gs]==3.50.1->-r requirements.txt (line 4))
Train	Install dependencies	2026-08-21T16:27:16.7837789Z   Downloading hydra_core-1.3.5-py3-none-any.whl.metadata (5.7 kB)
Train	Install dependencies	2026-08-21T16:27:16.7951429Z Collecting iterative-telemetry>=0.0.7 (from dvc==3.50.1->dvc[gs]==3.50.1->-r requirements.txt (line 4))
Train	Install dependencies	2026-08-21T16:27:16.7991819Z   Downloading iterative_telemetry-0.0.10-py3-none-any.whl.metadata (4.1 kB)
Train	Install dependencies	2026-08-21T16:27:16.8281330Z Collecting kombu (from dvc==3.50.1->dvc[gs]==3.50.1->-r requirements.txt (line 4))
Train	Install dependencies	2026-08-21T16:27:16.8328709Z   Downloading kombu-5.6.2-py3-none-any.whl.metadata (3.5 kB)
Train	Install dependencies	2026-08-21T16:27:16.8589969Z Collecting networkx>=2.5 (from dvc==3.50.1->dvc[gs]==3.50.1->-r requirements.txt (line 4))
Train	Install dependencies	2026-08-21T16:27:16.8632267Z   Downloading networkx-3.4.2-py3-none-any.whl.metadata (6.3 kB)
Train	Install dependencies	2026-08-21T16:27:16.8949885Z Collecting omegaconf (from dvc==3.50.1->dvc[gs]==3.50.1->-r requirements.txt (line 4))
Train	Install dependencies	2026-08-21T16:27:16.8992993Z   Downloading omegaconf-2.3.1-py3-none-any.whl.metadata (4.5 kB)
Train	Install dependencies	2026-08-21T16:27:16.9268579Z Collecting platformdirs<4,>=3.1.1 (from dvc==3.50.1->dvc[gs]==3.50.1->-r requirements.txt (line 4))
Train	Install dependencies	2026-08-21T16:27:16.9311678Z   Downloading platformdirs-3.11.0-py3-none-any.whl.metadata (11 kB)
Train	Install dependencies	2026-08-21T16:27:17.0021427Z Collecting psutil>=5.8 (from dvc==3.50.1->dvc[gs]==3.50.1->-r requirements.txt (line 4))
Train	Install dependencies	2026-08-21T16:27:17.0070803Z   Downloading psutil-7.2.2-cp36-abi3-manylinux2010_x86_64.manylinux_2_12_x86_64.manylinux_2_28_x86_64.whl.metadata (22 kB)
Train	Install dependencies	2026-08-21T16:27:17.0230031Z Collecting pydot>=1.2.4 (from dvc==3.50.1->dvc[gs]==3.50.1->-r requirements.txt (line 4))
Train	Install dependencies	2026-08-21T16:27:17.0266974Z   Downloading pydot-4.0.1-py3-none-any.whl.metadata (11 kB)
Train	Install dependencies	2026-08-21T16:27:17.0390640Z Collecting pygtrie>=2.3.2 (from dvc==3.50.1->dvc[gs]==3.50.1->-r requirements.txt (line 4))
Train	Install dependencies	2026-08-21T16:27:17.0429612Z   Downloading pygtrie-2.5.0-py3-none-any.whl.metadata (7.5 kB)
Train	Install dependencies	2026-08-21T16:27:17.1175786Z Collecting pyparsing>=2.4.7 (from dvc==3.50.1->dvc[gs]==3.50.1->-r requirements.txt (line 4))
Train	Install dependencies	2026-08-21T16:27:17.1227660Z   Downloading pyparsing-3.3.2-py3-none-any.whl.metadata (5.8 kB)
Train	Install dependencies	2026-08-21T16:27:17.1601337Z Collecting rich>=12 (from dvc==3.50.1->dvc[gs]==3.50.1->-r requirements.txt (line 4))
Train	Install dependencies	2026-08-21T16:27:17.1652891Z   Downloading rich-15.0.0-py3-none-any.whl.metadata (18 kB)
Train	Install dependencies	2026-08-21T16:27:17.2945693Z Collecting ruamel.yaml>=0.17.11 (from dvc==3.50.1->dvc[gs]==3.50.1->-r requirements.txt (line 4))
Train	Install dependencies	2026-08-21T16:27:17.2988821Z   Downloading ruamel_yaml-0.19.1-py3-none-any.whl.metadata (16 kB)
Train	Install dependencies	2026-08-21T16:27:17.3229268Z Collecting scmrepo<4,>=3.3.2 (from dvc==3.50.1->dvc[gs]==3.50.1->-r requirements.txt (line 4))
Train	Install dependencies	2026-08-21T16:27:17.3269529Z   Downloading scmrepo-3.6.2-py3-none-any.whl.metadata (4.8 kB)
Train	Install dependencies	2026-08-21T16:27:17.3417847Z Collecting shortuuid>=0.5 (from dvc==3.50.1->dvc[gs]==3.50.1->-r requirements.txt (line 4))
Train	Install dependencies	2026-08-21T16:27:17.3456896Z   Downloading shortuuid-1.0.13-py3-none-any.whl.metadata (5.8 kB)
Train	Install dependencies	2026-08-21T16:27:17.3637128Z Collecting shtab<2,>=1.3.4 (from dvc==3.50.1->dvc[gs]==3.50.1->-r requirements.txt (line 4))
Train	Install dependencies	2026-08-21T16:27:17.3679105Z   Downloading shtab-1.11.0-py3-none-any.whl.metadata (7.5 kB)
Train	Install dependencies	2026-08-21T16:27:17.3805395Z Collecting tabulate>=0.8.7 (from dvc==3.50.1->dvc[gs]==3.50.1->-r requirements.txt (line 4))
Train	Install dependencies	2026-08-21T16:27:17.3845232Z   Downloading tabulate-0.10.0-py3-none-any.whl.metadata (40 kB)
Train	Install dependencies	2026-08-21T16:27:17.4022444Z Collecting tomlkit>=0.11.1 (from dvc==3.50.1->dvc[gs]==3.50.1->-r requirements.txt (line 4))
Train	Install dependencies	2026-08-21T16:27:17.4071034Z   Downloading tomlkit-0.15.1-py3-none-any.whl.metadata (3.3 kB)
Train	Install dependencies	2026-08-21T16:27:17.4347874Z Collecting tqdm<5,>=4.63.1 (from dvc==3.50.1->dvc[gs]==3.50.1->-r requirements.txt (line 4))
Train	Install dependencies	2026-08-21T16:27:17.4389636Z   Downloading tqdm-4.70.0-py3-none-any.whl.metadata (57 kB)
Train	Install dependencies	2026-08-21T16:27:17.4552155Z Collecting voluptuous>=0.11.7 (from dvc==3.50.1->dvc[gs]==3.50.1->-r requirements.txt (line 4))
Train	Install dependencies	2026-08-21T16:27:17.4590899Z   Downloading voluptuous-0.16.0-py3-none-any.whl.metadata (20 kB)
Train	Install dependencies	2026-08-21T16:27:17.4696661Z Collecting zc.lockfile>=1.2.1 (from dvc==3.50.1->dvc[gs]==3.50.1->-r requirements.txt (line 4))
Train	Install dependencies	2026-08-21T16:27:17.4743506Z   Downloading zc_lockfile-4.0-py3-none-any.whl.metadata (6.6 kB)
Train	Install dependencies	2026-08-21T16:27:17.4865421Z Collecting iniconfig (from pytest==8.2.0->-r requirements.txt (line 6))
Train	Install dependencies	2026-08-21T16:27:17.4902189Z   Downloading iniconfig-2.3.0-py3-none-any.whl.metadata (2.5 kB)
Train	Install dependencies	2026-08-21T16:27:17.5016908Z Collecting pluggy<2.0,>=1.5 (from pytest==8.2.0->-r requirements.txt (line 6))
Train	Install dependencies	2026-08-21T16:27:17.5055201Z   Downloading pluggy-1.6.0-py3-none-any.whl.metadata (4.8 kB)
Train	Install dependencies	2026-08-21T16:27:17.5181840Z Collecting exceptiongroup>=1.0.0rc8 (from pytest==8.2.0->-r requirements.txt (line 6))
Train	Install dependencies	2026-08-21T16:27:17.5224150Z   Downloading exceptiongroup-1.3.1-py3-none-any.whl.metadata (6.7 kB)
Train	Install dependencies	2026-08-21T16:27:17.5451875Z Collecting tomli>=1 (from pytest==8.2.0->-r requirements.txt (line 6))
Train	Install dependencies	2026-08-21T16:27:17.5493925Z   Downloading tomli-2.4.1-py3-none-any.whl.metadata (10 kB)
Train	Install dependencies	2026-08-21T16:27:17.5740796Z Collecting starlette<0.38.0,>=0.37.2 (from fastapi==0.111.0->-r requirements.txt (line 7))
Train	Install dependencies	2026-08-21T16:27:17.5779777Z   Downloading starlette-0.37.2-py3-none-any.whl.metadata (5.9 kB)
Train	Install dependencies	2026-08-21T16:27:17.6961287Z Collecting pydantic!=1.8,!=1.8.1,!=2.0.0,!=2.0.1,!=2.1.0,<3.0.0,>=1.7.4 (from fastapi==0.111.0->-r requirements.txt (line 7))
Train	Install dependencies	2026-08-21T16:27:17.7016167Z   Downloading pydantic-2.13.4-py3-none-any.whl.metadata (109 kB)
Train	Install dependencies	2026-08-21T16:27:17.7217807Z Collecting typing-extensions>=4.8.0 (from fastapi==0.111.0->-r requirements.txt (line 7))
Train	Install dependencies	2026-08-21T16:27:17.7288729Z   Downloading typing_extensions-4.16.0-py3-none-any.whl.metadata (3.3 kB)
Train	Install dependencies	2026-08-21T16:27:17.7431892Z Collecting fastapi-cli>=0.0.2 (from fastapi==0.111.0->-r requirements.txt (line 7))
Train	Install dependencies	2026-08-21T16:27:17.7475245Z   Downloading fastapi_cli-0.0.32-py3-none-any.whl.metadata (6.7 kB)
Train	Install dependencies	2026-08-21T16:27:17.7655084Z Collecting httpx>=0.23.0 (from fastapi==0.111.0->-r requirements.txt (line 7))
Train	Install dependencies	2026-08-21T16:27:17.7699986Z   Downloading httpx-0.28.1-py3-none-any.whl.metadata (7.1 kB)
Train	Install dependencies	2026-08-21T16:27:17.7886354Z Collecting python-multipart>=0.0.7 (from fastapi==0.111.0->-r requirements.txt (line 7))
Train	Install dependencies	2026-08-21T16:27:17.7928504Z   Downloading python_multipart-0.0.32-py3-none-any.whl.metadata (2.1 kB)
Train	Install dependencies	2026-08-21T16:27:17.9311070Z Collecting ujson!=4.0.2,!=4.1.0,!=4.2.0,!=4.3.0,!=5.0.0,!=5.1.0,>=4.0.1 (from fastapi==0.111.0->-r requirements.txt (line 7))
Train	Install dependencies	2026-08-21T16:27:17.9357267Z   Downloading ujson-5.13.0-cp310-cp310-manylinux_2_24_x86_64.manylinux_2_28_x86_64.whl.metadata (10.0 kB)
Train	Install dependencies	2026-08-21T16:27:18.2034647Z Collecting orjson>=3.2.1 (from fastapi==0.111.0->-r requirements.txt (line 7))
Train	Install dependencies	2026-08-21T16:27:18.2089625Z   Downloading orjson-3.12.0-cp310-cp310-manylinux_2_17_x86_64.manylinux2014_x86_64.whl.metadata (41 kB)
Train	Install dependencies	2026-08-21T16:27:18.2231561Z Collecting email_validator>=2.0.0 (from fastapi==0.111.0->-r requirements.txt (line 7))
Train	Install dependencies	2026-08-21T16:27:18.2270920Z   Downloading email_validator-2.3.0-py3-none-any.whl.metadata (26 kB)
Train	Install dependencies	2026-08-21T16:27:18.2425636Z Collecting h11>=0.8 (from uvicorn==0.29.0->-r requirements.txt (line 8))
Train	Install dependencies	2026-08-21T16:27:18.2468832Z   Downloading h11-0.16.0-py3-none-any.whl.metadata (8.3 kB)
Train	Install dependencies	2026-08-21T16:27:18.2857704Z Collecting google-auth<3.0dev,>=2.26.1 (from google-cloud-storage==2.16.0->-r requirements.txt (line 10))
Train	Install dependencies	2026-08-21T16:27:18.2897801Z   Downloading google_auth-2.56.3-py3-none-any.whl.metadata (6.0 kB)
Train	Install dependencies	2026-08-21T16:27:18.3275560Z Collecting google-api-core<3.0.0dev,>=2.15.0 (from google-cloud-storage==2.16.0->-r requirements.txt (line 10))
Train	Install dependencies	2026-08-21T16:27:18.3314273Z   Downloading google_api_core-2.34.0-py3-none-any.whl.metadata (2.9 kB)
Train	Install dependencies	2026-08-21T16:27:18.3481836Z Collecting google-cloud-core<3.0dev,>=2.3.0 (from google-cloud-storage==2.16.0->-r requirements.txt (line 10))
Train	Install dependencies	2026-08-21T16:27:18.3520902Z   Downloading google_cloud_core-2.6.1-py3-none-any.whl.metadata (2.8 kB)
Train	Install dependencies	2026-08-21T16:27:18.3685476Z Collecting google-resumable-media>=2.6.0 (from google-cloud-storage==2.16.0->-r requirements.txt (line 10))
Train	Install dependencies	2026-08-21T16:27:18.3727937Z   Downloading google_resumable_media-2.10.1-py3-none-any.whl.metadata (2.2 kB)
Train	Install dependencies	2026-08-21T16:27:18.4265741Z Collecting google-crc32c<2.0dev,>=1.0 (from google-cloud-storage==2.16.0->-r requirements.txt (line 10))
Train	Install dependencies	2026-08-21T16:27:18.4316465Z   Downloading google_crc32c-1.8.0-cp310-cp310-manylinux1_x86_64.manylinux2014_x86_64.manylinux_2_17_x86_64.manylinux_2_5_x86_64.whl.metadata (1.7 kB)
Train	Install dependencies	2026-08-21T16:27:18.5299858Z Collecting dvc-gs<4,>=3 (from dvc[gs]==3.50.1->-r requirements.txt (line 4))
Train	Install dependencies	2026-08-21T16:27:18.5342582Z   Downloading dvc_gs-3.1.0-py3-none-any.whl.metadata (1.3 kB)
Train	Install dependencies	2026-08-21T16:27:18.5658148Z Collecting Mako (from alembic!=1.10.0,<2->mlflow==2.13.0->-r requirements.txt (line 1))
Train	Install dependencies	2026-08-21T16:27:18.5696541Z   Downloading mako-1.4.1-py3-none-any.whl.metadata (2.9 kB)
Train	Install dependencies	2026-08-21T16:27:18.6012531Z Collecting urllib3>=1.26.0 (from docker<8,>=4.0.0->mlflow==2.13.0->-r requirements.txt (line 1))
Train	Install dependencies	2026-08-21T16:27:18.6056763Z   Downloading urllib3-2.7.0-py3-none-any.whl.metadata (6.9 kB)
Train	Install dependencies	2026-08-21T16:27:18.6227187Z Collecting dictdiffer>=0.8.1 (from dvc-data<3.16,>=3.15->dvc==3.50.1->dvc[gs]==3.50.1->-r requirements.txt (line 4))
Train	Install dependencies	2026-08-21T16:27:18.6273516Z   Downloading dictdiffer-0.10.0-py3-none-any.whl.metadata (2.9 kB)
Train	Install dependencies	2026-08-21T16:27:18.6492520Z Collecting diskcache>=5.2.1 (from dvc-data<3.16,>=3.15->dvc==3.50.1->dvc[gs]==3.50.1->-r requirements.txt (line 4))
Train	Install dependencies	2026-08-21T16:27:18.6533115Z   Downloading diskcache-5.6.3-py3-none-any.whl.metadata (20 kB)
Train	Install dependencies	2026-08-21T16:27:18.6780149Z Collecting sqltrie<1,>=0.11.0 (from dvc-data<3.16,>=3.15->dvc==3.50.1->dvc[gs]==3.50.1->-r requirements.txt (line 4))
Train	Install dependencies	2026-08-21T16:27:18.6816973Z   Downloading sqltrie-0.11.2-py3-none-any.whl.metadata (3.3 kB)
Train	Install dependencies	2026-08-21T16:27:18.7054403Z Collecting gcsfs>=2022.11.0 (from dvc-gs<4,>=3->dvc[gs]==3.50.1->-r requirements.txt (line 4))
Train	Install dependencies	2026-08-21T16:27:18.7101313Z   Downloading gcsfs-2026.8.0-py3-none-any.whl.metadata (4.6 kB)
Train	Install dependencies	2026-08-21T16:27:18.7467747Z Collecting billiard<5.0,>=4.2.1 (from celery->dvc==3.50.1->dvc[gs]==3.50.1->-r requirements.txt (line 4))
Train	Install dependencies	2026-08-21T16:27:18.7512385Z   Downloading billiard-4.2.4-py3-none-any.whl.metadata (4.8 kB)
Train	Install dependencies	2026-08-21T16:27:18.7657036Z Collecting vine<6.0,>=5.1.0 (from celery->dvc==3.50.1->dvc[gs]==3.50.1->-r requirements.txt (line 4))
Train	Install dependencies	2026-08-21T16:27:18.7697175Z   Downloading vine-5.1.0-py3-none-any.whl.metadata (2.7 kB)
Train	Install dependencies	2026-08-21T16:27:18.7867742Z Collecting click-didyoumean>=0.3.0 (from celery->dvc==3.50.1->dvc[gs]==3.50.1->-r requirements.txt (line 4))
Train	Install dependencies	2026-08-21T16:27:18.7907171Z   Downloading click_didyoumean-0.3.1-py3-none-any.whl.metadata (3.9 kB)
Train	Install dependencies	2026-08-21T16:27:18.8029070Z Collecting click-repl>=0.2.0 (from celery->dvc==3.50.1->dvc[gs]==3.50.1->-r requirements.txt (line 4))
Train	Install dependencies	2026-08-21T16:27:18.8067206Z   Downloading click_repl-0.3.0-py3-none-any.whl.metadata (3.6 kB)
Train	Install dependencies	2026-08-21T16:27:18.8167463Z Collecting click-plugins>=1.1.1 (from celery->dvc==3.50.1->dvc[gs]==3.50.1->-r requirements.txt (line 4))
Train	Install dependencies	2026-08-21T16:27:18.8207461Z   Downloading click_plugins-1.1.1.2-py2.py3-none-any.whl.metadata (6.5 kB)
Train	Install dependencies	2026-08-21T16:27:18.8368979Z Collecting tzlocal (from celery->dvc==3.50.1->dvc[gs]==3.50.1->-r requirements.txt (line 4))
Train	Install dependencies	2026-08-21T16:27:18.8407697Z   Downloading tzlocal-5.4.4-py3-none-any.whl.metadata (7.7 kB)
Train	Install dependencies	2026-08-21T16:27:18.8563133Z Collecting blinker>=1.9.0 (from Flask<4->mlflow==2.13.0->-r requirements.txt (line 1))
Train	Install dependencies	2026-08-21T16:27:18.8611317Z   Downloading blinker-1.9.0-py3-none-any.whl.metadata (1.6 kB)
Train	Install dependencies	2026-08-21T16:27:18.8740655Z Collecting itsdangerous>=2.2.0 (from Flask<4->mlflow==2.13.0->-r requirements.txt (line 1))
Train	Install dependencies	2026-08-21T16:27:18.8786825Z   Downloading itsdangerous-2.2.0-py3-none-any.whl.metadata (1.9 kB)
Train	Install dependencies	2026-08-21T16:27:18.9309629Z Collecting markupsafe>=2.1.1 (from Flask<4->mlflow==2.13.0->-r requirements.txt (line 1))
Train	Install dependencies	2026-08-21T16:27:18.9355730Z   Downloading markupsafe-3.0.3-cp310-cp310-manylinux2014_x86_64.manylinux_2_17_x86_64.manylinux_2_28_x86_64.whl.metadata (2.7 kB)
Train	Install dependencies	2026-08-21T16:27:18.9540179Z Collecting werkzeug>=3.1.0 (from Flask<4->mlflow==2.13.0->-r requirements.txt (line 1))
Train	Install dependencies	2026-08-21T16:27:18.9583120Z   Downloading werkzeug-3.1.8-py3-none-any.whl.metadata (4.0 kB)
Train	Install dependencies	2026-08-21T16:27:18.9733212Z Collecting atpublic>=2.3 (from flufl.lock<8,>=5->dvc==3.50.1->dvc[gs]==3.50.1->-r requirements.txt (line 4))
Train	Install dependencies	2026-08-21T16:27:18.9775789Z   Downloading atpublic-7.0.0-py3-none-any.whl.metadata (2.0 kB)
Train	Install dependencies	2026-08-21T16:27:18.9926995Z Collecting gitdb<5,>=4.0.1 (from gitpython<4,>=3.1.9->mlflow==2.13.0->-r requirements.txt (line 1))
Train	Install dependencies	2026-08-21T16:27:18.9964454Z   Downloading gitdb-4.0.12-py3-none-any.whl.metadata (1.2 kB)
Train	Install dependencies	2026-08-21T16:27:19.0088861Z Collecting smmap<6,>=3.0.1 (from gitdb<5,>=4.0.1->gitpython<4,>=3.1.9->mlflow==2.13.0->-r requirements.txt (line 1))
Train	Install dependencies	2026-08-21T16:27:19.0141290Z   Downloading smmap-5.0.3-py3-none-any.whl.metadata (4.6 kB)
Train	Install dependencies	2026-08-21T16:27:19.0323343Z Collecting googleapis-common-protos<2.0.0,>=1.69.2 (from google-api-core<3.0.0dev,>=2.15.0->google-cloud-storage==2.16.0->-r requirements.txt (line 10))
Train	Install dependencies	2026-08-21T16:27:19.0370932Z   Downloading googleapis_common_protos-1.75.1-py3-none-any.whl.metadata (8.5 kB)
Train	Install dependencies	2026-08-21T16:27:19.0466716Z INFO: pip is looking at multiple versions of google-api-core to determine which version is compatible with other requirements. This could take a while.
Train	Install dependencies	2026-08-21T16:27:19.0474038Z Collecting google-api-core<3.0.0dev,>=2.15.0 (from google-cloud-storage==2.16.0->-r requirements.txt (line 10))
Train	Install dependencies	2026-08-21T16:27:19.0514476Z   Downloading google_api_core-2.33.0-py3-none-any.whl.metadata (3.2 kB)
Train	Install dependencies	2026-08-21T16:27:19.0695665Z   Downloading google_api_core-2.32.0-py3-none-any.whl.metadata (3.2 kB)
Train	Install dependencies	2026-08-21T16:27:19.0784840Z   Downloading google_api_core-2.31.0-py3-none-any.whl.metadata (3.2 kB)
Train	Install dependencies	2026-08-21T16:27:19.0872252Z   Downloading google_api_core-2.30.3-py3-none-any.whl.metadata (3.1 kB)
Train	Install dependencies	2026-08-21T16:27:19.1124630Z Collecting proto-plus<2.0.0,>=1.22.3 (from google-api-core<3.0.0dev,>=2.15.0->google-cloud-storage==2.16.0->-r requirements.txt (line 10))
Train	Install dependencies	2026-08-21T16:27:19.1162997Z   Downloading proto_plus-1.28.3-py3-none-any.whl.metadata (2.2 kB)
Train	Install dependencies	2026-08-21T16:27:19.1484546Z Collecting pyasn1-modules>=0.2.1 (from google-auth<3.0dev,>=2.26.1->google-cloud-storage==2.16.0->-r requirements.txt (line 10))
Train	Install dependencies	2026-08-21T16:27:19.1527826Z   Downloading pyasn1_modules-0.4.2-py3-none-any.whl.metadata (3.5 kB)
Train	Install dependencies	2026-08-21T16:27:19.3355939Z Collecting cryptography>=38.0.3 (from google-auth<3.0dev,>=2.26.1->google-cloud-storage==2.16.0->-r requirements.txt (line 10))
Train	Install dependencies	2026-08-21T16:27:19.3398760Z   Downloading cryptography-50.0.0-cp39-abi3-manylinux_2_34_x86_64.whl.metadata (4.3 kB)
Train	Install dependencies	2026-08-21T16:27:19.3649911Z INFO: pip is looking at multiple versions of googleapis-common-protos to determine which version is compatible with other requirements. This could take a while.
Train	Install dependencies	2026-08-21T16:27:19.3656821Z Collecting googleapis-common-protos<2.0.0,>=1.63.2 (from google-api-core<3.0.0dev,>=2.15.0->google-cloud-storage==2.16.0->-r requirements.txt (line 10))
Train	Install dependencies	2026-08-21T16:27:19.3698443Z   Downloading googleapis_common_protos-1.75.0-py3-none-any.whl.metadata (8.6 kB)
Train	Install dependencies	2026-08-21T16:27:19.3927995Z Collecting graphql-core<3.3,>=3.1 (from graphene<4->mlflow==2.13.0->-r requirements.txt (line 1))
Train	Install dependencies	2026-08-21T16:27:19.3967789Z   Downloading graphql_core-3.2.11-py3-none-any.whl.metadata (11 kB)
Train	Install dependencies	2026-08-21T16:27:19.4081993Z Collecting graphql-relay<3.3,>=3.1 (from graphene<4->mlflow==2.13.0->-r requirements.txt (line 1))
Train	Install dependencies	2026-08-21T16:27:19.4122273Z   Downloading graphql_relay-3.2.0-py3-none-any.whl.metadata (12 kB)
Train	Install dependencies	2026-08-21T16:27:19.4509551Z Collecting pydantic-settings>=2 (from gto<2,>=1.6.0->dvc==3.50.1->dvc[gs]==3.50.1->-r requirements.txt (line 4))
Train	Install dependencies	2026-08-21T16:27:19.4548903Z   Downloading pydantic_settings-2.15.0-py3-none-any.whl.metadata (3.9 kB)
Train	Install dependencies	2026-08-21T16:27:19.4732326Z Collecting semver>=2.13.0 (from gto<2,>=1.6.0->dvc==3.50.1->dvc[gs]==3.50.1->-r requirements.txt (line 4))
Train	Install dependencies	2026-08-21T16:27:19.4784533Z   Downloading semver-3.0.4-py3-none-any.whl.metadata (6.8 kB)
Train	Install dependencies	2026-08-21T16:27:19.5005956Z Collecting zipp>=0.5 (from importlib-metadata!=4.7.0,<8,>=3.7.0->mlflow==2.13.0->-r requirements.txt (line 1))
Train	Install dependencies	2026-08-21T16:27:19.5046973Z   Downloading zipp-4.1.0-py3-none-any.whl.metadata (3.6 kB)
Train	Install dependencies	2026-08-21T16:27:19.5282094Z Collecting amqp<6.0.0,>=5.1.1 (from kombu->dvc==3.50.1->dvc[gs]==3.50.1->-r requirements.txt (line 4))
Train	Install dependencies	2026-08-21T16:27:19.5321172Z   Downloading amqp-5.3.1-py3-none-any.whl.metadata (8.9 kB)
Train	Install dependencies	2026-08-21T16:27:19.6029468Z Collecting contourpy>=1.0.1 (from matplotlib<4->mlflow==2.13.0->-r requirements.txt (line 1))
Train	Install dependencies	2026-08-21T16:27:19.6074367Z   Downloading contourpy-1.3.2-cp310-cp310-manylinux_2_17_x86_64.manylinux2014_x86_64.whl.metadata (5.5 kB)
Train	Install dependencies	2026-08-21T16:27:19.6192333Z Collecting cycler>=0.10 (from matplotlib<4->mlflow==2.13.0->-r requirements.txt (line 1))
Train	Install dependencies	2026-08-21T16:27:19.6232525Z   Downloading cycler-0.12.1-py3-none-any.whl.metadata (3.8 kB)
Train	Install dependencies	2026-08-21T16:27:19.8633025Z Collecting fonttools>=4.22.0 (from matplotlib<4->mlflow==2.13.0->-r requirements.txt (line 1))
Train	Install dependencies	2026-08-21T16:27:19.8682867Z   Downloading fonttools-4.63.0-cp310-cp310-manylinux2014_x86_64.manylinux_2_17_x86_64.whl.metadata (118 kB)
Train	Install dependencies	2026-08-21T16:27:19.9434190Z Collecting kiwisolver>=1.3.1 (from matplotlib<4->mlflow==2.13.0->-r requirements.txt (line 1))
Train	Install dependencies	2026-08-21T16:27:19.9483615Z   Downloading kiwisolver-1.5.0-cp310-cp310-manylinux_2_12_x86_64.manylinux2010_x86_64.whl.metadata (5.1 kB)
Train	Install dependencies	2026-08-21T16:27:20.1324248Z Collecting pillow>=8 (from matplotlib<4->mlflow==2.13.0->-r requirements.txt (line 1))
Train	Install dependencies	2026-08-21T16:27:20.1369415Z   Downloading pillow-12.3.0-cp310-cp310-manylinux_2_27_x86_64.manylinux_2_28_x86_64.whl.metadata (9.1 kB)
Train	Install dependencies	2026-08-21T16:27:20.1693222Z Collecting opentelemetry-semantic-conventions==0.65b0 (from opentelemetry-sdk<3,>=1.0.0->mlflow==2.13.0->-r requirements.txt (line 1))
Train	Install dependencies	2026-08-21T16:27:20.1734527Z   Downloading opentelemetry_semantic_conventions-0.65b0-py3-none-any.whl.metadata (2.4 kB)
Train	Install dependencies	2026-08-21T16:27:20.1838256Z INFO: pip is looking at multiple versions of proto-plus to determine which version is compatible with other requirements. This could take a while.
Train	Install dependencies	2026-08-21T16:27:20.1846380Z Collecting proto-plus<2.0.0,>=1.22.3 (from google-api-core<3.0.0dev,>=2.15.0->google-cloud-storage==2.16.0->-r requirements.txt (line 10))
Train	Install dependencies	2026-08-21T16:27:20.1889052Z   Downloading proto_plus-1.28.2-py3-none-any.whl.metadata (2.2 kB)
Train	Install dependencies	2026-08-21T16:27:20.2067265Z Collecting annotated-types>=0.6.0 (from pydantic!=1.8,!=1.8.1,!=2.0.0,!=2.0.1,!=2.1.0,<3.0.0,>=1.7.4->fastapi==0.111.0->-r requirements.txt (line 7))
Train	Install dependencies	2026-08-21T16:27:20.2108543Z   Downloading annotated_types-0.8.0-py3-none-any.whl.metadata (15 kB)
Train	Install dependencies	2026-08-21T16:27:21.0174262Z Collecting pydantic-core==2.46.4 (from pydantic!=1.8,!=1.8.1,!=2.0.0,!=2.0.1,!=2.1.0,<3.0.0,>=1.7.4->fastapi==0.111.0->-r requirements.txt (line 7))
Train	Install dependencies	2026-08-21T16:27:21.0224911Z   Downloading pydantic_core-2.46.4-cp310-cp310-manylinux_2_17_x86_64.manylinux2014_x86_64.whl.metadata (6.6 kB)
Train	Install dependencies	2026-08-21T16:27:21.0345300Z Collecting typing-inspection>=0.4.2 (from pydantic!=1.8,!=1.8.1,!=2.0.0,!=2.0.1,!=2.1.0,<3.0.0,>=1.7.4->fastapi==0.111.0->-r requirements.txt (line 7))
Train	Install dependencies	2026-08-21T16:27:21.0384431Z   Downloading typing_inspection-0.4.4-py3-none-any.whl.metadata (2.6 kB)
Train	Install dependencies	2026-08-21T16:27:21.0541645Z Collecting six>=1.5 (from python-dateutil>=2.8.2->pandas==2.2.2->-r requirements.txt (line 3))
Train	Install dependencies	2026-08-21T16:27:21.0581165Z   Downloading six-1.17.0-py2.py3-none-any.whl.metadata (1.7 kB)
Train	Install dependencies	2026-08-21T16:27:21.2817496Z Collecting charset_normalizer<4,>=2 (from requests<3,>=2.17.3->mlflow==2.13.0->-r requirements.txt (line 1))
Train	Install dependencies	2026-08-21T16:27:21.2859974Z   Downloading charset_normalizer-3.5.1-cp310-cp310-manylinux2014_x86_64.manylinux_2_17_x86_64.manylinux_2_28_x86_64.whl.metadata (45 kB)
Train	Install dependencies	2026-08-21T16:27:21.3010500Z Collecting idna<4,>=2.5 (from requests<3,>=2.17.3->mlflow==2.13.0->-r requirements.txt (line 1))
Train	Install dependencies	2026-08-21T16:27:21.3048222Z   Downloading idna-3.19-py3-none-any.whl.metadata (9.2 kB)
Train	Install dependencies	2026-08-21T16:27:21.3267316Z Collecting certifi>=2023.5.7 (from requests<3,>=2.17.3->mlflow==2.13.0->-r requirements.txt (line 1))
Train	Install dependencies	2026-08-21T16:27:21.3316640Z   Downloading certifi-2026.7.22-py3-none-any.whl.metadata (2.5 kB)
Train	Install dependencies	2026-08-21T16:27:21.4313519Z Collecting pygit2>=1.14.0 (from scmrepo<4,>=3.3.2->dvc==3.50.1->dvc[gs]==3.50.1->-r requirements.txt (line 4))
Train	Install dependencies	2026-08-21T16:27:21.4358940Z   Downloading pygit2-1.18.2-cp310-cp310-manylinux_2_26_x86_64.manylinux_2_28_x86_64.whl.metadata (3.6 kB)
Train	Install dependencies	2026-08-21T16:27:21.4549537Z Collecting asyncssh<3,>=2.13.1 (from scmrepo<4,>=3.3.2->dvc==3.50.1->dvc[gs]==3.50.1->-r requirements.txt (line 4))
Train	Install dependencies	2026-08-21T16:27:21.4589684Z   Downloading asyncssh-2.24.0-py3-none-any.whl.metadata (9.8 kB)
Train	Install dependencies	2026-08-21T16:27:21.4736327Z Collecting aiohttp-retry>=2.5.0 (from scmrepo<4,>=3.3.2->dvc==3.50.1->dvc[gs]==3.50.1->-r requirements.txt (line 4))
Train	Install dependencies	2026-08-21T16:27:21.4773659Z   Downloading aiohttp_retry-2.9.1-py3-none-any.whl.metadata (8.8 kB)
Train	Install dependencies	2026-08-21T16:27:21.6431180Z Collecting greenlet>=1 (from sqlalchemy<3,>=1.4.0->mlflow==2.13.0->-r requirements.txt (line 1))
Train	Install dependencies	2026-08-21T16:27:21.6476992Z   Downloading greenlet-3.5.5-cp310-cp310-manylinux_2_24_x86_64.manylinux_2_28_x86_64.whl.metadata (3.8 kB)
Train	Install dependencies	2026-08-21T16:27:21.6793497Z Collecting anyio<5,>=3.4.0 (from starlette<0.38.0,>=0.37.2->fastapi==0.111.0->-r requirements.txt (line 7))
Train	Install dependencies	2026-08-21T16:27:21.6840653Z   Downloading anyio-4.14.2-py3-none-any.whl.metadata (4.6 kB)
Train	Install dependencies	2026-08-21T16:27:22.3503393Z Collecting aiohttp (from aiohttp-retry>=2.5.0->scmrepo<4,>=3.3.2->dvc==3.50.1->dvc[gs]==3.50.1->-r requirements.txt (line 4))
Train	Install dependencies	2026-08-21T16:27:22.3571028Z   Downloading aiohttp-3.14.3-cp310-cp310-manylinux2014_x86_64.manylinux_2_17_x86_64.manylinux_2_28_x86_64.whl.metadata (8.3 kB)
Train	Install dependencies	2026-08-21T16:27:22.3978703Z Collecting prompt-toolkit>=3.0.36 (from click-repl>=0.2.0->celery->dvc==3.50.1->dvc[gs]==3.50.1->-r requirements.txt (line 4))
Train	Install dependencies	2026-08-21T16:27:22.4025352Z   Downloading prompt_toolkit-3.0.53-py3-none-any.whl.metadata (6.4 kB)
Train	Install dependencies	2026-08-21T16:27:22.5172521Z Collecting cffi>=2.0.0 (from cryptography>=38.0.3->google-auth<3.0dev,>=2.26.1->google-cloud-storage==2.16.0->-r requirements.txt (line 10))
Train	Install dependencies	2026-08-21T16:27:22.5218696Z   Downloading cffi-2.1.1-cp310-cp310-manylinux2014_x86_64.manylinux_2_17_x86_64.whl.metadata (2.5 kB)
Train	Install dependencies	2026-08-21T16:27:22.5367059Z Collecting pycparser (from cffi>=2.0.0->cryptography>=38.0.3->google-auth<3.0dev,>=2.26.1->google-cloud-storage==2.16.0->-r requirements.txt (line 10))
Train	Install dependencies	2026-08-21T16:27:22.5416636Z   Downloading pycparser-3.0-py3-none-any.whl.metadata (8.2 kB)
Train	Install dependencies	2026-08-21T16:27:22.5627866Z Collecting dnspython>=2.0.0 (from email_validator>=2.0.0->fastapi==0.111.0->-r requirements.txt (line 7))
Train	Install dependencies	2026-08-21T16:27:22.5669709Z   Downloading dnspython-2.8.0-py3-none-any.whl.metadata (5.7 kB)
Train	Install dependencies	2026-08-21T16:27:22.5964243Z Collecting typer>=0.16.0 (from fastapi-cli>=0.0.2->fastapi==0.111.0->-r requirements.txt (line 7))
Train	Install dependencies	2026-08-21T16:27:22.6002445Z   Downloading typer-0.27.1-py3-none-any.whl.metadata (16 kB)
Train	Install dependencies	2026-08-21T16:27:22.6197029Z Collecting rich-toolkit>=0.14.8 (from fastapi-cli>=0.0.2->fastapi==0.111.0->-r requirements.txt (line 7))
Train	Install dependencies	2026-08-21T16:27:22.6236932Z   Downloading rich_toolkit-0.20.3-py3-none-any.whl.metadata (1.0 kB)
Train	Install dependencies	2026-08-21T16:27:22.6617051Z Collecting decorator>4.1.2 (from gcsfs>=2022.11.0->dvc-gs<4,>=3->dvc[gs]==3.50.1->-r requirements.txt (line 4))
Train	Install dependencies	2026-08-21T16:27:22.6656380Z   Downloading decorator-5.3.1-py3-none-any.whl.metadata (3.9 kB)
Train	Install dependencies	2026-08-21T16:27:22.6795935Z Collecting google-auth-oauthlib (from gcsfs>=2022.11.0->dvc-gs<4,>=3->dvc[gs]==3.50.1->-r requirements.txt (line 4))
Train	Install dependencies	2026-08-21T16:27:22.6838409Z   Downloading google_auth_oauthlib-1.4.0-py3-none-any.whl.metadata (2.6 kB)
Train	Install dependencies	2026-08-21T16:27:22.7033897Z Collecting google-cloud-storage-control (from gcsfs>=2022.11.0->dvc-gs<4,>=3->dvc[gs]==3.50.1->-r requirements.txt (line 4))
Train	Install dependencies	2026-08-21T16:27:22.7086287Z   Downloading google_cloud_storage_control-1.13.0-py3-none-any.whl.metadata (9.8 kB)
Train	Install dependencies	2026-08-21T16:27:22.7144179Z INFO: pip is looking at multiple versions of gcsfs to determine which version is compatible with other requirements. This could take a while.
Train	Install dependencies	2026-08-21T16:27:22.7150903Z Collecting gcsfs>=2022.11.0 (from dvc-gs<4,>=3->dvc[gs]==3.50.1->-r requirements.txt (line 4))
Train	Install dependencies	2026-08-21T16:27:22.7188518Z   Downloading gcsfs-2026.7.0-py3-none-any.whl.metadata (4.6 kB)
Train	Install dependencies	2026-08-21T16:27:22.7279569Z   Downloading gcsfs-2026.6.0-py3-none-any.whl.metadata (4.6 kB)
Train	Install dependencies	2026-08-21T16:27:22.7386047Z   Downloading gcsfs-2026.5.0-py3-none-any.whl.metadata (4.5 kB)
Train	Install dependencies	2026-08-21T16:27:22.7506992Z   Downloading gcsfs-2026.4.0-py3-none-any.whl.metadata (4.5 kB)
Train	Install dependencies	2026-08-21T16:27:22.7596850Z   Downloading gcsfs-2026.3.0-py3-none-any.whl.metadata (2.1 kB)
Train	Install dependencies	2026-08-21T16:27:22.7675965Z   Downloading gcsfs-2026.2.0-py3-none-any.whl.metadata (2.1 kB)
Train	Install dependencies	2026-08-21T16:27:22.7873928Z   Downloading gcsfs-2026.1.0-py3-none-any.whl.metadata (2.1 kB)
Train	Install dependencies	2026-08-21T16:27:22.7918767Z INFO: pip is still looking at multiple versions of gcsfs to determine which version is compatible with other requirements. This could take a while.
Train	Install dependencies	2026-08-21T16:27:22.7962809Z   Downloading gcsfs-2025.12.0-py3-none-any.whl.metadata (2.1 kB)
Train	Install dependencies	2026-08-21T16:27:22.8057569Z   Downloading gcsfs-2025.10.0-py2.py3-none-any.whl.metadata (2.1 kB)
Train	Install dependencies	2026-08-21T16:27:22.8181656Z   Downloading gcsfs-2025.9.0-py2.py3-none-any.whl.metadata (2.1 kB)
Train	Install dependencies	2026-08-21T16:27:22.8259493Z   Downloading gcsfs-2025.7.0-py2.py3-none-any.whl.metadata (2.1 kB)
Train	Install dependencies	2026-08-21T16:27:22.8355492Z   Downloading gcsfs-2025.5.1-py2.py3-none-any.whl.metadata (1.9 kB)
Train	Install dependencies	2026-08-21T16:27:22.8394996Z INFO: This is taking longer than usual. You might need to provide the dependency resolver with stricter constraints to reduce runtime. See https://pip.pypa.io/warnings/backtracking for guidance. If you want to abort this run, press Ctrl + C.
Train	Install dependencies	2026-08-21T16:27:22.8451449Z   Downloading gcsfs-2025.5.0.post1-py2.py3-none-any.whl.metadata (1.9 kB)
Train	Install dependencies	2026-08-21T16:27:22.8549431Z   Downloading gcsfs-2025.5.0-py2.py3-none-any.whl.metadata (1.9 kB)
Train	Install dependencies	2026-08-21T16:27:22.8634670Z   Downloading gcsfs-2025.3.2-py2.py3-none-any.whl.metadata (1.9 kB)
Train	Install dependencies	2026-08-21T16:27:22.8757944Z   Downloading gcsfs-2025.3.1-py2.py3-none-any.whl.metadata (1.9 kB)
Train	Install dependencies	2026-08-21T16:27:22.8869627Z   Downloading gcsfs-2025.3.0-py2.py3-none-any.whl.metadata (1.9 kB)
Train	Install dependencies	2026-08-21T16:27:22.8967579Z   Downloading gcsfs-2025.2.0-py2.py3-none-any.whl.metadata (1.9 kB)
Train	Install dependencies	2026-08-21T16:27:22.9047757Z   Downloading gcsfs-2024.12.0-py2.py3-none-any.whl.metadata (1.6 kB)
Train	Install dependencies	2026-08-21T16:27:22.9154424Z   Downloading gcsfs-2024.10.0-py2.py3-none-any.whl.metadata (1.6 kB)
Train	Install dependencies	2026-08-21T16:27:22.9274632Z   Downloading gcsfs-2024.9.0.post1-py2.py3-none-any.whl.metadata (1.6 kB)
Train	Install dependencies	2026-08-21T16:27:22.9361754Z   Downloading gcsfs-2024.6.1-py2.py3-none-any.whl.metadata (1.6 kB)
Train	Install dependencies	2026-08-21T16:27:22.9452231Z   Downloading gcsfs-2024.6.0-py2.py3-none-any.whl.metadata (1.6 kB)
Train	Install dependencies	2026-08-21T16:27:22.9541834Z   Downloading gcsfs-2024.5.0-py2.py3-none-any.whl.metadata (1.6 kB)
Train	Install dependencies	2026-08-21T16:27:22.9630445Z   Downloading gcsfs-2024.3.1-py2.py3-none-any.whl.metadata (1.6 kB)
Train	Install dependencies	2026-08-21T16:27:22.9706101Z   Downloading gcsfs-2024.2.0-py2.py3-none-any.whl.metadata (1.6 kB)
Train	Install dependencies	2026-08-21T16:27:22.9790857Z   Downloading gcsfs-2023.12.2.post1-py2.py3-none-any.whl.metadata (1.6 kB)
Train	Install dependencies	2026-08-21T16:27:22.9867974Z   Downloading gcsfs-2023.12.1-py2.py3-none-any.whl.metadata (1.6 kB)
Train	Install dependencies	2026-08-21T16:27:22.9944852Z   Downloading gcsfs-2023.12.0-py2.py3-none-any.whl.metadata (1.6 kB)
Train	Install dependencies	2026-08-21T16:27:23.0018917Z   Downloading gcsfs-2023.10.0-py2.py3-none-any.whl.metadata (1.6 kB)
Train	Install dependencies	2026-08-21T16:27:23.0124749Z   Downloading gcsfs-2023.9.2-py2.py3-none-any.whl.metadata (1.6 kB)
Train	Install dependencies	2026-08-21T16:27:23.0201898Z   Downloading gcsfs-2023.9.1-py2.py3-none-any.whl.metadata (1.6 kB)
Train	Install dependencies	2026-08-21T16:27:23.0277090Z   Downloading gcsfs-2023.9.0-py2.py3-none-any.whl.metadata (1.6 kB)
Train	Install dependencies	2026-08-21T16:27:23.0369190Z   Downloading gcsfs-2023.6.0-py2.py3-none-any.whl.metadata (1.6 kB)
Train	Install dependencies	2026-08-21T16:27:23.0455142Z   Downloading gcsfs-2023.5.0-py2.py3-none-any.whl.metadata (1.6 kB)
Train	Install dependencies	2026-08-21T16:27:23.0534398Z   Downloading gcsfs-2023.4.0-py2.py3-none-any.whl.metadata (1.6 kB)
Train	Install dependencies	2026-08-21T16:27:23.0617894Z   Downloading gcsfs-2023.3.0-py2.py3-none-any.whl.metadata (1.6 kB)
Train	Install dependencies	2026-08-21T16:27:23.0693504Z   Downloading gcsfs-2023.1.0-py2.py3-none-any.whl.metadata (1.6 kB)
Train	Install dependencies	2026-08-21T16:27:23.0771326Z   Downloading gcsfs-2022.11.0-py2.py3-none-any.whl.metadata (1.6 kB)
Train	Install dependencies	2026-08-21T16:27:23.0833932Z Collecting fsspec[tqdm]>=2024.2.0 (from scmrepo<4,>=3.3.2->dvc==3.50.1->dvc[gs]==3.50.1->-r requirements.txt (line 4))
Train	Install dependencies	2026-08-21T16:27:23.0894846Z   Downloading fsspec-2026.6.0-py3-none-any.whl.metadata (10 kB)
Train	Install dependencies	2026-08-21T16:27:23.1325429Z Collecting fsspec (from dvc==3.50.1->dvc[gs]==3.50.1->-r requirements.txt (line 4))
Train	Install dependencies	2026-08-21T16:27:23.1378560Z   Downloading fsspec-2026.3.0-py3-none-any.whl.metadata (10 kB)
Train	Install dependencies	2026-08-21T16:27:23.1720748Z   Downloading fsspec-2026.2.0-py3-none-any.whl.metadata (10 kB)
Train	Install dependencies	2026-08-21T16:27:23.2063320Z   Downloading fsspec-2026.1.0-py3-none-any.whl.metadata (10 kB)
Train	Install dependencies	2026-08-21T16:27:23.2421305Z   Downloading fsspec-2025.12.0-py3-none-any.whl.metadata (10 kB)
Train	Install dependencies	2026-08-21T16:27:23.2722227Z INFO: pip is looking at multiple versions of fsspec[tqdm] to determine which version is compatible with other requirements. This could take a while.
Train	Install dependencies	2026-08-21T16:27:23.2730006Z Collecting fsspec[tqdm]>=2024.2.0 (from scmrepo<4,>=3.3.2->dvc==3.50.1->dvc[gs]==3.50.1->-r requirements.txt (line 4))
Train	Install dependencies	2026-08-21T16:27:23.2772321Z   Downloading fsspec-2026.4.0-py3-none-any.whl.metadata (10 kB)
Train	Install dependencies	2026-08-21T16:27:23.3194730Z Collecting aiohappyeyeballs>=2.5.0 (from aiohttp->aiohttp-retry>=2.5.0->scmrepo<4,>=3.3.2->dvc==3.50.1->dvc[gs]==3.50.1->-r requirements.txt (line 4))
Train	Install dependencies	2026-08-21T16:27:23.3234482Z   Downloading aiohappyeyeballs-2.7.1-py3-none-any.whl.metadata (5.9 kB)
Train	Install dependencies	2026-08-21T16:27:23.3334442Z Collecting aiosignal>=1.4.0 (from aiohttp->aiohttp-retry>=2.5.0->scmrepo<4,>=3.3.2->dvc==3.50.1->dvc[gs]==3.50.1->-r requirements.txt (line 4))
Train	Install dependencies	2026-08-21T16:27:23.3374562Z   Downloading aiosignal-1.4.0-py3-none-any.whl.metadata (3.7 kB)
Train	Install dependencies	2026-08-21T16:27:23.3495776Z Collecting async-timeout<6.0,>=4.0 (from aiohttp->aiohttp-retry>=2.5.0->scmrepo<4,>=3.3.2->dvc==3.50.1->dvc[gs]==3.50.1->-r requirements.txt (line 4))
Train	Install dependencies	2026-08-21T16:27:23.3535331Z   Downloading async_timeout-5.0.1-py3-none-any.whl.metadata (5.1 kB)
Train	Install dependencies	2026-08-21T16:27:23.4226674Z Collecting frozenlist>=1.1.1 (from aiohttp->aiohttp-retry>=2.5.0->scmrepo<4,>=3.3.2->dvc==3.50.1->dvc[gs]==3.50.1->-r requirements.txt (line 4))
Train	Install dependencies	2026-08-21T16:27:23.4271379Z   Downloading frozenlist-1.8.0-cp310-cp310-manylinux1_x86_64.manylinux_2_28_x86_64.manylinux_2_5_x86_64.whl.metadata (20 kB)
Train	Install dependencies	2026-08-21T16:27:23.7958437Z Collecting multidict<7.0,>=4.5 (from aiohttp->aiohttp-retry>=2.5.0->scmrepo<4,>=3.3.2->dvc==3.50.1->dvc[gs]==3.50.1->-r requirements.txt (line 4))
Train	Install dependencies	2026-08-21T16:27:23.8004712Z   Downloading multidict-6.7.1-cp310-cp310-manylinux2014_x86_64.manylinux_2_17_x86_64.manylinux_2_28_x86_64.whl.metadata (5.3 kB)
Train	Install dependencies	2026-08-21T16:27:23.8604301Z Collecting propcache>=0.2.0 (from aiohttp->aiohttp-retry>=2.5.0->scmrepo<4,>=3.3.2->dvc==3.50.1->dvc[gs]==3.50.1->-r requirements.txt (line 4))
Train	Install dependencies	2026-08-21T16:27:23.8648559Z   Downloading propcache-0.5.2-cp310-cp310-manylinux2014_x86_64.manylinux_2_17_x86_64.manylinux_2_28_x86_64.whl.metadata (16 kB)
Train	Install dependencies	2026-08-21T16:27:24.1339432Z Collecting yarl<2.0,>=1.17.0 (from aiohttp->aiohttp-retry>=2.5.0->scmrepo<4,>=3.3.2->dvc==3.50.1->dvc[gs]==3.50.1->-r requirements.txt (line 4))
Train	Install dependencies	2026-08-21T16:27:24.1386201Z   Downloading yarl-1.24.5-cp310-cp310-manylinux2014_x86_64.manylinux_2_17_x86_64.manylinux_2_28_x86_64.whl.metadata (103 kB)
Train	Install dependencies	2026-08-21T16:27:24.1943138Z Collecting httpcore==1.* (from httpx>=0.23.0->fastapi==0.111.0->-r requirements.txt (line 7))
Train	Install dependencies	2026-08-21T16:27:24.1987077Z   Downloading httpcore-1.0.9-py3-none-any.whl.metadata (21 kB)
Train	Install dependencies	2026-08-21T16:27:24.2195951Z Collecting antlr4-python3-runtime==4.9.* (from hydra-core>=1.1->dvc==3.50.1->dvc[gs]==3.50.1->-r requirements.txt (line 4))
Train	Install dependencies	2026-08-21T16:27:24.2271893Z   Downloading antlr4-python3-runtime-4.9.3.tar.gz (117 kB)
Train	Install dependencies	2026-08-21T16:27:24.2541368Z   Installing build dependencies: started
Train	Install dependencies	2026-08-21T16:27:25.0877471Z   Installing build dependencies: finished with status 'done'
Train	Install dependencies	2026-08-21T16:27:25.0884526Z   Getting requirements to build wheel: started
Train	Install dependencies	2026-08-21T16:27:25.4784966Z   Getting requirements to build wheel: finished with status 'done'
Train	Install dependencies	2026-08-21T16:27:25.4795243Z   Preparing metadata (pyproject.toml): started
Train	Install dependencies	2026-08-21T16:27:25.6760760Z   Preparing metadata (pyproject.toml): finished with status 'done'
Train	Install dependencies	2026-08-21T16:27:25.6932205Z Collecting appdirs (from iterative-telemetry>=0.0.7->dvc==3.50.1->dvc[gs]==3.50.1->-r requirements.txt (line 4))
Train	Install dependencies	2026-08-21T16:27:25.6973621Z   Downloading appdirs-1.4.4-py2.py3-none-any.whl.metadata (9.0 kB)
Train	Install dependencies	2026-08-21T16:27:25.7210115Z Collecting filelock (from iterative-telemetry>=0.0.7->dvc==3.50.1->dvc[gs]==3.50.1->-r requirements.txt (line 4))
Train	Install dependencies	2026-08-21T16:27:25.7248789Z   Downloading filelock-3.32.3-py3-none-any.whl.metadata (2.0 kB)
Train	Install dependencies	2026-08-21T16:27:25.7512516Z Collecting wcwidth>=0.1.4 (from prompt-toolkit>=3.0.36->click-repl>=0.2.0->celery->dvc==3.50.1->dvc[gs]==3.50.1->-r requirements.txt (line 4))
Train	Install dependencies	2026-08-21T16:27:25.7550198Z   Downloading wcwidth-0.8.2-py3-none-any.whl.metadata (43 kB)
Train	Install dependencies	2026-08-21T16:27:25.7820069Z Collecting pyasn1<0.7.0,>=0.6.1 (from pyasn1-modules>=0.2.1->google-auth<3.0dev,>=2.26.1->google-cloud-storage==2.16.0->-r requirements.txt (line 10))
Train	Install dependencies	2026-08-21T16:27:25.7858483Z   Downloading pyasn1-0.6.4-py3-none-any.whl.metadata (8.4 kB)
Train	Install dependencies	2026-08-21T16:27:25.8109091Z Collecting python-dotenv>=0.21.0 (from pydantic-settings>=2->gto<2,>=1.6.0->dvc==3.50.1->dvc[gs]==3.50.1->-r requirements.txt (line 4))
Train	Install dependencies	2026-08-21T16:27:25.8148534Z   Downloading python_dotenv-1.2.3-py3-none-any.whl.metadata (29 kB)
Train	Install dependencies	2026-08-21T16:27:25.8451241Z Collecting markdown-it-py>=2.2.0 (from rich>=12->dvc==3.50.1->dvc[gs]==3.50.1->-r requirements.txt (line 4))
Train	Install dependencies	2026-08-21T16:27:25.8490977Z   Downloading markdown_it_py-4.2.0-py3-none-any.whl.metadata (7.4 kB)
Train	Install dependencies	2026-08-21T16:27:25.8699666Z Collecting pygments<3.0.0,>=2.13.0 (from rich>=12->dvc==3.50.1->dvc[gs]==3.50.1->-r requirements.txt (line 4))
Train	Install dependencies	2026-08-21T16:27:25.8738491Z   Downloading pygments-2.21.0-py3-none-any.whl.metadata (2.5 kB)
Train	Install dependencies	2026-08-21T16:27:25.8877244Z Collecting mdurl~=0.1 (from markdown-it-py>=2.2.0->rich>=12->dvc==3.50.1->dvc[gs]==3.50.1->-r requirements.txt (line 4))
Train	Install dependencies	2026-08-21T16:27:25.8915603Z   Downloading mdurl-0.1.2-py3-none-any.whl.metadata (1.6 kB)
Train	Install dependencies	2026-08-21T16:27:25.9298638Z Collecting shellingham>=1.3.0 (from typer>=0.16.0->fastapi-cli>=0.0.2->fastapi==0.111.0->-r requirements.txt (line 7))
Train	Install dependencies	2026-08-21T16:27:25.9336173Z   Downloading shellingham-1.5.4-py2.py3-none-any.whl.metadata (3.5 kB)
Train	Install dependencies	2026-08-21T16:27:25.9468696Z Collecting annotated-doc>=0.0.2 (from typer>=0.16.0->fastapi-cli>=0.0.2->fastapi==0.111.0->-r requirements.txt (line 7))
Train	Install dependencies	2026-08-21T16:27:25.9506739Z   Downloading annotated_doc-0.0.5-py3-none-any.whl.metadata (6.5 kB)
Train	Install dependencies	2026-08-21T16:27:25.9944423Z Collecting httptools>=0.5.0 (from uvicorn[standard]>=0.12.0->fastapi==0.111.0->-r requirements.txt (line 7))
Train	Install dependencies	2026-08-21T16:27:25.9985949Z   Downloading httptools-0.8.0-cp310-cp310-manylinux1_x86_64.manylinux_2_28_x86_64.manylinux_2_5_x86_64.whl.metadata (3.5 kB)
Train	Install dependencies	2026-08-21T16:27:26.0368066Z Collecting uvloop!=0.15.0,!=0.15.1,>=0.14.0 (from uvicorn[standard]>=0.12.0->fastapi==0.111.0->-r requirements.txt (line 7))
Train	Install dependencies	2026-08-21T16:27:26.0409596Z   Downloading uvloop-0.22.1-cp310-cp310-manylinux2014_x86_64.manylinux_2_17_x86_64.manylinux_2_28_x86_64.whl.metadata (4.9 kB)
Train	Install dependencies	2026-08-21T16:27:26.1194054Z Collecting watchfiles>=0.13 (from uvicorn[standard]>=0.12.0->fastapi==0.111.0->-r requirements.txt (line 7))
Train	Install dependencies	2026-08-21T16:27:26.1243427Z   Downloading watchfiles-1.2.0-cp310-cp310-manylinux_2_17_x86_64.manylinux2014_x86_64.whl.metadata (4.9 kB)
Train	Install dependencies	2026-08-21T16:27:26.2290743Z Collecting websockets>=10.4 (from uvicorn[standard]>=0.12.0->fastapi==0.111.0->-r requirements.txt (line 7))
Train	Install dependencies	2026-08-21T16:27:26.2337217Z   Downloading websockets-16.1.1-cp310-cp310-manylinux1_x86_64.manylinux_2_28_x86_64.manylinux_2_5_x86_64.whl.metadata (6.8 kB)
Train	Install dependencies	2026-08-21T16:27:26.2543348Z Requirement already satisfied: setuptools in /opt/hostedtoolcache/Python/3.10.21/x64/lib/python3.10/site-packages (from zc.lockfile>=1.2.1->dvc==3.50.1->dvc[gs]==3.50.1->-r requirements.txt (line 4)) (79.0.1)
Train	Install dependencies	2026-08-21T16:27:26.2608072Z INFO: pip is looking at multiple versions of fsspec[http] to determine which version is compatible with other requirements. This could take a while.
Train	Install dependencies	2026-08-21T16:27:26.2812754Z Collecting requests-oauthlib>=0.7.0 (from google-auth-oauthlib->gcsfs>=2022.11.0->dvc-gs<4,>=3->dvc[gs]==3.50.1->-r requirements.txt (line 4))
Train	Install dependencies	2026-08-21T16:27:26.2852590Z   Downloading requests_oauthlib-2.0.0-py2.py3-none-any.whl.metadata (11 kB)
Train	Install dependencies	2026-08-21T16:27:26.2997113Z Collecting oauthlib>=3.0.0 (from requests-oauthlib>=0.7.0->google-auth-oauthlib->gcsfs>=2022.11.0->dvc-gs<4,>=3->dvc[gs]==3.50.1->-r requirements.txt (line 4))
Train	Install dependencies	2026-08-21T16:27:26.3041808Z   Downloading oauthlib-3.3.1-py3-none-any.whl.metadata (7.9 kB)
Train	Install dependencies	2026-08-21T16:27:26.9699041Z Collecting grpcio<2.0.0,>=1.59.0 (from google-cloud-storage-control->gcsfs>=2022.11.0->dvc-gs<4,>=3->dvc[gs]==3.50.1->-r requirements.txt (line 4))
Train	Install dependencies	2026-08-21T16:27:26.9744485Z   Downloading grpcio-1.83.0-cp310-cp310-manylinux2014_x86_64.manylinux_2_17_x86_64.whl.metadata (3.7 kB)
Train	Install dependencies	2026-08-21T16:27:26.9802987Z INFO: pip is looking at multiple versions of google-cloud-storage-control to determine which version is compatible with other requirements. This could take a while.
Train	Install dependencies	2026-08-21T16:27:26.9811292Z Collecting google-cloud-storage-control (from gcsfs>=2022.11.0->dvc-gs<4,>=3->dvc[gs]==3.50.1->-r requirements.txt (line 4))
Train	Install dependencies	2026-08-21T16:27:26.9855129Z   Downloading google_cloud_storage_control-1.12.0-py3-none-any.whl.metadata (9.8 kB)
Train	Install dependencies	2026-08-21T16:27:27.0033424Z Collecting grpc-google-iam-v1<1.0.0,>=0.14.0 (from google-cloud-storage-control->gcsfs>=2022.11.0->dvc-gs<4,>=3->dvc[gs]==3.50.1->-r requirements.txt (line 4))
Train	Install dependencies	2026-08-21T16:27:27.0083240Z   Downloading grpc_google_iam_v1-0.14.5-py3-none-any.whl.metadata (8.8 kB)
Train	Install dependencies	2026-08-21T16:27:27.0161932Z INFO: pip is looking at multiple versions of google-api-core[grpc] to determine which version is compatible with other requirements. This could take a while.
Train	Install dependencies	2026-08-21T16:27:27.0643356Z Collecting grpcio-status<2.0.0,>=1.33.2 (from google-api-core[grpc]<3.0.0,>=2.17.1->google-cloud-storage-control->gcsfs>=2022.11.0->dvc-gs<4,>=3->dvc[gs]==3.50.1->-r requirements.txt (line 4))
Train	Install dependencies	2026-08-21T16:27:27.0694735Z   Downloading grpcio_status-1.83.0-py3-none-any.whl.metadata (1.2 kB)
Train	Install dependencies	2026-08-21T16:27:27.0758513Z INFO: pip is looking at multiple versions of grpc-google-iam-v1 to determine which version is compatible with other requirements. This could take a while.
Train	Install dependencies	2026-08-21T16:27:27.0766828Z Collecting grpc-google-iam-v1<1.0.0,>=0.14.0 (from google-cloud-storage-control->gcsfs>=2022.11.0->dvc-gs<4,>=3->dvc[gs]==3.50.1->-r requirements.txt (line 4))
Train	Install dependencies	2026-08-21T16:27:27.0808681Z   Downloading grpc_google_iam_v1-0.14.4-py3-none-any.whl.metadata (9.1 kB)
Train	Install dependencies	2026-08-21T16:27:27.0958424Z INFO: pip is looking at multiple versions of googleapis-common-protos[grpc] to determine which version is compatible with other requirements. This could take a while.
Train	Install dependencies	2026-08-21T16:27:27.1031830Z INFO: pip is looking at multiple versions of grpcio-status to determine which version is compatible with other requirements. This could take a while.
Train	Install dependencies	2026-08-21T16:27:27.1040803Z Collecting grpcio-status<2.0.0,>=1.33.2 (from google-api-core[grpc]<3.0.0,>=2.17.1->google-cloud-storage-control->gcsfs>=2022.11.0->dvc-gs<4,>=3->dvc[gs]==3.50.1->-r requirements.txt (line 4))
Train	Install dependencies	2026-08-21T16:27:27.1083365Z   Downloading grpcio_status-1.82.1-py3-none-any.whl.metadata (1.2 kB)
Train	Install dependencies	2026-08-21T16:27:27.1223440Z   Downloading grpcio_status-1.81.1-py3-none-any.whl.metadata (1.2 kB)
Train	Install dependencies	2026-08-21T16:27:27.1303316Z   Downloading grpcio_status-1.81.0-py3-none-any.whl.metadata (1.2 kB)
Train	Install dependencies	2026-08-21T16:27:27.1376798Z   Downloading grpcio_status-1.80.0-py3-none-any.whl.metadata (1.3 kB)
Train	Install dependencies	2026-08-21T16:27:27.1519338Z   Downloading grpcio_status-1.78.0-py3-none-any.whl.metadata (1.3 kB)
Train	Install dependencies	2026-08-21T16:27:27.1595876Z   Downloading grpcio_status-1.76.0-py3-none-any.whl.metadata (1.1 kB)
Train	Install dependencies	2026-08-21T16:27:27.1672623Z   Downloading grpcio_status-1.75.1-py3-none-any.whl.metadata (1.1 kB)
Train	Install dependencies	2026-08-21T16:27:27.1705460Z INFO: pip is still looking at multiple versions of grpcio-status to determine which version is compatible with other requirements. This could take a while.
Train	Install dependencies	2026-08-21T16:27:27.1765017Z   Downloading grpcio_status-1.75.0-py3-none-any.whl.metadata (1.1 kB)
Train	Install dependencies	2026-08-21T16:27:27.1829817Z   Downloading grpcio_status-1.74.0-py3-none-any.whl.metadata (1.1 kB)
Train	Install dependencies	2026-08-21T16:27:27.1912077Z   Downloading grpcio_status-1.73.1-py3-none-any.whl.metadata (1.1 kB)
Train	Install dependencies	2026-08-21T16:27:27.2057218Z   Downloading grpcio_status-1.73.0-py3-none-any.whl.metadata (1.1 kB)
Train	Install dependencies	2026-08-21T16:27:27.2130002Z   Downloading grpcio_status-1.72.2-py3-none-any.whl.metadata (1.1 kB)
Train	Install dependencies	2026-08-21T16:27:27.2161504Z INFO: This is taking longer than usual. You might need to provide the dependency resolver with stricter constraints to reduce runtime. See https://pip.pypa.io/warnings/backtracking for guidance. If you want to abort this run, press Ctrl + C.
Train	Install dependencies	2026-08-21T16:27:27.2206666Z   Downloading grpcio_status-1.72.1-py3-none-any.whl.metadata (1.1 kB)
Train	Install dependencies	2026-08-21T16:27:27.2277626Z   Downloading grpcio_status-1.71.2-py3-none-any.whl.metadata (1.1 kB)
Train	Install dependencies	2026-08-21T16:27:27.2415009Z   Downloading grpcio_status-1.71.0-py3-none-any.whl.metadata (1.1 kB)
Train	Install dependencies	2026-08-21T16:27:27.2485574Z   Downloading grpcio_status-1.70.0-py3-none-any.whl.metadata (1.1 kB)
Train	Install dependencies	2026-08-21T16:27:27.2564425Z   Downloading grpcio_status-1.69.0-py3-none-any.whl.metadata (1.1 kB)
Train	Install dependencies	2026-08-21T16:27:27.2641111Z   Downloading grpcio_status-1.68.1-py3-none-any.whl.metadata (1.1 kB)
Train	Install dependencies	2026-08-21T16:27:27.2712933Z   Downloading grpcio_status-1.68.0-py3-none-any.whl.metadata (1.1 kB)
Train	Install dependencies	2026-08-21T16:27:27.2787446Z   Downloading grpcio_status-1.67.1-py3-none-any.whl.metadata (1.1 kB)
Train	Install dependencies	2026-08-21T16:27:27.2857800Z   Downloading grpcio_status-1.67.0-py3-none-any.whl.metadata (1.1 kB)
Train	Install dependencies	2026-08-21T16:27:27.2933401Z   Downloading grpcio_status-1.66.2-py3-none-any.whl.metadata (1.1 kB)
Train	Install dependencies	2026-08-21T16:27:27.3021642Z   Downloading grpcio_status-1.66.1-py3-none-any.whl.metadata (1.1 kB)
Train	Install dependencies	2026-08-21T16:27:27.3095817Z   Downloading grpcio_status-1.66.0-py3-none-any.whl.metadata (1.1 kB)
Train	Install dependencies	2026-08-21T16:27:27.3169009Z   Downloading grpcio_status-1.65.5-py3-none-any.whl.metadata (1.1 kB)
Train	Install dependencies	2026-08-21T16:27:27.3244549Z   Downloading grpcio_status-1.65.4-py3-none-any.whl.metadata (1.1 kB)
Train	Install dependencies	2026-08-21T16:27:27.3325936Z   Downloading grpcio_status-1.65.2-py3-none-any.whl.metadata (1.1 kB)
Train	Install dependencies	2026-08-21T16:27:27.3399883Z   Downloading grpcio_status-1.65.1-py3-none-any.whl.metadata (1.1 kB)
Train	Install dependencies	2026-08-21T16:27:27.3476127Z   Downloading grpcio_status-1.64.3-py3-none-any.whl.metadata (1.1 kB)
Train	Install dependencies	2026-08-21T16:27:27.3549738Z   Downloading grpcio_status-1.64.1-py3-none-any.whl.metadata (1.1 kB)
Train	Install dependencies	2026-08-21T16:27:27.3622728Z   Downloading grpcio_status-1.64.0-py3-none-any.whl.metadata (1.1 kB)
Train	Install dependencies	2026-08-21T16:27:27.3715834Z   Downloading grpcio_status-1.63.2-py3-none-any.whl.metadata (1.1 kB)
Train	Install dependencies	2026-08-21T16:27:27.3798377Z   Downloading grpcio_status-1.63.0-py3-none-any.whl.metadata (1.1 kB)
Train	Install dependencies	2026-08-21T16:27:27.3878520Z   Downloading grpcio_status-1.62.3-py3-none-any.whl.metadata (1.3 kB)
Train	Install dependencies	2026-08-21T16:27:27.4378676Z Downloading mlflow-2.13.0-py3-none-any.whl (25.0 MB)
Train	Install dependencies	2026-08-21T16:27:27.5865205Z    ━━━━━━━━━━━━━━━━━━━━━━━━━━━━━━━━━━━━━━━━ 25.0/25.0 MB 171.7 MB/s  0:00:00
Train	Install dependencies	2026-08-21T16:27:27.5956478Z Downloading scikit_learn-1.4.2-cp310-cp310-manylinux_2_17_x86_64.manylinux2014_x86_64.whl (12.1 MB)
Train	Install dependencies	2026-08-21T16:27:27.6740853Z    ━━━━━━━━━━━━━━━━━━━━━━━━━━━━━━━━━━━━━━━━ 12.1/12.1 MB 157.7 MB/s  0:00:00
Train	Install dependencies	2026-08-21T16:27:27.6790803Z Downloading pandas-2.2.2-cp310-cp310-manylinux_2_17_x86_64.manylinux2014_x86_64.whl (13.0 MB)
Train	Install dependencies	2026-08-21T16:27:27.7367956Z    ━━━━━━━━━━━━━━━━━━━━━━━━━━━━━━━━━━━━━━━━ 13.0/13.0 MB 234.2 MB/s  0:00:00
Train	Install dependencies	2026-08-21T16:27:27.7413085Z Downloading PyYAML-6.0.1-cp310-cp310-manylinux_2_17_x86_64.manylinux2014_x86_64.whl (705 kB)
Train	Install dependencies	2026-08-21T16:27:27.7556163Z    ━━━━━━━━━━━━━━━━━━━━━━━━━━━━━━━━━━━━━━━━ 705.5/705.5 kB 41.7 MB/s  0:00:00
Train	Install dependencies	2026-08-21T16:27:27.7645696Z Downloading dvc-3.50.1-py3-none-any.whl (451 kB)
Train	Install dependencies	2026-08-21T16:27:27.7713093Z Downloading pathspec-0.11.2-py3-none-any.whl (29 kB)
Train	Install dependencies	2026-08-21T16:27:27.7768386Z Downloading pytest-8.2.0-py3-none-any.whl (339 kB)
Train	Install dependencies	2026-08-21T16:27:27.7833591Z Downloading fastapi-0.111.0-py3-none-any.whl (91 kB)
Train	Install dependencies	2026-08-21T16:27:27.7894165Z Downloading uvicorn-0.29.0-py3-none-any.whl (60 kB)
Train	Install dependencies	2026-08-21T16:27:27.7953520Z Downloading joblib-1.4.2-py3-none-any.whl (301 kB)
Train	Install dependencies	2026-08-21T16:27:27.8021421Z Downloading google_cloud_storage-2.16.0-py2.py3-none-any.whl (125 kB)
Train	Install dependencies	2026-08-21T16:27:27.8088165Z Downloading alembic-1.19.1-py3-none-any.whl (265 kB)
Train	Install dependencies	2026-08-21T16:27:27.8155755Z Downloading cachetools-5.5.2-py3-none-any.whl (10 kB)
Train	Install dependencies	2026-08-21T16:27:27.8222521Z Downloading click-8.4.2-py3-none-any.whl (119 kB)
Train	Install dependencies	2026-08-21T16:27:27.8282774Z Downloading cloudpickle-3.1.2-py3-none-any.whl (22 kB)
Train	Install dependencies	2026-08-21T16:27:27.8340778Z Downloading docker-7.2.0-py3-none-any.whl (148 kB)
Train	Install dependencies	2026-08-21T16:27:27.8399522Z Downloading dpath-2.2.0-py3-none-any.whl (17 kB)
Train	Install dependencies	2026-08-21T16:27:27.8469008Z Downloading dvc_data-3.15.2-py3-none-any.whl (71 kB)
Train	Install dependencies	2026-08-21T16:27:27.8540122Z Downloading dvc_gs-3.1.0-py3-none-any.whl (11 kB)
Train	Install dependencies	2026-08-21T16:27:27.8603056Z Downloading dvc_objects-5.2.0-py3-none-any.whl (33 kB)
Train	Install dependencies	2026-08-21T16:27:27.8661755Z Downloading dvc_render-1.0.2-py3-none-any.whl (22 kB)
Train	Install dependencies	2026-08-21T16:27:27.8718683Z Downloading dvc_studio_client-0.23.0-py3-none-any.whl (16 kB)
Train	Install dependencies	2026-08-21T16:27:27.8774730Z Downloading dvc_task-0.40.2-py3-none-any.whl (21 kB)
Train	Install dependencies	2026-08-21T16:27:27.8832354Z Downloading celery-5.6.3-py3-none-any.whl (451 kB)
Train	Install dependencies	2026-08-21T16:27:27.8907817Z Downloading billiard-4.2.4-py3-none-any.whl (87 kB)
Train	Install dependencies	2026-08-21T16:27:27.8965540Z Downloading entrypoints-0.4-py3-none-any.whl (5.3 kB)
Train	Install dependencies	2026-08-21T16:27:27.9026296Z Downloading flask-3.1.3-py3-none-any.whl (103 kB)
Train	Install dependencies	2026-08-21T16:27:27.9087575Z Downloading flatten_dict-0.5.0-py3-none-any.whl (9.9 kB)
Train	Install dependencies	2026-08-21T16:27:27.9142117Z Downloading flufl.lock-7.1.1-py3-none-any.whl (11 kB)
Train	Install dependencies	2026-08-21T16:27:27.9206080Z Downloading gitpython-3.1.59-py3-none-any.whl (220 kB)
Train	Install dependencies	2026-08-21T16:27:27.9268573Z Downloading gitdb-4.0.12-py3-none-any.whl (62 kB)
Train	Install dependencies	2026-08-21T16:27:27.9336791Z Downloading google_api_core-2.30.3-py3-none-any.whl (173 kB)
Train	Install dependencies	2026-08-21T16:27:27.9424919Z Downloading google_auth-2.56.3-py3-none-any.whl (259 kB)
Train	Install dependencies	2026-08-21T16:27:27.9504492Z Downloading google_cloud_core-2.6.1-py3-none-any.whl (29 kB)
Train	Install dependencies	2026-08-21T16:27:27.9560124Z Downloading google_crc32c-1.8.0-cp310-cp310-manylinux1_x86_64.manylinux2014_x86_64.manylinux_2_17_x86_64.manylinux_2_5_x86_64.whl (33 kB)
Train	Install dependencies	2026-08-21T16:27:27.9616817Z Downloading googleapis_common_protos-1.75.0-py3-none-any.whl (300 kB)
Train	Install dependencies	2026-08-21T16:27:27.9682615Z Downloading grandalf-0.8-py3-none-any.whl (41 kB)
Train	Install dependencies	2026-08-21T16:27:27.9747310Z Downloading graphene-3.4.3-py2.py3-none-any.whl (114 kB)
Train	Install dependencies	2026-08-21T16:27:27.9807084Z Downloading graphql_core-3.2.11-py3-none-any.whl (214 kB)
Train	Install dependencies	2026-08-21T16:27:27.9892189Z Downloading graphql_relay-3.2.0-py3-none-any.whl (16 kB)
Train	Install dependencies	2026-08-21T16:27:27.9947624Z Downloading gto-1.10.1-py3-none-any.whl (45 kB)
Train	Install dependencies	2026-08-21T16:27:28.0007678Z Downloading gunicorn-22.0.0-py3-none-any.whl (84 kB)
Train	Install dependencies	2026-08-21T16:27:28.0064991Z Downloading importlib_metadata-7.2.1-py3-none-any.whl (25 kB)
Train	Install dependencies	2026-08-21T16:27:28.0119657Z Downloading jinja2-3.1.6-py3-none-any.whl (134 kB)
Train	Install dependencies	2026-08-21T16:27:28.0179906Z Downloading kombu-5.6.2-py3-none-any.whl (214 kB)
Train	Install dependencies	2026-08-21T16:27:28.0243344Z Downloading vine-5.1.0-py3-none-any.whl (9.6 kB)
Train	Install dependencies	2026-08-21T16:27:28.0297660Z Downloading amqp-5.3.1-py3-none-any.whl (50 kB)
Train	Install dependencies	2026-08-21T16:27:28.0354584Z Downloading markdown-3.10.3-py3-none-any.whl (110 kB)
Train	Install dependencies	2026-08-21T16:27:28.0414462Z Downloading matplotlib-3.10.9-cp310-cp310-manylinux2014_x86_64.manylinux_2_17_x86_64.whl (8.8 MB)
Train	Install dependencies	2026-08-21T16:27:28.0991081Z    ━━━━━━━━━━━━━━━━━━━━━━━━━━━━━━━━━━━━━━━━ 8.8/8.8 MB 157.4 MB/s  0:00:00
Train	Install dependencies	2026-08-21T16:27:28.1035462Z Downloading numpy-1.26.4-cp310-cp310-manylinux_2_17_x86_64.manylinux2014_x86_64.whl (18.2 MB)
Train	Install dependencies	2026-08-21T16:27:28.1648441Z    ━━━━━━━━━━━━━━━━━━━━━━━━━━━━━━━━━━━━━━━━ 18.2/18.2 MB 309.7 MB/s  0:00:00
Train	Install dependencies	2026-08-21T16:27:28.1693907Z Downloading opentelemetry_api-1.44.0-py3-none-any.whl (60 kB)
Train	Install dependencies	2026-08-21T16:27:28.1755729Z Downloading opentelemetry_sdk-1.44.0-py3-none-any.whl (137 kB)
Train	Install dependencies	2026-08-21T16:27:28.1817372Z Downloading opentelemetry_semantic_conventions-0.65b0-py3-none-any.whl (204 kB)
Train	Install dependencies	2026-08-21T16:27:28.1881696Z Downloading packaging-24.2-py3-none-any.whl (65 kB)
Train	Install dependencies	2026-08-21T16:27:28.1937979Z Downloading platformdirs-3.11.0-py3-none-any.whl (17 kB)
Train	Install dependencies	2026-08-21T16:27:28.1995771Z Downloading pluggy-1.6.0-py3-none-any.whl (20 kB)
Train	Install dependencies	2026-08-21T16:27:28.2056062Z Downloading proto_plus-1.28.2-py3-none-any.whl (50 kB)
Train	Install dependencies	2026-08-21T16:27:28.2119202Z Downloading protobuf-4.25.9-cp37-abi3-manylinux2014_x86_64.whl (295 kB)
Train	Install dependencies	2026-08-21T16:27:28.2217652Z Downloading pyarrow-15.0.2-cp310-cp310-manylinux_2_28_x86_64.whl (38.3 MB)
Train	Install dependencies	2026-08-21T16:27:28.4792441Z    ━━━━━━━━━━━━━━━━━━━━━━━━━━━━━━━━━━━━━━━━ 38.3/38.3 MB 149.5 MB/s  0:00:00
Train	Install dependencies	2026-08-21T16:27:28.4848442Z Downloading pydantic-2.13.4-py3-none-any.whl (472 kB)
Train	Install dependencies	2026-08-21T16:27:28.4928256Z Downloading pydantic_core-2.46.4-cp310-cp310-manylinux_2_17_x86_64.manylinux2014_x86_64.whl (2.1 MB)
Train	Install dependencies	2026-08-21T16:27:28.5026750Z    ━━━━━━━━━━━━━━━━━━━━━━━━━━━━━━━━━━━━━━━━ 2.1/2.1 MB 269.8 MB/s  0:00:00
Train	Install dependencies	2026-08-21T16:27:28.5069184Z Downloading python_dateutil-2.9.0.post0-py2.py3-none-any.whl (229 kB)
Train	Install dependencies	2026-08-21T16:27:28.5136091Z Downloading pytz-2024.2-py2.py3-none-any.whl (508 kB)
Train	Install dependencies	2026-08-21T16:27:28.5205569Z Downloading querystring_parser-1.2.4-py2.py3-none-any.whl (7.9 kB)
Train	Install dependencies	2026-08-21T16:27:28.5258680Z Downloading requests-2.34.2-py3-none-any.whl (73 kB)
Train	Install dependencies	2026-08-21T16:27:28.5323216Z Downloading charset_normalizer-3.5.1-cp310-cp310-manylinux2014_x86_64.manylinux_2_17_x86_64.manylinux_2_28_x86_64.whl (261 kB)
Train	Install dependencies	2026-08-21T16:27:28.5384592Z Downloading idna-3.19-py3-none-any.whl (68 kB)
Train	Install dependencies	2026-08-21T16:27:28.5440947Z Downloading scipy-1.15.3-cp310-cp310-manylinux_2_17_x86_64.manylinux2014_x86_64.whl (37.7 MB)
Train	Install dependencies	2026-08-21T16:27:28.7608304Z    ━━━━━━━━━━━━━━━━━━━━━━━━━━━━━━━━━━━━━━━━ 37.7/37.7 MB 175.5 MB/s  0:00:00
Train	Install dependencies	2026-08-21T16:27:28.7650612Z Downloading scmrepo-3.6.2-py3-none-any.whl (74 kB)
Train	Install dependencies	2026-08-21T16:27:28.7716940Z Downloading asyncssh-2.24.0-py3-none-any.whl (381 kB)
Train	Install dependencies	2026-08-21T16:27:28.7837329Z Downloading dulwich-1.2.12-cp310-cp310-manylinux_2_28_x86_64.whl (1.5 MB)
Train	Install dependencies	2026-08-21T16:27:28.7922646Z    ━━━━━━━━━━━━━━━━━━━━━━━━━━━━━━━━━━━━━━━━ 1.5/1.5 MB 195.7 MB/s  0:00:00
Train	Install dependencies	2026-08-21T16:27:28.7961990Z Downloading shtab-1.11.0-py3-none-any.whl (17 kB)
Train	Install dependencies	2026-08-21T16:27:28.8021995Z Downloading smmap-5.0.3-py3-none-any.whl (24 kB)
Train	Install dependencies	2026-08-21T16:27:28.8081010Z Downloading sqlalchemy-2.0.52-cp310-cp310-manylinux2014_x86_64.manylinux_2_17_x86_64.manylinux_2_28_x86_64.whl (3.3 MB)
Train	Install dependencies	2026-08-21T16:27:28.8333268Z    ━━━━━━━━━━━━━━━━━━━━━━━━━━━━━━━━━━━━━━━━ 3.3/3.3 MB 143.4 MB/s  0:00:00
Train	Install dependencies	2026-08-21T16:27:28.8375122Z Downloading sqlparse-0.6.0-py3-none-any.whl (50 kB)
Train	Install dependencies	2026-08-21T16:27:28.8453459Z Downloading sqltrie-0.11.2-py3-none-any.whl (17 kB)
Train	Install dependencies	2026-08-21T16:27:28.8512841Z Downloading starlette-0.37.2-py3-none-any.whl (71 kB)
Train	Install dependencies	2026-08-21T16:27:28.8660040Z Downloading anyio-4.14.2-py3-none-any.whl (125 kB)
Train	Install dependencies	2026-08-21T16:27:28.8721124Z Downloading tqdm-4.70.0-py3-none-any.whl (80 kB)
Train	Install dependencies	2026-08-21T16:27:28.8783164Z Downloading typing_extensions-4.16.0-py3-none-any.whl (45 kB)
Train	Install dependencies	2026-08-21T16:27:28.8838398Z Downloading urllib3-2.7.0-py3-none-any.whl (131 kB)
Train	Install dependencies	2026-08-21T16:27:28.8921467Z Downloading aiohttp_retry-2.9.1-py3-none-any.whl (10.0 kB)
Train	Install dependencies	2026-08-21T16:27:28.8977225Z Downloading annotated_types-0.8.0-py3-none-any.whl (13 kB)
Train	Install dependencies	2026-08-21T16:27:28.9034656Z Downloading atpublic-7.0.0-py3-none-any.whl (6.4 kB)
Train	Install dependencies	2026-08-21T16:27:28.9106417Z Downloading attrs-26.1.0-py3-none-any.whl (67 kB)
Train	Install dependencies	2026-08-21T16:27:28.9184372Z Downloading blinker-1.9.0-py3-none-any.whl (8.5 kB)
Train	Install dependencies	2026-08-21T16:27:28.9245981Z Downloading certifi-2026.7.22-py3-none-any.whl (136 kB)
Train	Install dependencies	2026-08-21T16:27:28.9322236Z Downloading click_didyoumean-0.3.1-py3-none-any.whl (3.6 kB)
Train	Install dependencies	2026-08-21T16:27:28.9377426Z Downloading click_plugins-1.1.1.2-py2.py3-none-any.whl (11 kB)
Train	Install dependencies	2026-08-21T16:27:28.9433078Z Downloading click_repl-0.3.0-py3-none-any.whl (10 kB)
Train	Install dependencies	2026-08-21T16:27:28.9487486Z Downloading colorama-0.4.6-py2.py3-none-any.whl (25 kB)
Train	Install dependencies	2026-08-21T16:27:28.9543281Z Downloading configobj-5.0.9-py2.py3-none-any.whl (35 kB)
Train	Install dependencies	2026-08-21T16:27:28.9610099Z Downloading contourpy-1.3.2-cp310-cp310-manylinux_2_17_x86_64.manylinux2014_x86_64.whl (325 kB)
Train	Install dependencies	2026-08-21T16:27:28.9674021Z Downloading cryptography-50.0.0-cp39-abi3-manylinux_2_34_x86_64.whl (4.8 MB)
Train	Install dependencies	2026-08-21T16:27:28.9855808Z    ━━━━━━━━━━━━━━━━━━━━━━━━━━━━━━━━━━━━━━━━ 4.8/4.8 MB 305.0 MB/s  0:00:00
Train	Install dependencies	2026-08-21T16:27:28.9899818Z Downloading cffi-2.1.1-cp310-cp310-manylinux2014_x86_64.manylinux_2_17_x86_64.whl (218 kB)
Train	Install dependencies	2026-08-21T16:27:28.9962868Z Downloading cycler-0.12.1-py3-none-any.whl (8.3 kB)
Train	Install dependencies	2026-08-21T16:27:29.0019493Z Downloading dictdiffer-0.10.0-py3-none-any.whl (16 kB)
Train	Install dependencies	2026-08-21T16:27:29.0083444Z Downloading diskcache-5.6.3-py3-none-any.whl (45 kB)
Train	Install dependencies	2026-08-21T16:27:29.0154377Z Downloading distro-1.9.0-py3-none-any.whl (20 kB)
Train	Install dependencies	2026-08-21T16:27:29.0226163Z Downloading dvc_http-2.32.0-py3-none-any.whl (12 kB)
Train	Install dependencies	2026-08-21T16:27:29.0287955Z Downloading email_validator-2.3.0-py3-none-any.whl (35 kB)
Train	Install dependencies	2026-08-21T16:27:29.0350650Z Downloading dnspython-2.8.0-py3-none-any.whl (331 kB)
Train	Install dependencies	2026-08-21T16:27:29.0424053Z Downloading exceptiongroup-1.3.1-py3-none-any.whl (16 kB)
Train	Install dependencies	2026-08-21T16:27:29.0480012Z Downloading fastapi_cli-0.0.32-py3-none-any.whl (14 kB)
Train	Install dependencies	2026-08-21T16:27:29.0565911Z Downloading fonttools-4.63.0-cp310-cp310-manylinux2014_x86_64.manylinux_2_17_x86_64.whl (4.9 MB)
Train	Install dependencies	2026-08-21T16:27:29.0757440Z    ━━━━━━━━━━━━━━━━━━━━━━━━━━━━━━━━━━━━━━━━ 4.9/4.9 MB 295.8 MB/s  0:00:00
Train	Install dependencies	2026-08-21T16:27:29.0802881Z Downloading gcsfs-2025.12.0-py3-none-any.whl (41 kB)
Train	Install dependencies	2026-08-21T16:27:29.0870104Z Downloading fsspec-2025.12.0-py3-none-any.whl (201 kB)
Train	Install dependencies	2026-08-21T16:27:29.0945654Z Downloading aiohttp-3.14.3-cp310-cp310-manylinux2014_x86_64.manylinux_2_17_x86_64.manylinux_2_28_x86_64.whl (1.7 MB)
Train	Install dependencies	2026-08-21T16:27:29.1028768Z    ━━━━━━━━━━━━━━━━━━━━━━━━━━━━━━━━━━━━━━━━ 1.7/1.7 MB 279.2 MB/s  0:00:00
Train	Install dependencies	2026-08-21T16:27:29.1066974Z Downloading async_timeout-5.0.1-py3-none-any.whl (6.2 kB)
Train	Install dependencies	2026-08-21T16:27:29.1125782Z Downloading multidict-6.7.1-cp310-cp310-manylinux2014_x86_64.manylinux_2_17_x86_64.manylinux_2_28_x86_64.whl (243 kB)
Train	Install dependencies	2026-08-21T16:27:29.1189691Z Downloading yarl-1.24.5-cp310-cp310-manylinux2014_x86_64.manylinux_2_17_x86_64.manylinux_2_28_x86_64.whl (110 kB)
Train	Install dependencies	2026-08-21T16:27:29.1248785Z Downloading aiohappyeyeballs-2.7.1-py3-none-any.whl (15 kB)
Train	Install dependencies	2026-08-21T16:27:29.1303788Z Downloading aiosignal-1.4.0-py3-none-any.whl (7.5 kB)
Train	Install dependencies	2026-08-21T16:27:29.1359080Z Downloading decorator-5.3.1-py3-none-any.whl (10 kB)
Train	Install dependencies	2026-08-21T16:27:29.1451464Z Downloading frozenlist-1.8.0-cp310-cp310-manylinux1_x86_64.manylinux_2_28_x86_64.manylinux_2_5_x86_64.whl (219 kB)
Train	Install dependencies	2026-08-21T16:27:29.1512608Z Downloading funcy-2.0-py2.py3-none-any.whl (30 kB)
Train	Install dependencies	2026-08-21T16:27:29.1569549Z Downloading google_resumable_media-2.10.1-py3-none-any.whl (81 kB)
Train	Install dependencies	2026-08-21T16:27:29.1642832Z Downloading greenlet-3.5.5-cp310-cp310-manylinux_2_24_x86_64.manylinux_2_28_x86_64.whl (622 kB)
Train	Install dependencies	2026-08-21T16:27:29.1708872Z    ━━━━━━━━━━━━━━━━━━━━━━━━━━━━━━━━━━━━━━━━ 622.8/622.8 kB 128.7 MB/s  0:00:00
Train	Install dependencies	2026-08-21T16:27:29.1750162Z Downloading h11-0.16.0-py3-none-any.whl (37 kB)
Train	Install dependencies	2026-08-21T16:27:29.1812439Z Downloading httpx-0.28.1-py3-none-any.whl (73 kB)
Train	Install dependencies	2026-08-21T16:27:29.1873822Z Downloading httpcore-1.0.9-py3-none-any.whl (78 kB)
Train	Install dependencies	2026-08-21T16:27:29.1933709Z Downloading hydra_core-1.3.5-py3-none-any.whl (155 kB)
Train	Install dependencies	2026-08-21T16:27:29.1992554Z Downloading omegaconf-2.3.1-py3-none-any.whl (79 kB)
Train	Install dependencies	2026-08-21T16:27:29.2048923Z Downloading iterative_telemetry-0.0.10-py3-none-any.whl (10 kB)
Train	Install dependencies	2026-08-21T16:27:29.2124410Z Downloading itsdangerous-2.2.0-py3-none-any.whl (16 kB)
Train	Install dependencies	2026-08-21T16:27:29.2185003Z Downloading kiwisolver-1.5.0-cp310-cp310-manylinux_2_12_x86_64.manylinux2010_x86_64.whl (1.6 MB)
Train	Install dependencies	2026-08-21T16:27:29.2277860Z    ━━━━━━━━━━━━━━━━━━━━━━━━━━━━━━━━━━━━━━━━ 1.6/1.6 MB 237.2 MB/s  0:00:00
Train	Install dependencies	2026-08-21T16:27:29.2320098Z Downloading markupsafe-3.0.3-cp310-cp310-manylinux2014_x86_64.manylinux_2_17_x86_64.manylinux_2_28_x86_64.whl (20 kB)
Train	Install dependencies	2026-08-21T16:27:29.2381016Z Downloading networkx-3.4.2-py3-none-any.whl (1.7 MB)
Train	Install dependencies	2026-08-21T16:27:29.2500757Z    ━━━━━━━━━━━━━━━━━━━━━━━━━━━━━━━━━━━━━━━━ 1.7/1.7 MB 157.5 MB/s  0:00:00
Train	Install dependencies	2026-08-21T16:27:29.2539232Z Downloading orjson-3.12.0-cp310-cp310-manylinux_2_17_x86_64.manylinux2014_x86_64.whl (131 kB)
Train	Install dependencies	2026-08-21T16:27:29.2597679Z Downloading pillow-12.3.0-cp310-cp310-manylinux_2_27_x86_64.manylinux_2_28_x86_64.whl (6.9 MB)
Train	Install dependencies	2026-08-21T16:27:29.3039978Z    ━━━━━━━━━━━━━━━━━━━━━━━━━━━━━━━━━━━━━━━━ 6.9/6.9 MB 161.9 MB/s  0:00:00
Train	Install dependencies	2026-08-21T16:27:29.3082672Z Downloading prompt_toolkit-3.0.53-py3-none-any.whl (392 kB)
Train	Install dependencies	2026-08-21T16:27:29.3149297Z Downloading propcache-0.5.2-cp310-cp310-manylinux2014_x86_64.manylinux_2_17_x86_64.manylinux_2_28_x86_64.whl (60 kB)
Train	Install dependencies	2026-08-21T16:27:29.3214013Z Downloading psutil-7.2.2-cp36-abi3-manylinux2010_x86_64.manylinux_2_12_x86_64.manylinux_2_28_x86_64.whl (155 kB)
Train	Install dependencies	2026-08-21T16:27:29.3274761Z Downloading pyasn1_modules-0.4.2-py3-none-any.whl (181 kB)
Train	Install dependencies	2026-08-21T16:27:29.3338430Z Downloading pyasn1-0.6.4-py3-none-any.whl (84 kB)
Train	Install dependencies	2026-08-21T16:27:29.3397911Z Downloading pydantic_settings-2.15.0-py3-none-any.whl (69 kB)
Train	Install dependencies	2026-08-21T16:27:29.3455047Z Downloading pydot-4.0.1-py3-none-any.whl (37 kB)
Train	Install dependencies	2026-08-21T16:27:29.3536284Z Downloading pygit2-1.18.2-cp310-cp310-manylinux_2_26_x86_64.manylinux_2_28_x86_64.whl (5.5 MB)
Train	Install dependencies	2026-08-21T16:27:29.3932542Z    ━━━━━━━━━━━━━━━━━━━━━━━━━━━━━━━━━━━━━━━━ 5.5/5.5 MB 142.2 MB/s  0:00:00
Train	Install dependencies	2026-08-21T16:27:29.3975158Z Downloading pygtrie-2.5.0-py3-none-any.whl (25 kB)
Train	Install dependencies	2026-08-21T16:27:29.4033468Z Downloading pyparsing-3.3.2-py3-none-any.whl (122 kB)
Train	Install dependencies	2026-08-21T16:27:29.4127563Z Downloading python_dotenv-1.2.3-py3-none-any.whl (22 kB)
Train	Install dependencies	2026-08-21T16:27:29.4194080Z Downloading python_multipart-0.0.32-py3-none-any.whl (30 kB)
Train	Install dependencies	2026-08-21T16:27:29.4309910Z Downloading rich-15.0.0-py3-none-any.whl (310 kB)
Train	Install dependencies	2026-08-21T16:27:29.4385689Z Downloading pygments-2.21.0-py3-none-any.whl (1.3 MB)
Train	Install dependencies	2026-08-21T16:27:29.4454163Z    ━━━━━━━━━━━━━━━━━━━━━━━━━━━━━━━━━━━━━━━━ 1.3/1.3 MB 244.2 MB/s  0:00:00
Train	Install dependencies	2026-08-21T16:27:29.4498153Z Downloading markdown_it_py-4.2.0-py3-none-any.whl (91 kB)
Train	Install dependencies	2026-08-21T16:27:29.4562689Z Downloading mdurl-0.1.2-py3-none-any.whl (10.0 kB)
Train	Install dependencies	2026-08-21T16:27:29.4624704Z Downloading rich_toolkit-0.20.3-py3-none-any.whl (36 kB)
Train	Install dependencies	2026-08-21T16:27:29.4683416Z Downloading ruamel_yaml-0.19.1-py3-none-any.whl (118 kB)
Train	Install dependencies	2026-08-21T16:27:29.4754750Z Downloading semver-3.0.4-py3-none-any.whl (17 kB)
Train	Install dependencies	2026-08-21T16:27:29.4810005Z Downloading shortuuid-1.0.13-py3-none-any.whl (10 kB)
Train	Install dependencies	2026-08-21T16:27:29.4864853Z Downloading six-1.17.0-py2.py3-none-any.whl (11 kB)
Train	Install dependencies	2026-08-21T16:27:29.4929889Z Downloading tabulate-0.10.0-py3-none-any.whl (39 kB)
Train	Install dependencies	2026-08-21T16:27:29.4987904Z Downloading threadpoolctl-3.6.0-py3-none-any.whl (18 kB)
Train	Install dependencies	2026-08-21T16:27:29.5046113Z Downloading tomli-2.4.1-py3-none-any.whl (14 kB)
Train	Install dependencies	2026-08-21T16:27:29.5113927Z Downloading tomlkit-0.15.1-py3-none-any.whl (49 kB)
Train	Install dependencies	2026-08-21T16:27:29.5172207Z Downloading typer-0.27.1-py3-none-any.whl (122 kB)
Train	Install dependencies	2026-08-21T16:27:29.5232194Z Downloading annotated_doc-0.0.5-py3-none-any.whl (5.3 kB)
Train	Install dependencies	2026-08-21T16:27:29.5288607Z Downloading shellingham-1.5.4-py2.py3-none-any.whl (9.8 kB)
Train	Install dependencies	2026-08-21T16:27:29.5343555Z Downloading typing_inspection-0.4.4-py3-none-any.whl (14 kB)
Train	Install dependencies	2026-08-21T16:27:29.5415257Z Downloading tzdata-2026.3-py2.py3-none-any.whl (348 kB)
Train	Install dependencies	2026-08-21T16:27:29.5480093Z Downloading ujson-5.13.0-cp310-cp310-manylinux_2_24_x86_64.manylinux_2_28_x86_64.whl (57 kB)
Train	Install dependencies	2026-08-21T16:27:29.5549173Z Downloading httptools-0.8.0-cp310-cp310-manylinux1_x86_64.manylinux_2_28_x86_64.manylinux_2_5_x86_64.whl (450 kB)
Train	Install dependencies	2026-08-21T16:27:29.5636272Z Downloading uvloop-0.22.1-cp310-cp310-manylinux2014_x86_64.manylinux_2_17_x86_64.manylinux_2_28_x86_64.whl (3.7 MB)
Train	Install dependencies	2026-08-21T16:27:29.6005342Z    ━━━━━━━━━━━━━━━━━━━━━━━━━━━━━━━━━━━━━━━━ 3.7/3.7 MB 110.5 MB/s  0:00:00
Train	Install dependencies	2026-08-21T16:27:29.6050688Z Downloading voluptuous-0.16.0-py3-none-any.whl (31 kB)
Train	Install dependencies	2026-08-21T16:27:29.6140526Z Downloading watchfiles-1.2.0-cp310-cp310-manylinux_2_17_x86_64.manylinux2014_x86_64.whl (457 kB)
Train	Install dependencies	2026-08-21T16:27:29.6208347Z Downloading wcwidth-0.8.2-py3-none-any.whl (323 kB)
Train	Install dependencies	2026-08-21T16:27:29.6274245Z Downloading websockets-16.1.1-cp310-cp310-manylinux1_x86_64.manylinux_2_28_x86_64.manylinux_2_5_x86_64.whl (186 kB)
Train	Install dependencies	2026-08-21T16:27:29.6337955Z Downloading werkzeug-3.1.8-py3-none-any.whl (226 kB)
Train	Install dependencies	2026-08-21T16:27:29.6402840Z Downloading zc_lockfile-4.0-py3-none-any.whl (9.1 kB)
Train	Install dependencies	2026-08-21T16:27:29.6458120Z Downloading zipp-4.1.0-py3-none-any.whl (10 kB)
Train	Install dependencies	2026-08-21T16:27:29.6513062Z Downloading appdirs-1.4.4-py2.py3-none-any.whl (9.6 kB)
Train	Install dependencies	2026-08-21T16:27:29.6576462Z Downloading filelock-3.32.3-py3-none-any.whl (98 kB)
Train	Install dependencies	2026-08-21T16:27:29.6646465Z Downloading google_auth_oauthlib-1.4.0-py3-none-any.whl (19 kB)
Train	Install dependencies	2026-08-21T16:27:29.6702208Z Downloading requests_oauthlib-2.0.0-py2.py3-none-any.whl (24 kB)
Train	Install dependencies	2026-08-21T16:27:29.6763209Z Downloading oauthlib-3.3.1-py3-none-any.whl (160 kB)
Train	Install dependencies	2026-08-21T16:27:29.6847988Z Downloading google_cloud_storage_control-1.12.0-py3-none-any.whl (102 kB)
Train	Install dependencies	2026-08-21T16:27:29.6901296Z Downloading grpc_google_iam_v1-0.14.4-py3-none-any.whl (32 kB)
Train	Install dependencies	2026-08-21T16:27:29.6969043Z Downloading grpcio-1.83.0-cp310-cp310-manylinux2014_x86_64.manylinux_2_17_x86_64.whl (7.1 MB)
Train	Install dependencies	2026-08-21T16:27:29.7277957Z    ━━━━━━━━━━━━━━━━━━━━━━━━━━━━━━━━━━━━━━━━ 7.1/7.1 MB 242.5 MB/s  0:00:00
Train	Install dependencies	2026-08-21T16:27:29.7318539Z Downloading grpcio_status-1.62.3-py3-none-any.whl (14 kB)
Train	Install dependencies	2026-08-21T16:27:29.7375840Z Downloading iniconfig-2.3.0-py3-none-any.whl (7.5 kB)
Train	Install dependencies	2026-08-21T16:27:29.7437839Z Downloading mako-1.4.1-py3-none-any.whl (80 kB)
Train	Install dependencies	2026-08-21T16:27:29.7495726Z Downloading pycparser-3.0-py3-none-any.whl (48 kB)
Train	Install dependencies	2026-08-21T16:27:29.7555274Z Downloading tzlocal-5.4.4-py3-none-any.whl (18 kB)
Train	Install dependencies	2026-08-21T16:27:30.6722846Z Building wheels for collected packages: antlr4-python3-runtime
Train	Install dependencies	2026-08-21T16:27:30.6732343Z   Building wheel for antlr4-python3-runtime (pyproject.toml): started
Train	Install dependencies	2026-08-21T16:27:30.9205511Z   Building wheel for antlr4-python3-runtime (pyproject.toml): finished with status 'done'
Train	Install dependencies	2026-08-21T16:27:30.9212248Z   Created wheel for antlr4-python3-runtime: filename=antlr4_python3_runtime-4.9.3-py3-none-any.whl size=144590 sha256=2f052fd5a7f742f92fc5a9f631fbcccc7ab09f779367d8bdb3e6efb14cdc4eb8
Train	Install dependencies	2026-08-21T16:27:30.9213763Z   Stored in directory: /home/runner/.cache/pip/wheels/12/93/dd/1f6a127edc45659556564c5730f6d4e300888f4bca2d4c5a88
Train	Install dependencies	2026-08-21T16:27:30.9231725Z Successfully built antlr4-python3-runtime
Train	Install dependencies	2026-08-21T16:27:31.3598282Z Installing collected packages: pytz, pygtrie, funcy, appdirs, antlr4-python3-runtime, zipp, zc.lockfile, websockets, wcwidth, voluptuous, vine, uvloop, urllib3, ujson, tzlocal, tzdata, typing-extensions, tqdm, tomlkit, tomli, threadpoolctl, tabulate, sqlparse, smmap, six, shtab, shortuuid, shellingham, semver, ruamel.yaml, pyyaml, python-multipart, python-dotenv, pyparsing, pygments, pycparser, pyasn1, psutil, protobuf, propcache, pluggy, platformdirs, pillow, pathspec, packaging, orjson, oauthlib, numpy, networkx, mdurl, markupsafe, markdown, kiwisolver, joblib, itsdangerous, iniconfig, idna, httptools, h11, greenlet, graphql-core, google-crc32c, fsspec, frozenlist, fonttools, flatten-dict, filelock, entrypoints, dvc-render, dpath, dnspython, distro, diskcache, dictdiffer, decorator, cycler, configobj, colorama, cloudpickle, click, charset_normalizer, certifi, cachetools, blinker, billiard, attrs, atpublic, async-timeout, annotated-types, annotated-doc, aiohappyeyeballs, werkzeug, uvicorn, typing-inspection, sqltrie, sqlalchemy, scipy, requests, querystring-parser, python-dateutil, pydot, pydantic-core, pyasn1-modules, pyarrow, proto-plus, prompt-toolkit, opentelemetry-api, omegaconf, multidict, markdown-it-py, Mako, Jinja2, importlib-metadata, httpcore, gunicorn, grpcio, graphql-relay, grandalf, googleapis-common-protos, google-resumable-media, gitdb, flufl.lock, exceptiongroup, email_validator, dvc-objects, dulwich, contourpy, click-plugins, click-didyoumean, cffi, amqp, aiosignal, yarl, scikit-learn, rich, requests-oauthlib, pytest, pygit2, pydantic, pandas, opentelemetry-semantic-conventions, matplotlib, kombu, iterative-telemetry, hydra-core, grpcio-status, graphene, gitpython, Flask, dvc-studio-client, dvc-data, docker, cryptography, click-repl, anyio, alembic, watchfiles, typer, starlette, rich-toolkit, pydantic-settings, opentelemetry-sdk, httpx, grpc-google-iam-v1, google-auth, celery, asyncssh, aiohttp, mlflow, google-auth-oauthlib, google-api-core, dvc-task, aiohttp-retry, scmrepo, google-cloud-core, fastapi-cli, dvc-http, gto, google-cloud-storage-control, google-cloud-storage, fastapi, gcsfs, dvc, dvc-gs
Train	Install dependencies	2026-08-21T16:27:58.8691994Z 
Train	Install dependencies	2026-08-21T16:27:58.8899327Z Successfully installed Flask-3.1.3 Jinja2-3.1.6 Mako-1.4.1 aiohappyeyeballs-2.7.1 aiohttp-3.14.3 aiohttp-retry-2.9.1 aiosignal-1.4.0 alembic-1.19.1 amqp-5.3.1 annotated-doc-0.0.5 annotated-types-0.8.0 antlr4-python3-runtime-4.9.3 anyio-4.14.2 appdirs-1.4.4 async-timeout-5.0.1 asyncssh-2.24.0 atpublic-7.0.0 attrs-26.1.0 billiard-4.2.4 blinker-1.9.0 cachetools-5.5.2 celery-5.6.3 certifi-2026.7.22 cffi-2.1.1 charset_normalizer-3.5.1 click-8.4.2 click-didyoumean-0.3.1 click-plugins-1.1.1.2 click-repl-0.3.0 cloudpickle-3.1.2 colorama-0.4.6 configobj-5.0.9 contourpy-1.3.2 cryptography-50.0.0 cycler-0.12.1 decorator-5.3.1 dictdiffer-0.10.0 diskcache-5.6.3 distro-1.9.0 dnspython-2.8.0 docker-7.2.0 dpath-2.2.0 dulwich-1.2.12 dvc-3.50.1 dvc-data-3.15.2 dvc-gs-3.1.0 dvc-http-2.32.0 dvc-objects-5.2.0 dvc-render-1.0.2 dvc-studio-client-0.23.0 dvc-task-0.40.2 email_validator-2.3.0 entrypoints-0.4 exceptiongroup-1.3.1 fastapi-0.111.0 fastapi-cli-0.0.32 filelock-3.32.3 flatten-dict-0.5.0 flufl.lock-7.1.1 fonttools-4.63.0 frozenlist-1.8.0 fsspec-2025.12.0 funcy-2.0 gcsfs-2025.12.0 gitdb-4.0.12 gitpython-3.1.59 google-api-core-2.30.3 google-auth-2.56.3 google-auth-oauthlib-1.4.0 google-cloud-core-2.6.1 google-cloud-storage-2.16.0 google-cloud-storage-control-1.12.0 google-crc32c-1.8.0 google-resumable-media-2.10.1 googleapis-common-protos-1.75.0 grandalf-0.8 graphene-3.4.3 graphql-core-3.2.11 graphql-relay-3.2.0 greenlet-3.5.5 grpc-google-iam-v1-0.14.4 grpcio-1.83.0 grpcio-status-1.62.3 gto-1.10.1 gunicorn-22.0.0 h11-0.16.0 httpcore-1.0.9 httptools-0.8.0 httpx-0.28.1 hydra-core-1.3.5 idna-3.19 importlib-metadata-7.2.1 iniconfig-2.3.0 iterative-telemetry-0.0.10 itsdangerous-2.2.0 joblib-1.4.2 kiwisolver-1.5.0 kombu-5.6.2 markdown-3.10.3 markdown-it-py-4.2.0 markupsafe-3.0.3 matplotlib-3.10.9 mdurl-0.1.2 mlflow-2.13.0 multidict-6.7.1 networkx-3.4.2 numpy-1.26.4 oauthlib-3.3.1 omegaconf-2.3.1 opentelemetry-api-1.44.0 opentelemetry-sdk-1.44.0 opentelemetry-semantic-conventions-0.65b0 orjson-3.12.0 packaging-24.2 pandas-2.2.2 pathspec-0.11.2 pillow-12.3.0 platformdirs-3.11.0 pluggy-1.6.0 prompt-toolkit-3.0.53 propcache-0.5.2 proto-plus-1.28.2 protobuf-4.25.9 psutil-7.2.2 pyarrow-15.0.2 pyasn1-0.6.4 pyasn1-modules-0.4.2 pycparser-3.0 pydantic-2.13.4 pydantic-core-2.46.4 pydantic-settings-2.15.0 pydot-4.0.1 pygit2-1.18.2 pygments-2.21.0 pygtrie-2.5.0 pyparsing-3.3.2 pytest-8.2.0 python-dateutil-2.9.0.post0 python-dotenv-1.2.3 python-multipart-0.0.32 pytz-2024.2 pyyaml-6.0.1 querystring-parser-1.2.4 requests-2.34.2 requests-oauthlib-2.0.0 rich-15.0.0 rich-toolkit-0.20.3 ruamel.yaml-0.19.1 scikit-learn-1.4.2 scipy-1.15.3 scmrepo-3.6.2 semver-3.0.4 shellingham-1.5.4 shortuuid-1.0.13 shtab-1.11.0 six-1.17.0 smmap-5.0.3 sqlalchemy-2.0.52 sqlparse-0.6.0 sqltrie-0.11.2 starlette-0.37.2 tabulate-0.10.0 threadpoolctl-3.6.0 tomli-2.4.1 tomlkit-0.15.1 tqdm-4.70.0 typer-0.27.1 typing-extensions-4.16.0 typing-inspection-0.4.4 tzdata-2026.3 tzlocal-5.4.4 ujson-5.13.0 urllib3-2.7.0 uvicorn-0.29.0 uvloop-0.22.1 vine-5.1.0 voluptuous-0.16.0 watchfiles-1.2.0 wcwidth-0.8.2 websockets-16.1.1 werkzeug-3.1.8 yarl-1.24.5 zc.lockfile-4.0 zipp-4.1.0
Train	Set MLflow remote tracking env (Bonus 1 - DagsHub, tuy chon)	﻿2026-08-21T16:27:59.8959247Z ##[group]Run if [ -n "" ]; then
Train	Set MLflow remote tracking env (Bonus 1 - DagsHub, tuy chon)	2026-08-21T16:27:59.8959665Z ^[[36;1mif [ -n "" ]; then^[[0m
Train	Set MLflow remote tracking env (Bonus 1 - DagsHub, tuy chon)	2026-08-21T16:27:59.8960046Z ^[[36;1m  echo "MLFLOW_TRACKING_URI=" >> $GITHUB_ENV^[[0m
Train	Set MLflow remote tracking env (Bonus 1 - DagsHub, tuy chon)	2026-08-21T16:27:59.8960967Z ^[[36;1m  echo "MLFLOW_TRACKING_USERNAME=" >> $GITHUB_ENV^[[0m
Train	Set MLflow remote tracking env (Bonus 1 - DagsHub, tuy chon)	2026-08-21T16:27:59.8961429Z ^[[36;1m  echo "MLFLOW_TRACKING_PASSWORD=" >> $GITHUB_ENV^[[0m
Train	Set MLflow remote tracking env (Bonus 1 - DagsHub, tuy chon)	2026-08-21T16:27:59.8961905Z ^[[36;1m  echo "Da cau hinh MLflow tracking remote (DagsHub)."^[[0m
Train	Set MLflow remote tracking env (Bonus 1 - DagsHub, tuy chon)	2026-08-21T16:27:59.8962326Z ^[[36;1melse^[[0m
Train	Set MLflow remote tracking env (Bonus 1 - DagsHub, tuy chon)	2026-08-21T16:27:59.8962726Z ^[[36;1m  echo "Chua co secret DagsHub, dung MLflow tracking local mac dinh."^[[0m
Train	Set MLflow remote tracking env (Bonus 1 - DagsHub, tuy chon)	2026-08-21T16:27:59.8963188Z ^[[36;1mfi^[[0m
Train	Set MLflow remote tracking env (Bonus 1 - DagsHub, tuy chon)	2026-08-21T16:27:59.9007446Z shell: /usr/bin/bash -e ***0***
Train	Set MLflow remote tracking env (Bonus 1 - DagsHub, tuy chon)	2026-08-21T16:27:59.9007810Z env:
Train	Set MLflow remote tracking env (Bonus 1 - DagsHub, tuy chon)	2026-08-21T16:27:59.9008189Z   pythonLocation: /opt/hostedtoolcache/Python/3.10.21/x64
Train	Set MLflow remote tracking env (Bonus 1 - DagsHub, tuy chon)	2026-08-21T16:27:59.9008735Z   PKG_CONFIG_PATH: /opt/hostedtoolcache/Python/3.10.21/x64/lib/pkgconfig
Train	Set MLflow remote tracking env (Bonus 1 - DagsHub, tuy chon)	2026-08-21T16:27:59.9009251Z   Python_ROOT_DIR: /opt/hostedtoolcache/Python/3.10.21/x64
Train	Set MLflow remote tracking env (Bonus 1 - DagsHub, tuy chon)	2026-08-21T16:27:59.9009795Z   Python2_ROOT_DIR: /opt/hostedtoolcache/Python/3.10.21/x64
Train	Set MLflow remote tracking env (Bonus 1 - DagsHub, tuy chon)	2026-08-21T16:27:59.9010479Z   Python3_ROOT_DIR: /opt/hostedtoolcache/Python/3.10.21/x64
Train	Set MLflow remote tracking env (Bonus 1 - DagsHub, tuy chon)	2026-08-21T16:27:59.9010975Z   LD_LIBRARY_PATH: /opt/hostedtoolcache/Python/3.10.21/x64/lib
Train	Set MLflow remote tracking env (Bonus 1 - DagsHub, tuy chon)	2026-08-21T16:27:59.9011386Z ##[endgroup]
Train	Set MLflow remote tracking env (Bonus 1 - DagsHub, tuy chon)	2026-08-21T16:27:59.9080596Z Chua co secret DagsHub, dung MLflow tracking local mac dinh.
Train	Authenticate to Cloud Storage	﻿2026-08-21T16:27:59.9115468Z ##[group]Run echo '***
Train	Authenticate to Cloud Storage	2026-08-21T16:27:59.9115862Z ^[[36;1mecho '***^[[0m
Train	Authenticate to Cloud Storage	2026-08-21T16:27:59.9116188Z ^[[36;1m  ***^[[0m
Train	Authenticate to Cloud Storage	2026-08-21T16:27:59.9116511Z ^[[36;1m  ***^[[0m
Train	Authenticate to Cloud Storage	2026-08-21T16:27:59.9116932Z ^[[36;1m  ***^[[0m
Train	Authenticate to Cloud Storage	2026-08-21T16:27:59.9124356Z ^[[36;1m  ***^[[0m
Train	Authenticate to Cloud Storage	2026-08-21T16:27:59.9124828Z ^[[36;1m  ***^[[0m
Train	Authenticate to Cloud Storage	2026-08-21T16:27:59.9125150Z ^[[36;1m  ***^[[0m
Train	Authenticate to Cloud Storage	2026-08-21T16:27:59.9125561Z ^[[36;1m  ***^[[0m
Train	Authenticate to Cloud Storage	2026-08-21T16:27:59.9125946Z ^[[36;1m  ***^[[0m
Train	Authenticate to Cloud Storage	2026-08-21T16:27:59.9126383Z ^[[36;1m  ***^[[0m
Train	Authenticate to Cloud Storage	2026-08-21T16:27:59.9127023Z ^[[36;1m  ***^[[0m
Train	Authenticate to Cloud Storage	2026-08-21T16:27:59.9127335Z ^[[36;1m  ***^[[0m
Train	Authenticate to Cloud Storage	2026-08-21T16:27:59.9127636Z ^[[36;1m***' > /tmp/sa-key.json^[[0m
Train	Authenticate to Cloud Storage	2026-08-21T16:27:59.9128109Z ^[[36;1mecho "GOOGLE_APPLICATION_CREDENTIALS=/tmp/sa-key.json" >> $GITHUB_ENV^[[0m
Train	Authenticate to Cloud Storage	2026-08-21T16:27:59.9169214Z shell: /usr/bin/bash -e ***0***
Train	Authenticate to Cloud Storage	2026-08-21T16:27:59.9169614Z env:
Train	Authenticate to Cloud Storage	2026-08-21T16:27:59.9169991Z   pythonLocation: /opt/hostedtoolcache/Python/3.10.21/x64
Train	Authenticate to Cloud Storage	2026-08-21T16:27:59.9170898Z   PKG_CONFIG_PATH: /opt/hostedtoolcache/Python/3.10.21/x64/lib/pkgconfig
Train	Authenticate to Cloud Storage	2026-08-21T16:27:59.9171463Z   Python_ROOT_DIR: /opt/hostedtoolcache/Python/3.10.21/x64
Train	Authenticate to Cloud Storage	2026-08-21T16:27:59.9171945Z   Python2_ROOT_DIR: /opt/hostedtoolcache/Python/3.10.21/x64
Train	Authenticate to Cloud Storage	2026-08-21T16:27:59.9172410Z   Python3_ROOT_DIR: /opt/hostedtoolcache/Python/3.10.21/x64
Train	Authenticate to Cloud Storage	2026-08-21T16:27:59.9172889Z   LD_LIBRARY_PATH: /opt/hostedtoolcache/Python/3.10.21/x64/lib
Train	Authenticate to Cloud Storage	2026-08-21T16:27:59.9173321Z ##[endgroup]
Train	Pull data with DVC	﻿2026-08-21T16:27:59.9291462Z ##[group]Run dvc pull data/train_phase1.csv.dvc data/eval.csv.dvc
Train	Pull data with DVC	2026-08-21T16:27:59.9292090Z ^[[36;1mdvc pull data/train_phase1.csv.dvc data/eval.csv.dvc^[[0m
Train	Pull data with DVC	2026-08-21T16:27:59.9333016Z shell: /usr/bin/bash -e ***0***
Train	Pull data with DVC	2026-08-21T16:27:59.9333413Z env:
Train	Pull data with DVC	2026-08-21T16:27:59.9333824Z   pythonLocation: /opt/hostedtoolcache/Python/3.10.21/x64
Train	Pull data with DVC	2026-08-21T16:27:59.9334431Z   PKG_CONFIG_PATH: /opt/hostedtoolcache/Python/3.10.21/x64/lib/pkgconfig
Train	Pull data with DVC	2026-08-21T16:27:59.9334995Z   Python_ROOT_DIR: /opt/hostedtoolcache/Python/3.10.21/x64
Train	Pull data with DVC	2026-08-21T16:27:59.9335512Z   Python2_ROOT_DIR: /opt/hostedtoolcache/Python/3.10.21/x64
Train	Pull data with DVC	2026-08-21T16:27:59.9336028Z   Python3_ROOT_DIR: /opt/hostedtoolcache/Python/3.10.21/x64
Train	Pull data with DVC	2026-08-21T16:27:59.9336531Z   LD_LIBRARY_PATH: /opt/hostedtoolcache/Python/3.10.21/x64/lib
Train	Pull data with DVC	2026-08-21T16:27:59.9337043Z   GOOGLE_APPLICATION_CREDENTIALS: /tmp/sa-key.json
Train	Pull data with DVC	2026-08-21T16:27:59.9337465Z ##[endgroup]
Train	Pull data with DVC	2026-08-21T16:28:02.4035056Z A       data/eval.csv
Train	Pull data with DVC	2026-08-21T16:28:02.4039222Z A       data/train_phase1.csv
Train	Pull data with DVC	2026-08-21T16:28:02.4058733Z 2 files added and 2 files fetched
Train	Train model	﻿2026-08-21T16:28:02.6578175Z ##[group]Run python src/train.py
Train	Train model	2026-08-21T16:28:02.6578756Z ^[[36;1mpython src/train.py^[[0m
Train	Train model	2026-08-21T16:28:02.6625054Z shell: /usr/bin/bash -e ***0***
Train	Train model	2026-08-21T16:28:02.6625514Z env:
Train	Train model	2026-08-21T16:28:02.6626227Z   pythonLocation: /opt/hostedtoolcache/Python/3.10.21/x64
Train	Train model	2026-08-21T16:28:02.6626931Z   PKG_CONFIG_PATH: /opt/hostedtoolcache/Python/3.10.21/x64/lib/pkgconfig
Train	Train model	2026-08-21T16:28:02.6627658Z   Python_ROOT_DIR: /opt/hostedtoolcache/Python/3.10.21/x64
Train	Train model	2026-08-21T16:28:02.6628327Z   Python2_ROOT_DIR: /opt/hostedtoolcache/Python/3.10.21/x64
Train	Train model	2026-08-21T16:28:02.6628945Z   Python3_ROOT_DIR: /opt/hostedtoolcache/Python/3.10.21/x64
Train	Train model	2026-08-21T16:28:02.6629583Z   LD_LIBRARY_PATH: /opt/hostedtoolcache/Python/3.10.21/x64/lib
Train	Train model	2026-08-21T16:28:02.6630481Z   GOOGLE_APPLICATION_CREDENTIALS: /tmp/sa-key.json
Train	Train model	2026-08-21T16:28:02.6631037Z ##[endgroup]
Train	Train model	2026-08-21T16:28:11.1540977Z Accuracy: 0.7460 | F1: 0.7449
Train	Read metrics	﻿2026-08-21T16:28:11.4823630Z ##[group]Run ACC=$(python -c "import json; d=json.load(open('outputs/metrics.json')); print(d['accuracy'])")
Train	Read metrics	2026-08-21T16:28:11.4824496Z ^[[36;1mACC=$(python -c "import json; d=json.load(open('outputs/metrics.json')); print(d['accuracy'])")^[[0m
Train	Read metrics	2026-08-21T16:28:11.4825125Z ^[[36;1mecho "accuracy=$ACC" >> $GITHUB_OUTPUT^[[0m
Train	Read metrics	2026-08-21T16:28:11.4825543Z ^[[36;1mecho "Accuracy vua doc duoc: $ACC"^[[0m
Train	Read metrics	2026-08-21T16:28:11.4867972Z shell: /usr/bin/bash -e ***0***
Train	Read metrics	2026-08-21T16:28:11.4868327Z env:
Train	Read metrics	2026-08-21T16:28:11.4868686Z   pythonLocation: /opt/hostedtoolcache/Python/3.10.21/x64
Train	Read metrics	2026-08-21T16:28:11.4869231Z   PKG_CONFIG_PATH: /opt/hostedtoolcache/Python/3.10.21/x64/lib/pkgconfig
Train	Read metrics	2026-08-21T16:28:11.4869747Z   Python_ROOT_DIR: /opt/hostedtoolcache/Python/3.10.21/x64
Train	Read metrics	2026-08-21T16:28:11.4870221Z   Python2_ROOT_DIR: /opt/hostedtoolcache/Python/3.10.21/x64
Train	Read metrics	2026-08-21T16:28:11.4871028Z   Python3_ROOT_DIR: /opt/hostedtoolcache/Python/3.10.21/x64
Train	Read metrics	2026-08-21T16:28:11.4871494Z   LD_LIBRARY_PATH: /opt/hostedtoolcache/Python/3.10.21/x64/lib
Train	Read metrics	2026-08-21T16:28:11.4871995Z   GOOGLE_APPLICATION_CREDENTIALS: /tmp/sa-key.json
Train	Read metrics	2026-08-21T16:28:11.4872385Z ##[endgroup]
Train	Read metrics	2026-08-21T16:28:11.5154736Z Accuracy vua doc duoc: 0.746
Train	Compare with previous deployed model (Bonus 4 - rollback an toan)	﻿2026-08-21T16:28:11.5214340Z ##[group]Run python - <<'EOF'
Train	Compare with previous deployed model (Bonus 4 - rollback an toan)	2026-08-21T16:28:11.5214775Z ^[[36;1mpython - <<'EOF'^[[0m
Train	Compare with previous deployed model (Bonus 4 - rollback an toan)	2026-08-21T16:28:11.5215093Z ^[[36;1mimport json, os^[[0m
Train	Compare with previous deployed model (Bonus 4 - rollback an toan)	2026-08-21T16:28:11.5215442Z ^[[36;1mfrom google.cloud import storage^[[0m
Train	Compare with previous deployed model (Bonus 4 - rollback an toan)	2026-08-21T16:28:11.5215800Z ^[[36;1m^[[0m
Train	Compare with previous deployed model (Bonus 4 - rollback an toan)	2026-08-21T16:28:11.5216109Z ^[[36;1mbucket_name = os.environ["CLOUD_BUCKET"]^[[0m
Train	Compare with previous deployed model (Bonus 4 - rollback an toan)	2026-08-21T16:28:11.5216514Z ^[[36;1mclient = storage.Client()^[[0m
Train	Compare with previous deployed model (Bonus 4 - rollback an toan)	2026-08-21T16:28:11.5216882Z ^[[36;1mbucket = client.bucket(bucket_name)^[[0m
Train	Compare with previous deployed model (Bonus 4 - rollback an toan)	2026-08-21T16:28:11.5217332Z ^[[36;1m^[[0m
Train	Compare with previous deployed model (Bonus 4 - rollback an toan)	2026-08-21T16:28:11.5217756Z ^[[36;1mnew_acc = json.load(open("outputs/metrics.json"))["accuracy"]^[[0m
Train	Compare with previous deployed model (Bonus 4 - rollback an toan)	2026-08-21T16:28:11.5218275Z ^[[36;1mold_blob = bucket.blob("models/latest/metrics.json")^[[0m
Train	Compare with previous deployed model (Bonus 4 - rollback an toan)	2026-08-21T16:28:11.5218683Z ^[[36;1m^[[0m
Train	Compare with previous deployed model (Bonus 4 - rollback an toan)	2026-08-21T16:28:11.5218964Z ^[[36;1mif old_blob.exists():^[[0m
Train	Compare with previous deployed model (Bonus 4 - rollback an toan)	2026-08-21T16:28:11.5219370Z ^[[36;1m    old_metrics = json.loads(old_blob.download_as_text())^[[0m
Train	Compare with previous deployed model (Bonus 4 - rollback an toan)	2026-08-21T16:28:11.5219839Z ^[[36;1m    old_acc = old_metrics.get("accuracy", 0.0)^[[0m
Train	Compare with previous deployed model (Bonus 4 - rollback an toan)	2026-08-21T16:28:11.5220756Z ^[[36;1m    print(f"Model dang chay: accuracy=***old_acc:.4f*** | Model moi vua train: accuracy=***new_acc:.4f***")^[[0m
Train	Compare with previous deployed model (Bonus 4 - rollback an toan)	2026-08-21T16:28:11.5221373Z ^[[36;1m    should_deploy = new_acc >= old_acc^[[0m
Train	Compare with previous deployed model (Bonus 4 - rollback an toan)	2026-08-21T16:28:11.5221745Z ^[[36;1melse:^[[0m
Train	Compare with previous deployed model (Bonus 4 - rollback an toan)	2026-08-21T16:28:11.5222242Z ^[[36;1m    print(f"Chua co model nao tren GCS. Model moi: accuracy=***new_acc:.4f*** -> cho phep deploy.")^[[0m
Train	Compare with previous deployed model (Bonus 4 - rollback an toan)	2026-08-21T16:28:11.5222803Z ^[[36;1m    should_deploy = True^[[0m
Train	Compare with previous deployed model (Bonus 4 - rollback an toan)	2026-08-21T16:28:11.5223136Z ^[[36;1m^[[0m
Train	Compare with previous deployed model (Bonus 4 - rollback an toan)	2026-08-21T16:28:11.5223496Z ^[[36;1mprint(f"should_deploy=***should_deploy***")^[[0m
Train	Compare with previous deployed model (Bonus 4 - rollback an toan)	2026-08-21T16:28:11.5223961Z ^[[36;1mwith open(os.environ["GITHUB_OUTPUT"], "a") as f:^[[0m
Train	Compare with previous deployed model (Bonus 4 - rollback an toan)	2026-08-21T16:28:11.5224499Z ^[[36;1m    f.write(f"should_deploy=***'true' if should_deploy else 'false'***\n")^[[0m
Train	Compare with previous deployed model (Bonus 4 - rollback an toan)	2026-08-21T16:28:11.5224969Z ^[[36;1mEOF^[[0m
Train	Compare with previous deployed model (Bonus 4 - rollback an toan)	2026-08-21T16:28:11.5264976Z shell: /usr/bin/bash -e ***0***
Train	Compare with previous deployed model (Bonus 4 - rollback an toan)	2026-08-21T16:28:11.5265335Z env:
Train	Compare with previous deployed model (Bonus 4 - rollback an toan)	2026-08-21T16:28:11.5265696Z   pythonLocation: /opt/hostedtoolcache/Python/3.10.21/x64
Train	Compare with previous deployed model (Bonus 4 - rollback an toan)	2026-08-21T16:28:11.5266243Z   PKG_CONFIG_PATH: /opt/hostedtoolcache/Python/3.10.21/x64/lib/pkgconfig
Train	Compare with previous deployed model (Bonus 4 - rollback an toan)	2026-08-21T16:28:11.5266957Z   Python_ROOT_DIR: /opt/hostedtoolcache/Python/3.10.21/x64
Train	Compare with previous deployed model (Bonus 4 - rollback an toan)	2026-08-21T16:28:11.5267421Z   Python2_ROOT_DIR: /opt/hostedtoolcache/Python/3.10.21/x64
Train	Compare with previous deployed model (Bonus 4 - rollback an toan)	2026-08-21T16:28:11.5267880Z   Python3_ROOT_DIR: /opt/hostedtoolcache/Python/3.10.21/x64
Train	Compare with previous deployed model (Bonus 4 - rollback an toan)	2026-08-21T16:28:11.5268339Z   LD_LIBRARY_PATH: /opt/hostedtoolcache/Python/3.10.21/x64/lib
Train	Compare with previous deployed model (Bonus 4 - rollback an toan)	2026-08-21T16:28:11.5268783Z   GOOGLE_APPLICATION_CREDENTIALS: /tmp/sa-key.json
Train	Compare with previous deployed model (Bonus 4 - rollback an toan)	2026-08-21T16:28:11.5269238Z   CLOUD_BUCKET: ***
Train	Compare with previous deployed model (Bonus 4 - rollback an toan)	2026-08-21T16:28:11.5269539Z ##[endgroup]
Train	Compare with previous deployed model (Bonus 4 - rollback an toan)	2026-08-21T16:28:11.8035821Z /opt/hostedtoolcache/Python/3.10.21/x64/lib/python3.10/site-packages/google/api_core/_python_version_support.py:273: FutureWarning: You are using a Python version (3.10.21) which Google will stop supporting in new releases of google.api_core once it reaches its end of life (2026-10-04). Please upgrade to the latest Python version, or at least Python 3.11, to continue receiving updates for google.api_core past that date.
Train	Compare with previous deployed model (Bonus 4 - rollback an toan)	2026-08-21T16:28:11.8037696Z   warnings.warn(message, FutureWarning)
Train	Compare with previous deployed model (Bonus 4 - rollback an toan)	2026-08-21T16:28:12.2713469Z Model dang chay: accuracy=0.6820 | Model moi vua train: accuracy=0.7460
Train	Compare with previous deployed model (Bonus 4 - rollback an toan)	2026-08-21T16:28:12.2714618Z should_deploy=True
Train	Upload model to Cloud Storage	﻿2026-08-21T16:28:12.3158033Z ##[group]Run python - <<'EOF'
Train	Upload model to Cloud Storage	2026-08-21T16:28:12.3158486Z ^[[36;1mpython - <<'EOF'^[[0m
Train	Upload model to Cloud Storage	2026-08-21T16:28:12.3158836Z ^[[36;1mimport os^[[0m
Train	Upload model to Cloud Storage	2026-08-21T16:28:12.3159204Z ^[[36;1mfrom google.cloud import storage^[[0m
Train	Upload model to Cloud Storage	2026-08-21T16:28:12.3159611Z ^[[36;1m^[[0m
Train	Upload model to Cloud Storage	2026-08-21T16:28:12.3159963Z ^[[36;1mbucket_name = os.environ["CLOUD_BUCKET"]^[[0m
Train	Upload model to Cloud Storage	2026-08-21T16:28:12.3160687Z ^[[36;1mclient = storage.Client()^[[0m
Train	Upload model to Cloud Storage	2026-08-21T16:28:12.3161113Z ^[[36;1mbucket = client.bucket(bucket_name)^[[0m
Train	Upload model to Cloud Storage	2026-08-21T16:28:12.3161527Z ^[[36;1m^[[0m
Train	Upload model to Cloud Storage	2026-08-21T16:28:12.3161925Z ^[[36;1mmodel_blob = bucket.blob("models/latest/model.pkl")^[[0m
Train	Upload model to Cloud Storage	2026-08-21T16:28:12.3162448Z ^[[36;1mmodel_blob.upload_from_filename("models/model.pkl")^[[0m
Train	Upload model to Cloud Storage	2026-08-21T16:28:12.3163145Z ^[[36;1mprint(f"Da upload models/model.pkl len gs://***bucket_name***/models/latest/model.pkl")^[[0m
Train	Upload model to Cloud Storage	2026-08-21T16:28:12.3163772Z ^[[36;1m^[[0m
Train	Upload model to Cloud Storage	2026-08-21T16:28:12.3164180Z ^[[36;1mmetrics_blob = bucket.blob("models/latest/metrics.json")^[[0m
Train	Upload model to Cloud Storage	2026-08-21T16:28:12.3164744Z ^[[36;1mmetrics_blob.upload_from_filename("outputs/metrics.json")^[[0m
Train	Upload model to Cloud Storage	2026-08-21T16:28:12.3165468Z ^[[36;1mprint(f"Da upload outputs/metrics.json len gs://***bucket_name***/models/latest/metrics.json")^[[0m
Train	Upload model to Cloud Storage	2026-08-21T16:28:12.3166046Z ^[[36;1mEOF^[[0m
Train	Upload model to Cloud Storage	2026-08-21T16:28:12.3207216Z shell: /usr/bin/bash -e ***0***
Train	Upload model to Cloud Storage	2026-08-21T16:28:12.3207646Z env:
Train	Upload model to Cloud Storage	2026-08-21T16:28:12.3208045Z   pythonLocation: /opt/hostedtoolcache/Python/3.10.21/x64
Train	Upload model to Cloud Storage	2026-08-21T16:28:12.3208640Z   PKG_CONFIG_PATH: /opt/hostedtoolcache/Python/3.10.21/x64/lib/pkgconfig
Train	Upload model to Cloud Storage	2026-08-21T16:28:12.3209204Z   Python_ROOT_DIR: /opt/hostedtoolcache/Python/3.10.21/x64
Train	Upload model to Cloud Storage	2026-08-21T16:28:12.3209709Z   Python2_ROOT_DIR: /opt/hostedtoolcache/Python/3.10.21/x64
Train	Upload model to Cloud Storage	2026-08-21T16:28:12.3210226Z   Python3_ROOT_DIR: /opt/hostedtoolcache/Python/3.10.21/x64
Train	Upload model to Cloud Storage	2026-08-21T16:28:12.3211011Z   LD_LIBRARY_PATH: /opt/hostedtoolcache/Python/3.10.21/x64/lib
Train	Upload model to Cloud Storage	2026-08-21T16:28:12.3211508Z   GOOGLE_APPLICATION_CREDENTIALS: /tmp/sa-key.json
Train	Upload model to Cloud Storage	2026-08-21T16:28:12.3211977Z   CLOUD_BUCKET: ***
Train	Upload model to Cloud Storage	2026-08-21T16:28:12.3212317Z ##[endgroup]
Train	Upload model to Cloud Storage	2026-08-21T16:28:12.5757888Z /opt/hostedtoolcache/Python/3.10.21/x64/lib/python3.10/site-packages/google/api_core/_python_version_support.py:273: FutureWarning: You are using a Python version (3.10.21) which Google will stop supporting in new releases of google.api_core once it reaches its end of life (2026-10-04). Please upgrade to the latest Python version, or at least Python 3.11, to continue receiving updates for google.api_core past that date.
Train	Upload model to Cloud Storage	2026-08-21T16:28:12.5760165Z   warnings.warn(message, FutureWarning)
Train	Upload model to Cloud Storage	2026-08-21T16:28:13.9844988Z Da upload models/model.pkl len gs://***/models/latest/model.pkl
Train	Upload model to Cloud Storage	2026-08-21T16:28:13.9845916Z Da upload outputs/metrics.json len gs://***/models/latest/metrics.json
Train	Save metrics as artifact	﻿2026-08-21T16:28:14.0347309Z Node 20 is being deprecated. This workflow is running with Node 24 by default. If you need to temporarily use Node 20, you can set the ACTIONS_ALLOW_USE_UNSECURE_NODE_VERSION=true environment variable. For more information see: https://github.blog/changelog/2025-09-19-deprecation-of-node-20-on-github-actions-runners/
Train	Save metrics as artifact	2026-08-21T16:28:14.0348832Z ##[group]Run actions/upload-artifact@v4
Train	Save metrics as artifact	2026-08-21T16:28:14.0349190Z with:
Train	Save metrics as artifact	2026-08-21T16:28:14.0349454Z   name: metrics
Train	Save metrics as artifact	2026-08-21T16:28:14.0349758Z   path: outputs/metrics.json
Train	Save metrics as artifact	2026-08-21T16:28:14.0350091Z   if-no-files-found: warn
Train	Save metrics as artifact	2026-08-21T16:28:14.0350574Z   compression-level: 6
Train	Save metrics as artifact	2026-08-21T16:28:14.0350880Z   overwrite: false
Train	Save metrics as artifact	2026-08-21T16:28:14.0351177Z   include-hidden-files: false
Train	Save metrics as artifact	2026-08-21T16:28:14.0351497Z env:
Train	Save metrics as artifact	2026-08-21T16:28:14.0351843Z   pythonLocation: /opt/hostedtoolcache/Python/3.10.21/x64
Train	Save metrics as artifact	2026-08-21T16:28:14.0352371Z   PKG_CONFIG_PATH: /opt/hostedtoolcache/Python/3.10.21/x64/lib/pkgconfig
Train	Save metrics as artifact	2026-08-21T16:28:14.0352880Z   Python_ROOT_DIR: /opt/hostedtoolcache/Python/3.10.21/x64
Train	Save metrics as artifact	2026-08-21T16:28:14.0353430Z   Python2_ROOT_DIR: /opt/hostedtoolcache/Python/3.10.21/x64
Train	Save metrics as artifact	2026-08-21T16:28:14.0353912Z   Python3_ROOT_DIR: /opt/hostedtoolcache/Python/3.10.21/x64
Train	Save metrics as artifact	2026-08-21T16:28:14.0354378Z   LD_LIBRARY_PATH: /opt/hostedtoolcache/Python/3.10.21/x64/lib
Train	Save metrics as artifact	2026-08-21T16:28:14.0354827Z   GOOGLE_APPLICATION_CREDENTIALS: /tmp/sa-key.json
Train	Save metrics as artifact	2026-08-21T16:28:14.0355212Z ##[endgroup]
Train	Save metrics as artifact	2026-08-21T16:28:14.2089691Z (node:2444) [DEP0040] DeprecationWarning: The `punycode` module is deprecated. Please use a userland alternative instead.
Train	Save metrics as artifact	2026-08-21T16:28:14.2091270Z (Use `node --trace-deprecation ...` to show where the warning was created)
Train	Save metrics as artifact	2026-08-21T16:28:14.2143169Z With the provided path, there will be 1 file uploaded
Train	Save metrics as artifact	2026-08-21T16:28:14.2149493Z Artifact name is valid!
Train	Save metrics as artifact	2026-08-21T16:28:14.2150190Z Root directory input is valid!
Train	Save metrics as artifact	2026-08-21T16:28:14.4241143Z Beginning upload of artifact content to blob storage
Train	Save metrics as artifact	2026-08-21T16:28:14.4422568Z (node:2444) [DEP0169] DeprecationWarning: `url.parse()` behavior is not standardized and prone to errors that have security implications. Use the WHATWG URL API instead. CVEs are not issued for `url.parse()` vulnerabilities.
Train	Save metrics as artifact	2026-08-21T16:28:14.4693995Z Uploaded bytes 536
Train	Save metrics as artifact	2026-08-21T16:28:14.4846647Z Finished uploading artifact content to blob storage!
Train	Save metrics as artifact	2026-08-21T16:28:14.4847691Z SHA256 digest of uploaded artifact zip is 8650f2805d2053a01904959ea3b9c959df85d0f701ed5ae704f0513b2f00dec5
Train	Save metrics as artifact	2026-08-21T16:28:14.4849362Z Finalizing artifact upload
Train	Save metrics as artifact	2026-08-21T16:28:14.7009633Z Artifact metrics.zip successfully finalized. Artifact ID 9454235441
Train	Save metrics as artifact	2026-08-21T16:28:14.7010915Z Artifact metrics has been successfully uploaded! Final size is 536 bytes. Artifact ID is 9454235441
Train	Save metrics as artifact	2026-08-21T16:28:14.7011954Z Artifact download URL: https://github.com/NhtJm/TRACK2-DAY21-2A202601155-TRANNGUYENTHENHAT/actions/runs/32502860254/artifacts/9454235441
Train	Post Run actions/setup-python@v5	﻿2026-08-21T16:28:14.7205371Z Node 20 is being deprecated. This workflow is running with Node 24 by default. If you need to temporarily use Node 20, you can set the ACTIONS_ALLOW_USE_UNSECURE_NODE_VERSION=true environment variable. For more information see: https://github.blog/changelog/2025-09-19-deprecation-of-node-20-on-github-actions-runners/
Train	Post Run actions/setup-python@v5	2026-08-21T16:28:14.7206713Z Post job cleanup.
Train	Post Run actions/setup-python@v5	2026-08-21T16:28:14.8417485Z (node:2456) [DEP0040] DeprecationWarning: The `punycode` module is deprecated. Please use a userland alternative instead.
Train	Post Run actions/setup-python@v5	2026-08-21T16:28:14.8418788Z (Use `node --trace-deprecation ...` to show where the warning was created)
Train	Post Run actions/checkout@v4	﻿2026-08-21T16:28:14.8622913Z Node 20 is being deprecated. This workflow is running with Node 24 by default. If you need to temporarily use Node 20, you can set the ACTIONS_ALLOW_USE_UNSECURE_NODE_VERSION=true environment variable. For more information see: https://github.blog/changelog/2025-09-19-deprecation-of-node-20-on-github-actions-runners/
Train	Post Run actions/checkout@v4	2026-08-21T16:28:14.8624193Z Post job cleanup.
Train	Post Run actions/checkout@v4	2026-08-21T16:28:14.9512100Z [command]/usr/bin/git version
Train	Post Run actions/checkout@v4	2026-08-21T16:28:14.9555906Z git version 2.55.0
Train	Post Run actions/checkout@v4	2026-08-21T16:28:14.9593842Z Temporarily overriding HOME='/home/runner/work/_temp/45107ce2-4672-434a-9c63-b2caca1bb962' before making global git config changes
Train	Post Run actions/checkout@v4	2026-08-21T16:28:14.9595314Z Adding repository directory to the temporary git global config as a safe directory
Train	Post Run actions/checkout@v4	2026-08-21T16:28:14.9600751Z [command]/usr/bin/git config --global --add safe.directory /home/runner/work/TRACK2-DAY21-2A202601155-TRANNGUYENTHENHAT/TRACK2-DAY21-2A202601155-TRANNGUYENTHENHAT
Train	Post Run actions/checkout@v4	2026-08-21T16:28:14.9644800Z [command]/usr/bin/git config --local --name-only --get-regexp core\.sshCommand
Train	Post Run actions/checkout@v4	2026-08-21T16:28:14.9715895Z [command]/usr/bin/git submodule foreach --recursive sh -c "git config --local --name-only --get-regexp 'core\.sshCommand' && git config --local --unset-all 'core.sshCommand' || :"
Train	Post Run actions/checkout@v4	2026-08-21T16:28:14.9988625Z [command]/usr/bin/git config --local --name-only --get-regexp http\.https\:\/\/github\.com\/\.extraheader
Train	Post Run actions/checkout@v4	2026-08-21T16:28:15.0016546Z http.https://github.com/.extraheader
Train	Post Run actions/checkout@v4	2026-08-21T16:28:15.0039996Z [command]/usr/bin/git config --local --unset-all http.https://github.com/.extraheader
Train	Post Run actions/checkout@v4	2026-08-21T16:28:15.0072062Z [command]/usr/bin/git submodule foreach --recursive sh -c "git config --local --name-only --get-regexp 'http\.https\:\/\/github\.com\/\.extraheader' && git config --local --unset-all 'http.https://github.com/.extraheader' || :"
Train	Post Run actions/checkout@v4	2026-08-21T16:28:15.0431606Z [command]/usr/bin/git config --local --name-only --get-regexp ^includeIf\.gitdir:
Train	Post Run actions/checkout@v4	2026-08-21T16:28:15.0472027Z [command]/usr/bin/git submodule foreach --recursive git config --local --show-origin --name-only --get-regexp remote.origin.url
Train	Complete job	﻿2026-08-21T16:28:15.0971167Z Evaluate and set job outputs
Train	Complete job	2026-08-21T16:28:15.0977527Z Set output 'accuracy'
Train	Complete job	2026-08-21T16:28:15.0979212Z Set output 'should_deploy'
Train	Complete job	2026-08-21T16:28:15.0980822Z Cleaning up orphan processes
Train	Complete job	2026-08-21T16:28:15.1280858Z ##[warning]Node.js 20 is deprecated. The following actions target Node.js 20 but are being forced to run on Node.js 24: actions/checkout@v4, actions/setup-python@v5, actions/upload-artifact@v4. For more information see: https://github.blog/changelog/2025-09-19-deprecation-of-node-20-on-github-actions-runners/
Eval	Set up job	﻿2026-08-21T16:28:20.9524423Z Current runner version: '2.336.0'
Eval	Set up job	2026-08-21T16:28:20.9551605Z ##[group]Runner Image Provisioner
Eval	Set up job	2026-08-21T16:28:20.9552880Z Hosted Compute Agent
Eval	Set up job	2026-08-21T16:28:20.9553583Z Version: 20260729.566
Eval	Set up job	2026-08-21T16:28:20.9554212Z Commit: cf7153fe6e25b664e8693c24944bf2b00355d109
Eval	Set up job	2026-08-21T16:28:20.9554927Z Build Date: 2026-07-29T19:17:02Z
Eval	Set up job	2026-08-21T16:28:20.9555731Z Worker ID: {b0850673-aece-42e0-ad4c-b3a3d00f6b24}
Eval	Set up job	2026-08-21T16:28:20.9556458Z Azure Region: centralus
Eval	Set up job	2026-08-21T16:28:20.9557070Z ##[endgroup]
Eval	Set up job	2026-08-21T16:28:20.9559458Z ##[group]Operating System
Eval	Set up job	2026-08-21T16:28:20.9560310Z Ubuntu
Eval	Set up job	2026-08-21T16:28:20.9561083Z 24.04.4
Eval	Set up job	2026-08-21T16:28:20.9561592Z LTS
Eval	Set up job	2026-08-21T16:28:20.9562194Z ##[endgroup]
Eval	Set up job	2026-08-21T16:28:20.9562767Z ##[group]Runner Image
Eval	Set up job	2026-08-21T16:28:20.9563357Z Image: ubuntu-24.04
Eval	Set up job	2026-08-21T16:28:20.9563993Z Version: 20260816.277.1
Eval	Set up job	2026-08-21T16:28:20.9565045Z Included Software: https://github.com/actions/runner-images/blob/ubuntu24/20260816.277/images/ubuntu/Ubuntu2404-Readme.md
Eval	Set up job	2026-08-21T16:28:20.9566843Z Image Release: https://github.com/actions/runner-images/releases/tag/ubuntu24%2F20260816.277
Eval	Set up job	2026-08-21T16:28:20.9568154Z ##[endgroup]
Eval	Set up job	2026-08-21T16:28:20.9569442Z ##[group]GITHUB_TOKEN Permissions
Eval	Set up job	2026-08-21T16:28:20.9571913Z Contents: read
Eval	Set up job	2026-08-21T16:28:20.9572634Z Metadata: read
Eval	Set up job	2026-08-21T16:28:20.9573209Z Packages: read
Eval	Set up job	2026-08-21T16:28:20.9573790Z ##[endgroup]
Eval	Set up job	2026-08-21T16:28:20.9575873Z Secret source: Actions
Eval	Set up job	2026-08-21T16:28:20.9577053Z Prepare workflow directory
Eval	Set up job	2026-08-21T16:28:20.9910676Z Prepare all required actions
Eval	Set up job	2026-08-21T16:28:21.0018050Z Complete job name: Eval
Eval	Check eval gate	﻿2026-08-21T16:28:21.0805791Z ##[group]Run python - <<'EOF'
Eval	Check eval gate	2026-08-21T16:28:21.0806613Z ^[[36;1mpython - <<'EOF'^[[0m
Eval	Check eval gate	2026-08-21T16:28:21.0807232Z ^[[36;1macc = float("0.746")^[[0m
Eval	Check eval gate	2026-08-21T16:28:21.0808070Z ^[[36;1mthreshold = float("0.70")^[[0m
Eval	Check eval gate	2026-08-21T16:28:21.0808994Z ^[[36;1mshould_deploy = "true" == "true"^[[0m
Eval	Check eval gate	2026-08-21T16:28:21.0809761Z ^[[36;1m^[[0m
Eval	Check eval gate	2026-08-21T16:28:21.0810315Z ^[[36;1mif acc < threshold:^[[0m
Eval	Check eval gate	2026-08-21T16:28:21.0811246Z ^[[36;1m    raise SystemExit(f"FAILED: accuracy {acc:.4f} < {threshold:.4f}. Huy deploy.")^[[0m
Eval	Check eval gate	2026-08-21T16:28:21.0812169Z ^[[36;1mif not should_deploy:^[[0m
Eval	Check eval gate	2026-08-21T16:28:21.0812890Z ^[[36;1m    raise SystemExit(^[[0m
Eval	Check eval gate	2026-08-21T16:28:21.0813737Z ^[[36;1m        f"BLOCKED: accuracy {acc:.4f} >= nguong {threshold:.4f} nhung khong tot hon "^[[0m
Eval	Check eval gate	2026-08-21T16:28:21.0814771Z ^[[36;1m        "model dang chay (Bonus 4 rollback safety). Huy deploy."^[[0m
Eval	Check eval gate	2026-08-21T16:28:21.0815591Z ^[[36;1m    )^[[0m
Eval	Check eval gate	2026-08-21T16:28:21.0816447Z ^[[36;1mprint(f"PASSED: accuracy {acc:.4f} >= {threshold:.4f} va tot hon model cu. Dang trien khai model.")^[[0m
Eval	Check eval gate	2026-08-21T16:28:21.0817813Z ^[[36;1mEOF^[[0m
Eval	Check eval gate	2026-08-21T16:28:21.1191154Z shell: /usr/bin/bash -e {0}
Eval	Check eval gate	2026-08-21T16:28:21.1192228Z ##[endgroup]
Eval	Check eval gate	2026-08-21T16:28:21.1565291Z PASSED: accuracy 0.7460 >= 0.7000 va tot hon model cu. Dang trien khai model.
Eval	Complete job	﻿2026-08-21T16:28:21.1737461Z Cleaning up orphan processes
Deploy	Set up job	﻿2026-08-21T16:28:25.4017523Z Current runner version: '2.336.0'
Deploy	Set up job	2026-08-21T16:28:25.4043937Z ##[group]Runner Image Provisioner
Deploy	Set up job	2026-08-21T16:28:25.4044992Z Hosted Compute Agent
Deploy	Set up job	2026-08-21T16:28:25.4045839Z Version: 20260729.566
Deploy	Set up job	2026-08-21T16:28:25.4046666Z Commit: cf7153fe6e25b664e8693c24944bf2b00355d109
Deploy	Set up job	2026-08-21T16:28:25.4047676Z Build Date: 2026-07-29T19:17:02Z
Deploy	Set up job	2026-08-21T16:28:25.4048540Z Worker ID: {c6956454-8583-4d94-af2f-af80fd2fb9f5}
Deploy	Set up job	2026-08-21T16:28:25.4049517Z Azure Region: eastus
Deploy	Set up job	2026-08-21T16:28:25.4050218Z ##[endgroup]
Deploy	Set up job	2026-08-21T16:28:25.4052171Z ##[group]Operating System
Deploy	Set up job	2026-08-21T16:28:25.4053003Z Ubuntu
Deploy	Set up job	2026-08-21T16:28:25.4053749Z 24.04.4
Deploy	Set up job	2026-08-21T16:28:25.4054799Z LTS
Deploy	Set up job	2026-08-21T16:28:25.4055487Z ##[endgroup]
Deploy	Set up job	2026-08-21T16:28:25.4056193Z ##[group]Runner Image
Deploy	Set up job	2026-08-21T16:28:25.4056936Z Image: ubuntu-24.04
Deploy	Set up job	2026-08-21T16:28:25.4057680Z Version: 20260816.277.1
Deploy	Set up job	2026-08-21T16:28:25.4058896Z Included Software: https://github.com/actions/runner-images/blob/ubuntu24/20260816.277/images/ubuntu/Ubuntu2404-Readme.md
Deploy	Set up job	2026-08-21T16:28:25.4060823Z Image Release: https://github.com/actions/runner-images/releases/tag/ubuntu24%2F20260816.277
Deploy	Set up job	2026-08-21T16:28:25.4062258Z ##[endgroup]
Deploy	Set up job	2026-08-21T16:28:25.4063720Z ##[group]GITHUB_TOKEN Permissions
Deploy	Set up job	2026-08-21T16:28:25.4066103Z Contents: read
Deploy	Set up job	2026-08-21T16:28:25.4066895Z Metadata: read
Deploy	Set up job	2026-08-21T16:28:25.4067585Z Packages: read
Deploy	Set up job	2026-08-21T16:28:25.4068282Z ##[endgroup]
Deploy	Set up job	2026-08-21T16:28:25.4070916Z Secret source: Actions
Deploy	Set up job	2026-08-21T16:28:25.4072893Z Prepare workflow directory
Deploy	Set up job	2026-08-21T16:28:25.4404746Z Prepare all required actions
Deploy	Set up job	2026-08-21T16:28:25.4453059Z Getting action download info
Deploy	Set up job	2026-08-21T16:28:25.6765041Z Download action repository 'appleboy/ssh-action@v1.0.3' (SHA:029f5b4aeeeb58fdfe1410a5d17f967dacf36262)
Deploy	Set up job	2026-08-21T16:28:25.9420525Z Complete job name: Deploy
Deploy	Build appleboy/ssh-action@v1.0.3	﻿2026-08-21T16:28:25.9950411Z ##[group]Build container for action use: '/home/runner/work/_actions/appleboy/ssh-action/v1.0.3/Dockerfile'.
Deploy	Build appleboy/ssh-action@v1.0.3	2026-08-21T16:28:26.0009822Z ##[command]/usr/bin/docker build -t 7fab86:b4feb80f3153430da9ad025c97ea9e93 -f "/home/runner/work/_actions/appleboy/ssh-action/v1.0.3/Dockerfile" "/home/runner/work/_actions/appleboy/ssh-action/v1.0.3"
Deploy	Build appleboy/ssh-action@v1.0.3	2026-08-21T16:28:26.5704133Z #0 building with "default" instance using docker driver
Deploy	Build appleboy/ssh-action@v1.0.3	2026-08-21T16:28:26.5704802Z 
Deploy	Build appleboy/ssh-action@v1.0.3	2026-08-21T16:28:26.5705212Z #1 [internal] load build definition from Dockerfile
Deploy	Build appleboy/ssh-action@v1.0.3	2026-08-21T16:28:26.5706097Z #1 transferring dockerfile: 149B done
Deploy	Build appleboy/ssh-action@v1.0.3	2026-08-21T16:28:26.5706852Z #1 DONE 0.0s
Deploy	Build appleboy/ssh-action@v1.0.3	2026-08-21T16:28:26.5707171Z 
Deploy	Build appleboy/ssh-action@v1.0.3	2026-08-21T16:28:26.5707651Z #2 [internal] load metadata for ghcr.io/appleboy/drone-ssh:1.7.3
Deploy	Build appleboy/ssh-action@v1.0.3	2026-08-21T16:28:26.6763104Z #2 DONE 0.3s
Deploy	Build appleboy/ssh-action@v1.0.3	2026-08-21T16:28:26.7956257Z 
Deploy	Build appleboy/ssh-action@v1.0.3	2026-08-21T16:28:26.7959985Z #3 [internal] load .dockerignore
Deploy	Build appleboy/ssh-action@v1.0.3	2026-08-21T16:28:26.7962781Z #3 transferring context: 2B done
Deploy	Build appleboy/ssh-action@v1.0.3	2026-08-21T16:28:26.7965262Z #3 DONE 0.0s
Deploy	Build appleboy/ssh-action@v1.0.3	2026-08-21T16:28:26.7966334Z 
Deploy	Build appleboy/ssh-action@v1.0.3	2026-08-21T16:28:26.7967015Z #4 [internal] load build context
Deploy	Build appleboy/ssh-action@v1.0.3	2026-08-21T16:28:26.7968615Z #4 transferring context: 108B done
Deploy	Build appleboy/ssh-action@v1.0.3	2026-08-21T16:28:26.7972214Z #4 DONE 0.0s
Deploy	Build appleboy/ssh-action@v1.0.3	2026-08-21T16:28:26.7973439Z 
Deploy	Build appleboy/ssh-action@v1.0.3	2026-08-21T16:28:26.7976905Z #5 [1/2] FROM ghcr.io/appleboy/drone-ssh:1.7.3@sha256:179cbd253771007f2ebcaf7a3860afe059207351de1f3378efafac93bd310158
Deploy	Build appleboy/ssh-action@v1.0.3	2026-08-21T16:28:26.7981314Z #5 resolve ghcr.io/appleboy/drone-ssh:1.7.3@sha256:179cbd253771007f2ebcaf7a3860afe059207351de1f3378efafac93bd310158 done
Deploy	Build appleboy/ssh-action@v1.0.3	2026-08-21T16:28:26.7987613Z #5 extracting sha256:1207c741d8c9b028d98c4006013f9de959da3c55f85b91ed5e4583438a0112ca
Deploy	Build appleboy/ssh-action@v1.0.3	2026-08-21T16:28:26.7992041Z #5 sha256:179cbd253771007f2ebcaf7a3860afe059207351de1f3378efafac93bd310158 2.38kB / 2.38kB done
Deploy	Build appleboy/ssh-action@v1.0.3	2026-08-21T16:28:26.7996015Z #5 sha256:1a52f94820e830bc9734623deb03bbafa6a248fba19cdc2e5605c70d90d91441 1.24kB / 1.24kB done
Deploy	Build appleboy/ssh-action@v1.0.3	2026-08-21T16:28:26.8005894Z #5 sha256:c4781b8d012b16b6c7468dc9104fad0a63f2a8815b2af8b7176bb544253ea8c7 3.86kB / 3.86kB done
Deploy	Build appleboy/ssh-action@v1.0.3	2026-08-21T16:28:26.8011783Z #5 sha256:1207c741d8c9b028d98c4006013f9de959da3c55f85b91ed5e4583438a0112ca 3.38MB / 3.38MB 0.1s done
Deploy	Build appleboy/ssh-action@v1.0.3	2026-08-21T16:28:26.8020131Z #5 sha256:654aaee5654be60f81172539ecd74485cf8bbe2e9137bab0d429862c31c676f6 284.83kB / 284.83kB 0.1s done
Deploy	Build appleboy/ssh-action@v1.0.3	2026-08-21T16:28:26.8027200Z #5 sha256:7e20f48a19643465f486f59127b8f4e0f4114bedc8bd5260fb4f92d5fda95f1c 1.20kB / 1.20kB 0.1s done
Deploy	Build appleboy/ssh-action@v1.0.3	2026-08-21T16:28:26.8032063Z #5 sha256:066e5b821e26d8313055e0314c056e6c297847bcf963e5df10e7aa03107f2246 0B / 125B 0.1s
Deploy	Build appleboy/ssh-action@v1.0.3	2026-08-21T16:28:26.8036695Z #5 sha256:47353a6f9201a145b687290e5ae0278ac269faf4bb61bee3e9246c37a8d74277 0B / 2.44MB 0.1s
Deploy	Build appleboy/ssh-action@v1.0.3	2026-08-21T16:28:26.9020779Z #5 extracting sha256:1207c741d8c9b028d98c4006013f9de959da3c55f85b91ed5e4583438a0112ca 0.1s done
Deploy	Build appleboy/ssh-action@v1.0.3	2026-08-21T16:28:26.9026469Z #5 sha256:066e5b821e26d8313055e0314c056e6c297847bcf963e5df10e7aa03107f2246 125B / 125B 0.1s done
Deploy	Build appleboy/ssh-action@v1.0.3	2026-08-21T16:28:26.9032093Z #5 sha256:47353a6f9201a145b687290e5ae0278ac269faf4bb61bee3e9246c37a8d74277 2.44MB / 2.44MB 0.1s done
Deploy	Build appleboy/ssh-action@v1.0.3	2026-08-21T16:28:26.9037529Z #5 extracting sha256:654aaee5654be60f81172539ecd74485cf8bbe2e9137bab0d429862c31c676f6 0.0s done
Deploy	Build appleboy/ssh-action@v1.0.3	2026-08-21T16:28:28.9404301Z #5 extracting sha256:7e20f48a19643465f486f59127b8f4e0f4114bedc8bd5260fb4f92d5fda95f1c
Deploy	Build appleboy/ssh-action@v1.0.3	2026-08-21T16:28:29.0445631Z #5 extracting sha256:7e20f48a19643465f486f59127b8f4e0f4114bedc8bd5260fb4f92d5fda95f1c done
Deploy	Build appleboy/ssh-action@v1.0.3	2026-08-21T16:28:29.0447909Z #5 extracting sha256:066e5b821e26d8313055e0314c056e6c297847bcf963e5df10e7aa03107f2246 done
Deploy	Build appleboy/ssh-action@v1.0.3	2026-08-21T16:28:29.0450265Z #5 extracting sha256:47353a6f9201a145b687290e5ae0278ac269faf4bb61bee3e9246c37a8d74277 0.0s done
Deploy	Build appleboy/ssh-action@v1.0.3	2026-08-21T16:28:29.0452005Z #5 DONE 2.4s
Deploy	Build appleboy/ssh-action@v1.0.3	2026-08-21T16:28:29.2081158Z 
Deploy	Build appleboy/ssh-action@v1.0.3	2026-08-21T16:28:29.2081958Z #6 [2/2] COPY entrypoint.sh /bin/entrypoint.sh
Deploy	Build appleboy/ssh-action@v1.0.3	2026-08-21T16:28:29.2082489Z #6 DONE 0.0s
Deploy	Build appleboy/ssh-action@v1.0.3	2026-08-21T16:28:29.2082768Z 
Deploy	Build appleboy/ssh-action@v1.0.3	2026-08-21T16:28:29.2082924Z #7 exporting to image
Deploy	Build appleboy/ssh-action@v1.0.3	2026-08-21T16:28:29.2083297Z #7 exporting layers
Deploy	Build appleboy/ssh-action@v1.0.3	2026-08-21T16:28:30.0059088Z #7 exporting layers 0.9s done
Deploy	Build appleboy/ssh-action@v1.0.3	2026-08-21T16:28:30.0266096Z #7 writing image sha256:57b2957b8c3d82aadcc8aeb3fa1651718cde4efca5467e0dd322b102d2f2ad17 done
Deploy	Build appleboy/ssh-action@v1.0.3	2026-08-21T16:28:30.0272733Z #7 naming to docker.io/library/7fab86:b4feb80f3153430da9ad025c97ea9e93 done
Deploy	Build appleboy/ssh-action@v1.0.3	2026-08-21T16:28:30.0273474Z #7 DONE 1.0s
Deploy	Build appleboy/ssh-action@v1.0.3	2026-08-21T16:28:30.0333632Z ##[endgroup]
Deploy	SSH deploy to VM	﻿2026-08-21T16:28:30.0653259Z ##[group]Run appleboy/ssh-action@v1.0.3
Deploy	SSH deploy to VM	2026-08-21T16:28:30.0653998Z with:
Deploy	SSH deploy to VM	2026-08-21T16:28:30.0654552Z   host: ***
Deploy	SSH deploy to VM	2026-08-21T16:28:30.0654860Z   username: ***
Deploy	SSH deploy to VM	2026-08-21T16:28:30.0656810Z   key: ***
Deploy	SSH deploy to VM	2026-08-21T16:28:30.0659039Z   script: # TODO 7: Restart service mlops-serve tren VM.
Deploy	SSH deploy to VM	# TODO 8: Cho server san sang roi goi curl /health de xac nhan.
Deploy	SSH deploy to VM	#         Neu health check that bai sau nhieu lan thu, thoat voi exit 1.
Deploy	SSH deploy to VM	#
Deploy	SSH deploy to VM	# Goi y:
Deploy	SSH deploy to VM	#   sudo systemctl restart mlops-serve
Deploy	SSH deploy to VM	#   sleep 5
Deploy	SSH deploy to VM	#   curl -sf http://localhost:8000/health && echo "Health check passed." || exit 1
Deploy	SSH deploy to VM	sudo systemctl restart mlops-serve
Deploy	SSH deploy to VM	for i in 1 2 3 4 5 6; do
Deploy	SSH deploy to VM	  sleep 5
Deploy	SSH deploy to VM	  if curl -sf http://localhost:8000/health; then
Deploy	SSH deploy to VM	    echo "Health check passed."
Deploy	SSH deploy to VM	    exit 0
Deploy	SSH deploy to VM	  fi
Deploy	SSH deploy to VM	  echo "Health check lan $i chua san sang, thu lai..."
Deploy	SSH deploy to VM	done
Deploy	SSH deploy to VM	echo "Health check that bai sau nhieu lan thu."
Deploy	SSH deploy to VM	exit 1
Deploy	SSH deploy to VM	
Deploy	SSH deploy to VM	2026-08-21T16:28:30.0661298Z   port: 22
Deploy	SSH deploy to VM	2026-08-21T16:28:30.0661789Z   timeout: 30s
Deploy	SSH deploy to VM	2026-08-21T16:28:30.0662125Z   command_timeout: 10m
Deploy	SSH deploy to VM	2026-08-21T16:28:30.0662485Z   proxy_port: 22
Deploy	SSH deploy to VM	2026-08-21T16:28:30.0662818Z   proxy_timeout: 30s
Deploy	SSH deploy to VM	2026-08-21T16:28:30.0663418Z ##[endgroup]
Deploy	SSH deploy to VM	2026-08-21T16:28:30.0792223Z ##[command]/usr/bin/docker run --name fab86b4feb80f3153430da9ad025c97ea9e93_efd501 --label 7fab86 --workdir /github/workspace --rm -e "INPUT_HOST" -e "INPUT_USERNAME" -e "INPUT_KEY" -e "INPUT_SCRIPT" -e "INPUT_PORT" -e "INPUT_PASSPHRASE" -e "INPUT_PASSWORD" -e "INPUT_SYNC" -e "INPUT_USE_INSECURE_CIPHER" -e "INPUT_CIPHER" -e "INPUT_TIMEOUT" -e "INPUT_COMMAND_TIMEOUT" -e "INPUT_KEY_PATH" -e "INPUT_FINGERPRINT" -e "INPUT_PROXY_HOST" -e "INPUT_PROXY_PORT" -e "INPUT_PROXY_USERNAME" -e "INPUT_PROXY_PASSWORD" -e "INPUT_PROXY_PASSPHRASE" -e "INPUT_PROXY_TIMEOUT" -e "INPUT_PROXY_KEY" -e "INPUT_PROXY_KEY_PATH" -e "INPUT_PROXY_FINGERPRINT" -e "INPUT_PROXY_CIPHER" -e "INPUT_PROXY_USE_INSECURE_CIPHER" -e "INPUT_SCRIPT_STOP" -e "INPUT_ENVS" -e "INPUT_ENVS_FORMAT" -e "INPUT_DEBUG" -e "INPUT_ALLENVS" -e "INPUT_REQUEST_PTY" -e "HOME" -e "GITHUB_JOB" -e "GITHUB_REF" -e "GITHUB_SHA" -e "GITHUB_REPOSITORY" -e "GITHUB_REPOSITORY_OWNER" -e "GITHUB_REPOSITORY_OWNER_ID" -e "GITHUB_RUN_ID" -e "GITHUB_RUN_NUMBER" -e "GITHUB_RETENTION_DAYS" -e "GITHUB_RUN_ATTEMPT" -e "GITHUB_ACTOR_ID" -e "GITHUB_ACTOR" -e "GITHUB_WORKFLOW" -e "GITHUB_HEAD_REF" -e "GITHUB_BASE_REF" -e "GITHUB_EVENT_NAME" -e "GITHUB_SERVER_URL" -e "GITHUB_API_URL" -e "GITHUB_GRAPHQL_URL" -e "GITHUB_REF_NAME" -e "GITHUB_REF_PROTECTED" -e "GITHUB_REF_TYPE" -e "GITHUB_WORKFLOW_REF" -e "GITHUB_WORKFLOW_SHA" -e "GITHUB_REPOSITORY_ID" -e "GITHUB_TRIGGERING_ACTOR" -e "GITHUB_WORKSPACE" -e "GITHUB_ACTION" -e "GITHUB_EVENT_PATH" -e "GITHUB_ACTION_REPOSITORY" -e "GITHUB_ACTION_REF" -e "GITHUB_PATH" -e "GITHUB_ENV" -e "GITHUB_STEP_SUMMARY" -e "GITHUB_STATE" -e "GITHUB_OUTPUT" -e "GITHUB_ARTIFACTS" -e "GITHUB_ARTIFACTS_LIST" -e "RUNNER_OS" -e "RUNNER_ARCH" -e "RUNNER_NAME" -e "RUNNER_ENVIRONMENT" -e "RUNNER_TOOL_CACHE" -e "RUNNER_TEMP" -e "RUNNER_WORKSPACE" -e "ACTIONS_RUNTIME_URL" -e "ACTIONS_RUNTIME_TOKEN" -e "ACTIONS_CACHE_URL" -e "ACTIONS_RESULTS_URL" -e "ACTIONS_ORCHESTRATION_ID" -e GITHUB_ACTIONS=true -e CI=true -v "/var/run/docker.sock":"/var/run/docker.sock" -v "/home/runner/work/_temp":"/github/runner_temp" -v "/home/runner/work/_temp/_github_home":"/github/home" -v "/home/runner/work/_temp/_github_workflow":"/github/workflow" -v "/home/runner/work/_temp/_runner_file_commands":"/github/file_commands" -v "/home/runner/work/TRACK2-DAY21-2A202601155-TRANNGUYENTHENHAT/TRACK2-DAY21-2A202601155-TRANNGUYENTHENHAT":"/github/workspace" 7fab86:b4feb80f3153430da9ad025c97ea9e93
Deploy	SSH deploy to VM	2026-08-21T16:28:30.2945041Z ======CMD======
Deploy	SSH deploy to VM	2026-08-21T16:28:30.2945771Z # TODO 7: Restart service mlops-serve tren VM.
Deploy	SSH deploy to VM	2026-08-21T16:28:30.2946235Z # TODO 8: Cho server san sang roi goi curl /health de xac nhan.
Deploy	SSH deploy to VM	2026-08-21T16:28:30.2946912Z #         Neu health check that bai sau nhieu lan thu, thoat voi exit 1.
Deploy	SSH deploy to VM	2026-08-21T16:28:30.2947315Z #
Deploy	SSH deploy to VM	2026-08-21T16:28:30.2947557Z # Goi y:
Deploy	SSH deploy to VM	2026-08-21T16:28:30.2947981Z #   sudo systemctl restart mlops-serve
Deploy	SSH deploy to VM	2026-08-21T16:28:30.2948335Z #   sleep 5
Deploy	SSH deploy to VM	2026-08-21T16:28:30.2949272Z #   curl -sf http://localhost:8000/health && echo "Health check passed." || exit 1
Deploy	SSH deploy to VM	2026-08-21T16:28:30.2949747Z sudo systemctl restart mlops-serve
Deploy	SSH deploy to VM	2026-08-21T16:28:30.2950215Z for i in 1 2 3 4 5 6; do
Deploy	SSH deploy to VM	2026-08-21T16:28:30.2950464Z   sleep 5
Deploy	SSH deploy to VM	2026-08-21T16:28:30.2950737Z   if curl -sf http://localhost:8000/health; then
Deploy	SSH deploy to VM	2026-08-21T16:28:30.2951253Z     echo "Health check passed."
Deploy	SSH deploy to VM	2026-08-21T16:28:30.2951658Z     exit 0
Deploy	SSH deploy to VM	2026-08-21T16:28:30.2952383Z   fi
Deploy	SSH deploy to VM	2026-08-21T16:28:30.2952711Z   echo "Health check lan $i chua san sang, thu lai..."
Deploy	SSH deploy to VM	2026-08-21T16:28:30.2953060Z done
Deploy	SSH deploy to VM	2026-08-21T16:28:30.2953315Z echo "Health check that bai sau nhieu lan thu."
Deploy	SSH deploy to VM	2026-08-21T16:28:30.2953813Z exit 1
Deploy	SSH deploy to VM	2026-08-21T16:28:30.2953940Z 
Deploy	SSH deploy to VM	2026-08-21T16:28:30.2954040Z ======END======
Deploy	SSH deploy to VM	2026-08-21T16:28:36.8892335Z out: Health check lan 1 chua san sang, thu lai...
Deploy	SSH deploy to VM	2026-08-21T16:28:41.9047330Z out: Health check lan 2 chua san sang, thu lai...
Deploy	SSH deploy to VM	2026-08-21T16:28:46.9704240Z out: {"status":"ok"}Health check passed.
Deploy	SSH deploy to VM	2026-08-21T16:28:46.9705073Z ==============================================
Deploy	SSH deploy to VM	2026-08-21T16:28:46.9840265Z ✅ Successfully executed commands to all host.
Deploy	SSH deploy to VM	2026-08-21T16:28:46.9841033Z ==============================================
Deploy	Complete job	﻿2026-08-21T16:28:47.0708283Z Cleaning up orphan processes
=== 2026-08-21T16:22:32Z GD7: Buoc 3 - continuous training ===
$ .venv/bin/python add_new_data.py
Cap nhat du lieu: 2998 -> 5996 mau
$ wc -l data/train_phase1.csv
5997 data/train_phase1.csv
$ .venv/bin/dvc add data/train_phase1.csv

To track the changes with git, run:

	git add data/train_phase1.csv.dvc

To enable auto staging, run:

	dvc config core.autostage true
$ .venv/bin/dvc push
1 file pushed
$ git status
On branch main
Your branch is up to date with 'origin/main'.

Changes not staged for commit:
  (use "git add <file>..." to update what will be committed)
  (use "git restore <file>..." to discard changes in working directory)
	modified:   data/train_phase1.csv.dvc

Untracked files:
  (use "git add <file>..." to include in what will be committed)
	docs/logs/06-ci-run-1.log
	docs/logs/07-eval-gate-fail.log
	docs/logs/09-ci-run-2.log

no changes added to commit (use "git add" and/or "git commit -a")
