Unit Test	Set up job	﻿2026-08-21T16:34:38.3433811Z Current runner version: '2.336.0'
Unit Test	Set up job	2026-08-21T16:34:38.3461602Z ##[group]Runner Image Provisioner
Unit Test	Set up job	2026-08-21T16:34:38.3462564Z Hosted Compute Agent
Unit Test	Set up job	2026-08-21T16:34:38.3463287Z Version: 20260729.566
Unit Test	Set up job	2026-08-21T16:34:38.3463995Z Commit: cf7153fe6e25b664e8693c24944bf2b00355d109
Unit Test	Set up job	2026-08-21T16:34:38.3464758Z Build Date: 2026-07-29T19:17:02Z
Unit Test	Set up job	2026-08-21T16:34:38.3465533Z Worker ID: {88e741bb-e21e-4684-845c-9f6c6312277b}
Unit Test	Set up job	2026-08-21T16:34:38.3466294Z Azure Region: westcentralus
Unit Test	Set up job	2026-08-21T16:34:38.3466909Z ##[endgroup]
Unit Test	Set up job	2026-08-21T16:34:38.3468444Z ##[group]Operating System
Unit Test	Set up job	2026-08-21T16:34:38.3469106Z Ubuntu
Unit Test	Set up job	2026-08-21T16:34:38.3469997Z 24.04.4
Unit Test	Set up job	2026-08-21T16:34:38.3470601Z LTS
Unit Test	Set up job	2026-08-21T16:34:38.3471125Z ##[endgroup]
Unit Test	Set up job	2026-08-21T16:34:38.3471817Z ##[group]Runner Image
Unit Test	Set up job	2026-08-21T16:34:38.3472448Z Image: ubuntu-24.04
Unit Test	Set up job	2026-08-21T16:34:38.3473080Z Version: 20260816.277.1
Unit Test	Set up job	2026-08-21T16:34:38.3474190Z Included Software: https://github.com/actions/runner-images/blob/ubuntu24/20260816.277/images/ubuntu/Ubuntu2404-Readme.md
Unit Test	Set up job	2026-08-21T16:34:38.3476041Z Image Release: https://github.com/actions/runner-images/releases/tag/ubuntu24%2F20260816.277
Unit Test	Set up job	2026-08-21T16:34:38.3477044Z ##[endgroup]
Unit Test	Set up job	2026-08-21T16:34:38.3478348Z ##[group]GITHUB_TOKEN Permissions
Unit Test	Set up job	2026-08-21T16:34:38.3480731Z Contents: read
Unit Test	Set up job	2026-08-21T16:34:38.3481445Z Metadata: read
Unit Test	Set up job	2026-08-21T16:34:38.3482091Z Packages: read
Unit Test	Set up job	2026-08-21T16:34:38.3482679Z ##[endgroup]
Unit Test	Set up job	2026-08-21T16:34:38.3484970Z Secret source: Actions
Unit Test	Set up job	2026-08-21T16:34:38.3486110Z Prepare workflow directory
Unit Test	Set up job	2026-08-21T16:34:38.3841145Z Prepare all required actions
Unit Test	Set up job	2026-08-21T16:34:38.3890706Z Getting action download info
Unit Test	Set up job	2026-08-21T16:34:38.6863697Z Download action repository 'actions/checkout@v4' (SHA:11d5960a326750d5838078e36cf38b85af677262)
Unit Test	Set up job	2026-08-21T16:34:38.7942322Z Download action repository 'actions/setup-python@v5' (SHA:a26af69be951a213d495a4c3e4e4022e16d87065)
Unit Test	Set up job	2026-08-21T16:34:38.9864839Z Complete job name: Unit Test
Unit Test	Run actions/checkout@v4	﻿2026-08-21T16:34:39.0613807Z Node 20 is being deprecated. This workflow is running with Node 24 by default. If you need to temporarily use Node 20, you can set the ACTIONS_ALLOW_USE_UNSECURE_NODE_VERSION=true environment variable. For more information see: https://github.blog/changelog/2025-09-19-deprecation-of-node-20-on-github-actions-runners/
Unit Test	Run actions/checkout@v4	2026-08-21T16:34:39.0622677Z ##[group]Run actions/checkout@v4
Unit Test	Run actions/checkout@v4	2026-08-21T16:34:39.0623390Z with:
Unit Test	Run actions/checkout@v4	2026-08-21T16:34:39.0623965Z   repository: NhtJm/TRACK2-DAY21-2A202601155-TRANNGUYENTHENHAT
Unit Test	Run actions/checkout@v4	2026-08-21T16:34:39.0627955Z   token: ***
Unit Test	Run actions/checkout@v4	2026-08-21T16:34:39.0628402Z   ssh-strict: true
Unit Test	Run actions/checkout@v4	2026-08-21T16:34:39.0628848Z   ssh-user: git
Unit Test	Run actions/checkout@v4	2026-08-21T16:34:39.0629483Z   persist-credentials: true
Unit Test	Run actions/checkout@v4	2026-08-21T16:34:39.0629978Z   clean: true
Unit Test	Run actions/checkout@v4	2026-08-21T16:34:39.0630425Z   sparse-checkout-cone-mode: true
Unit Test	Run actions/checkout@v4	2026-08-21T16:34:39.0630944Z   fetch-depth: 1
Unit Test	Run actions/checkout@v4	2026-08-21T16:34:39.0631375Z   fetch-tags: false
Unit Test	Run actions/checkout@v4	2026-08-21T16:34:39.0631821Z   show-progress: true
Unit Test	Run actions/checkout@v4	2026-08-21T16:34:39.0632274Z   lfs: false
Unit Test	Run actions/checkout@v4	2026-08-21T16:34:39.0632700Z   submodules: false
Unit Test	Run actions/checkout@v4	2026-08-21T16:34:39.0633206Z   set-safe-directory: true
Unit Test	Run actions/checkout@v4	2026-08-21T16:34:39.0633715Z   allow-unsafe-pr-checkout: false
Unit Test	Run actions/checkout@v4	2026-08-21T16:34:39.0634431Z ##[endgroup]
Unit Test	Run actions/checkout@v4	2026-08-21T16:34:39.1687601Z Syncing repository: NhtJm/TRACK2-DAY21-2A202601155-TRANNGUYENTHENHAT
Unit Test	Run actions/checkout@v4	2026-08-21T16:34:39.1690870Z ##[group]Getting Git version info
Unit Test	Run actions/checkout@v4	2026-08-21T16:34:39.1692730Z Working directory is '/home/runner/work/TRACK2-DAY21-2A202601155-TRANNGUYENTHENHAT/TRACK2-DAY21-2A202601155-TRANNGUYENTHENHAT'
Unit Test	Run actions/checkout@v4	2026-08-21T16:34:39.1695143Z [command]/usr/bin/git version
Unit Test	Run actions/checkout@v4	2026-08-21T16:34:39.1739674Z git version 2.55.0
Unit Test	Run actions/checkout@v4	2026-08-21T16:34:39.1800634Z ##[endgroup]
Unit Test	Run actions/checkout@v4	2026-08-21T16:34:39.1821245Z Temporarily overriding HOME='/home/runner/work/_temp/046199c6-babb-40fa-8609-4b08cf283eeb' before making global git config changes
Unit Test	Run actions/checkout@v4	2026-08-21T16:34:39.1823911Z Adding repository directory to the temporary git global config as a safe directory
Unit Test	Run actions/checkout@v4	2026-08-21T16:34:39.1828779Z [command]/usr/bin/git config --global --add safe.directory /home/runner/work/TRACK2-DAY21-2A202601155-TRANNGUYENTHENHAT/TRACK2-DAY21-2A202601155-TRANNGUYENTHENHAT
Unit Test	Run actions/checkout@v4	2026-08-21T16:34:39.1896611Z Deleting the contents of '/home/runner/work/TRACK2-DAY21-2A202601155-TRANNGUYENTHENHAT/TRACK2-DAY21-2A202601155-TRANNGUYENTHENHAT'
Unit Test	Run actions/checkout@v4	2026-08-21T16:34:39.1901047Z ##[group]Initializing the repository
Unit Test	Run actions/checkout@v4	2026-08-21T16:34:39.1906448Z [command]/usr/bin/git init /home/runner/work/TRACK2-DAY21-2A202601155-TRANNGUYENTHENHAT/TRACK2-DAY21-2A202601155-TRANNGUYENTHENHAT
Unit Test	Run actions/checkout@v4	2026-08-21T16:34:39.2018051Z hint: Using 'master' as the name for the initial branch. This default branch name
Unit Test	Run actions/checkout@v4	2026-08-21T16:34:39.2020403Z hint: will change to "main" in Git 3.0. To configure the initial branch name
Unit Test	Run actions/checkout@v4	2026-08-21T16:34:39.2022337Z hint: to use in all of your new repositories, which will suppress this warning,
Unit Test	Run actions/checkout@v4	2026-08-21T16:34:39.2023700Z hint: call:
Unit Test	Run actions/checkout@v4	2026-08-21T16:34:39.2024779Z hint:
Unit Test	Run actions/checkout@v4	2026-08-21T16:34:39.2025685Z hint: 	git config --global init.defaultBranch <name>
Unit Test	Run actions/checkout@v4	2026-08-21T16:34:39.2026671Z hint:
Unit Test	Run actions/checkout@v4	2026-08-21T16:34:39.2027597Z hint: Names commonly chosen instead of 'master' are 'main', 'trunk' and
Unit Test	Run actions/checkout@v4	2026-08-21T16:34:39.2029159Z hint: 'development'. The just-created branch can be renamed via this command:
Unit Test	Run actions/checkout@v4	2026-08-21T16:34:39.2030592Z hint:
Unit Test	Run actions/checkout@v4	2026-08-21T16:34:39.2031286Z hint: 	git branch -m <name>
Unit Test	Run actions/checkout@v4	2026-08-21T16:34:39.2032061Z hint:
Unit Test	Run actions/checkout@v4	2026-08-21T16:34:39.2033057Z hint: Disable this message with "git config set advice.defaultBranchName false"
Unit Test	Run actions/checkout@v4	2026-08-21T16:34:39.2035315Z Initialized empty Git repository in /home/runner/work/TRACK2-DAY21-2A202601155-TRANNGUYENTHENHAT/TRACK2-DAY21-2A202601155-TRANNGUYENTHENHAT/.git/
Unit Test	Run actions/checkout@v4	2026-08-21T16:34:39.2039034Z [command]/usr/bin/git remote add origin https://github.com/NhtJm/TRACK2-DAY21-2A202601155-TRANNGUYENTHENHAT
Unit Test	Run actions/checkout@v4	2026-08-21T16:34:39.2087664Z ##[endgroup]
Unit Test	Run actions/checkout@v4	2026-08-21T16:34:39.2088872Z ##[group]Disabling automatic garbage collection
Unit Test	Run actions/checkout@v4	2026-08-21T16:34:39.2093083Z [command]/usr/bin/git config --local gc.auto 0
Unit Test	Run actions/checkout@v4	2026-08-21T16:34:39.2128227Z ##[endgroup]
Unit Test	Run actions/checkout@v4	2026-08-21T16:34:39.2129690Z ##[group]Setting up auth
Unit Test	Run actions/checkout@v4	2026-08-21T16:34:39.2136436Z [command]/usr/bin/git config --local --name-only --get-regexp core\.sshCommand
Unit Test	Run actions/checkout@v4	2026-08-21T16:34:39.2173966Z [command]/usr/bin/git submodule foreach --recursive sh -c "git config --local --name-only --get-regexp 'core\.sshCommand' && git config --local --unset-all 'core.sshCommand' || :"
Unit Test	Run actions/checkout@v4	2026-08-21T16:34:39.2577821Z [command]/usr/bin/git config --local --name-only --get-regexp http\.https\:\/\/github\.com\/\.extraheader
Unit Test	Run actions/checkout@v4	2026-08-21T16:34:39.2622893Z [command]/usr/bin/git submodule foreach --recursive sh -c "git config --local --name-only --get-regexp 'http\.https\:\/\/github\.com\/\.extraheader' && git config --local --unset-all 'http.https://github.com/.extraheader' || :"
Unit Test	Run actions/checkout@v4	2026-08-21T16:34:39.2867497Z [command]/usr/bin/git config --local --name-only --get-regexp ^includeIf\.gitdir:
Unit Test	Run actions/checkout@v4	2026-08-21T16:34:39.2911126Z [command]/usr/bin/git submodule foreach --recursive git config --local --show-origin --name-only --get-regexp remote.origin.url
Unit Test	Run actions/checkout@v4	2026-08-21T16:34:39.3171692Z [command]/usr/bin/git config --local http.https://github.com/.extraheader AUTHORIZATION: basic ***
Unit Test	Run actions/checkout@v4	2026-08-21T16:34:39.3217004Z ##[endgroup]
Unit Test	Run actions/checkout@v4	2026-08-21T16:34:39.3218241Z ##[group]Fetching the repository
Unit Test	Run actions/checkout@v4	2026-08-21T16:34:39.3228880Z [command]/usr/bin/git -c protocol.version=2 fetch --no-tags --prune --no-recurse-submodules --depth=1 origin +4f2ac819fd9ec28bf907bb9d940c7c2fcd2ffd6e:refs/remotes/origin/demo/rollback-block
Unit Test	Run actions/checkout@v4	2026-08-21T16:34:39.9314773Z From https://github.com/NhtJm/TRACK2-DAY21-2A202601155-TRANNGUYENTHENHAT
Unit Test	Run actions/checkout@v4	2026-08-21T16:34:39.9316769Z  * [new ref]         4f2ac819fd9ec28bf907bb9d940c7c2fcd2ffd6e -> origin/demo/rollback-block
Unit Test	Run actions/checkout@v4	2026-08-21T16:34:39.9320118Z ##[endgroup]
Unit Test	Run actions/checkout@v4	2026-08-21T16:34:39.9321366Z ##[group]Determining the checkout info
Unit Test	Run actions/checkout@v4	2026-08-21T16:34:39.9322833Z ##[endgroup]
Unit Test	Run actions/checkout@v4	2026-08-21T16:34:39.9327603Z [command]/usr/bin/git sparse-checkout disable
Unit Test	Run actions/checkout@v4	2026-08-21T16:34:39.9384683Z [command]/usr/bin/git config --local --unset-all extensions.worktreeConfig
Unit Test	Run actions/checkout@v4	2026-08-21T16:34:39.9421079Z ##[group]Checking out the ref
Unit Test	Run actions/checkout@v4	2026-08-21T16:34:39.9425590Z [command]/usr/bin/git checkout --progress --force -B demo/rollback-block refs/remotes/origin/demo/rollback-block
Unit Test	Run actions/checkout@v4	2026-08-21T16:34:39.9555337Z Switched to a new branch 'demo/rollback-block'
Unit Test	Run actions/checkout@v4	2026-08-21T16:34:39.9560659Z branch 'demo/rollback-block' set up to track 'origin/demo/rollback-block'.
Unit Test	Run actions/checkout@v4	2026-08-21T16:34:39.9567172Z ##[endgroup]
Unit Test	Run actions/checkout@v4	2026-08-21T16:34:39.9623519Z [command]/usr/bin/git log -1 --format=%H
Unit Test	Run actions/checkout@v4	2026-08-21T16:34:39.9655648Z 4f2ac819fd9ec28bf907bb9d940c7c2fcd2ffd6e
Unit Test	Run actions/setup-python@v5	﻿2026-08-21T16:34:39.9965435Z Node 20 is being deprecated. This workflow is running with Node 24 by default. If you need to temporarily use Node 20, you can set the ACTIONS_ALLOW_USE_UNSECURE_NODE_VERSION=true environment variable. For more information see: https://github.blog/changelog/2025-09-19-deprecation-of-node-20-on-github-actions-runners/
Unit Test	Run actions/setup-python@v5	2026-08-21T16:34:39.9968233Z ##[group]Run actions/setup-python@v5
Unit Test	Run actions/setup-python@v5	2026-08-21T16:34:39.9968791Z with:
Unit Test	Run actions/setup-python@v5	2026-08-21T16:34:39.9969243Z   python-version: 3.10
Unit Test	Run actions/setup-python@v5	2026-08-21T16:34:39.9969973Z   check-latest: false
Unit Test	Run actions/setup-python@v5	2026-08-21T16:34:39.9973715Z   token: ***
Unit Test	Run actions/setup-python@v5	2026-08-21T16:34:39.9974213Z   update-environment: true
Unit Test	Run actions/setup-python@v5	2026-08-21T16:34:39.9974748Z   allow-prereleases: false
Unit Test	Run actions/setup-python@v5	2026-08-21T16:34:39.9975257Z   freethreaded: false
Unit Test	Run actions/setup-python@v5	2026-08-21T16:34:39.9975747Z ##[endgroup]
Unit Test	Run actions/setup-python@v5	2026-08-21T16:34:40.1331228Z ##[group]Installed versions
Unit Test	Run actions/setup-python@v5	2026-08-21T16:34:40.1422004Z (node:2299) [DEP0040] DeprecationWarning: The `punycode` module is deprecated. Please use a userland alternative instead.
Unit Test	Run actions/setup-python@v5	2026-08-21T16:34:40.1423894Z (Use `node --trace-deprecation ...` to show where the warning was created)
Unit Test	Run actions/setup-python@v5	2026-08-21T16:34:40.1425310Z Successfully set up CPython (3.10.21)
Unit Test	Run actions/setup-python@v5	2026-08-21T16:34:40.1426731Z ##[endgroup]
Unit Test	Install dependencies	﻿2026-08-21T16:34:40.1648948Z ##[group]Run pip install -r requirements.txt
Unit Test	Install dependencies	2026-08-21T16:34:40.1650575Z ^[[36;1mpip install -r requirements.txt^[[0m
Unit Test	Install dependencies	2026-08-21T16:34:40.1722405Z shell: /usr/bin/bash -e {0}
Unit Test	Install dependencies	2026-08-21T16:34:40.1723061Z env:
Unit Test	Install dependencies	2026-08-21T16:34:40.1723626Z   pythonLocation: /opt/hostedtoolcache/Python/3.10.21/x64
Unit Test	Install dependencies	2026-08-21T16:34:40.1724503Z   PKG_CONFIG_PATH: /opt/hostedtoolcache/Python/3.10.21/x64/lib/pkgconfig
Unit Test	Install dependencies	2026-08-21T16:34:40.1725413Z   Python_ROOT_DIR: /opt/hostedtoolcache/Python/3.10.21/x64
Unit Test	Install dependencies	2026-08-21T16:34:40.1726195Z   Python2_ROOT_DIR: /opt/hostedtoolcache/Python/3.10.21/x64
Unit Test	Install dependencies	2026-08-21T16:34:40.1726976Z   Python3_ROOT_DIR: /opt/hostedtoolcache/Python/3.10.21/x64
Unit Test	Install dependencies	2026-08-21T16:34:40.1727768Z   LD_LIBRARY_PATH: /opt/hostedtoolcache/Python/3.10.21/x64/lib
Unit Test	Install dependencies	2026-08-21T16:34:40.1728442Z ##[endgroup]
Unit Test	Install dependencies	2026-08-21T16:34:41.2054964Z Collecting mlflow==2.13.0 (from -r requirements.txt (line 1))
Unit Test	Install dependencies	2026-08-21T16:34:41.3008026Z   Downloading mlflow-2.13.0-py3-none-any.whl.metadata (29 kB)
Unit Test	Install dependencies	2026-08-21T16:34:41.4420987Z Collecting scikit-learn==1.4.2 (from -r requirements.txt (line 2))
Unit Test	Install dependencies	2026-08-21T16:34:41.4636603Z   Downloading scikit_learn-1.4.2-cp310-cp310-manylinux_2_17_x86_64.manylinux2014_x86_64.whl.metadata (11 kB)
Unit Test	Install dependencies	2026-08-21T16:34:41.6188460Z Collecting pandas==2.2.2 (from -r requirements.txt (line 3))
Unit Test	Install dependencies	2026-08-21T16:34:41.6399539Z   Downloading pandas-2.2.2-cp310-cp310-manylinux_2_17_x86_64.manylinux2014_x86_64.whl.metadata (19 kB)
Unit Test	Install dependencies	2026-08-21T16:34:41.7388046Z Collecting dvc==3.50.1 (from dvc[gs]==3.50.1->-r requirements.txt (line 4))
Unit Test	Install dependencies	2026-08-21T16:34:41.7598520Z   Downloading dvc-3.50.1-py3-none-any.whl.metadata (17 kB)
Unit Test	Install dependencies	2026-08-21T16:34:41.8018830Z Collecting pathspec==0.11.2 (from -r requirements.txt (line 5))
Unit Test	Install dependencies	2026-08-21T16:34:41.8220624Z   Downloading pathspec-0.11.2-py3-none-any.whl.metadata (19 kB)
Unit Test	Install dependencies	2026-08-21T16:34:41.8673267Z Collecting pytest==8.2.0 (from -r requirements.txt (line 6))
Unit Test	Install dependencies	2026-08-21T16:34:41.8883871Z   Downloading pytest-8.2.0-py3-none-any.whl.metadata (7.5 kB)
Unit Test	Install dependencies	2026-08-21T16:34:41.9519164Z Collecting fastapi==0.111.0 (from -r requirements.txt (line 7))
Unit Test	Install dependencies	2026-08-21T16:34:41.9716771Z   Downloading fastapi-0.111.0-py3-none-any.whl.metadata (25 kB)
Unit Test	Install dependencies	2026-08-21T16:34:42.0165885Z Collecting uvicorn==0.29.0 (from -r requirements.txt (line 8))
Unit Test	Install dependencies	2026-08-21T16:34:42.0364421Z   Downloading uvicorn-0.29.0-py3-none-any.whl.metadata (6.3 kB)
Unit Test	Install dependencies	2026-08-21T16:34:42.0748870Z Collecting joblib==1.4.2 (from -r requirements.txt (line 9))
Unit Test	Install dependencies	2026-08-21T16:34:42.0948975Z   Downloading joblib-1.4.2-py3-none-any.whl.metadata (5.4 kB)
Unit Test	Install dependencies	2026-08-21T16:34:42.1350438Z Collecting google-cloud-storage==2.16.0 (from -r requirements.txt (line 10))
Unit Test	Install dependencies	2026-08-21T16:34:42.1553425Z   Downloading google_cloud_storage-2.16.0-py2.py3-none-any.whl.metadata (6.1 kB)
Unit Test	Install dependencies	2026-08-21T16:34:42.2319983Z Collecting pyyaml==6.0.1 (from -r requirements.txt (line 11))
Unit Test	Install dependencies	2026-08-21T16:34:42.2525124Z   Downloading PyYAML-6.0.1-cp310-cp310-manylinux_2_17_x86_64.manylinux2014_x86_64.whl.metadata (2.1 kB)
Unit Test	Install dependencies	2026-08-21T16:34:42.2908436Z Collecting Flask<4 (from mlflow==2.13.0->-r requirements.txt (line 1))
Unit Test	Install dependencies	2026-08-21T16:34:42.3120303Z   Downloading flask-3.1.3-py3-none-any.whl.metadata (3.2 kB)
Unit Test	Install dependencies	2026-08-21T16:34:42.3541191Z Collecting alembic!=1.10.0,<2 (from mlflow==2.13.0->-r requirements.txt (line 1))
Unit Test	Install dependencies	2026-08-21T16:34:42.3739521Z   Downloading alembic-1.19.1-py3-none-any.whl.metadata (7.3 kB)
Unit Test	Install dependencies	2026-08-21T16:34:42.4095094Z Collecting cachetools<6,>=5.0.0 (from mlflow==2.13.0->-r requirements.txt (line 1))
Unit Test	Install dependencies	2026-08-21T16:34:42.4293136Z   Downloading cachetools-5.5.2-py3-none-any.whl.metadata (5.4 kB)
Unit Test	Install dependencies	2026-08-21T16:34:42.4651074Z Collecting click<9,>=7.0 (from mlflow==2.13.0->-r requirements.txt (line 1))
Unit Test	Install dependencies	2026-08-21T16:34:42.4851671Z   Downloading click-8.4.2-py3-none-any.whl.metadata (2.6 kB)
Unit Test	Install dependencies	2026-08-21T16:34:42.5261710Z Collecting cloudpickle<4 (from mlflow==2.13.0->-r requirements.txt (line 1))
Unit Test	Install dependencies	2026-08-21T16:34:42.5466060Z   Downloading cloudpickle-3.1.2-py3-none-any.whl.metadata (7.1 kB)
Unit Test	Install dependencies	2026-08-21T16:34:42.5824766Z Collecting docker<8,>=4.0.0 (from mlflow==2.13.0->-r requirements.txt (line 1))
Unit Test	Install dependencies	2026-08-21T16:34:42.6023721Z   Downloading docker-7.2.0-py3-none-any.whl.metadata (3.8 kB)
Unit Test	Install dependencies	2026-08-21T16:34:42.6320952Z Collecting entrypoints<1 (from mlflow==2.13.0->-r requirements.txt (line 1))
Unit Test	Install dependencies	2026-08-21T16:34:42.6532651Z   Downloading entrypoints-0.4-py3-none-any.whl.metadata (2.6 kB)
Unit Test	Install dependencies	2026-08-21T16:34:42.6948398Z Collecting gitpython<4,>=3.1.9 (from mlflow==2.13.0->-r requirements.txt (line 1))
Unit Test	Install dependencies	2026-08-21T16:34:42.7147935Z   Downloading gitpython-3.1.59-py3-none-any.whl.metadata (13 kB)
Unit Test	Install dependencies	2026-08-21T16:34:42.7532340Z Collecting graphene<4 (from mlflow==2.13.0->-r requirements.txt (line 1))
Unit Test	Install dependencies	2026-08-21T16:34:42.7737811Z   Downloading graphene-3.4.3-py2.py3-none-any.whl.metadata (6.9 kB)
Unit Test	Install dependencies	2026-08-21T16:34:42.8207441Z Collecting importlib-metadata!=4.7.0,<8,>=3.7.0 (from mlflow==2.13.0->-r requirements.txt (line 1))
Unit Test	Install dependencies	2026-08-21T16:34:42.8405567Z   Downloading importlib_metadata-7.2.1-py3-none-any.whl.metadata (4.6 kB)
Unit Test	Install dependencies	2026-08-21T16:34:42.8806202Z Collecting markdown<4,>=3.3 (from mlflow==2.13.0->-r requirements.txt (line 1))
Unit Test	Install dependencies	2026-08-21T16:34:42.9005828Z   Downloading markdown-3.10.3-py3-none-any.whl.metadata (5.1 kB)
Unit Test	Install dependencies	2026-08-21T16:34:43.0617284Z Collecting matplotlib<4 (from mlflow==2.13.0->-r requirements.txt (line 1))
Unit Test	Install dependencies	2026-08-21T16:34:43.0835207Z   Downloading matplotlib-3.10.9-cp310-cp310-manylinux2014_x86_64.manylinux_2_17_x86_64.whl.metadata (52 kB)
Unit Test	Install dependencies	2026-08-21T16:34:43.3592801Z Collecting numpy<2 (from mlflow==2.13.0->-r requirements.txt (line 1))
Unit Test	Install dependencies	2026-08-21T16:34:43.3794135Z   Downloading numpy-1.26.4-cp310-cp310-manylinux_2_17_x86_64.manylinux2014_x86_64.whl.metadata (61 kB)
Unit Test	Install dependencies	2026-08-21T16:34:43.4231461Z Collecting opentelemetry-api<3,>=1.0.0 (from mlflow==2.13.0->-r requirements.txt (line 1))
Unit Test	Install dependencies	2026-08-21T16:34:43.4429528Z   Downloading opentelemetry_api-1.44.0-py3-none-any.whl.metadata (1.4 kB)
Unit Test	Install dependencies	2026-08-21T16:34:43.4814866Z Collecting opentelemetry-sdk<3,>=1.0.0 (from mlflow==2.13.0->-r requirements.txt (line 1))
Unit Test	Install dependencies	2026-08-21T16:34:43.5013174Z   Downloading opentelemetry_sdk-1.44.0-py3-none-any.whl.metadata (1.6 kB)
Unit Test	Install dependencies	2026-08-21T16:34:43.5382670Z Collecting packaging<25 (from mlflow==2.13.0->-r requirements.txt (line 1))
Unit Test	Install dependencies	2026-08-21T16:34:43.5591789Z   Downloading packaging-24.2-py3-none-any.whl.metadata (3.2 kB)
Unit Test	Install dependencies	2026-08-21T16:34:43.7398298Z Collecting protobuf<5,>=3.12.0 (from mlflow==2.13.0->-r requirements.txt (line 1))
Unit Test	Install dependencies	2026-08-21T16:34:43.7598190Z   Downloading protobuf-4.25.9-cp37-abi3-manylinux2014_x86_64.whl.metadata (541 bytes)
Unit Test	Install dependencies	2026-08-21T16:34:43.8674155Z Collecting pyarrow<16,>=4.0.0 (from mlflow==2.13.0->-r requirements.txt (line 1))
Unit Test	Install dependencies	2026-08-21T16:34:43.8884263Z   Downloading pyarrow-15.0.2-cp310-cp310-manylinux_2_28_x86_64.whl.metadata (3.0 kB)
Unit Test	Install dependencies	2026-08-21T16:34:43.9458194Z Collecting pytz<2025 (from mlflow==2.13.0->-r requirements.txt (line 1))
Unit Test	Install dependencies	2026-08-21T16:34:43.9678911Z   Downloading pytz-2024.2-py2.py3-none-any.whl.metadata (22 kB)
Unit Test	Install dependencies	2026-08-21T16:34:43.9974256Z Collecting querystring-parser<2 (from mlflow==2.13.0->-r requirements.txt (line 1))
Unit Test	Install dependencies	2026-08-21T16:34:44.0202002Z   Downloading querystring_parser-1.2.4-py2.py3-none-any.whl.metadata (559 bytes)
Unit Test	Install dependencies	2026-08-21T16:34:44.0612773Z Collecting requests<3,>=2.17.3 (from mlflow==2.13.0->-r requirements.txt (line 1))
Unit Test	Install dependencies	2026-08-21T16:34:44.0811038Z   Downloading requests-2.34.2-py3-none-any.whl.metadata (4.8 kB)
Unit Test	Install dependencies	2026-08-21T16:34:44.2740175Z Collecting scipy<2 (from mlflow==2.13.0->-r requirements.txt (line 1))
Unit Test	Install dependencies	2026-08-21T16:34:44.2941716Z   Downloading scipy-1.15.3-cp310-cp310-manylinux_2_17_x86_64.manylinux2014_x86_64.whl.metadata (61 kB)
Unit Test	Install dependencies	2026-08-21T16:34:44.6108167Z Collecting sqlalchemy<3,>=1.4.0 (from mlflow==2.13.0->-r requirements.txt (line 1))
Unit Test	Install dependencies	2026-08-21T16:34:44.6328765Z   Downloading sqlalchemy-2.0.52-cp310-cp310-manylinux2014_x86_64.manylinux_2_17_x86_64.manylinux_2_28_x86_64.whl.metadata (9.6 kB)
Unit Test	Install dependencies	2026-08-21T16:34:44.6712514Z Collecting sqlparse<1,>=0.4.0 (from mlflow==2.13.0->-r requirements.txt (line 1))
Unit Test	Install dependencies	2026-08-21T16:34:44.6918279Z   Downloading sqlparse-0.6.0-py3-none-any.whl.metadata (6.0 kB)
Unit Test	Install dependencies	2026-08-21T16:34:44.7258117Z Collecting Jinja2<4,>=2.11 (from mlflow==2.13.0->-r requirements.txt (line 1))
Unit Test	Install dependencies	2026-08-21T16:34:44.7454649Z   Downloading jinja2-3.1.6-py3-none-any.whl.metadata (2.9 kB)
Unit Test	Install dependencies	2026-08-21T16:34:44.7812660Z Collecting gunicorn<23 (from mlflow==2.13.0->-r requirements.txt (line 1))
Unit Test	Install dependencies	2026-08-21T16:34:44.8008814Z   Downloading gunicorn-22.0.0-py3-none-any.whl.metadata (4.4 kB)
Unit Test	Install dependencies	2026-08-21T16:34:44.8405047Z Collecting threadpoolctl>=2.0.0 (from scikit-learn==1.4.2->-r requirements.txt (line 2))
Unit Test	Install dependencies	2026-08-21T16:34:44.8605275Z   Downloading threadpoolctl-3.6.0-py3-none-any.whl.metadata (13 kB)
Unit Test	Install dependencies	2026-08-21T16:34:44.8964771Z Collecting python-dateutil>=2.8.2 (from pandas==2.2.2->-r requirements.txt (line 3))
Unit Test	Install dependencies	2026-08-21T16:34:44.9170220Z   Downloading python_dateutil-2.9.0.post0-py2.py3-none-any.whl.metadata (8.4 kB)
Unit Test	Install dependencies	2026-08-21T16:34:44.9518994Z Collecting tzdata>=2022.7 (from pandas==2.2.2->-r requirements.txt (line 3))
Unit Test	Install dependencies	2026-08-21T16:34:44.9715849Z   Downloading tzdata-2026.3-py2.py3-none-any.whl.metadata (1.4 kB)
Unit Test	Install dependencies	2026-08-21T16:34:45.0044440Z Collecting attrs>=22.2.0 (from dvc==3.50.1->dvc[gs]==3.50.1->-r requirements.txt (line 4))
Unit Test	Install dependencies	2026-08-21T16:34:45.0243010Z   Downloading attrs-26.1.0-py3-none-any.whl.metadata (8.8 kB)
Unit Test	Install dependencies	2026-08-21T16:34:45.0719984Z Collecting celery (from dvc==3.50.1->dvc[gs]==3.50.1->-r requirements.txt (line 4))
Unit Test	Install dependencies	2026-08-21T16:34:45.0915993Z   Downloading celery-5.6.3-py3-none-any.whl.metadata (23 kB)
Unit Test	Install dependencies	2026-08-21T16:34:45.1454609Z Collecting colorama>=0.3.9 (from dvc==3.50.1->dvc[gs]==3.50.1->-r requirements.txt (line 4))
Unit Test	Install dependencies	2026-08-21T16:34:45.1663353Z   Downloading colorama-0.4.6-py2.py3-none-any.whl.metadata (17 kB)
Unit Test	Install dependencies	2026-08-21T16:34:45.2275191Z Collecting configobj>=5.0.6 (from dvc==3.50.1->dvc[gs]==3.50.1->-r requirements.txt (line 4))
Unit Test	Install dependencies	2026-08-21T16:34:45.2483170Z   Downloading configobj-5.0.9-py2.py3-none-any.whl.metadata (3.2 kB)
Unit Test	Install dependencies	2026-08-21T16:34:45.2763460Z Collecting distro>=1.3 (from dvc==3.50.1->dvc[gs]==3.50.1->-r requirements.txt (line 4))
Unit Test	Install dependencies	2026-08-21T16:34:45.2957116Z   Downloading distro-1.9.0-py3-none-any.whl.metadata (6.8 kB)
Unit Test	Install dependencies	2026-08-21T16:34:45.3265425Z Collecting dpath<3,>=2.1.0 (from dvc==3.50.1->dvc[gs]==3.50.1->-r requirements.txt (line 4))
Unit Test	Install dependencies	2026-08-21T16:34:45.3460044Z   Downloading dpath-2.2.0-py3-none-any.whl.metadata (15 kB)
Unit Test	Install dependencies	2026-08-21T16:34:45.5154383Z Collecting dulwich (from dvc==3.50.1->dvc[gs]==3.50.1->-r requirements.txt (line 4))
Unit Test	Install dependencies	2026-08-21T16:34:45.5365628Z   Downloading dulwich-1.2.12-cp310-cp310-manylinux_2_28_x86_64.whl.metadata (6.0 kB)
Unit Test	Install dependencies	2026-08-21T16:34:45.5968183Z Collecting dvc-data<3.16,>=3.15 (from dvc==3.50.1->dvc[gs]==3.50.1->-r requirements.txt (line 4))
Unit Test	Install dependencies	2026-08-21T16:34:45.6192923Z   Downloading dvc_data-3.15.2-py3-none-any.whl.metadata (5.0 kB)
Unit Test	Install dependencies	2026-08-21T16:34:45.6504934Z Collecting dvc-http>=2.29.0 (from dvc==3.50.1->dvc[gs]==3.50.1->-r requirements.txt (line 4))
Unit Test	Install dependencies	2026-08-21T16:34:45.6709256Z   Downloading dvc_http-2.32.0-py3-none-any.whl.metadata (1.3 kB)
Unit Test	Install dependencies	2026-08-21T16:34:45.7218916Z Collecting dvc-objects (from dvc==3.50.1->dvc[gs]==3.50.1->-r requirements.txt (line 4))
Unit Test	Install dependencies	2026-08-21T16:34:45.7433278Z   Downloading dvc_objects-5.2.0-py3-none-any.whl.metadata (3.9 kB)
Unit Test	Install dependencies	2026-08-21T16:34:45.7761779Z Collecting dvc-render<2,>=1.0.1 (from dvc==3.50.1->dvc[gs]==3.50.1->-r requirements.txt (line 4))
Unit Test	Install dependencies	2026-08-21T16:34:45.7976387Z   Downloading dvc_render-1.0.2-py3-none-any.whl.metadata (5.4 kB)
Unit Test	Install dependencies	2026-08-21T16:34:45.8304480Z Collecting dvc-studio-client<1,>=0.20 (from dvc==3.50.1->dvc[gs]==3.50.1->-r requirements.txt (line 4))
Unit Test	Install dependencies	2026-08-21T16:34:45.8511061Z   Downloading dvc_studio_client-0.23.0-py3-none-any.whl.metadata (4.4 kB)
Unit Test	Install dependencies	2026-08-21T16:34:45.8826127Z Collecting dvc-task<1,>=0.3.0 (from dvc==3.50.1->dvc[gs]==3.50.1->-r requirements.txt (line 4))
Unit Test	Install dependencies	2026-08-21T16:34:45.9039645Z   Downloading dvc_task-0.40.2-py3-none-any.whl.metadata (10.0 kB)
Unit Test	Install dependencies	2026-08-21T16:34:45.9358820Z Collecting flatten-dict<1,>=0.4.1 (from dvc==3.50.1->dvc[gs]==3.50.1->-r requirements.txt (line 4))
Unit Test	Install dependencies	2026-08-21T16:34:45.9566493Z   Downloading flatten_dict-0.5.0-py3-none-any.whl.metadata (8.9 kB)
Unit Test	Install dependencies	2026-08-21T16:34:45.9872655Z Collecting flufl.lock<8,>=5 (from dvc==3.50.1->dvc[gs]==3.50.1->-r requirements.txt (line 4))
Unit Test	Install dependencies	2026-08-21T16:34:46.0134802Z   Downloading flufl.lock-7.1.1-py3-none-any.whl.metadata (3.3 kB)
Unit Test	Install dependencies	2026-08-21T16:34:46.0519880Z Collecting fsspec (from dvc==3.50.1->dvc[gs]==3.50.1->-r requirements.txt (line 4))
Unit Test	Install dependencies	2026-08-21T16:34:46.0720179Z   Downloading fsspec-2026.7.0-py3-none-any.whl.metadata (10 kB)
Unit Test	Install dependencies	2026-08-21T16:34:46.1277599Z Collecting funcy>=1.14 (from dvc==3.50.1->dvc[gs]==3.50.1->-r requirements.txt (line 4))
Unit Test	Install dependencies	2026-08-21T16:34:46.1485370Z   Downloading funcy-2.0-py2.py3-none-any.whl.metadata (5.9 kB)
Unit Test	Install dependencies	2026-08-21T16:34:46.1770393Z Collecting grandalf<1,>=0.7 (from dvc==3.50.1->dvc[gs]==3.50.1->-r requirements.txt (line 4))
Unit Test	Install dependencies	2026-08-21T16:34:46.1981798Z   Downloading grandalf-0.8-py3-none-any.whl.metadata (1.7 kB)
Unit Test	Install dependencies	2026-08-21T16:34:46.2322907Z Collecting gto<2,>=1.6.0 (from dvc==3.50.1->dvc[gs]==3.50.1->-r requirements.txt (line 4))
Unit Test	Install dependencies	2026-08-21T16:34:46.2525167Z   Downloading gto-1.10.1-py3-none-any.whl.metadata (4.8 kB)
Unit Test	Install dependencies	2026-08-21T16:34:46.2877907Z Collecting hydra-core>=1.1 (from dvc==3.50.1->dvc[gs]==3.50.1->-r requirements.txt (line 4))
Unit Test	Install dependencies	2026-08-21T16:34:46.3087244Z   Downloading hydra_core-1.3.5-py3-none-any.whl.metadata (5.7 kB)
Unit Test	Install dependencies	2026-08-21T16:34:46.3375741Z Collecting iterative-telemetry>=0.0.7 (from dvc==3.50.1->dvc[gs]==3.50.1->-r requirements.txt (line 4))
Unit Test	Install dependencies	2026-08-21T16:34:46.3577097Z   Downloading iterative_telemetry-0.0.10-py3-none-any.whl.metadata (4.1 kB)
Unit Test	Install dependencies	2026-08-21T16:34:46.4060230Z Collecting kombu (from dvc==3.50.1->dvc[gs]==3.50.1->-r requirements.txt (line 4))
Unit Test	Install dependencies	2026-08-21T16:34:46.4258857Z   Downloading kombu-5.6.2-py3-none-any.whl.metadata (3.5 kB)
Unit Test	Install dependencies	2026-08-21T16:34:46.4700220Z Collecting networkx>=2.5 (from dvc==3.50.1->dvc[gs]==3.50.1->-r requirements.txt (line 4))
Unit Test	Install dependencies	2026-08-21T16:34:46.4902097Z   Downloading networkx-3.4.2-py3-none-any.whl.metadata (6.3 kB)
Unit Test	Install dependencies	2026-08-21T16:34:46.5401851Z Collecting omegaconf (from dvc==3.50.1->dvc[gs]==3.50.1->-r requirements.txt (line 4))
Unit Test	Install dependencies	2026-08-21T16:34:46.5617977Z   Downloading omegaconf-2.3.1-py3-none-any.whl.metadata (4.5 kB)
Unit Test	Install dependencies	2026-08-21T16:34:46.6019800Z Collecting platformdirs<4,>=3.1.1 (from dvc==3.50.1->dvc[gs]==3.50.1->-r requirements.txt (line 4))
Unit Test	Install dependencies	2026-08-21T16:34:46.6219576Z   Downloading platformdirs-3.11.0-py3-none-any.whl.metadata (11 kB)
Unit Test	Install dependencies	2026-08-21T16:34:46.7124905Z Collecting psutil>=5.8 (from dvc==3.50.1->dvc[gs]==3.50.1->-r requirements.txt (line 4))
Unit Test	Install dependencies	2026-08-21T16:34:46.7323588Z   Downloading psutil-7.2.2-cp36-abi3-manylinux2010_x86_64.manylinux_2_12_x86_64.manylinux_2_28_x86_64.whl.metadata (22 kB)
Unit Test	Install dependencies	2026-08-21T16:34:46.7663103Z Collecting pydot>=1.2.4 (from dvc==3.50.1->dvc[gs]==3.50.1->-r requirements.txt (line 4))
Unit Test	Install dependencies	2026-08-21T16:34:46.7860518Z   Downloading pydot-4.0.1-py3-none-any.whl.metadata (11 kB)
Unit Test	Install dependencies	2026-08-21T16:34:46.8182978Z Collecting pygtrie>=2.3.2 (from dvc==3.50.1->dvc[gs]==3.50.1->-r requirements.txt (line 4))
Unit Test	Install dependencies	2026-08-21T16:34:46.8427521Z   Downloading pygtrie-2.5.0-py3-none-any.whl.metadata (7.5 kB)
Unit Test	Install dependencies	2026-08-21T16:34:46.9398668Z Collecting pyparsing>=2.4.7 (from dvc==3.50.1->dvc[gs]==3.50.1->-r requirements.txt (line 4))
Unit Test	Install dependencies	2026-08-21T16:34:46.9603072Z   Downloading pyparsing-3.3.2-py3-none-any.whl.metadata (5.8 kB)
Unit Test	Install dependencies	2026-08-21T16:34:47.0142505Z Collecting rich>=12 (from dvc==3.50.1->dvc[gs]==3.50.1->-r requirements.txt (line 4))
Unit Test	Install dependencies	2026-08-21T16:34:47.0339795Z   Downloading rich-15.0.0-py3-none-any.whl.metadata (18 kB)
Unit Test	Install dependencies	2026-08-21T16:34:47.1771879Z Collecting ruamel.yaml>=0.17.11 (from dvc==3.50.1->dvc[gs]==3.50.1->-r requirements.txt (line 4))
Unit Test	Install dependencies	2026-08-21T16:34:47.1971058Z   Downloading ruamel_yaml-0.19.1-py3-none-any.whl.metadata (16 kB)
Unit Test	Install dependencies	2026-08-21T16:34:47.2365699Z Collecting scmrepo<4,>=3.3.2 (from dvc==3.50.1->dvc[gs]==3.50.1->-r requirements.txt (line 4))
Unit Test	Install dependencies	2026-08-21T16:34:47.2572566Z   Downloading scmrepo-3.6.2-py3-none-any.whl.metadata (4.8 kB)
Unit Test	Install dependencies	2026-08-21T16:34:47.2885849Z Collecting shortuuid>=0.5 (from dvc==3.50.1->dvc[gs]==3.50.1->-r requirements.txt (line 4))
Unit Test	Install dependencies	2026-08-21T16:34:47.3093326Z   Downloading shortuuid-1.0.13-py3-none-any.whl.metadata (5.8 kB)
Unit Test	Install dependencies	2026-08-21T16:34:47.3440330Z Collecting shtab<2,>=1.3.4 (from dvc==3.50.1->dvc[gs]==3.50.1->-r requirements.txt (line 4))
Unit Test	Install dependencies	2026-08-21T16:34:47.3648371Z   Downloading shtab-1.11.0-py3-none-any.whl.metadata (7.5 kB)
Unit Test	Install dependencies	2026-08-21T16:34:47.3932218Z Collecting tabulate>=0.8.7 (from dvc==3.50.1->dvc[gs]==3.50.1->-r requirements.txt (line 4))
Unit Test	Install dependencies	2026-08-21T16:34:47.4136014Z   Downloading tabulate-0.10.0-py3-none-any.whl.metadata (40 kB)
Unit Test	Install dependencies	2026-08-21T16:34:47.4489804Z Collecting tomlkit>=0.11.1 (from dvc==3.50.1->dvc[gs]==3.50.1->-r requirements.txt (line 4))
Unit Test	Install dependencies	2026-08-21T16:34:47.4684033Z   Downloading tomlkit-0.15.1-py3-none-any.whl.metadata (3.3 kB)
Unit Test	Install dependencies	2026-08-21T16:34:47.5125609Z Collecting tqdm<5,>=4.63.1 (from dvc==3.50.1->dvc[gs]==3.50.1->-r requirements.txt (line 4))
Unit Test	Install dependencies	2026-08-21T16:34:47.5321673Z   Downloading tqdm-4.70.0-py3-none-any.whl.metadata (57 kB)
Unit Test	Install dependencies	2026-08-21T16:34:47.5682947Z Collecting voluptuous>=0.11.7 (from dvc==3.50.1->dvc[gs]==3.50.1->-r requirements.txt (line 4))
Unit Test	Install dependencies	2026-08-21T16:34:47.5884437Z   Downloading voluptuous-0.16.0-py3-none-any.whl.metadata (20 kB)
Unit Test	Install dependencies	2026-08-21T16:34:47.6168112Z Collecting zc.lockfile>=1.2.1 (from dvc==3.50.1->dvc[gs]==3.50.1->-r requirements.txt (line 4))
Unit Test	Install dependencies	2026-08-21T16:34:47.6375460Z   Downloading zc_lockfile-4.0-py3-none-any.whl.metadata (6.6 kB)
Unit Test	Install dependencies	2026-08-21T16:34:47.6672959Z Collecting iniconfig (from pytest==8.2.0->-r requirements.txt (line 6))
Unit Test	Install dependencies	2026-08-21T16:34:47.6869900Z   Downloading iniconfig-2.3.0-py3-none-any.whl.metadata (2.5 kB)
Unit Test	Install dependencies	2026-08-21T16:34:47.7160694Z Collecting pluggy<2.0,>=1.5 (from pytest==8.2.0->-r requirements.txt (line 6))
Unit Test	Install dependencies	2026-08-21T16:34:47.7357456Z   Downloading pluggy-1.6.0-py3-none-any.whl.metadata (4.8 kB)
Unit Test	Install dependencies	2026-08-21T16:34:47.7659044Z Collecting exceptiongroup>=1.0.0rc8 (from pytest==8.2.0->-r requirements.txt (line 6))
Unit Test	Install dependencies	2026-08-21T16:34:47.7857545Z   Downloading exceptiongroup-1.3.1-py3-none-any.whl.metadata (6.7 kB)
Unit Test	Install dependencies	2026-08-21T16:34:47.8269968Z Collecting tomli>=1 (from pytest==8.2.0->-r requirements.txt (line 6))
Unit Test	Install dependencies	2026-08-21T16:34:47.8475067Z   Downloading tomli-2.4.1-py3-none-any.whl.metadata (10 kB)
Unit Test	Install dependencies	2026-08-21T16:34:47.8906978Z Collecting starlette<0.38.0,>=0.37.2 (from fastapi==0.111.0->-r requirements.txt (line 7))
Unit Test	Install dependencies	2026-08-21T16:34:47.9117183Z   Downloading starlette-0.37.2-py3-none-any.whl.metadata (5.9 kB)
Unit Test	Install dependencies	2026-08-21T16:34:48.0510802Z Collecting pydantic!=1.8,!=1.8.1,!=2.0.0,!=2.0.1,!=2.1.0,<3.0.0,>=1.7.4 (from fastapi==0.111.0->-r requirements.txt (line 7))
Unit Test	Install dependencies	2026-08-21T16:34:48.0709476Z   Downloading pydantic-2.13.4-py3-none-any.whl.metadata (109 kB)
Unit Test	Install dependencies	2026-08-21T16:34:48.1136364Z Collecting typing-extensions>=4.8.0 (from fastapi==0.111.0->-r requirements.txt (line 7))
Unit Test	Install dependencies	2026-08-21T16:34:48.1336573Z   Downloading typing_extensions-4.16.0-py3-none-any.whl.metadata (3.3 kB)
Unit Test	Install dependencies	2026-08-21T16:34:48.1654073Z Collecting fastapi-cli>=0.0.2 (from fastapi==0.111.0->-r requirements.txt (line 7))
Unit Test	Install dependencies	2026-08-21T16:34:48.1857057Z   Downloading fastapi_cli-0.0.32-py3-none-any.whl.metadata (6.7 kB)
Unit Test	Install dependencies	2026-08-21T16:34:48.2208950Z Collecting httpx>=0.23.0 (from fastapi==0.111.0->-r requirements.txt (line 7))
Unit Test	Install dependencies	2026-08-21T16:34:48.2408241Z   Downloading httpx-0.28.1-py3-none-any.whl.metadata (7.1 kB)
Unit Test	Install dependencies	2026-08-21T16:34:48.2758010Z Collecting python-multipart>=0.0.7 (from fastapi==0.111.0->-r requirements.txt (line 7))
Unit Test	Install dependencies	2026-08-21T16:34:48.2958199Z   Downloading python_multipart-0.0.32-py3-none-any.whl.metadata (2.1 kB)
Unit Test	Install dependencies	2026-08-21T16:34:48.4611448Z Collecting ujson!=4.0.2,!=4.1.0,!=4.2.0,!=4.3.0,!=5.0.0,!=5.1.0,>=4.0.1 (from fastapi==0.111.0->-r requirements.txt (line 7))
Unit Test	Install dependencies	2026-08-21T16:34:48.4830118Z   Downloading ujson-5.13.0-cp310-cp310-manylinux_2_24_x86_64.manylinux_2_28_x86_64.whl.metadata (10.0 kB)
Unit Test	Install dependencies	2026-08-21T16:34:48.7610788Z Collecting orjson>=3.2.1 (from fastapi==0.111.0->-r requirements.txt (line 7))
Unit Test	Install dependencies	2026-08-21T16:34:48.7813348Z   Downloading orjson-3.12.0-cp310-cp310-manylinux_2_17_x86_64.manylinux2014_x86_64.whl.metadata (41 kB)
Unit Test	Install dependencies	2026-08-21T16:34:48.8122708Z Collecting email_validator>=2.0.0 (from fastapi==0.111.0->-r requirements.txt (line 7))
Unit Test	Install dependencies	2026-08-21T16:34:48.8317054Z   Downloading email_validator-2.3.0-py3-none-any.whl.metadata (26 kB)
Unit Test	Install dependencies	2026-08-21T16:34:48.8645451Z Collecting h11>=0.8 (from uvicorn==0.29.0->-r requirements.txt (line 8))
Unit Test	Install dependencies	2026-08-21T16:34:48.8843401Z   Downloading h11-0.16.0-py3-none-any.whl.metadata (8.3 kB)
Unit Test	Install dependencies	2026-08-21T16:34:48.9384562Z Collecting google-auth<3.0dev,>=2.26.1 (from google-cloud-storage==2.16.0->-r requirements.txt (line 10))
Unit Test	Install dependencies	2026-08-21T16:34:48.9580353Z   Downloading google_auth-2.56.3-py3-none-any.whl.metadata (6.0 kB)
Unit Test	Install dependencies	2026-08-21T16:34:49.0130802Z Collecting google-api-core<3.0.0dev,>=2.15.0 (from google-cloud-storage==2.16.0->-r requirements.txt (line 10))
Unit Test	Install dependencies	2026-08-21T16:34:49.0328889Z   Downloading google_api_core-2.34.0-py3-none-any.whl.metadata (2.9 kB)
Unit Test	Install dependencies	2026-08-21T16:34:49.0665271Z Collecting google-cloud-core<3.0dev,>=2.3.0 (from google-cloud-storage==2.16.0->-r requirements.txt (line 10))
Unit Test	Install dependencies	2026-08-21T16:34:49.0864118Z   Downloading google_cloud_core-2.6.1-py3-none-any.whl.metadata (2.8 kB)
Unit Test	Install dependencies	2026-08-21T16:34:49.1195522Z Collecting google-resumable-media>=2.6.0 (from google-cloud-storage==2.16.0->-r requirements.txt (line 10))
Unit Test	Install dependencies	2026-08-21T16:34:49.1395289Z   Downloading google_resumable_media-2.10.1-py3-none-any.whl.metadata (2.2 kB)
Unit Test	Install dependencies	2026-08-21T16:34:49.2103802Z Collecting google-crc32c<2.0dev,>=1.0 (from google-cloud-storage==2.16.0->-r requirements.txt (line 10))
Unit Test	Install dependencies	2026-08-21T16:34:49.2315864Z   Downloading google_crc32c-1.8.0-cp310-cp310-manylinux1_x86_64.manylinux2014_x86_64.manylinux_2_17_x86_64.manylinux_2_5_x86_64.whl.metadata (1.7 kB)
Unit Test	Install dependencies	2026-08-21T16:34:49.3451688Z Collecting dvc-gs<4,>=3 (from dvc[gs]==3.50.1->-r requirements.txt (line 4))
Unit Test	Install dependencies	2026-08-21T16:34:49.3659932Z   Downloading dvc_gs-3.1.0-py3-none-any.whl.metadata (1.3 kB)
Unit Test	Install dependencies	2026-08-21T16:34:49.4143397Z Collecting Mako (from alembic!=1.10.0,<2->mlflow==2.13.0->-r requirements.txt (line 1))
Unit Test	Install dependencies	2026-08-21T16:34:49.4338386Z   Downloading mako-1.4.1-py3-none-any.whl.metadata (2.9 kB)
Unit Test	Install dependencies	2026-08-21T16:34:49.4825686Z Collecting urllib3>=1.26.0 (from docker<8,>=4.0.0->mlflow==2.13.0->-r requirements.txt (line 1))
Unit Test	Install dependencies	2026-08-21T16:34:49.5023842Z   Downloading urllib3-2.7.0-py3-none-any.whl.metadata (6.9 kB)
Unit Test	Install dependencies	2026-08-21T16:34:49.5361948Z Collecting dictdiffer>=0.8.1 (from dvc-data<3.16,>=3.15->dvc==3.50.1->dvc[gs]==3.50.1->-r requirements.txt (line 4))
Unit Test	Install dependencies	2026-08-21T16:34:49.5575251Z   Downloading dictdiffer-0.10.0-py3-none-any.whl.metadata (2.9 kB)
Unit Test	Install dependencies	2026-08-21T16:34:49.5917602Z Collecting diskcache>=5.2.1 (from dvc-data<3.16,>=3.15->dvc==3.50.1->dvc[gs]==3.50.1->-r requirements.txt (line 4))
Unit Test	Install dependencies	2026-08-21T16:34:49.6130372Z   Downloading diskcache-5.6.3-py3-none-any.whl.metadata (20 kB)
Unit Test	Install dependencies	2026-08-21T16:34:49.6506170Z Collecting sqltrie<1,>=0.11.0 (from dvc-data<3.16,>=3.15->dvc==3.50.1->dvc[gs]==3.50.1->-r requirements.txt (line 4))
Unit Test	Install dependencies	2026-08-21T16:34:49.6712076Z   Downloading sqltrie-0.11.2-py3-none-any.whl.metadata (3.3 kB)
Unit Test	Install dependencies	2026-08-21T16:34:49.7116294Z Collecting gcsfs>=2022.11.0 (from dvc-gs<4,>=3->dvc[gs]==3.50.1->-r requirements.txt (line 4))
Unit Test	Install dependencies	2026-08-21T16:34:49.7317567Z   Downloading gcsfs-2026.8.0-py3-none-any.whl.metadata (4.6 kB)
Unit Test	Install dependencies	2026-08-21T16:34:49.7884728Z Collecting billiard<5.0,>=4.2.1 (from celery->dvc==3.50.1->dvc[gs]==3.50.1->-r requirements.txt (line 4))
Unit Test	Install dependencies	2026-08-21T16:34:49.8081029Z   Downloading billiard-4.2.4-py3-none-any.whl.metadata (4.8 kB)
Unit Test	Install dependencies	2026-08-21T16:34:49.8399749Z Collecting vine<6.0,>=5.1.0 (from celery->dvc==3.50.1->dvc[gs]==3.50.1->-r requirements.txt (line 4))
Unit Test	Install dependencies	2026-08-21T16:34:49.8597769Z   Downloading vine-5.1.0-py3-none-any.whl.metadata (2.7 kB)
Unit Test	Install dependencies	2026-08-21T16:34:49.8896107Z Collecting click-didyoumean>=0.3.0 (from celery->dvc==3.50.1->dvc[gs]==3.50.1->-r requirements.txt (line 4))
Unit Test	Install dependencies	2026-08-21T16:34:49.9094411Z   Downloading click_didyoumean-0.3.1-py3-none-any.whl.metadata (3.9 kB)
Unit Test	Install dependencies	2026-08-21T16:34:49.9370772Z Collecting click-repl>=0.2.0 (from celery->dvc==3.50.1->dvc[gs]==3.50.1->-r requirements.txt (line 4))
Unit Test	Install dependencies	2026-08-21T16:34:49.9571400Z   Downloading click_repl-0.3.0-py3-none-any.whl.metadata (3.6 kB)
Unit Test	Install dependencies	2026-08-21T16:34:49.9845959Z Collecting click-plugins>=1.1.1 (from celery->dvc==3.50.1->dvc[gs]==3.50.1->-r requirements.txt (line 4))
Unit Test	Install dependencies	2026-08-21T16:34:50.0046395Z   Downloading click_plugins-1.1.1.2-py2.py3-none-any.whl.metadata (6.5 kB)
Unit Test	Install dependencies	2026-08-21T16:34:50.0389551Z Collecting tzlocal (from celery->dvc==3.50.1->dvc[gs]==3.50.1->-r requirements.txt (line 4))
Unit Test	Install dependencies	2026-08-21T16:34:50.0587933Z   Downloading tzlocal-5.4.4-py3-none-any.whl.metadata (7.7 kB)
Unit Test	Install dependencies	2026-08-21T16:34:50.0923184Z Collecting blinker>=1.9.0 (from Flask<4->mlflow==2.13.0->-r requirements.txt (line 1))
Unit Test	Install dependencies	2026-08-21T16:34:50.1122284Z   Downloading blinker-1.9.0-py3-none-any.whl.metadata (1.6 kB)
Unit Test	Install dependencies	2026-08-21T16:34:50.1425639Z Collecting itsdangerous>=2.2.0 (from Flask<4->mlflow==2.13.0->-r requirements.txt (line 1))
Unit Test	Install dependencies	2026-08-21T16:34:50.1624092Z   Downloading itsdangerous-2.2.0-py3-none-any.whl.metadata (1.9 kB)
Unit Test	Install dependencies	2026-08-21T16:34:50.2332931Z Collecting markupsafe>=2.1.1 (from Flask<4->mlflow==2.13.0->-r requirements.txt (line 1))
Unit Test	Install dependencies	2026-08-21T16:34:50.2535575Z   Downloading markupsafe-3.0.3-cp310-cp310-manylinux2014_x86_64.manylinux_2_17_x86_64.manylinux_2_28_x86_64.whl.metadata (2.7 kB)
Unit Test	Install dependencies	2026-08-21T16:34:50.2893583Z Collecting werkzeug>=3.1.0 (from Flask<4->mlflow==2.13.0->-r requirements.txt (line 1))
Unit Test	Install dependencies	2026-08-21T16:34:50.3101582Z   Downloading werkzeug-3.1.8-py3-none-any.whl.metadata (4.0 kB)
Unit Test	Install dependencies	2026-08-21T16:34:50.3435222Z Collecting atpublic>=2.3 (from flufl.lock<8,>=5->dvc==3.50.1->dvc[gs]==3.50.1->-r requirements.txt (line 4))
Unit Test	Install dependencies	2026-08-21T16:34:50.3643563Z   Downloading atpublic-7.0.0-py3-none-any.whl.metadata (2.0 kB)
Unit Test	Install dependencies	2026-08-21T16:34:50.3968271Z Collecting gitdb<5,>=4.0.1 (from gitpython<4,>=3.1.9->mlflow==2.13.0->-r requirements.txt (line 1))
Unit Test	Install dependencies	2026-08-21T16:34:50.4163036Z   Downloading gitdb-4.0.12-py3-none-any.whl.metadata (1.2 kB)
Unit Test	Install dependencies	2026-08-21T16:34:50.4454961Z Collecting smmap<6,>=3.0.1 (from gitdb<5,>=4.0.1->gitpython<4,>=3.1.9->mlflow==2.13.0->-r requirements.txt (line 1))
Unit Test	Install dependencies	2026-08-21T16:34:50.4656100Z   Downloading smmap-5.0.3-py3-none-any.whl.metadata (4.6 kB)
Unit Test	Install dependencies	2026-08-21T16:34:50.5012440Z Collecting googleapis-common-protos<2.0.0,>=1.69.2 (from google-api-core<3.0.0dev,>=2.15.0->google-cloud-storage==2.16.0->-r requirements.txt (line 10))
Unit Test	Install dependencies	2026-08-21T16:34:50.5210925Z   Downloading googleapis_common_protos-1.75.1-py3-none-any.whl.metadata (8.5 kB)
Unit Test	Install dependencies	2026-08-21T16:34:50.5311307Z INFO: pip is looking at multiple versions of google-api-core to determine which version is compatible with other requirements. This could take a while.
Unit Test	Install dependencies	2026-08-21T16:34:50.5320851Z Collecting google-api-core<3.0.0dev,>=2.15.0 (from google-cloud-storage==2.16.0->-r requirements.txt (line 10))
Unit Test	Install dependencies	2026-08-21T16:34:50.5521193Z   Downloading google_api_core-2.33.0-py3-none-any.whl.metadata (3.2 kB)
Unit Test	Install dependencies	2026-08-21T16:34:50.5873121Z   Downloading google_api_core-2.32.0-py3-none-any.whl.metadata (3.2 kB)
Unit Test	Install dependencies	2026-08-21T16:34:50.6129221Z   Downloading google_api_core-2.31.0-py3-none-any.whl.metadata (3.2 kB)
Unit Test	Install dependencies	2026-08-21T16:34:50.6380447Z   Downloading google_api_core-2.30.3-py3-none-any.whl.metadata (3.1 kB)
Unit Test	Install dependencies	2026-08-21T16:34:50.6804316Z Collecting proto-plus<2.0.0,>=1.22.3 (from google-api-core<3.0.0dev,>=2.15.0->google-cloud-storage==2.16.0->-r requirements.txt (line 10))
Unit Test	Install dependencies	2026-08-21T16:34:50.7002898Z   Downloading proto_plus-1.28.3-py3-none-any.whl.metadata (2.2 kB)
Unit Test	Install dependencies	2026-08-21T16:34:50.7493023Z Collecting pyasn1-modules>=0.2.1 (from google-auth<3.0dev,>=2.26.1->google-cloud-storage==2.16.0->-r requirements.txt (line 10))
Unit Test	Install dependencies	2026-08-21T16:34:50.7689577Z   Downloading pyasn1_modules-0.4.2-py3-none-any.whl.metadata (3.5 kB)
Unit Test	Install dependencies	2026-08-21T16:34:50.9733463Z Collecting cryptography>=38.0.3 (from google-auth<3.0dev,>=2.26.1->google-cloud-storage==2.16.0->-r requirements.txt (line 10))
Unit Test	Install dependencies	2026-08-21T16:34:50.9942598Z   Downloading cryptography-50.0.0-cp39-abi3-manylinux_2_34_x86_64.whl.metadata (4.3 kB)
Unit Test	Install dependencies	2026-08-21T16:34:51.0205894Z INFO: pip is looking at multiple versions of googleapis-common-protos to determine which version is compatible with other requirements. This could take a while.
Unit Test	Install dependencies	2026-08-21T16:34:51.0215348Z Collecting googleapis-common-protos<2.0.0,>=1.63.2 (from google-api-core<3.0.0dev,>=2.15.0->google-cloud-storage==2.16.0->-r requirements.txt (line 10))
Unit Test	Install dependencies	2026-08-21T16:34:51.0414040Z   Downloading googleapis_common_protos-1.75.0-py3-none-any.whl.metadata (8.6 kB)
Unit Test	Install dependencies	2026-08-21T16:34:51.0847916Z Collecting graphql-core<3.3,>=3.1 (from graphene<4->mlflow==2.13.0->-r requirements.txt (line 1))
Unit Test	Install dependencies	2026-08-21T16:34:51.1057413Z   Downloading graphql_core-3.2.11-py3-none-any.whl.metadata (11 kB)
Unit Test	Install dependencies	2026-08-21T16:34:51.1353307Z Collecting graphql-relay<3.3,>=3.1 (from graphene<4->mlflow==2.13.0->-r requirements.txt (line 1))
Unit Test	Install dependencies	2026-08-21T16:34:51.1565162Z   Downloading graphql_relay-3.2.0-py3-none-any.whl.metadata (12 kB)
Unit Test	Install dependencies	2026-08-21T16:34:51.2120501Z Collecting pydantic-settings>=2 (from gto<2,>=1.6.0->dvc==3.50.1->dvc[gs]==3.50.1->-r requirements.txt (line 4))
Unit Test	Install dependencies	2026-08-21T16:34:51.2317867Z   Downloading pydantic_settings-2.15.0-py3-none-any.whl.metadata (3.9 kB)
Unit Test	Install dependencies	2026-08-21T16:34:51.2676338Z Collecting semver>=2.13.0 (from gto<2,>=1.6.0->dvc==3.50.1->dvc[gs]==3.50.1->-r requirements.txt (line 4))
Unit Test	Install dependencies	2026-08-21T16:34:51.2874240Z   Downloading semver-3.0.4-py3-none-any.whl.metadata (6.8 kB)
Unit Test	Install dependencies	2026-08-21T16:34:51.3284766Z Collecting zipp>=0.5 (from importlib-metadata!=4.7.0,<8,>=3.7.0->mlflow==2.13.0->-r requirements.txt (line 1))
Unit Test	Install dependencies	2026-08-21T16:34:51.3484692Z   Downloading zipp-4.1.0-py3-none-any.whl.metadata (3.6 kB)
Unit Test	Install dependencies	2026-08-21T16:34:51.3893423Z Collecting amqp<6.0.0,>=5.1.1 (from kombu->dvc==3.50.1->dvc[gs]==3.50.1->-r requirements.txt (line 4))
Unit Test	Install dependencies	2026-08-21T16:34:51.4093390Z   Downloading amqp-5.3.1-py3-none-any.whl.metadata (8.9 kB)
Unit Test	Install dependencies	2026-08-21T16:34:51.4996336Z Collecting contourpy>=1.0.1 (from matplotlib<4->mlflow==2.13.0->-r requirements.txt (line 1))
Unit Test	Install dependencies	2026-08-21T16:34:51.5253724Z   Downloading contourpy-1.3.2-cp310-cp310-manylinux_2_17_x86_64.manylinux2014_x86_64.whl.metadata (5.5 kB)
Unit Test	Install dependencies	2026-08-21T16:34:51.5549597Z Collecting cycler>=0.10 (from matplotlib<4->mlflow==2.13.0->-r requirements.txt (line 1))
Unit Test	Install dependencies	2026-08-21T16:34:51.5754608Z   Downloading cycler-0.12.1-py3-none-any.whl.metadata (3.8 kB)
Unit Test	Install dependencies	2026-08-21T16:34:51.8505790Z Collecting fonttools>=4.22.0 (from matplotlib<4->mlflow==2.13.0->-r requirements.txt (line 1))
Unit Test	Install dependencies	2026-08-21T16:34:51.8753860Z   Downloading fonttools-4.63.0-cp310-cp310-manylinux2014_x86_64.manylinux_2_17_x86_64.whl.metadata (118 kB)
Unit Test	Install dependencies	2026-08-21T16:34:51.9709027Z Collecting kiwisolver>=1.3.1 (from matplotlib<4->mlflow==2.13.0->-r requirements.txt (line 1))
Unit Test	Install dependencies	2026-08-21T16:34:51.9917608Z   Downloading kiwisolver-1.5.0-cp310-cp310-manylinux_2_12_x86_64.manylinux2010_x86_64.whl.metadata (5.1 kB)
Unit Test	Install dependencies	2026-08-21T16:34:52.1926100Z Collecting pillow>=8 (from matplotlib<4->mlflow==2.13.0->-r requirements.txt (line 1))
Unit Test	Install dependencies	2026-08-21T16:34:52.2132782Z   Downloading pillow-12.3.0-cp310-cp310-manylinux_2_27_x86_64.manylinux_2_28_x86_64.whl.metadata (9.1 kB)
Unit Test	Install dependencies	2026-08-21T16:34:52.2616998Z Collecting opentelemetry-semantic-conventions==0.65b0 (from opentelemetry-sdk<3,>=1.0.0->mlflow==2.13.0->-r requirements.txt (line 1))
Unit Test	Install dependencies	2026-08-21T16:34:52.2814063Z   Downloading opentelemetry_semantic_conventions-0.65b0-py3-none-any.whl.metadata (2.4 kB)
Unit Test	Install dependencies	2026-08-21T16:34:52.2923689Z INFO: pip is looking at multiple versions of proto-plus to determine which version is compatible with other requirements. This could take a while.
Unit Test	Install dependencies	2026-08-21T16:34:52.2931334Z Collecting proto-plus<2.0.0,>=1.22.3 (from google-api-core<3.0.0dev,>=2.15.0->google-cloud-storage==2.16.0->-r requirements.txt (line 10))
Unit Test	Install dependencies	2026-08-21T16:34:52.3143817Z   Downloading proto_plus-1.28.2-py3-none-any.whl.metadata (2.2 kB)
Unit Test	Install dependencies	2026-08-21T16:34:52.3504099Z Collecting annotated-types>=0.6.0 (from pydantic!=1.8,!=1.8.1,!=2.0.0,!=2.0.1,!=2.1.0,<3.0.0,>=1.7.4->fastapi==0.111.0->-r requirements.txt (line 7))
Unit Test	Install dependencies	2026-08-21T16:34:52.3701973Z   Downloading annotated_types-0.8.0-py3-none-any.whl.metadata (15 kB)
Unit Test	Install dependencies	2026-08-21T16:34:53.1850832Z Collecting pydantic-core==2.46.4 (from pydantic!=1.8,!=1.8.1,!=2.0.0,!=2.0.1,!=2.1.0,<3.0.0,>=1.7.4->fastapi==0.111.0->-r requirements.txt (line 7))
Unit Test	Install dependencies	2026-08-21T16:34:53.2054714Z   Downloading pydantic_core-2.46.4-cp310-cp310-manylinux_2_17_x86_64.manylinux2014_x86_64.whl.metadata (6.6 kB)
Unit Test	Install dependencies	2026-08-21T16:34:53.2366941Z Collecting typing-inspection>=0.4.2 (from pydantic!=1.8,!=1.8.1,!=2.0.0,!=2.0.1,!=2.1.0,<3.0.0,>=1.7.4->fastapi==0.111.0->-r requirements.txt (line 7))
Unit Test	Install dependencies	2026-08-21T16:34:53.2571196Z   Downloading typing_inspection-0.4.4-py3-none-any.whl.metadata (2.6 kB)
Unit Test	Install dependencies	2026-08-21T16:34:53.2914875Z Collecting six>=1.5 (from python-dateutil>=2.8.2->pandas==2.2.2->-r requirements.txt (line 3))
Unit Test	Install dependencies	2026-08-21T16:34:53.3111112Z   Downloading six-1.17.0-py2.py3-none-any.whl.metadata (1.7 kB)
Unit Test	Install dependencies	2026-08-21T16:34:53.5718017Z Collecting charset_normalizer<4,>=2 (from requests<3,>=2.17.3->mlflow==2.13.0->-r requirements.txt (line 1))
Unit Test	Install dependencies	2026-08-21T16:34:53.5918956Z   Downloading charset_normalizer-3.5.1-cp310-cp310-manylinux2014_x86_64.manylinux_2_17_x86_64.manylinux_2_28_x86_64.whl.metadata (45 kB)
Unit Test	Install dependencies	2026-08-21T16:34:53.6241415Z Collecting idna<4,>=2.5 (from requests<3,>=2.17.3->mlflow==2.13.0->-r requirements.txt (line 1))
Unit Test	Install dependencies	2026-08-21T16:34:53.6437664Z   Downloading idna-3.19-py3-none-any.whl.metadata (9.2 kB)
Unit Test	Install dependencies	2026-08-21T16:34:53.6846214Z Collecting certifi>=2023.5.7 (from requests<3,>=2.17.3->mlflow==2.13.0->-r requirements.txt (line 1))
Unit Test	Install dependencies	2026-08-21T16:34:53.7044382Z   Downloading certifi-2026.7.22-py3-none-any.whl.metadata (2.5 kB)
Unit Test	Install dependencies	2026-08-21T16:34:53.8248372Z Collecting pygit2>=1.14.0 (from scmrepo<4,>=3.3.2->dvc==3.50.1->dvc[gs]==3.50.1->-r requirements.txt (line 4))
Unit Test	Install dependencies	2026-08-21T16:34:53.8452926Z   Downloading pygit2-1.18.2-cp310-cp310-manylinux_2_26_x86_64.manylinux_2_28_x86_64.whl.metadata (3.6 kB)
Unit Test	Install dependencies	2026-08-21T16:34:53.8827853Z Collecting asyncssh<3,>=2.13.1 (from scmrepo<4,>=3.3.2->dvc==3.50.1->dvc[gs]==3.50.1->-r requirements.txt (line 4))
Unit Test	Install dependencies	2026-08-21T16:34:53.9024586Z   Downloading asyncssh-2.24.0-py3-none-any.whl.metadata (9.8 kB)
Unit Test	Install dependencies	2026-08-21T16:34:53.9342972Z Collecting aiohttp-retry>=2.5.0 (from scmrepo<4,>=3.3.2->dvc==3.50.1->dvc[gs]==3.50.1->-r requirements.txt (line 4))
Unit Test	Install dependencies	2026-08-21T16:34:53.9540583Z   Downloading aiohttp_retry-2.9.1-py3-none-any.whl.metadata (8.8 kB)
Unit Test	Install dependencies	2026-08-21T16:34:54.1428574Z Collecting greenlet>=1 (from sqlalchemy<3,>=1.4.0->mlflow==2.13.0->-r requirements.txt (line 1))
Unit Test	Install dependencies	2026-08-21T16:34:54.1626983Z   Downloading greenlet-3.5.5-cp310-cp310-manylinux_2_24_x86_64.manylinux_2_28_x86_64.whl.metadata (3.8 kB)
Unit Test	Install dependencies	2026-08-21T16:34:54.2035389Z Collecting anyio<5,>=3.4.0 (from starlette<0.38.0,>=0.37.2->fastapi==0.111.0->-r requirements.txt (line 7))
Unit Test	Install dependencies	2026-08-21T16:34:54.2233168Z   Downloading anyio-4.14.2-py3-none-any.whl.metadata (4.6 kB)
Unit Test	Install dependencies	2026-08-21T16:34:54.9076141Z Collecting aiohttp (from aiohttp-retry>=2.5.0->scmrepo<4,>=3.3.2->dvc==3.50.1->dvc[gs]==3.50.1->-r requirements.txt (line 4))
Unit Test	Install dependencies	2026-08-21T16:34:54.9290619Z   Downloading aiohttp-3.14.3-cp310-cp310-manylinux2014_x86_64.manylinux_2_17_x86_64.manylinux_2_28_x86_64.whl.metadata (8.3 kB)
Unit Test	Install dependencies	2026-08-21T16:34:54.9863715Z Collecting prompt-toolkit>=3.0.36 (from click-repl>=0.2.0->celery->dvc==3.50.1->dvc[gs]==3.50.1->-r requirements.txt (line 4))
Unit Test	Install dependencies	2026-08-21T16:34:55.0060092Z   Downloading prompt_toolkit-3.0.53-py3-none-any.whl.metadata (6.4 kB)
Unit Test	Install dependencies	2026-08-21T16:34:55.1393580Z Collecting cffi>=2.0.0 (from cryptography>=38.0.3->google-auth<3.0dev,>=2.26.1->google-cloud-storage==2.16.0->-r requirements.txt (line 10))
Unit Test	Install dependencies	2026-08-21T16:34:55.1602053Z   Downloading cffi-2.1.1-cp310-cp310-manylinux2014_x86_64.manylinux_2_17_x86_64.whl.metadata (2.5 kB)
Unit Test	Install dependencies	2026-08-21T16:34:55.1924756Z Collecting pycparser (from cffi>=2.0.0->cryptography>=38.0.3->google-auth<3.0dev,>=2.26.1->google-cloud-storage==2.16.0->-r requirements.txt (line 10))
Unit Test	Install dependencies	2026-08-21T16:34:55.2122368Z   Downloading pycparser-3.0-py3-none-any.whl.metadata (8.2 kB)
Unit Test	Install dependencies	2026-08-21T16:34:55.2514029Z Collecting dnspython>=2.0.0 (from email_validator>=2.0.0->fastapi==0.111.0->-r requirements.txt (line 7))
Unit Test	Install dependencies	2026-08-21T16:34:55.2712091Z   Downloading dnspython-2.8.0-py3-none-any.whl.metadata (5.7 kB)
Unit Test	Install dependencies	2026-08-21T16:34:55.3180627Z Collecting typer>=0.16.0 (from fastapi-cli>=0.0.2->fastapi==0.111.0->-r requirements.txt (line 7))
Unit Test	Install dependencies	2026-08-21T16:34:55.3377877Z   Downloading typer-0.27.1-py3-none-any.whl.metadata (16 kB)
Unit Test	Install dependencies	2026-08-21T16:34:55.3741839Z Collecting rich-toolkit>=0.14.8 (from fastapi-cli>=0.0.2->fastapi==0.111.0->-r requirements.txt (line 7))
Unit Test	Install dependencies	2026-08-21T16:34:55.3940429Z   Downloading rich_toolkit-0.20.3-py3-none-any.whl.metadata (1.0 kB)
Unit Test	Install dependencies	2026-08-21T16:34:55.4442873Z Collecting decorator>4.1.2 (from gcsfs>=2022.11.0->dvc-gs<4,>=3->dvc[gs]==3.50.1->-r requirements.txt (line 4))
Unit Test	Install dependencies	2026-08-21T16:34:55.4638189Z   Downloading decorator-5.3.1-py3-none-any.whl.metadata (3.9 kB)
Unit Test	Install dependencies	2026-08-21T16:34:55.4948554Z Collecting google-auth-oauthlib (from gcsfs>=2022.11.0->dvc-gs<4,>=3->dvc[gs]==3.50.1->-r requirements.txt (line 4))
Unit Test	Install dependencies	2026-08-21T16:34:55.5156720Z   Downloading google_auth_oauthlib-1.4.0-py3-none-any.whl.metadata (2.6 kB)
Unit Test	Install dependencies	2026-08-21T16:34:55.5530804Z Collecting google-cloud-storage-control (from gcsfs>=2022.11.0->dvc-gs<4,>=3->dvc[gs]==3.50.1->-r requirements.txt (line 4))
Unit Test	Install dependencies	2026-08-21T16:34:55.5728100Z   Downloading google_cloud_storage_control-1.13.0-py3-none-any.whl.metadata (9.8 kB)
Unit Test	Install dependencies	2026-08-21T16:34:55.5788945Z INFO: pip is looking at multiple versions of gcsfs to determine which version is compatible with other requirements. This could take a while.
Unit Test	Install dependencies	2026-08-21T16:34:55.5797203Z Collecting gcsfs>=2022.11.0 (from dvc-gs<4,>=3->dvc[gs]==3.50.1->-r requirements.txt (line 4))
Unit Test	Install dependencies	2026-08-21T16:34:55.6003369Z   Downloading gcsfs-2026.7.0-py3-none-any.whl.metadata (4.6 kB)
Unit Test	Install dependencies	2026-08-21T16:34:55.6278523Z   Downloading gcsfs-2026.6.0-py3-none-any.whl.metadata (4.6 kB)
Unit Test	Install dependencies	2026-08-21T16:34:55.6580600Z   Downloading gcsfs-2026.5.0-py3-none-any.whl.metadata (4.5 kB)
Unit Test	Install dependencies	2026-08-21T16:34:55.6862911Z   Downloading gcsfs-2026.4.0-py3-none-any.whl.metadata (4.5 kB)
Unit Test	Install dependencies	2026-08-21T16:34:55.7128870Z   Downloading gcsfs-2026.3.0-py3-none-any.whl.metadata (2.1 kB)
Unit Test	Install dependencies	2026-08-21T16:34:55.7392253Z   Downloading gcsfs-2026.2.0-py3-none-any.whl.metadata (2.1 kB)
Unit Test	Install dependencies	2026-08-21T16:34:55.7770299Z   Downloading gcsfs-2026.1.0-py3-none-any.whl.metadata (2.1 kB)
Unit Test	Install dependencies	2026-08-21T16:34:55.7817751Z INFO: pip is still looking at multiple versions of gcsfs to determine which version is compatible with other requirements. This could take a while.
Unit Test	Install dependencies	2026-08-21T16:34:55.8045015Z   Downloading gcsfs-2025.12.0-py3-none-any.whl.metadata (2.1 kB)
Unit Test	Install dependencies	2026-08-21T16:34:55.8302462Z   Downloading gcsfs-2025.10.0-py2.py3-none-any.whl.metadata (2.1 kB)
Unit Test	Install dependencies	2026-08-21T16:34:55.8554209Z   Downloading gcsfs-2025.9.0-py2.py3-none-any.whl.metadata (2.1 kB)
Unit Test	Install dependencies	2026-08-21T16:34:55.8803886Z   Downloading gcsfs-2025.7.0-py2.py3-none-any.whl.metadata (2.1 kB)
Unit Test	Install dependencies	2026-08-21T16:34:55.9062532Z   Downloading gcsfs-2025.5.1-py2.py3-none-any.whl.metadata (1.9 kB)
Unit Test	Install dependencies	2026-08-21T16:34:55.9112589Z INFO: This is taking longer than usual. You might need to provide the dependency resolver with stricter constraints to reduce runtime. See https://pip.pypa.io/warnings/backtracking for guidance. If you want to abort this run, press Ctrl + C.
Unit Test	Install dependencies	2026-08-21T16:34:55.9327757Z   Downloading gcsfs-2025.5.0.post1-py2.py3-none-any.whl.metadata (1.9 kB)
Unit Test	Install dependencies	2026-08-21T16:34:55.9584540Z   Downloading gcsfs-2025.5.0-py2.py3-none-any.whl.metadata (1.9 kB)
Unit Test	Install dependencies	2026-08-21T16:34:55.9843366Z   Downloading gcsfs-2025.3.2-py2.py3-none-any.whl.metadata (1.9 kB)
Unit Test	Install dependencies	2026-08-21T16:34:56.0102232Z   Downloading gcsfs-2025.3.1-py2.py3-none-any.whl.metadata (1.9 kB)
Unit Test	Install dependencies	2026-08-21T16:34:56.0416288Z   Downloading gcsfs-2025.3.0-py2.py3-none-any.whl.metadata (1.9 kB)
Unit Test	Install dependencies	2026-08-21T16:34:56.0687666Z   Downloading gcsfs-2025.2.0-py2.py3-none-any.whl.metadata (1.9 kB)
Unit Test	Install dependencies	2026-08-21T16:34:56.1007662Z   Downloading gcsfs-2024.12.0-py2.py3-none-any.whl.metadata (1.6 kB)
Unit Test	Install dependencies	2026-08-21T16:34:56.1266303Z   Downloading gcsfs-2024.10.0-py2.py3-none-any.whl.metadata (1.6 kB)
Unit Test	Install dependencies	2026-08-21T16:34:56.1551642Z   Downloading gcsfs-2024.9.0.post1-py2.py3-none-any.whl.metadata (1.6 kB)
Unit Test	Install dependencies	2026-08-21T16:34:56.1815205Z   Downloading gcsfs-2024.6.1-py2.py3-none-any.whl.metadata (1.6 kB)
Unit Test	Install dependencies	2026-08-21T16:34:56.2086386Z   Downloading gcsfs-2024.6.0-py2.py3-none-any.whl.metadata (1.6 kB)
Unit Test	Install dependencies	2026-08-21T16:34:56.2374981Z   Downloading gcsfs-2024.5.0-py2.py3-none-any.whl.metadata (1.6 kB)
Unit Test	Install dependencies	2026-08-21T16:34:56.2631060Z   Downloading gcsfs-2024.3.1-py2.py3-none-any.whl.metadata (1.6 kB)
Unit Test	Install dependencies	2026-08-21T16:34:56.2889750Z   Downloading gcsfs-2024.2.0-py2.py3-none-any.whl.metadata (1.6 kB)
Unit Test	Install dependencies	2026-08-21T16:34:56.3149216Z   Downloading gcsfs-2023.12.2.post1-py2.py3-none-any.whl.metadata (1.6 kB)
Unit Test	Install dependencies	2026-08-21T16:34:56.3444748Z   Downloading gcsfs-2023.12.1-py2.py3-none-any.whl.metadata (1.6 kB)
Unit Test	Install dependencies	2026-08-21T16:34:56.3709548Z   Downloading gcsfs-2023.12.0-py2.py3-none-any.whl.metadata (1.6 kB)
Unit Test	Install dependencies	2026-08-21T16:34:56.3971241Z   Downloading gcsfs-2023.10.0-py2.py3-none-any.whl.metadata (1.6 kB)
Unit Test	Install dependencies	2026-08-21T16:34:56.4226624Z   Downloading gcsfs-2023.9.2-py2.py3-none-any.whl.metadata (1.6 kB)
Unit Test	Install dependencies	2026-08-21T16:34:56.4484836Z   Downloading gcsfs-2023.9.1-py2.py3-none-any.whl.metadata (1.6 kB)
Unit Test	Install dependencies	2026-08-21T16:34:56.4746995Z   Downloading gcsfs-2023.9.0-py2.py3-none-any.whl.metadata (1.6 kB)
Unit Test	Install dependencies	2026-08-21T16:34:56.5007092Z   Downloading gcsfs-2023.6.0-py2.py3-none-any.whl.metadata (1.6 kB)
Unit Test	Install dependencies	2026-08-21T16:34:56.5262118Z   Downloading gcsfs-2023.5.0-py2.py3-none-any.whl.metadata (1.6 kB)
Unit Test	Install dependencies	2026-08-21T16:34:56.5521011Z   Downloading gcsfs-2023.4.0-py2.py3-none-any.whl.metadata (1.6 kB)
Unit Test	Install dependencies	2026-08-21T16:34:56.5780052Z   Downloading gcsfs-2023.3.0-py2.py3-none-any.whl.metadata (1.6 kB)
Unit Test	Install dependencies	2026-08-21T16:34:56.6037102Z   Downloading gcsfs-2023.1.0-py2.py3-none-any.whl.metadata (1.6 kB)
Unit Test	Install dependencies	2026-08-21T16:34:56.6296408Z   Downloading gcsfs-2022.11.0-py2.py3-none-any.whl.metadata (1.6 kB)
Unit Test	Install dependencies	2026-08-21T16:34:56.6372672Z Collecting fsspec[tqdm]>=2024.2.0 (from scmrepo<4,>=3.3.2->dvc==3.50.1->dvc[gs]==3.50.1->-r requirements.txt (line 4))
Unit Test	Install dependencies	2026-08-21T16:34:56.6570846Z   Downloading fsspec-2026.6.0-py3-none-any.whl.metadata (10 kB)
Unit Test	Install dependencies	2026-08-21T16:34:56.7024625Z Collecting fsspec (from dvc==3.50.1->dvc[gs]==3.50.1->-r requirements.txt (line 4))
Unit Test	Install dependencies	2026-08-21T16:34:56.7223463Z   Downloading fsspec-2026.3.0-py3-none-any.whl.metadata (10 kB)
Unit Test	Install dependencies	2026-08-21T16:34:56.7788023Z   Downloading fsspec-2026.2.0-py3-none-any.whl.metadata (10 kB)
Unit Test	Install dependencies	2026-08-21T16:34:56.8300733Z   Downloading fsspec-2026.1.0-py3-none-any.whl.metadata (10 kB)
Unit Test	Install dependencies	2026-08-21T16:34:56.8843065Z   Downloading fsspec-2025.12.0-py3-none-any.whl.metadata (10 kB)
Unit Test	Install dependencies	2026-08-21T16:34:56.9158916Z INFO: pip is looking at multiple versions of fsspec[tqdm] to determine which version is compatible with other requirements. This could take a while.
Unit Test	Install dependencies	2026-08-21T16:34:56.9167123Z Collecting fsspec[tqdm]>=2024.2.0 (from scmrepo<4,>=3.3.2->dvc==3.50.1->dvc[gs]==3.50.1->-r requirements.txt (line 4))
Unit Test	Install dependencies	2026-08-21T16:34:56.9377369Z   Downloading fsspec-2026.4.0-py3-none-any.whl.metadata (10 kB)
Unit Test	Install dependencies	2026-08-21T16:34:56.9977319Z Collecting aiohappyeyeballs>=2.5.0 (from aiohttp->aiohttp-retry>=2.5.0->scmrepo<4,>=3.3.2->dvc==3.50.1->dvc[gs]==3.50.1->-r requirements.txt (line 4))
Unit Test	Install dependencies	2026-08-21T16:34:57.0175569Z   Downloading aiohappyeyeballs-2.7.1-py3-none-any.whl.metadata (5.9 kB)
Unit Test	Install dependencies	2026-08-21T16:34:57.0449876Z Collecting aiosignal>=1.4.0 (from aiohttp->aiohttp-retry>=2.5.0->scmrepo<4,>=3.3.2->dvc==3.50.1->dvc[gs]==3.50.1->-r requirements.txt (line 4))
Unit Test	Install dependencies	2026-08-21T16:34:57.0649785Z   Downloading aiosignal-1.4.0-py3-none-any.whl.metadata (3.7 kB)
Unit Test	Install dependencies	2026-08-21T16:34:57.0945096Z Collecting async-timeout<6.0,>=4.0 (from aiohttp->aiohttp-retry>=2.5.0->scmrepo<4,>=3.3.2->dvc==3.50.1->dvc[gs]==3.50.1->-r requirements.txt (line 4))
Unit Test	Install dependencies	2026-08-21T16:34:57.1142893Z   Downloading async_timeout-5.0.1-py3-none-any.whl.metadata (5.1 kB)
Unit Test	Install dependencies	2026-08-21T16:34:57.2029907Z Collecting frozenlist>=1.1.1 (from aiohttp->aiohttp-retry>=2.5.0->scmrepo<4,>=3.3.2->dvc==3.50.1->dvc[gs]==3.50.1->-r requirements.txt (line 4))
Unit Test	Install dependencies	2026-08-21T16:34:57.2234183Z   Downloading frozenlist-1.8.0-cp310-cp310-manylinux1_x86_64.manylinux_2_28_x86_64.manylinux_2_5_x86_64.whl.metadata (20 kB)
Unit Test	Install dependencies	2026-08-21T16:34:57.6298955Z Collecting multidict<7.0,>=4.5 (from aiohttp->aiohttp-retry>=2.5.0->scmrepo<4,>=3.3.2->dvc==3.50.1->dvc[gs]==3.50.1->-r requirements.txt (line 4))
Unit Test	Install dependencies	2026-08-21T16:34:57.6502324Z   Downloading multidict-6.7.1-cp310-cp310-manylinux2014_x86_64.manylinux_2_17_x86_64.manylinux_2_28_x86_64.whl.metadata (5.3 kB)
Unit Test	Install dependencies	2026-08-21T16:34:57.7291256Z Collecting propcache>=0.2.0 (from aiohttp->aiohttp-retry>=2.5.0->scmrepo<4,>=3.3.2->dvc==3.50.1->dvc[gs]==3.50.1->-r requirements.txt (line 4))
Unit Test	Install dependencies	2026-08-21T16:34:57.7493222Z   Downloading propcache-0.5.2-cp310-cp310-manylinux2014_x86_64.manylinux_2_17_x86_64.manylinux_2_28_x86_64.whl.metadata (16 kB)
Unit Test	Install dependencies	2026-08-21T16:34:58.0360184Z Collecting yarl<2.0,>=1.17.0 (from aiohttp->aiohttp-retry>=2.5.0->scmrepo<4,>=3.3.2->dvc==3.50.1->dvc[gs]==3.50.1->-r requirements.txt (line 4))
Unit Test	Install dependencies	2026-08-21T16:34:58.0566274Z   Downloading yarl-1.24.5-cp310-cp310-manylinux2014_x86_64.manylinux_2_17_x86_64.manylinux_2_28_x86_64.whl.metadata (103 kB)
Unit Test	Install dependencies	2026-08-21T16:34:58.1315425Z Collecting httpcore==1.* (from httpx>=0.23.0->fastapi==0.111.0->-r requirements.txt (line 7))
Unit Test	Install dependencies	2026-08-21T16:34:58.1514104Z   Downloading httpcore-1.0.9-py3-none-any.whl.metadata (21 kB)
Unit Test	Install dependencies	2026-08-21T16:34:58.1896766Z Collecting antlr4-python3-runtime==4.9.* (from hydra-core>=1.1->dvc==3.50.1->dvc[gs]==3.50.1->-r requirements.txt (line 4))
Unit Test	Install dependencies	2026-08-21T16:34:58.2096427Z   Downloading antlr4-python3-runtime-4.9.3.tar.gz (117 kB)
Unit Test	Install dependencies	2026-08-21T16:34:58.2392713Z   Installing build dependencies: started
Unit Test	Install dependencies	2026-08-21T16:34:59.2108594Z   Installing build dependencies: finished with status 'done'
Unit Test	Install dependencies	2026-08-21T16:34:59.2116283Z   Getting requirements to build wheel: started
Unit Test	Install dependencies	2026-08-21T16:34:59.5785832Z   Getting requirements to build wheel: finished with status 'done'
Unit Test	Install dependencies	2026-08-21T16:34:59.5796230Z   Preparing metadata (pyproject.toml): started
Unit Test	Install dependencies	2026-08-21T16:34:59.7640893Z   Preparing metadata (pyproject.toml): finished with status 'done'
Unit Test	Install dependencies	2026-08-21T16:34:59.7970250Z Collecting appdirs (from iterative-telemetry>=0.0.7->dvc==3.50.1->dvc[gs]==3.50.1->-r requirements.txt (line 4))
Unit Test	Install dependencies	2026-08-21T16:34:59.8179581Z   Downloading appdirs-1.4.4-py2.py3-none-any.whl.metadata (9.0 kB)
Unit Test	Install dependencies	2026-08-21T16:34:59.8585500Z Collecting filelock (from iterative-telemetry>=0.0.7->dvc==3.50.1->dvc[gs]==3.50.1->-r requirements.txt (line 4))
Unit Test	Install dependencies	2026-08-21T16:34:59.8801483Z   Downloading filelock-3.32.3-py3-none-any.whl.metadata (2.0 kB)
Unit Test	Install dependencies	2026-08-21T16:34:59.9244004Z Collecting wcwidth>=0.1.4 (from prompt-toolkit>=3.0.36->click-repl>=0.2.0->celery->dvc==3.50.1->dvc[gs]==3.50.1->-r requirements.txt (line 4))
Unit Test	Install dependencies	2026-08-21T16:34:59.9438039Z   Downloading wcwidth-0.8.2-py3-none-any.whl.metadata (43 kB)
Unit Test	Install dependencies	2026-08-21T16:34:59.9901565Z Collecting pyasn1<0.7.0,>=0.6.1 (from pyasn1-modules>=0.2.1->google-auth<3.0dev,>=2.26.1->google-cloud-storage==2.16.0->-r requirements.txt (line 10))
Unit Test	Install dependencies	2026-08-21T16:35:00.0105264Z   Downloading pyasn1-0.6.4-py3-none-any.whl.metadata (8.4 kB)
Unit Test	Install dependencies	2026-08-21T16:35:00.0548229Z Collecting python-dotenv>=0.21.0 (from pydantic-settings>=2->gto<2,>=1.6.0->dvc==3.50.1->dvc[gs]==3.50.1->-r requirements.txt (line 4))
Unit Test	Install dependencies	2026-08-21T16:35:00.0750788Z   Downloading python_dotenv-1.2.3-py3-none-any.whl.metadata (29 kB)
Unit Test	Install dependencies	2026-08-21T16:35:00.1248379Z Collecting markdown-it-py>=2.2.0 (from rich>=12->dvc==3.50.1->dvc[gs]==3.50.1->-r requirements.txt (line 4))
Unit Test	Install dependencies	2026-08-21T16:35:00.1449954Z   Downloading markdown_it_py-4.2.0-py3-none-any.whl.metadata (7.4 kB)
Unit Test	Install dependencies	2026-08-21T16:35:00.1839737Z Collecting pygments<3.0.0,>=2.13.0 (from rich>=12->dvc==3.50.1->dvc[gs]==3.50.1->-r requirements.txt (line 4))
Unit Test	Install dependencies	2026-08-21T16:35:00.2036611Z   Downloading pygments-2.21.0-py3-none-any.whl.metadata (2.5 kB)
Unit Test	Install dependencies	2026-08-21T16:35:00.2360192Z Collecting mdurl~=0.1 (from markdown-it-py>=2.2.0->rich>=12->dvc==3.50.1->dvc[gs]==3.50.1->-r requirements.txt (line 4))
Unit Test	Install dependencies	2026-08-21T16:35:00.2558650Z   Downloading mdurl-0.1.2-py3-none-any.whl.metadata (1.6 kB)
Unit Test	Install dependencies	2026-08-21T16:35:00.3137120Z Collecting shellingham>=1.3.0 (from typer>=0.16.0->fastapi-cli>=0.0.2->fastapi==0.111.0->-r requirements.txt (line 7))
Unit Test	Install dependencies	2026-08-21T16:35:00.3339179Z   Downloading shellingham-1.5.4-py2.py3-none-any.whl.metadata (3.5 kB)
Unit Test	Install dependencies	2026-08-21T16:35:00.3645007Z Collecting annotated-doc>=0.0.2 (from typer>=0.16.0->fastapi-cli>=0.0.2->fastapi==0.111.0->-r requirements.txt (line 7))
Unit Test	Install dependencies	2026-08-21T16:35:00.3844809Z   Downloading annotated_doc-0.0.5-py3-none-any.whl.metadata (6.5 kB)
Unit Test	Install dependencies	2026-08-21T16:35:00.4469720Z Collecting httptools>=0.5.0 (from uvicorn[standard]>=0.12.0->fastapi==0.111.0->-r requirements.txt (line 7))
Unit Test	Install dependencies	2026-08-21T16:35:00.4679024Z   Downloading httptools-0.8.0-cp310-cp310-manylinux1_x86_64.manylinux_2_28_x86_64.manylinux_2_5_x86_64.whl.metadata (3.5 kB)
Unit Test	Install dependencies	2026-08-21T16:35:00.5249727Z Collecting uvloop!=0.15.0,!=0.15.1,>=0.14.0 (from uvicorn[standard]>=0.12.0->fastapi==0.111.0->-r requirements.txt (line 7))
Unit Test	Install dependencies	2026-08-21T16:35:00.5446188Z   Downloading uvloop-0.22.1-cp310-cp310-manylinux2014_x86_64.manylinux_2_17_x86_64.manylinux_2_28_x86_64.whl.metadata (4.9 kB)
Unit Test	Install dependencies	2026-08-21T16:35:00.6426678Z Collecting watchfiles>=0.13 (from uvicorn[standard]>=0.12.0->fastapi==0.111.0->-r requirements.txt (line 7))
Unit Test	Install dependencies	2026-08-21T16:35:00.6634345Z   Downloading watchfiles-1.2.0-cp310-cp310-manylinux_2_17_x86_64.manylinux2014_x86_64.whl.metadata (4.9 kB)
Unit Test	Install dependencies	2026-08-21T16:35:00.7924342Z Collecting websockets>=10.4 (from uvicorn[standard]>=0.12.0->fastapi==0.111.0->-r requirements.txt (line 7))
Unit Test	Install dependencies	2026-08-21T16:35:00.8141108Z   Downloading websockets-16.1.1-cp310-cp310-manylinux1_x86_64.manylinux_2_28_x86_64.manylinux_2_5_x86_64.whl.metadata (6.8 kB)
Unit Test	Install dependencies	2026-08-21T16:35:00.8362106Z Requirement already satisfied: setuptools in /opt/hostedtoolcache/Python/3.10.21/x64/lib/python3.10/site-packages (from zc.lockfile>=1.2.1->dvc==3.50.1->dvc[gs]==3.50.1->-r requirements.txt (line 4)) (79.0.1)
Unit Test	Install dependencies	2026-08-21T16:35:00.8427314Z INFO: pip is looking at multiple versions of fsspec[http] to determine which version is compatible with other requirements. This could take a while.
Unit Test	Install dependencies	2026-08-21T16:35:00.8797409Z Collecting requests-oauthlib>=0.7.0 (from google-auth-oauthlib->gcsfs>=2022.11.0->dvc-gs<4,>=3->dvc[gs]==3.50.1->-r requirements.txt (line 4))
Unit Test	Install dependencies	2026-08-21T16:35:00.8995800Z   Downloading requests_oauthlib-2.0.0-py2.py3-none-any.whl.metadata (11 kB)
Unit Test	Install dependencies	2026-08-21T16:35:00.9338605Z Collecting oauthlib>=3.0.0 (from requests-oauthlib>=0.7.0->google-auth-oauthlib->gcsfs>=2022.11.0->dvc-gs<4,>=3->dvc[gs]==3.50.1->-r requirements.txt (line 4))
Unit Test	Install dependencies	2026-08-21T16:35:00.9532543Z   Downloading oauthlib-3.3.1-py3-none-any.whl.metadata (7.9 kB)
Unit Test	Install dependencies	2026-08-21T16:35:01.6491999Z Collecting grpcio<2.0.0,>=1.59.0 (from google-cloud-storage-control->gcsfs>=2022.11.0->dvc-gs<4,>=3->dvc[gs]==3.50.1->-r requirements.txt (line 4))
Unit Test	Install dependencies	2026-08-21T16:35:01.6693121Z   Downloading grpcio-1.83.0-cp310-cp310-manylinux2014_x86_64.manylinux_2_17_x86_64.whl.metadata (3.7 kB)
Unit Test	Install dependencies	2026-08-21T16:35:01.6759706Z INFO: pip is looking at multiple versions of google-cloud-storage-control to determine which version is compatible with other requirements. This could take a while.
Unit Test	Install dependencies	2026-08-21T16:35:01.6768142Z Collecting google-cloud-storage-control (from gcsfs>=2022.11.0->dvc-gs<4,>=3->dvc[gs]==3.50.1->-r requirements.txt (line 4))
Unit Test	Install dependencies	2026-08-21T16:35:01.6974317Z   Downloading google_cloud_storage_control-1.12.0-py3-none-any.whl.metadata (9.8 kB)
Unit Test	Install dependencies	2026-08-21T16:35:01.7340612Z Collecting grpc-google-iam-v1<1.0.0,>=0.14.0 (from google-cloud-storage-control->gcsfs>=2022.11.0->dvc-gs<4,>=3->dvc[gs]==3.50.1->-r requirements.txt (line 4))
Unit Test	Install dependencies	2026-08-21T16:35:01.7543023Z   Downloading grpc_google_iam_v1-0.14.5-py3-none-any.whl.metadata (8.8 kB)
Unit Test	Install dependencies	2026-08-21T16:35:01.7641731Z INFO: pip is looking at multiple versions of google-api-core[grpc] to determine which version is compatible with other requirements. This could take a while.
Unit Test	Install dependencies	2026-08-21T16:35:01.8323415Z Collecting grpcio-status<2.0.0,>=1.33.2 (from google-api-core[grpc]<3.0.0,>=2.17.1->google-cloud-storage-control->gcsfs>=2022.11.0->dvc-gs<4,>=3->dvc[gs]==3.50.1->-r requirements.txt (line 4))
Unit Test	Install dependencies	2026-08-21T16:35:01.8523302Z   Downloading grpcio_status-1.83.0-py3-none-any.whl.metadata (1.2 kB)
Unit Test	Install dependencies	2026-08-21T16:35:01.8609728Z INFO: pip is looking at multiple versions of grpc-google-iam-v1 to determine which version is compatible with other requirements. This could take a while.
Unit Test	Install dependencies	2026-08-21T16:35:01.8618860Z Collecting grpc-google-iam-v1<1.0.0,>=0.14.0 (from google-cloud-storage-control->gcsfs>=2022.11.0->dvc-gs<4,>=3->dvc[gs]==3.50.1->-r requirements.txt (line 4))
Unit Test	Install dependencies	2026-08-21T16:35:01.8819063Z   Downloading grpc_google_iam_v1-0.14.4-py3-none-any.whl.metadata (9.1 kB)
Unit Test	Install dependencies	2026-08-21T16:35:01.8994996Z INFO: pip is looking at multiple versions of googleapis-common-protos[grpc] to determine which version is compatible with other requirements. This could take a while.
Unit Test	Install dependencies	2026-08-21T16:35:01.9082267Z INFO: pip is looking at multiple versions of grpcio-status to determine which version is compatible with other requirements. This could take a while.
Unit Test	Install dependencies	2026-08-21T16:35:01.9092760Z Collecting grpcio-status<2.0.0,>=1.33.2 (from google-api-core[grpc]<3.0.0,>=2.17.1->google-cloud-storage-control->gcsfs>=2022.11.0->dvc-gs<4,>=3->dvc[gs]==3.50.1->-r requirements.txt (line 4))
Unit Test	Install dependencies	2026-08-21T16:35:01.9299906Z   Downloading grpcio_status-1.82.1-py3-none-any.whl.metadata (1.2 kB)
Unit Test	Install dependencies	2026-08-21T16:35:01.9624114Z   Downloading grpcio_status-1.81.1-py3-none-any.whl.metadata (1.2 kB)
Unit Test	Install dependencies	2026-08-21T16:35:01.9884148Z   Downloading grpcio_status-1.81.0-py3-none-any.whl.metadata (1.2 kB)
Unit Test	Install dependencies	2026-08-21T16:35:02.0131610Z   Downloading grpcio_status-1.80.0-py3-none-any.whl.metadata (1.3 kB)
Unit Test	Install dependencies	2026-08-21T16:35:02.0462465Z   Downloading grpcio_status-1.78.0-py3-none-any.whl.metadata (1.3 kB)
Unit Test	Install dependencies	2026-08-21T16:35:02.0707939Z   Downloading grpcio_status-1.76.0-py3-none-any.whl.metadata (1.1 kB)
Unit Test	Install dependencies	2026-08-21T16:35:02.0968166Z   Downloading grpcio_status-1.75.1-py3-none-any.whl.metadata (1.1 kB)
Unit Test	Install dependencies	2026-08-21T16:35:02.1011875Z INFO: pip is still looking at multiple versions of grpcio-status to determine which version is compatible with other requirements. This could take a while.
Unit Test	Install dependencies	2026-08-21T16:35:02.1231986Z   Downloading grpcio_status-1.75.0-py3-none-any.whl.metadata (1.1 kB)
Unit Test	Install dependencies	2026-08-21T16:35:02.1493836Z   Downloading grpcio_status-1.74.0-py3-none-any.whl.metadata (1.1 kB)
Unit Test	Install dependencies	2026-08-21T16:35:02.1753853Z   Downloading grpcio_status-1.73.1-py3-none-any.whl.metadata (1.1 kB)
Unit Test	Install dependencies	2026-08-21T16:35:02.2070424Z   Downloading grpcio_status-1.73.0-py3-none-any.whl.metadata (1.1 kB)
Unit Test	Install dependencies	2026-08-21T16:35:02.2338123Z   Downloading grpcio_status-1.72.2-py3-none-any.whl.metadata (1.1 kB)
Unit Test	Install dependencies	2026-08-21T16:35:02.2382850Z INFO: This is taking longer than usual. You might need to provide the dependency resolver with stricter constraints to reduce runtime. See https://pip.pypa.io/warnings/backtracking for guidance. If you want to abort this run, press Ctrl + C.
Unit Test	Install dependencies	2026-08-21T16:35:02.2592431Z   Downloading grpcio_status-1.72.1-py3-none-any.whl.metadata (1.1 kB)
Unit Test	Install dependencies	2026-08-21T16:35:02.2845032Z   Downloading grpcio_status-1.71.2-py3-none-any.whl.metadata (1.1 kB)
Unit Test	Install dependencies	2026-08-21T16:35:02.3175223Z   Downloading grpcio_status-1.71.0-py3-none-any.whl.metadata (1.1 kB)
Unit Test	Install dependencies	2026-08-21T16:35:02.3433328Z   Downloading grpcio_status-1.70.0-py3-none-any.whl.metadata (1.1 kB)
Unit Test	Install dependencies	2026-08-21T16:35:02.3688642Z   Downloading grpcio_status-1.69.0-py3-none-any.whl.metadata (1.1 kB)
Unit Test	Install dependencies	2026-08-21T16:35:02.3943769Z   Downloading grpcio_status-1.68.1-py3-none-any.whl.metadata (1.1 kB)
Unit Test	Install dependencies	2026-08-21T16:35:02.4216547Z   Downloading grpcio_status-1.68.0-py3-none-any.whl.metadata (1.1 kB)
Unit Test	Install dependencies	2026-08-21T16:35:02.4464002Z   Downloading grpcio_status-1.67.1-py3-none-any.whl.metadata (1.1 kB)
Unit Test	Install dependencies	2026-08-21T16:35:02.4708422Z   Downloading grpcio_status-1.67.0-py3-none-any.whl.metadata (1.1 kB)
Unit Test	Install dependencies	2026-08-21T16:35:02.4952460Z   Downloading grpcio_status-1.66.2-py3-none-any.whl.metadata (1.1 kB)
Unit Test	Install dependencies	2026-08-21T16:35:02.5195229Z   Downloading grpcio_status-1.66.1-py3-none-any.whl.metadata (1.1 kB)
Unit Test	Install dependencies	2026-08-21T16:35:02.5441525Z   Downloading grpcio_status-1.66.0-py3-none-any.whl.metadata (1.1 kB)
Unit Test	Install dependencies	2026-08-21T16:35:02.5683557Z   Downloading grpcio_status-1.65.5-py3-none-any.whl.metadata (1.1 kB)
Unit Test	Install dependencies	2026-08-21T16:35:02.5923848Z   Downloading grpcio_status-1.65.4-py3-none-any.whl.metadata (1.1 kB)
Unit Test	Install dependencies	2026-08-21T16:35:02.6163644Z   Downloading grpcio_status-1.65.2-py3-none-any.whl.metadata (1.1 kB)
Unit Test	Install dependencies	2026-08-21T16:35:02.6407309Z   Downloading grpcio_status-1.65.1-py3-none-any.whl.metadata (1.1 kB)
Unit Test	Install dependencies	2026-08-21T16:35:02.6647622Z   Downloading grpcio_status-1.64.3-py3-none-any.whl.metadata (1.1 kB)
Unit Test	Install dependencies	2026-08-21T16:35:02.6889767Z   Downloading grpcio_status-1.64.1-py3-none-any.whl.metadata (1.1 kB)
Unit Test	Install dependencies	2026-08-21T16:35:02.7127451Z   Downloading grpcio_status-1.64.0-py3-none-any.whl.metadata (1.1 kB)
Unit Test	Install dependencies	2026-08-21T16:35:02.7384188Z   Downloading grpcio_status-1.63.2-py3-none-any.whl.metadata (1.1 kB)
Unit Test	Install dependencies	2026-08-21T16:35:02.7627172Z   Downloading grpcio_status-1.63.0-py3-none-any.whl.metadata (1.1 kB)
Unit Test	Install dependencies	2026-08-21T16:35:02.7865523Z   Downloading grpcio_status-1.62.3-py3-none-any.whl.metadata (1.3 kB)
Unit Test	Install dependencies	2026-08-21T16:35:02.8522512Z Downloading mlflow-2.13.0-py3-none-any.whl (25.0 MB)
Unit Test	Install dependencies	2026-08-21T16:35:03.0878509Z    ━━━━━━━━━━━━━━━━━━━━━━━━━━━━━━━━━━━━━━━━ 25.0/25.0 MB 114.9 MB/s  0:00:00
Unit Test	Install dependencies	2026-08-21T16:35:03.1112699Z Downloading scikit_learn-1.4.2-cp310-cp310-manylinux_2_17_x86_64.manylinux2014_x86_64.whl (12.1 MB)
Unit Test	Install dependencies	2026-08-21T16:35:03.1787501Z    ━━━━━━━━━━━━━━━━━━━━━━━━━━━━━━━━━━━━━━━━ 12.1/12.1 MB 184.9 MB/s  0:00:00
Unit Test	Install dependencies	2026-08-21T16:35:03.2026931Z Downloading pandas-2.2.2-cp310-cp310-manylinux_2_17_x86_64.manylinux2014_x86_64.whl (13.0 MB)
Unit Test	Install dependencies	2026-08-21T16:35:03.2531464Z    ━━━━━━━━━━━━━━━━━━━━━━━━━━━━━━━━━━━━━━━━ 13.0/13.0 MB 268.7 MB/s  0:00:00
Unit Test	Install dependencies	2026-08-21T16:35:03.2752951Z Downloading PyYAML-6.0.1-cp310-cp310-manylinux_2_17_x86_64.manylinux2014_x86_64.whl (705 kB)
Unit Test	Install dependencies	2026-08-21T16:35:03.2814035Z    ━━━━━━━━━━━━━━━━━━━━━━━━━━━━━━━━━━━━━━━━ 705.5/705.5 kB 128.9 MB/s  0:00:00
Unit Test	Install dependencies	2026-08-21T16:35:03.3044333Z Downloading dvc-3.50.1-py3-none-any.whl (451 kB)
Unit Test	Install dependencies	2026-08-21T16:35:03.3273190Z Downloading pathspec-0.11.2-py3-none-any.whl (29 kB)
Unit Test	Install dependencies	2026-08-21T16:35:03.3493981Z Downloading pytest-8.2.0-py3-none-any.whl (339 kB)
Unit Test	Install dependencies	2026-08-21T16:35:03.3723430Z Downloading fastapi-0.111.0-py3-none-any.whl (91 kB)
Unit Test	Install dependencies	2026-08-21T16:35:03.3954671Z Downloading uvicorn-0.29.0-py3-none-any.whl (60 kB)
Unit Test	Install dependencies	2026-08-21T16:35:03.4179478Z Downloading joblib-1.4.2-py3-none-any.whl (301 kB)
Unit Test	Install dependencies	2026-08-21T16:35:03.4418614Z Downloading google_cloud_storage-2.16.0-py2.py3-none-any.whl (125 kB)
Unit Test	Install dependencies	2026-08-21T16:35:03.4640804Z Downloading alembic-1.19.1-py3-none-any.whl (265 kB)
Unit Test	Install dependencies	2026-08-21T16:35:03.4867464Z Downloading cachetools-5.5.2-py3-none-any.whl (10 kB)
Unit Test	Install dependencies	2026-08-21T16:35:03.5088549Z Downloading click-8.4.2-py3-none-any.whl (119 kB)
Unit Test	Install dependencies	2026-08-21T16:35:03.5309723Z Downloading cloudpickle-3.1.2-py3-none-any.whl (22 kB)
Unit Test	Install dependencies	2026-08-21T16:35:03.5527652Z Downloading docker-7.2.0-py3-none-any.whl (148 kB)
Unit Test	Install dependencies	2026-08-21T16:35:03.5756774Z Downloading dpath-2.2.0-py3-none-any.whl (17 kB)
Unit Test	Install dependencies	2026-08-21T16:35:03.5995346Z Downloading dvc_data-3.15.2-py3-none-any.whl (71 kB)
Unit Test	Install dependencies	2026-08-21T16:35:03.6224505Z Downloading dvc_gs-3.1.0-py3-none-any.whl (11 kB)
Unit Test	Install dependencies	2026-08-21T16:35:03.6455563Z Downloading dvc_objects-5.2.0-py3-none-any.whl (33 kB)
Unit Test	Install dependencies	2026-08-21T16:35:03.6694725Z Downloading dvc_render-1.0.2-py3-none-any.whl (22 kB)
Unit Test	Install dependencies	2026-08-21T16:35:03.6929255Z Downloading dvc_studio_client-0.23.0-py3-none-any.whl (16 kB)
Unit Test	Install dependencies	2026-08-21T16:35:03.7163202Z Downloading dvc_task-0.40.2-py3-none-any.whl (21 kB)
Unit Test	Install dependencies	2026-08-21T16:35:03.7384044Z Downloading celery-5.6.3-py3-none-any.whl (451 kB)
Unit Test	Install dependencies	2026-08-21T16:35:03.7619938Z Downloading billiard-4.2.4-py3-none-any.whl (87 kB)
Unit Test	Install dependencies	2026-08-21T16:35:03.7847006Z Downloading entrypoints-0.4-py3-none-any.whl (5.3 kB)
Unit Test	Install dependencies	2026-08-21T16:35:03.8069770Z Downloading flask-3.1.3-py3-none-any.whl (103 kB)
Unit Test	Install dependencies	2026-08-21T16:35:03.8293886Z Downloading flatten_dict-0.5.0-py3-none-any.whl (9.9 kB)
Unit Test	Install dependencies	2026-08-21T16:35:03.8523653Z Downloading flufl.lock-7.1.1-py3-none-any.whl (11 kB)
Unit Test	Install dependencies	2026-08-21T16:35:03.8746288Z Downloading gitpython-3.1.59-py3-none-any.whl (220 kB)
Unit Test	Install dependencies	2026-08-21T16:35:03.8975980Z Downloading gitdb-4.0.12-py3-none-any.whl (62 kB)
Unit Test	Install dependencies	2026-08-21T16:35:03.9201318Z Downloading google_api_core-2.30.3-py3-none-any.whl (173 kB)
Unit Test	Install dependencies	2026-08-21T16:35:03.9425928Z Downloading google_auth-2.56.3-py3-none-any.whl (259 kB)
Unit Test	Install dependencies	2026-08-21T16:35:03.9657384Z Downloading google_cloud_core-2.6.1-py3-none-any.whl (29 kB)
Unit Test	Install dependencies	2026-08-21T16:35:03.9882628Z Downloading google_crc32c-1.8.0-cp310-cp310-manylinux1_x86_64.manylinux2014_x86_64.manylinux_2_17_x86_64.manylinux_2_5_x86_64.whl (33 kB)
Unit Test	Install dependencies	2026-08-21T16:35:04.0107481Z Downloading googleapis_common_protos-1.75.0-py3-none-any.whl (300 kB)
Unit Test	Install dependencies	2026-08-21T16:35:04.0346161Z Downloading grandalf-0.8-py3-none-any.whl (41 kB)
Unit Test	Install dependencies	2026-08-21T16:35:04.0573781Z Downloading graphene-3.4.3-py2.py3-none-any.whl (114 kB)
Unit Test	Install dependencies	2026-08-21T16:35:04.0798764Z Downloading graphql_core-3.2.11-py3-none-any.whl (214 kB)
Unit Test	Install dependencies	2026-08-21T16:35:04.1026113Z Downloading graphql_relay-3.2.0-py3-none-any.whl (16 kB)
Unit Test	Install dependencies	2026-08-21T16:35:04.1280752Z Downloading gto-1.10.1-py3-none-any.whl (45 kB)
Unit Test	Install dependencies	2026-08-21T16:35:04.1505202Z Downloading gunicorn-22.0.0-py3-none-any.whl (84 kB)
Unit Test	Install dependencies	2026-08-21T16:35:04.1731427Z Downloading importlib_metadata-7.2.1-py3-none-any.whl (25 kB)
Unit Test	Install dependencies	2026-08-21T16:35:04.1956686Z Downloading jinja2-3.1.6-py3-none-any.whl (134 kB)
Unit Test	Install dependencies	2026-08-21T16:35:04.2180802Z Downloading kombu-5.6.2-py3-none-any.whl (214 kB)
Unit Test	Install dependencies	2026-08-21T16:35:04.2413367Z Downloading vine-5.1.0-py3-none-any.whl (9.6 kB)
Unit Test	Install dependencies	2026-08-21T16:35:04.2639136Z Downloading amqp-5.3.1-py3-none-any.whl (50 kB)
Unit Test	Install dependencies	2026-08-21T16:35:04.2867241Z Downloading markdown-3.10.3-py3-none-any.whl (110 kB)
Unit Test	Install dependencies	2026-08-21T16:35:04.3094132Z Downloading matplotlib-3.10.9-cp310-cp310-manylinux2014_x86_64.manylinux_2_17_x86_64.whl (8.8 MB)
Unit Test	Install dependencies	2026-08-21T16:35:04.3497468Z    ━━━━━━━━━━━━━━━━━━━━━━━━━━━━━━━━━━━━━━━━ 8.8/8.8 MB 238.8 MB/s  0:00:00
Unit Test	Install dependencies	2026-08-21T16:35:04.3682051Z Downloading numpy-1.26.4-cp310-cp310-manylinux_2_17_x86_64.manylinux2014_x86_64.whl (18.2 MB)
Unit Test	Install dependencies	2026-08-21T16:35:04.4476591Z    ━━━━━━━━━━━━━━━━━━━━━━━━━━━━━━━━━━━━━━━━ 18.2/18.2 MB 236.8 MB/s  0:00:00
Unit Test	Install dependencies	2026-08-21T16:35:04.4674143Z Downloading opentelemetry_api-1.44.0-py3-none-any.whl (60 kB)
Unit Test	Install dependencies	2026-08-21T16:35:04.4896442Z Downloading opentelemetry_sdk-1.44.0-py3-none-any.whl (137 kB)
Unit Test	Install dependencies	2026-08-21T16:35:04.5121205Z Downloading opentelemetry_semantic_conventions-0.65b0-py3-none-any.whl (204 kB)
Unit Test	Install dependencies	2026-08-21T16:35:04.5348737Z Downloading packaging-24.2-py3-none-any.whl (65 kB)
Unit Test	Install dependencies	2026-08-21T16:35:04.5572331Z Downloading platformdirs-3.11.0-py3-none-any.whl (17 kB)
Unit Test	Install dependencies	2026-08-21T16:35:04.5791441Z Downloading pluggy-1.6.0-py3-none-any.whl (20 kB)
Unit Test	Install dependencies	2026-08-21T16:35:04.6012453Z Downloading proto_plus-1.28.2-py3-none-any.whl (50 kB)
Unit Test	Install dependencies	2026-08-21T16:35:04.6237073Z Downloading protobuf-4.25.9-cp37-abi3-manylinux2014_x86_64.whl (295 kB)
Unit Test	Install dependencies	2026-08-21T16:35:04.6490675Z Downloading pyarrow-15.0.2-cp310-cp310-manylinux_2_28_x86_64.whl (38.3 MB)
Unit Test	Install dependencies	2026-08-21T16:35:04.8298863Z    ━━━━━━━━━━━━━━━━━━━━━━━━━━━━━━━━━━━━━━━━ 38.3/38.3 MB 214.4 MB/s  0:00:00
Unit Test	Install dependencies	2026-08-21T16:35:04.8496342Z Downloading pydantic-2.13.4-py3-none-any.whl (472 kB)
Unit Test	Install dependencies	2026-08-21T16:35:04.8728595Z Downloading pydantic_core-2.46.4-cp310-cp310-manylinux_2_17_x86_64.manylinux2014_x86_64.whl (2.1 MB)
Unit Test	Install dependencies	2026-08-21T16:35:04.8816261Z    ━━━━━━━━━━━━━━━━━━━━━━━━━━━━━━━━━━━━━━━━ 2.1/2.1 MB 294.2 MB/s  0:00:00
Unit Test	Install dependencies	2026-08-21T16:35:04.9012813Z Downloading python_dateutil-2.9.0.post0-py2.py3-none-any.whl (229 kB)
Unit Test	Install dependencies	2026-08-21T16:35:04.9261604Z Downloading pytz-2024.2-py2.py3-none-any.whl (508 kB)
Unit Test	Install dependencies	2026-08-21T16:35:04.9493758Z Downloading querystring_parser-1.2.4-py2.py3-none-any.whl (7.9 kB)
Unit Test	Install dependencies	2026-08-21T16:35:04.9710551Z Downloading requests-2.34.2-py3-none-any.whl (73 kB)
Unit Test	Install dependencies	2026-08-21T16:35:04.9934372Z Downloading charset_normalizer-3.5.1-cp310-cp310-manylinux2014_x86_64.manylinux_2_17_x86_64.manylinux_2_28_x86_64.whl (261 kB)
Unit Test	Install dependencies	2026-08-21T16:35:05.0168693Z Downloading idna-3.19-py3-none-any.whl (68 kB)
Unit Test	Install dependencies	2026-08-21T16:35:05.0388869Z Downloading scipy-1.15.3-cp310-cp310-manylinux_2_17_x86_64.manylinux2014_x86_64.whl (37.7 MB)
Unit Test	Install dependencies	2026-08-21T16:35:05.1718719Z    ━━━━━━━━━━━━━━━━━━━━━━━━━━━━━━━━━━━━━━━━ 37.7/37.7 MB 288.1 MB/s  0:00:00
Unit Test	Install dependencies	2026-08-21T16:35:05.1935025Z Downloading scmrepo-3.6.2-py3-none-any.whl (74 kB)
Unit Test	Install dependencies	2026-08-21T16:35:05.2163544Z Downloading asyncssh-2.24.0-py3-none-any.whl (381 kB)
Unit Test	Install dependencies	2026-08-21T16:35:05.2394131Z Downloading dulwich-1.2.12-cp310-cp310-manylinux_2_28_x86_64.whl (1.5 MB)
Unit Test	Install dependencies	2026-08-21T16:35:05.2474921Z    ━━━━━━━━━━━━━━━━━━━━━━━━━━━━━━━━━━━━━━━━ 1.5/1.5 MB 227.9 MB/s  0:00:00
Unit Test	Install dependencies	2026-08-21T16:35:05.2682743Z Downloading shtab-1.11.0-py3-none-any.whl (17 kB)
Unit Test	Install dependencies	2026-08-21T16:35:05.2899825Z Downloading smmap-5.0.3-py3-none-any.whl (24 kB)
Unit Test	Install dependencies	2026-08-21T16:35:05.3116711Z Downloading sqlalchemy-2.0.52-cp310-cp310-manylinux2014_x86_64.manylinux_2_17_x86_64.manylinux_2_28_x86_64.whl (3.3 MB)
Unit Test	Install dependencies	2026-08-21T16:35:05.3340399Z    ━━━━━━━━━━━━━━━━━━━━━━━━━━━━━━━━━━━━━━━━ 3.3/3.3 MB 153.7 MB/s  0:00:00
Unit Test	Install dependencies	2026-08-21T16:35:05.3537239Z Downloading sqlparse-0.6.0-py3-none-any.whl (50 kB)
Unit Test	Install dependencies	2026-08-21T16:35:05.3766825Z Downloading sqltrie-0.11.2-py3-none-any.whl (17 kB)
Unit Test	Install dependencies	2026-08-21T16:35:05.3986307Z Downloading starlette-0.37.2-py3-none-any.whl (71 kB)
Unit Test	Install dependencies	2026-08-21T16:35:05.4208582Z Downloading anyio-4.14.2-py3-none-any.whl (125 kB)
Unit Test	Install dependencies	2026-08-21T16:35:05.4446021Z Downloading tqdm-4.70.0-py3-none-any.whl (80 kB)
Unit Test	Install dependencies	2026-08-21T16:35:05.4671774Z Downloading typing_extensions-4.16.0-py3-none-any.whl (45 kB)
Unit Test	Install dependencies	2026-08-21T16:35:05.4921222Z Downloading urllib3-2.7.0-py3-none-any.whl (131 kB)
Unit Test	Install dependencies	2026-08-21T16:35:05.5147709Z Downloading aiohttp_retry-2.9.1-py3-none-any.whl (10.0 kB)
Unit Test	Install dependencies	2026-08-21T16:35:05.5369585Z Downloading annotated_types-0.8.0-py3-none-any.whl (13 kB)
Unit Test	Install dependencies	2026-08-21T16:35:05.5593212Z Downloading atpublic-7.0.0-py3-none-any.whl (6.4 kB)
Unit Test	Install dependencies	2026-08-21T16:35:05.5813140Z Downloading attrs-26.1.0-py3-none-any.whl (67 kB)
Unit Test	Install dependencies	2026-08-21T16:35:05.6030919Z Downloading blinker-1.9.0-py3-none-any.whl (8.5 kB)
Unit Test	Install dependencies	2026-08-21T16:35:05.6249213Z Downloading certifi-2026.7.22-py3-none-any.whl (136 kB)
Unit Test	Install dependencies	2026-08-21T16:35:05.6470204Z Downloading click_didyoumean-0.3.1-py3-none-any.whl (3.6 kB)
Unit Test	Install dependencies	2026-08-21T16:35:05.6695637Z Downloading click_plugins-1.1.1.2-py2.py3-none-any.whl (11 kB)
Unit Test	Install dependencies	2026-08-21T16:35:05.6917236Z Downloading click_repl-0.3.0-py3-none-any.whl (10 kB)
Unit Test	Install dependencies	2026-08-21T16:35:05.7135449Z Downloading colorama-0.4.6-py2.py3-none-any.whl (25 kB)
Unit Test	Install dependencies	2026-08-21T16:35:05.7356938Z Downloading configobj-5.0.9-py2.py3-none-any.whl (35 kB)
Unit Test	Install dependencies	2026-08-21T16:35:05.7582717Z Downloading contourpy-1.3.2-cp310-cp310-manylinux_2_17_x86_64.manylinux2014_x86_64.whl (325 kB)
Unit Test	Install dependencies	2026-08-21T16:35:05.7815662Z Downloading cryptography-50.0.0-cp39-abi3-manylinux_2_34_x86_64.whl (4.8 MB)
Unit Test	Install dependencies	2026-08-21T16:35:05.7978159Z    ━━━━━━━━━━━━━━━━━━━━━━━━━━━━━━━━━━━━━━━━ 4.8/4.8 MB 337.4 MB/s  0:00:00
Unit Test	Install dependencies	2026-08-21T16:35:05.8180731Z Downloading cffi-2.1.1-cp310-cp310-manylinux2014_x86_64.manylinux_2_17_x86_64.whl (218 kB)
Unit Test	Install dependencies	2026-08-21T16:35:05.8409145Z Downloading cycler-0.12.1-py3-none-any.whl (8.3 kB)
Unit Test	Install dependencies	2026-08-21T16:35:05.8630513Z Downloading dictdiffer-0.10.0-py3-none-any.whl (16 kB)
Unit Test	Install dependencies	2026-08-21T16:35:05.8853829Z Downloading diskcache-5.6.3-py3-none-any.whl (45 kB)
Unit Test	Install dependencies	2026-08-21T16:35:05.9072745Z Downloading distro-1.9.0-py3-none-any.whl (20 kB)
Unit Test	Install dependencies	2026-08-21T16:35:05.9295300Z Downloading dvc_http-2.32.0-py3-none-any.whl (12 kB)
Unit Test	Install dependencies	2026-08-21T16:35:05.9515034Z Downloading email_validator-2.3.0-py3-none-any.whl (35 kB)
Unit Test	Install dependencies	2026-08-21T16:35:05.9738496Z Downloading dnspython-2.8.0-py3-none-any.whl (331 kB)
Unit Test	Install dependencies	2026-08-21T16:35:05.9967950Z Downloading exceptiongroup-1.3.1-py3-none-any.whl (16 kB)
Unit Test	Install dependencies	2026-08-21T16:35:06.0203333Z Downloading fastapi_cli-0.0.32-py3-none-any.whl (14 kB)
Unit Test	Install dependencies	2026-08-21T16:35:06.0429931Z Downloading fonttools-4.63.0-cp310-cp310-manylinux2014_x86_64.manylinux_2_17_x86_64.whl (4.9 MB)
Unit Test	Install dependencies	2026-08-21T16:35:06.0633932Z    ━━━━━━━━━━━━━━━━━━━━━━━━━━━━━━━━━━━━━━━━ 4.9/4.9 MB 265.2 MB/s  0:00:00
Unit Test	Install dependencies	2026-08-21T16:35:06.0840252Z Downloading gcsfs-2025.12.0-py3-none-any.whl (41 kB)
Unit Test	Install dependencies	2026-08-21T16:35:06.1061689Z Downloading fsspec-2025.12.0-py3-none-any.whl (201 kB)
Unit Test	Install dependencies	2026-08-21T16:35:06.1293046Z Downloading aiohttp-3.14.3-cp310-cp310-manylinux2014_x86_64.manylinux_2_17_x86_64.manylinux_2_28_x86_64.whl (1.7 MB)
Unit Test	Install dependencies	2026-08-21T16:35:06.1460944Z    ━━━━━━━━━━━━━━━━━━━━━━━━━━━━━━━━━━━━━━━━ 1.7/1.7 MB 165.6 MB/s  0:00:00
Unit Test	Install dependencies	2026-08-21T16:35:06.1661110Z Downloading async_timeout-5.0.1-py3-none-any.whl (6.2 kB)
Unit Test	Install dependencies	2026-08-21T16:35:06.1885135Z Downloading multidict-6.7.1-cp310-cp310-manylinux2014_x86_64.manylinux_2_17_x86_64.manylinux_2_28_x86_64.whl (243 kB)
Unit Test	Install dependencies	2026-08-21T16:35:06.2114548Z Downloading yarl-1.24.5-cp310-cp310-manylinux2014_x86_64.manylinux_2_17_x86_64.manylinux_2_28_x86_64.whl (110 kB)
Unit Test	Install dependencies	2026-08-21T16:35:06.2343344Z Downloading aiohappyeyeballs-2.7.1-py3-none-any.whl (15 kB)
Unit Test	Install dependencies	2026-08-21T16:35:06.2563526Z Downloading aiosignal-1.4.0-py3-none-any.whl (7.5 kB)
Unit Test	Install dependencies	2026-08-21T16:35:06.2787171Z Downloading decorator-5.3.1-py3-none-any.whl (10 kB)
Unit Test	Install dependencies	2026-08-21T16:35:06.3007454Z Downloading frozenlist-1.8.0-cp310-cp310-manylinux1_x86_64.manylinux_2_28_x86_64.manylinux_2_5_x86_64.whl (219 kB)
Unit Test	Install dependencies	2026-08-21T16:35:06.3232373Z Downloading funcy-2.0-py2.py3-none-any.whl (30 kB)
Unit Test	Install dependencies	2026-08-21T16:35:06.3458245Z Downloading google_resumable_media-2.10.1-py3-none-any.whl (81 kB)
Unit Test	Install dependencies	2026-08-21T16:35:06.3681740Z Downloading greenlet-3.5.5-cp310-cp310-manylinux_2_24_x86_64.manylinux_2_28_x86_64.whl (622 kB)
Unit Test	Install dependencies	2026-08-21T16:35:06.3740772Z    ━━━━━━━━━━━━━━━━━━━━━━━━━━━━━━━━━━━━━━━━ 622.8/622.8 kB 111.7 MB/s  0:00:00
Unit Test	Install dependencies	2026-08-21T16:35:06.3935920Z Downloading h11-0.16.0-py3-none-any.whl (37 kB)
Unit Test	Install dependencies	2026-08-21T16:35:06.4157348Z Downloading httpx-0.28.1-py3-none-any.whl (73 kB)
Unit Test	Install dependencies	2026-08-21T16:35:06.4379217Z Downloading httpcore-1.0.9-py3-none-any.whl (78 kB)
Unit Test	Install dependencies	2026-08-21T16:35:06.4617039Z Downloading hydra_core-1.3.5-py3-none-any.whl (155 kB)
Unit Test	Install dependencies	2026-08-21T16:35:06.4851266Z Downloading omegaconf-2.3.1-py3-none-any.whl (79 kB)
Unit Test	Install dependencies	2026-08-21T16:35:06.5074087Z Downloading iterative_telemetry-0.0.10-py3-none-any.whl (10 kB)
Unit Test	Install dependencies	2026-08-21T16:35:06.5288370Z Downloading itsdangerous-2.2.0-py3-none-any.whl (16 kB)
Unit Test	Install dependencies	2026-08-21T16:35:06.5510658Z Downloading kiwisolver-1.5.0-cp310-cp310-manylinux_2_12_x86_64.manylinux2010_x86_64.whl (1.6 MB)
Unit Test	Install dependencies	2026-08-21T16:35:06.5610430Z    ━━━━━━━━━━━━━━━━━━━━━━━━━━━━━━━━━━━━━━━━ 1.6/1.6 MB 214.4 MB/s  0:00:00
Unit Test	Install dependencies	2026-08-21T16:35:06.5810167Z Downloading markupsafe-3.0.3-cp310-cp310-manylinux2014_x86_64.manylinux_2_17_x86_64.manylinux_2_28_x86_64.whl (20 kB)
Unit Test	Install dependencies	2026-08-21T16:35:06.6038026Z Downloading networkx-3.4.2-py3-none-any.whl (1.7 MB)
Unit Test	Install dependencies	2026-08-21T16:35:06.6122771Z    ━━━━━━━━━━━━━━━━━━━━━━━━━━━━━━━━━━━━━━━━ 1.7/1.7 MB 261.9 MB/s  0:00:00
Unit Test	Install dependencies	2026-08-21T16:35:06.6321431Z Downloading orjson-3.12.0-cp310-cp310-manylinux_2_17_x86_64.manylinux2014_x86_64.whl (131 kB)
Unit Test	Install dependencies	2026-08-21T16:35:06.6557433Z Downloading pillow-12.3.0-cp310-cp310-manylinux_2_27_x86_64.manylinux_2_28_x86_64.whl (6.9 MB)
Unit Test	Install dependencies	2026-08-21T16:35:06.6818087Z    ━━━━━━━━━━━━━━━━━━━━━━━━━━━━━━━━━━━━━━━━ 6.9/6.9 MB 291.6 MB/s  0:00:00
Unit Test	Install dependencies	2026-08-21T16:35:06.7017336Z Downloading prompt_toolkit-3.0.53-py3-none-any.whl (392 kB)
Unit Test	Install dependencies	2026-08-21T16:35:06.7251939Z Downloading propcache-0.5.2-cp310-cp310-manylinux2014_x86_64.manylinux_2_17_x86_64.manylinux_2_28_x86_64.whl (60 kB)
Unit Test	Install dependencies	2026-08-21T16:35:06.7472750Z Downloading psutil-7.2.2-cp36-abi3-manylinux2010_x86_64.manylinux_2_12_x86_64.manylinux_2_28_x86_64.whl (155 kB)
Unit Test	Install dependencies	2026-08-21T16:35:06.7697264Z Downloading pyasn1_modules-0.4.2-py3-none-any.whl (181 kB)
Unit Test	Install dependencies	2026-08-21T16:35:06.7919003Z Downloading pyasn1-0.6.4-py3-none-any.whl (84 kB)
Unit Test	Install dependencies	2026-08-21T16:35:06.8140593Z Downloading pydantic_settings-2.15.0-py3-none-any.whl (69 kB)
Unit Test	Install dependencies	2026-08-21T16:35:06.8359999Z Downloading pydot-4.0.1-py3-none-any.whl (37 kB)
Unit Test	Install dependencies	2026-08-21T16:35:06.8595736Z Downloading pygit2-1.18.2-cp310-cp310-manylinux_2_26_x86_64.manylinux_2_28_x86_64.whl (5.5 MB)
Unit Test	Install dependencies	2026-08-21T16:35:06.8856530Z    ━━━━━━━━━━━━━━━━━━━━━━━━━━━━━━━━━━━━━━━━ 5.5/5.5 MB 226.8 MB/s  0:00:00
Unit Test	Install dependencies	2026-08-21T16:35:06.9064194Z Downloading pygtrie-2.5.0-py3-none-any.whl (25 kB)
Unit Test	Install dependencies	2026-08-21T16:35:06.9296284Z Downloading pyparsing-3.3.2-py3-none-any.whl (122 kB)
Unit Test	Install dependencies	2026-08-21T16:35:06.9515270Z Downloading python_dotenv-1.2.3-py3-none-any.whl (22 kB)
Unit Test	Install dependencies	2026-08-21T16:35:06.9736600Z Downloading python_multipart-0.0.32-py3-none-any.whl (30 kB)
Unit Test	Install dependencies	2026-08-21T16:35:06.9960325Z Downloading rich-15.0.0-py3-none-any.whl (310 kB)
Unit Test	Install dependencies	2026-08-21T16:35:07.0192733Z Downloading pygments-2.21.0-py3-none-any.whl (1.3 MB)
Unit Test	Install dependencies	2026-08-21T16:35:07.0264861Z    ━━━━━━━━━━━━━━━━━━━━━━━━━━━━━━━━━━━━━━━━ 1.3/1.3 MB 213.9 MB/s  0:00:00
Unit Test	Install dependencies	2026-08-21T16:35:07.0461766Z Downloading markdown_it_py-4.2.0-py3-none-any.whl (91 kB)
Unit Test	Install dependencies	2026-08-21T16:35:07.0684977Z Downloading mdurl-0.1.2-py3-none-any.whl (10.0 kB)
Unit Test	Install dependencies	2026-08-21T16:35:07.0902936Z Downloading rich_toolkit-0.20.3-py3-none-any.whl (36 kB)
Unit Test	Install dependencies	2026-08-21T16:35:07.1124158Z Downloading ruamel_yaml-0.19.1-py3-none-any.whl (118 kB)
Unit Test	Install dependencies	2026-08-21T16:35:07.1349628Z Downloading semver-3.0.4-py3-none-any.whl (17 kB)
Unit Test	Install dependencies	2026-08-21T16:35:07.1563812Z Downloading shortuuid-1.0.13-py3-none-any.whl (10 kB)
Unit Test	Install dependencies	2026-08-21T16:35:07.1791219Z Downloading six-1.17.0-py2.py3-none-any.whl (11 kB)
Unit Test	Install dependencies	2026-08-21T16:35:07.2017010Z Downloading tabulate-0.10.0-py3-none-any.whl (39 kB)
Unit Test	Install dependencies	2026-08-21T16:35:07.2234018Z Downloading threadpoolctl-3.6.0-py3-none-any.whl (18 kB)
Unit Test	Install dependencies	2026-08-21T16:35:07.2449775Z Downloading tomli-2.4.1-py3-none-any.whl (14 kB)
Unit Test	Install dependencies	2026-08-21T16:35:07.2669149Z Downloading tomlkit-0.15.1-py3-none-any.whl (49 kB)
Unit Test	Install dependencies	2026-08-21T16:35:07.2891916Z Downloading typer-0.27.1-py3-none-any.whl (122 kB)
Unit Test	Install dependencies	2026-08-21T16:35:07.3119839Z Downloading annotated_doc-0.0.5-py3-none-any.whl (5.3 kB)
Unit Test	Install dependencies	2026-08-21T16:35:07.3353734Z Downloading shellingham-1.5.4-py2.py3-none-any.whl (9.8 kB)
Unit Test	Install dependencies	2026-08-21T16:35:07.3577462Z Downloading typing_inspection-0.4.4-py3-none-any.whl (14 kB)
Unit Test	Install dependencies	2026-08-21T16:35:07.3809119Z Downloading tzdata-2026.3-py2.py3-none-any.whl (348 kB)
Unit Test	Install dependencies	2026-08-21T16:35:07.4067255Z Downloading ujson-5.13.0-cp310-cp310-manylinux_2_24_x86_64.manylinux_2_28_x86_64.whl (57 kB)
Unit Test	Install dependencies	2026-08-21T16:35:07.4333465Z Downloading httptools-0.8.0-cp310-cp310-manylinux1_x86_64.manylinux_2_28_x86_64.manylinux_2_5_x86_64.whl (450 kB)
Unit Test	Install dependencies	2026-08-21T16:35:07.4583319Z Downloading uvloop-0.22.1-cp310-cp310-manylinux2014_x86_64.manylinux_2_17_x86_64.manylinux_2_28_x86_64.whl (3.7 MB)
Unit Test	Install dependencies	2026-08-21T16:35:07.4800846Z    ━━━━━━━━━━━━━━━━━━━━━━━━━━━━━━━━━━━━━━━━ 3.7/3.7 MB 185.9 MB/s  0:00:00
Unit Test	Install dependencies	2026-08-21T16:35:07.5001651Z Downloading voluptuous-0.16.0-py3-none-any.whl (31 kB)
Unit Test	Install dependencies	2026-08-21T16:35:07.5228828Z Downloading watchfiles-1.2.0-cp310-cp310-manylinux_2_17_x86_64.manylinux2014_x86_64.whl (457 kB)
Unit Test	Install dependencies	2026-08-21T16:35:07.5465358Z Downloading wcwidth-0.8.2-py3-none-any.whl (323 kB)
Unit Test	Install dependencies	2026-08-21T16:35:07.5695877Z Downloading websockets-16.1.1-cp310-cp310-manylinux1_x86_64.manylinux_2_28_x86_64.manylinux_2_5_x86_64.whl (186 kB)
Unit Test	Install dependencies	2026-08-21T16:35:07.5922635Z Downloading werkzeug-3.1.8-py3-none-any.whl (226 kB)
Unit Test	Install dependencies	2026-08-21T16:35:07.6158028Z Downloading zc_lockfile-4.0-py3-none-any.whl (9.1 kB)
Unit Test	Install dependencies	2026-08-21T16:35:07.6382285Z Downloading zipp-4.1.0-py3-none-any.whl (10 kB)
Unit Test	Install dependencies	2026-08-21T16:35:07.6601362Z Downloading appdirs-1.4.4-py2.py3-none-any.whl (9.6 kB)
Unit Test	Install dependencies	2026-08-21T16:35:07.6825964Z Downloading filelock-3.32.3-py3-none-any.whl (98 kB)
Unit Test	Install dependencies	2026-08-21T16:35:07.7056001Z Downloading google_auth_oauthlib-1.4.0-py3-none-any.whl (19 kB)
Unit Test	Install dependencies	2026-08-21T16:35:07.7279835Z Downloading requests_oauthlib-2.0.0-py2.py3-none-any.whl (24 kB)
Unit Test	Install dependencies	2026-08-21T16:35:07.7507616Z Downloading oauthlib-3.3.1-py3-none-any.whl (160 kB)
Unit Test	Install dependencies	2026-08-21T16:35:07.7737343Z Downloading google_cloud_storage_control-1.12.0-py3-none-any.whl (102 kB)
Unit Test	Install dependencies	2026-08-21T16:35:07.7961767Z Downloading grpc_google_iam_v1-0.14.4-py3-none-any.whl (32 kB)
Unit Test	Install dependencies	2026-08-21T16:35:07.8329508Z Downloading grpcio-1.83.0-cp310-cp310-manylinux2014_x86_64.manylinux_2_17_x86_64.whl (7.1 MB)
Unit Test	Install dependencies	2026-08-21T16:35:07.8641471Z    ━━━━━━━━━━━━━━━━━━━━━━━━━━━━━━━━━━━━━━━━ 7.1/7.1 MB 243.5 MB/s  0:00:00
Unit Test	Install dependencies	2026-08-21T16:35:07.8846340Z Downloading grpcio_status-1.62.3-py3-none-any.whl (14 kB)
Unit Test	Install dependencies	2026-08-21T16:35:07.9073885Z Downloading iniconfig-2.3.0-py3-none-any.whl (7.5 kB)
Unit Test	Install dependencies	2026-08-21T16:35:07.9295531Z Downloading mako-1.4.1-py3-none-any.whl (80 kB)
Unit Test	Install dependencies	2026-08-21T16:35:07.9524113Z Downloading pycparser-3.0-py3-none-any.whl (48 kB)
Unit Test	Install dependencies	2026-08-21T16:35:07.9749724Z Downloading tzlocal-5.4.4-py3-none-any.whl (18 kB)
Unit Test	Install dependencies	2026-08-21T16:35:08.9444289Z Building wheels for collected packages: antlr4-python3-runtime
Unit Test	Install dependencies	2026-08-21T16:35:08.9453394Z   Building wheel for antlr4-python3-runtime (pyproject.toml): started
Unit Test	Install dependencies	2026-08-21T16:35:09.1992589Z   Building wheel for antlr4-python3-runtime (pyproject.toml): finished with status 'done'
Unit Test	Install dependencies	2026-08-21T16:35:09.1999620Z   Created wheel for antlr4-python3-runtime: filename=antlr4_python3_runtime-4.9.3-py3-none-any.whl size=144590 sha256=95b71b18b84e7f02db2d8081ff87eb0e31d64d5211fdc6d692e7322647013a5c
Unit Test	Install dependencies	2026-08-21T16:35:09.2001298Z   Stored in directory: /home/runner/.cache/pip/wheels/12/93/dd/1f6a127edc45659556564c5730f6d4e300888f4bca2d4c5a88
Unit Test	Install dependencies	2026-08-21T16:35:09.2019032Z Successfully built antlr4-python3-runtime
Unit Test	Install dependencies	2026-08-21T16:35:09.6495325Z Installing collected packages: pytz, pygtrie, funcy, appdirs, antlr4-python3-runtime, zipp, zc.lockfile, websockets, wcwidth, voluptuous, vine, uvloop, urllib3, ujson, tzlocal, tzdata, typing-extensions, tqdm, tomlkit, tomli, threadpoolctl, tabulate, sqlparse, smmap, six, shtab, shortuuid, shellingham, semver, ruamel.yaml, pyyaml, python-multipart, python-dotenv, pyparsing, pygments, pycparser, pyasn1, psutil, protobuf, propcache, pluggy, platformdirs, pillow, pathspec, packaging, orjson, oauthlib, numpy, networkx, mdurl, markupsafe, markdown, kiwisolver, joblib, itsdangerous, iniconfig, idna, httptools, h11, greenlet, graphql-core, google-crc32c, fsspec, frozenlist, fonttools, flatten-dict, filelock, entrypoints, dvc-render, dpath, dnspython, distro, diskcache, dictdiffer, decorator, cycler, configobj, colorama, cloudpickle, click, charset_normalizer, certifi, cachetools, blinker, billiard, attrs, atpublic, async-timeout, annotated-types, annotated-doc, aiohappyeyeballs, werkzeug, uvicorn, typing-inspection, sqltrie, sqlalchemy, scipy, requests, querystring-parser, python-dateutil, pydot, pydantic-core, pyasn1-modules, pyarrow, proto-plus, prompt-toolkit, opentelemetry-api, omegaconf, multidict, markdown-it-py, Mako, Jinja2, importlib-metadata, httpcore, gunicorn, grpcio, graphql-relay, grandalf, googleapis-common-protos, google-resumable-media, gitdb, flufl.lock, exceptiongroup, email_validator, dvc-objects, dulwich, contourpy, click-plugins, click-didyoumean, cffi, amqp, aiosignal, yarl, scikit-learn, rich, requests-oauthlib, pytest, pygit2, pydantic, pandas, opentelemetry-semantic-conventions, matplotlib, kombu, iterative-telemetry, hydra-core, grpcio-status, graphene, gitpython, Flask, dvc-studio-client, dvc-data, docker, cryptography, click-repl, anyio, alembic, watchfiles, typer, starlette, rich-toolkit, pydantic-settings, opentelemetry-sdk, httpx, grpc-google-iam-v1, google-auth, celery, asyncssh, aiohttp, mlflow, google-auth-oauthlib, google-api-core, dvc-task, aiohttp-retry, scmrepo, google-cloud-core, fastapi-cli, dvc-http, gto, google-cloud-storage-control, google-cloud-storage, fastapi, gcsfs, dvc, dvc-gs
Unit Test	Install dependencies	2026-08-21T16:35:38.4797365Z 
Unit Test	Install dependencies	2026-08-21T16:35:38.5007809Z Successfully installed Flask-3.1.3 Jinja2-3.1.6 Mako-1.4.1 aiohappyeyeballs-2.7.1 aiohttp-3.14.3 aiohttp-retry-2.9.1 aiosignal-1.4.0 alembic-1.19.1 amqp-5.3.1 annotated-doc-0.0.5 annotated-types-0.8.0 antlr4-python3-runtime-4.9.3 anyio-4.14.2 appdirs-1.4.4 async-timeout-5.0.1 asyncssh-2.24.0 atpublic-7.0.0 attrs-26.1.0 billiard-4.2.4 blinker-1.9.0 cachetools-5.5.2 celery-5.6.3 certifi-2026.7.22 cffi-2.1.1 charset_normalizer-3.5.1 click-8.4.2 click-didyoumean-0.3.1 click-plugins-1.1.1.2 click-repl-0.3.0 cloudpickle-3.1.2 colorama-0.4.6 configobj-5.0.9 contourpy-1.3.2 cryptography-50.0.0 cycler-0.12.1 decorator-5.3.1 dictdiffer-0.10.0 diskcache-5.6.3 distro-1.9.0 dnspython-2.8.0 docker-7.2.0 dpath-2.2.0 dulwich-1.2.12 dvc-3.50.1 dvc-data-3.15.2 dvc-gs-3.1.0 dvc-http-2.32.0 dvc-objects-5.2.0 dvc-render-1.0.2 dvc-studio-client-0.23.0 dvc-task-0.40.2 email_validator-2.3.0 entrypoints-0.4 exceptiongroup-1.3.1 fastapi-0.111.0 fastapi-cli-0.0.32 filelock-3.32.3 flatten-dict-0.5.0 flufl.lock-7.1.1 fonttools-4.63.0 frozenlist-1.8.0 fsspec-2025.12.0 funcy-2.0 gcsfs-2025.12.0 gitdb-4.0.12 gitpython-3.1.59 google-api-core-2.30.3 google-auth-2.56.3 google-auth-oauthlib-1.4.0 google-cloud-core-2.6.1 google-cloud-storage-2.16.0 google-cloud-storage-control-1.12.0 google-crc32c-1.8.0 google-resumable-media-2.10.1 googleapis-common-protos-1.75.0 grandalf-0.8 graphene-3.4.3 graphql-core-3.2.11 graphql-relay-3.2.0 greenlet-3.5.5 grpc-google-iam-v1-0.14.4 grpcio-1.83.0 grpcio-status-1.62.3 gto-1.10.1 gunicorn-22.0.0 h11-0.16.0 httpcore-1.0.9 httptools-0.8.0 httpx-0.28.1 hydra-core-1.3.5 idna-3.19 importlib-metadata-7.2.1 iniconfig-2.3.0 iterative-telemetry-0.0.10 itsdangerous-2.2.0 joblib-1.4.2 kiwisolver-1.5.0 kombu-5.6.2 markdown-3.10.3 markdown-it-py-4.2.0 markupsafe-3.0.3 matplotlib-3.10.9 mdurl-0.1.2 mlflow-2.13.0 multidict-6.7.1 networkx-3.4.2 numpy-1.26.4 oauthlib-3.3.1 omegaconf-2.3.1 opentelemetry-api-1.44.0 opentelemetry-sdk-1.44.0 opentelemetry-semantic-conventions-0.65b0 orjson-3.12.0 packaging-24.2 pandas-2.2.2 pathspec-0.11.2 pillow-12.3.0 platformdirs-3.11.0 pluggy-1.6.0 prompt-toolkit-3.0.53 propcache-0.5.2 proto-plus-1.28.2 protobuf-4.25.9 psutil-7.2.2 pyarrow-15.0.2 pyasn1-0.6.4 pyasn1-modules-0.4.2 pycparser-3.0 pydantic-2.13.4 pydantic-core-2.46.4 pydantic-settings-2.15.0 pydot-4.0.1 pygit2-1.18.2 pygments-2.21.0 pygtrie-2.5.0 pyparsing-3.3.2 pytest-8.2.0 python-dateutil-2.9.0.post0 python-dotenv-1.2.3 python-multipart-0.0.32 pytz-2024.2 pyyaml-6.0.1 querystring-parser-1.2.4 requests-2.34.2 requests-oauthlib-2.0.0 rich-15.0.0 rich-toolkit-0.20.3 ruamel.yaml-0.19.1 scikit-learn-1.4.2 scipy-1.15.3 scmrepo-3.6.2 semver-3.0.4 shellingham-1.5.4 shortuuid-1.0.13 shtab-1.11.0 six-1.17.0 smmap-5.0.3 sqlalchemy-2.0.52 sqlparse-0.6.0 sqltrie-0.11.2 starlette-0.37.2 tabulate-0.10.0 threadpoolctl-3.6.0 tomli-2.4.1 tomlkit-0.15.1 tqdm-4.70.0 typer-0.27.1 typing-extensions-4.16.0 typing-inspection-0.4.4 tzdata-2026.3 tzlocal-5.4.4 ujson-5.13.0 urllib3-2.7.0 uvicorn-0.29.0 uvloop-0.22.1 vine-5.1.0 voluptuous-0.16.0 watchfiles-1.2.0 wcwidth-0.8.2 websockets-16.1.1 werkzeug-3.1.8 yarl-1.24.5 zc.lockfile-4.0 zipp-4.1.0
Unit Test	Run unit tests	﻿2026-08-21T16:35:39.5076463Z ##[group]Run pytest tests/ -v
Unit Test	Run unit tests	2026-08-21T16:35:39.5076791Z ^[[36;1mpytest tests/ -v^[[0m
Unit Test	Run unit tests	2026-08-21T16:35:39.5120837Z shell: /usr/bin/bash -e {0}
Unit Test	Run unit tests	2026-08-21T16:35:39.5121300Z env:
Unit Test	Run unit tests	2026-08-21T16:35:39.5121590Z   pythonLocation: /opt/hostedtoolcache/Python/3.10.21/x64
Unit Test	Run unit tests	2026-08-21T16:35:39.5122034Z   PKG_CONFIG_PATH: /opt/hostedtoolcache/Python/3.10.21/x64/lib/pkgconfig
Unit Test	Run unit tests	2026-08-21T16:35:39.5122464Z   Python_ROOT_DIR: /opt/hostedtoolcache/Python/3.10.21/x64
Unit Test	Run unit tests	2026-08-21T16:35:39.5122850Z   Python2_ROOT_DIR: /opt/hostedtoolcache/Python/3.10.21/x64
Unit Test	Run unit tests	2026-08-21T16:35:39.5123237Z   Python3_ROOT_DIR: /opt/hostedtoolcache/Python/3.10.21/x64
Unit Test	Run unit tests	2026-08-21T16:35:39.5123625Z   LD_LIBRARY_PATH: /opt/hostedtoolcache/Python/3.10.21/x64/lib
Unit Test	Run unit tests	2026-08-21T16:35:39.5123961Z ##[endgroup]
Unit Test	Run unit tests	2026-08-21T16:35:40.3723279Z ============================= test session starts ==============================
Unit Test	Run unit tests	2026-08-21T16:35:40.3724364Z platform linux -- Python 3.10.21, pytest-8.2.0, pluggy-1.6.0 -- /opt/hostedtoolcache/Python/3.10.21/x64/bin/python
Unit Test	Run unit tests	2026-08-21T16:35:40.3725594Z cachedir: .pytest_cache
Unit Test	Run unit tests	2026-08-21T16:35:40.3726308Z rootdir: /home/runner/work/TRACK2-DAY21-2A202601155-TRANNGUYENTHENHAT/TRACK2-DAY21-2A202601155-TRANNGUYENTHENHAT
Unit Test	Run unit tests	2026-08-21T16:35:40.3727661Z plugins: hydra-core-1.3.5, anyio-4.14.2
Unit Test	Run unit tests	2026-08-21T16:35:42.2394080Z collecting ... collected 3 items
Unit Test	Run unit tests	2026-08-21T16:35:42.2394369Z 
Unit Test	Run unit tests	2026-08-21T16:35:44.7999705Z tests/test_train.py::test_train_returns_float PASSED                     [ 33%]
Unit Test	Run unit tests	2026-08-21T16:35:46.4813835Z tests/test_train.py::test_metrics_file_created PASSED                    [ 66%]
Unit Test	Run unit tests	2026-08-21T16:35:48.1828332Z tests/test_train.py::test_model_file_created PASSED                      [100%]
Unit Test	Run unit tests	2026-08-21T16:35:48.1829207Z 
Unit Test	Run unit tests	2026-08-21T16:35:48.1829857Z =============================== warnings summary ===============================
Unit Test	Run unit tests	2026-08-21T16:35:48.1830948Z ../../../../../opt/hostedtoolcache/Python/3.10.21/x64/lib/python3.10/site-packages/mlflow/utils/requirements_utils.py:20
Unit Test	Run unit tests	2026-08-21T16:35:48.1832871Z   /opt/hostedtoolcache/Python/3.10.21/x64/lib/python3.10/site-packages/mlflow/utils/requirements_utils.py:20: DeprecationWarning: pkg_resources is deprecated as an API. See https://setuptools.pypa.io/en/latest/pkg_resources.html
Unit Test	Run unit tests	2026-08-21T16:35:48.1834443Z     import pkg_resources  # noqa: TID251
Unit Test	Run unit tests	2026-08-21T16:35:48.1834757Z 
Unit Test	Run unit tests	2026-08-21T16:35:48.1835265Z ../../../../../opt/hostedtoolcache/Python/3.10.21/x64/lib/python3.10/site-packages/mlflow/gateway/config.py:61
Unit Test	Run unit tests	2026-08-21T16:35:48.1838180Z   /opt/hostedtoolcache/Python/3.10.21/x64/lib/python3.10/site-packages/mlflow/gateway/config.py:61: PydanticDeprecatedSince20: Pydantic V1 style `@validator` validators are deprecated. You should migrate to Pydantic V2 style `@field_validator` validators, see the migration guide for more details. Deprecated in Pydantic V2.0 to be removed in V3.0. See Pydantic V2 Migration Guide at https://errors.pydantic.dev/2.13/migration/
Unit Test	Run unit tests	2026-08-21T16:35:48.1841010Z     @validator("togetherai_api_key", pre=True)
Unit Test	Run unit tests	2026-08-21T16:35:48.1841338Z 
Unit Test	Run unit tests	2026-08-21T16:35:48.1841822Z ../../../../../opt/hostedtoolcache/Python/3.10.21/x64/lib/python3.10/site-packages/mlflow/gateway/config.py:75
Unit Test	Run unit tests	2026-08-21T16:35:48.1844612Z   /opt/hostedtoolcache/Python/3.10.21/x64/lib/python3.10/site-packages/mlflow/gateway/config.py:75: PydanticDeprecatedSince20: Pydantic V1 style `@validator` validators are deprecated. You should migrate to Pydantic V2 style `@field_validator` validators, see the migration guide for more details. Deprecated in Pydantic V2.0 to be removed in V3.0. See Pydantic V2 Migration Guide at https://errors.pydantic.dev/2.13/migration/
Unit Test	Run unit tests	2026-08-21T16:35:48.1847125Z     @validator("cohere_api_key", pre=True)
Unit Test	Run unit tests	2026-08-21T16:35:48.1847412Z 
Unit Test	Run unit tests	2026-08-21T16:35:48.1847846Z ../../../../../opt/hostedtoolcache/Python/3.10.21/x64/lib/python3.10/site-packages/mlflow/gateway/config.py:83
Unit Test	Run unit tests	2026-08-21T16:35:48.1850735Z   /opt/hostedtoolcache/Python/3.10.21/x64/lib/python3.10/site-packages/mlflow/gateway/config.py:83: PydanticDeprecatedSince20: Pydantic V1 style `@validator` validators are deprecated. You should migrate to Pydantic V2 style `@field_validator` validators, see the migration guide for more details. Deprecated in Pydantic V2.0 to be removed in V3.0. See Pydantic V2 Migration Guide at https://errors.pydantic.dev/2.13/migration/
Unit Test	Run unit tests	2026-08-21T16:35:48.1853663Z     @validator("ai21labs_api_key", pre=True)
Unit Test	Run unit tests	2026-08-21T16:35:48.1853942Z 
Unit Test	Run unit tests	2026-08-21T16:35:48.1854397Z ../../../../../opt/hostedtoolcache/Python/3.10.21/x64/lib/python3.10/site-packages/mlflow/gateway/config.py:92
Unit Test	Run unit tests	2026-08-21T16:35:48.1857096Z   /opt/hostedtoolcache/Python/3.10.21/x64/lib/python3.10/site-packages/mlflow/gateway/config.py:92: PydanticDeprecatedSince20: Pydantic V1 style `@validator` validators are deprecated. You should migrate to Pydantic V2 style `@field_validator` validators, see the migration guide for more details. Deprecated in Pydantic V2.0 to be removed in V3.0. See Pydantic V2 Migration Guide at https://errors.pydantic.dev/2.13/migration/
Unit Test	Run unit tests	2026-08-21T16:35:48.1871397Z     @validator("mosaicml_api_key", pre=True)
Unit Test	Run unit tests	2026-08-21T16:35:48.1871729Z 
Unit Test	Run unit tests	2026-08-21T16:35:48.1872214Z ../../../../../opt/hostedtoolcache/Python/3.10.21/x64/lib/python3.10/site-packages/mlflow/gateway/config.py:122
Unit Test	Run unit tests	2026-08-21T16:35:48.1875046Z   /opt/hostedtoolcache/Python/3.10.21/x64/lib/python3.10/site-packages/mlflow/gateway/config.py:122: PydanticDeprecatedSince20: Pydantic V1 style `@validator` validators are deprecated. You should migrate to Pydantic V2 style `@field_validator` validators, see the migration guide for more details. Deprecated in Pydantic V2.0 to be removed in V3.0. See Pydantic V2 Migration Guide at https://errors.pydantic.dev/2.13/migration/
Unit Test	Run unit tests	2026-08-21T16:35:48.1877421Z     @validator("openai_api_key", pre=True)
Unit Test	Run unit tests	2026-08-21T16:35:48.1877715Z 
Unit Test	Run unit tests	2026-08-21T16:35:48.1878168Z ../../../../../opt/hostedtoolcache/Python/3.10.21/x64/lib/python3.10/site-packages/mlflow/gateway/config.py:179
Unit Test	Run unit tests	2026-08-21T16:35:48.1881125Z   /opt/hostedtoolcache/Python/3.10.21/x64/lib/python3.10/site-packages/mlflow/gateway/config.py:179: PydanticDeprecatedSince20: Pydantic V1 style `@validator` validators are deprecated. You should migrate to Pydantic V2 style `@field_validator` validators, see the migration guide for more details. Deprecated in Pydantic V2.0 to be removed in V3.0. See Pydantic V2 Migration Guide at https://errors.pydantic.dev/2.13/migration/
Unit Test	Run unit tests	2026-08-21T16:35:48.1883605Z     @validator("anthropic_api_key", pre=True)
Unit Test	Run unit tests	2026-08-21T16:35:48.1883921Z 
Unit Test	Run unit tests	2026-08-21T16:35:48.1884432Z ../../../../../opt/hostedtoolcache/Python/3.10.21/x64/lib/python3.10/site-packages/mlflow/gateway/config.py:187
Unit Test	Run unit tests	2026-08-21T16:35:48.1887219Z   /opt/hostedtoolcache/Python/3.10.21/x64/lib/python3.10/site-packages/mlflow/gateway/config.py:187: PydanticDeprecatedSince20: Pydantic V1 style `@validator` validators are deprecated. You should migrate to Pydantic V2 style `@field_validator` validators, see the migration guide for more details. Deprecated in Pydantic V2.0 to be removed in V3.0. See Pydantic V2 Migration Guide at https://errors.pydantic.dev/2.13/migration/
Unit Test	Run unit tests	2026-08-21T16:35:48.1889890Z     @validator("palm_api_key", pre=True)
Unit Test	Run unit tests	2026-08-21T16:35:48.1890177Z 
Unit Test	Run unit tests	2026-08-21T16:35:48.1890632Z ../../../../../opt/hostedtoolcache/Python/3.10.21/x64/lib/python3.10/site-packages/mlflow/gateway/config.py:227
Unit Test	Run unit tests	2026-08-21T16:35:48.1893444Z   /opt/hostedtoolcache/Python/3.10.21/x64/lib/python3.10/site-packages/mlflow/gateway/config.py:227: PydanticDeprecatedSince20: Pydantic V1 style `@validator` validators are deprecated. You should migrate to Pydantic V2 style `@field_validator` validators, see the migration guide for more details. Deprecated in Pydantic V2.0 to be removed in V3.0. See Pydantic V2 Migration Guide at https://errors.pydantic.dev/2.13/migration/
Unit Test	Run unit tests	2026-08-21T16:35:48.1895952Z     @validator("mistral_api_key", pre=True)
Unit Test	Run unit tests	2026-08-21T16:35:48.1896228Z 
Unit Test	Run unit tests	2026-08-21T16:35:48.1896717Z ../../../../../opt/hostedtoolcache/Python/3.10.21/x64/lib/python3.10/site-packages/mlflow/gateway/config.py:308
Unit Test	Run unit tests	2026-08-21T16:35:48.1899702Z   /opt/hostedtoolcache/Python/3.10.21/x64/lib/python3.10/site-packages/mlflow/gateway/config.py:308: PydanticDeprecatedSince20: Pydantic V1 style `@validator` validators are deprecated. You should migrate to Pydantic V2 style `@field_validator` validators, see the migration guide for more details. Deprecated in Pydantic V2.0 to be removed in V3.0. See Pydantic V2 Migration Guide at https://errors.pydantic.dev/2.13/migration/
Unit Test	Run unit tests	2026-08-21T16:35:48.1902597Z     @validator("provider", pre=True)
Unit Test	Run unit tests	2026-08-21T16:35:48.1902860Z 
Unit Test	Run unit tests	2026-08-21T16:35:48.1903330Z ../../../../../opt/hostedtoolcache/Python/3.10.21/x64/lib/python3.10/site-packages/mlflow/gateway/config.py:329
Unit Test	Run unit tests	2026-08-21T16:35:48.1906004Z   /opt/hostedtoolcache/Python/3.10.21/x64/lib/python3.10/site-packages/mlflow/gateway/config.py:329: PydanticDeprecatedSince20: Pydantic V1 style `@validator` validators are deprecated. You should migrate to Pydantic V2 style `@field_validator` validators, see the migration guide for more details. Deprecated in Pydantic V2.0 to be removed in V3.0. See Pydantic V2 Migration Guide at https://errors.pydantic.dev/2.13/migration/
Unit Test	Run unit tests	2026-08-21T16:35:48.1908405Z     @validator("config", pre=True)
Unit Test	Run unit tests	2026-08-21T16:35:48.1908648Z 
Unit Test	Run unit tests	2026-08-21T16:35:48.1909081Z ../../../../../opt/hostedtoolcache/Python/3.10.21/x64/lib/python3.10/site-packages/mlflow/gateway/config.py:369
Unit Test	Run unit tests	2026-08-21T16:35:48.1911973Z   /opt/hostedtoolcache/Python/3.10.21/x64/lib/python3.10/site-packages/mlflow/gateway/config.py:369: PydanticDeprecatedSince20: Pydantic V1 style `@validator` validators are deprecated. You should migrate to Pydantic V2 style `@field_validator` validators, see the migration guide for more details. Deprecated in Pydantic V2.0 to be removed in V3.0. See Pydantic V2 Migration Guide at https://errors.pydantic.dev/2.13/migration/
Unit Test	Run unit tests	2026-08-21T16:35:48.1914371Z     @validator("name")
Unit Test	Run unit tests	2026-08-21T16:35:48.1914569Z 
Unit Test	Run unit tests	2026-08-21T16:35:48.1915020Z ../../../../../opt/hostedtoolcache/Python/3.10.21/x64/lib/python3.10/site-packages/mlflow/gateway/config.py:379
Unit Test	Run unit tests	2026-08-21T16:35:48.1917704Z   /opt/hostedtoolcache/Python/3.10.21/x64/lib/python3.10/site-packages/mlflow/gateway/config.py:379: PydanticDeprecatedSince20: Pydantic V1 style `@validator` validators are deprecated. You should migrate to Pydantic V2 style `@field_validator` validators, see the migration guide for more details. Deprecated in Pydantic V2.0 to be removed in V3.0. See Pydantic V2 Migration Guide at https://errors.pydantic.dev/2.13/migration/
Unit Test	Run unit tests	2026-08-21T16:35:48.1920219Z     @validator("model", pre=True)
Unit Test	Run unit tests	2026-08-21T16:35:48.1920454Z 
Unit Test	Run unit tests	2026-08-21T16:35:48.1920901Z ../../../../../opt/hostedtoolcache/Python/3.10.21/x64/lib/python3.10/site-packages/mlflow/gateway/config.py:390
Unit Test	Run unit tests	2026-08-21T16:35:48.1923625Z   /opt/hostedtoolcache/Python/3.10.21/x64/lib/python3.10/site-packages/mlflow/gateway/config.py:390: PydanticDeprecatedSince20: Pydantic V1 style `@root_validator` validators are deprecated. You should migrate to Pydantic V2 style `@model_validator` validators, see the migration guide for more details. Deprecated in Pydantic V2.0 to be removed in V3.0. See Pydantic V2 Migration Guide at https://errors.pydantic.dev/2.13/migration/
Unit Test	Run unit tests	2026-08-21T16:35:48.1926061Z     @root_validator(skip_on_failure=True)
Unit Test	Run unit tests	2026-08-21T16:35:48.1926360Z 
Unit Test	Run unit tests	2026-08-21T16:35:48.1926787Z ../../../../../opt/hostedtoolcache/Python/3.10.21/x64/lib/python3.10/site-packages/mlflow/gateway/config.py:412
Unit Test	Run unit tests	2026-08-21T16:35:48.1929603Z   /opt/hostedtoolcache/Python/3.10.21/x64/lib/python3.10/site-packages/mlflow/gateway/config.py:412: PydanticDeprecatedSince20: Pydantic V1 style `@validator` validators are deprecated. You should migrate to Pydantic V2 style `@field_validator` validators, see the migration guide for more details. Deprecated in Pydantic V2.0 to be removed in V3.0. See Pydantic V2 Migration Guide at https://errors.pydantic.dev/2.13/migration/
Unit Test	Run unit tests	2026-08-21T16:35:48.1931958Z     @validator("route_type", pre=True)
Unit Test	Run unit tests	2026-08-21T16:35:48.1932222Z 
Unit Test	Run unit tests	2026-08-21T16:35:48.1932652Z ../../../../../opt/hostedtoolcache/Python/3.10.21/x64/lib/python3.10/site-packages/mlflow/gateway/config.py:418
Unit Test	Run unit tests	2026-08-21T16:35:48.1935555Z   /opt/hostedtoolcache/Python/3.10.21/x64/lib/python3.10/site-packages/mlflow/gateway/config.py:418: PydanticDeprecatedSince20: Pydantic V1 style `@validator` validators are deprecated. You should migrate to Pydantic V2 style `@field_validator` validators, see the migration guide for more details. Deprecated in Pydantic V2.0 to be removed in V3.0. See Pydantic V2 Migration Guide at https://errors.pydantic.dev/2.13/migration/
Unit Test	Run unit tests	2026-08-21T16:35:48.1938218Z     @validator("limit", pre=True)
Unit Test	Run unit tests	2026-08-21T16:35:48.1938448Z 
Unit Test	Run unit tests	2026-08-21T16:35:48.1938892Z ../../../../../opt/hostedtoolcache/Python/3.10.21/x64/lib/python3.10/site-packages/mlflow/gateway/config.py:468
Unit Test	Run unit tests	2026-08-21T16:35:48.1941234Z   /opt/hostedtoolcache/Python/3.10.21/x64/lib/python3.10/site-packages/mlflow/gateway/config.py:468: PydanticDeprecatedSince20: Support for class-based `config` is deprecated, use ConfigDict instead. Deprecated in Pydantic V2.0 to be removed in V3.0. See Pydantic V2 Migration Guide at https://errors.pydantic.dev/2.13/migration/
Unit Test	Run unit tests	2026-08-21T16:35:48.1943146Z     class Route(ConfigModel):
Unit Test	Run unit tests	2026-08-21T16:35:48.1943375Z 
Unit Test	Run unit tests	2026-08-21T16:35:48.1943615Z tests/test_train.py::test_train_returns_float
Unit Test	Run unit tests	2026-08-21T16:35:48.1944096Z tests/test_train.py::test_metrics_file_created
Unit Test	Run unit tests	2026-08-21T16:35:48.1944561Z tests/test_train.py::test_model_file_created
Unit Test	Run unit tests	2026-08-21T16:35:48.1946014Z   /opt/hostedtoolcache/Python/3.10.21/x64/lib/python3.10/importlib/__init__.py:126: DeprecationWarning: The distutils package is deprecated and slated for removal in Python 3.12. Use setuptools or check PEP 632 for potential alternatives
Unit Test	Run unit tests	2026-08-21T16:35:48.1947546Z     return _bootstrap._gcd_import(name[level:], package, level)
Unit Test	Run unit tests	2026-08-21T16:35:48.1947927Z 
Unit Test	Run unit tests	2026-08-21T16:35:48.1948095Z tests/test_train.py::test_metrics_file_created
Unit Test	Run unit tests	2026-08-21T16:35:48.1948544Z tests/test_train.py::test_model_file_created
Unit Test	Run unit tests	2026-08-21T16:35:48.1951443Z   /opt/hostedtoolcache/Python/3.10.21/x64/lib/python3.10/site-packages/_distutils_hack/__init__.py:15: UserWarning: Distutils was imported before Setuptools, but importing Setuptools also replaces the `distutils` module in `sys.modules`. This may lead to undesirable behaviors or errors. To avoid these issues, avoid using distutils directly, ensure that setuptools is installed in the traditional way (e.g. not an editable install), and/or make sure that setuptools is always imported before distutils.
Unit Test	Run unit tests	2026-08-21T16:35:48.1954186Z     warnings.warn(
Unit Test	Run unit tests	2026-08-21T16:35:48.1954370Z 
Unit Test	Run unit tests	2026-08-21T16:35:48.1954537Z tests/test_train.py::test_metrics_file_created
Unit Test	Run unit tests	2026-08-21T16:35:48.1954993Z tests/test_train.py::test_model_file_created
Unit Test	Run unit tests	2026-08-21T16:35:48.1957120Z   /opt/hostedtoolcache/Python/3.10.21/x64/lib/python3.10/site-packages/_distutils_hack/__init__.py:30: UserWarning: Setuptools is replacing distutils. Support for replacing an already imported distutils is deprecated. In the future, this condition will fail. Register concerns at https://github.com/pypa/setuptools/issues/new?template=distutils-deprecation.yml
Unit Test	Run unit tests	2026-08-21T16:35:48.1959241Z     warnings.warn(
Unit Test	Run unit tests	2026-08-21T16:35:48.1959717Z 
Unit Test	Run unit tests	2026-08-21T16:35:48.1960003Z -- Docs: https://docs.pytest.org/en/stable/how-to/capture-warnings.html
Unit Test	Run unit tests	2026-08-21T16:35:48.1960662Z ======================== 3 passed, 24 warnings in 7.82s ========================
Unit Test	Post Run actions/setup-python@v5	﻿2026-08-21T16:35:48.6719068Z Node 20 is being deprecated. This workflow is running with Node 24 by default. If you need to temporarily use Node 20, you can set the ACTIONS_ALLOW_USE_UNSECURE_NODE_VERSION=true environment variable. For more information see: https://github.blog/changelog/2025-09-19-deprecation-of-node-20-on-github-actions-runners/
Unit Test	Post Run actions/setup-python@v5	2026-08-21T16:35:48.6720477Z Post job cleanup.
Unit Test	Post Run actions/setup-python@v5	2026-08-21T16:35:48.7949990Z (node:2435) [DEP0040] DeprecationWarning: The `punycode` module is deprecated. Please use a userland alternative instead.
Unit Test	Post Run actions/setup-python@v5	2026-08-21T16:35:48.7950794Z (Use `node --trace-deprecation ...` to show where the warning was created)
Unit Test	Post Run actions/checkout@v4	﻿2026-08-21T16:35:48.8173714Z Node 20 is being deprecated. This workflow is running with Node 24 by default. If you need to temporarily use Node 20, you can set the ACTIONS_ALLOW_USE_UNSECURE_NODE_VERSION=true environment variable. For more information see: https://github.blog/changelog/2025-09-19-deprecation-of-node-20-on-github-actions-runners/
Unit Test	Post Run actions/checkout@v4	2026-08-21T16:35:48.8175997Z Post job cleanup.
Unit Test	Post Run actions/checkout@v4	2026-08-21T16:35:48.9075761Z [command]/usr/bin/git version
Unit Test	Post Run actions/checkout@v4	2026-08-21T16:35:48.9119665Z git version 2.55.0
Unit Test	Post Run actions/checkout@v4	2026-08-21T16:35:48.9158539Z Temporarily overriding HOME='/home/runner/work/_temp/314493a4-371c-4dcd-aa82-bd01eec09966' before making global git config changes
Unit Test	Post Run actions/checkout@v4	2026-08-21T16:35:48.9160163Z Adding repository directory to the temporary git global config as a safe directory
Unit Test	Post Run actions/checkout@v4	2026-08-21T16:35:48.9164655Z [command]/usr/bin/git config --global --add safe.directory /home/runner/work/TRACK2-DAY21-2A202601155-TRANNGUYENTHENHAT/TRACK2-DAY21-2A202601155-TRANNGUYENTHENHAT
Unit Test	Post Run actions/checkout@v4	2026-08-21T16:35:48.9211183Z [command]/usr/bin/git config --local --name-only --get-regexp core\.sshCommand
Unit Test	Post Run actions/checkout@v4	2026-08-21T16:35:48.9250662Z [command]/usr/bin/git submodule foreach --recursive sh -c "git config --local --name-only --get-regexp 'core\.sshCommand' && git config --local --unset-all 'core.sshCommand' || :"
Unit Test	Post Run actions/checkout@v4	2026-08-21T16:35:48.9537267Z [command]/usr/bin/git config --local --name-only --get-regexp http\.https\:\/\/github\.com\/\.extraheader
Unit Test	Post Run actions/checkout@v4	2026-08-21T16:35:48.9568021Z http.https://github.com/.extraheader
Unit Test	Post Run actions/checkout@v4	2026-08-21T16:35:48.9581036Z [command]/usr/bin/git config --local --unset-all http.https://github.com/.extraheader
Unit Test	Post Run actions/checkout@v4	2026-08-21T16:35:48.9617910Z [command]/usr/bin/git submodule foreach --recursive sh -c "git config --local --name-only --get-regexp 'http\.https\:\/\/github\.com\/\.extraheader' && git config --local --unset-all 'http.https://github.com/.extraheader' || :"
Unit Test	Post Run actions/checkout@v4	2026-08-21T16:35:48.9933311Z [command]/usr/bin/git config --local --name-only --get-regexp ^includeIf\.gitdir:
Unit Test	Post Run actions/checkout@v4	2026-08-21T16:35:48.9977820Z [command]/usr/bin/git submodule foreach --recursive git config --local --show-origin --name-only --get-regexp remote.origin.url
Unit Test	Complete job	﻿2026-08-21T16:35:49.0465049Z Cleaning up orphan processes
Unit Test	Complete job	2026-08-21T16:35:49.0776598Z ##[warning]Node.js 20 is deprecated. The following actions target Node.js 20 but are being forced to run on Node.js 24: actions/checkout@v4, actions/setup-python@v5. For more information see: https://github.blog/changelog/2025-09-19-deprecation-of-node-20-on-github-actions-runners/
Train	Set up job	﻿2026-08-21T16:35:55.2862009Z Current runner version: '2.336.0'
Train	Set up job	2026-08-21T16:35:55.2890439Z ##[group]Runner Image Provisioner
Train	Set up job	2026-08-21T16:35:55.2891695Z Hosted Compute Agent
Train	Set up job	2026-08-21T16:35:55.2892712Z Version: 20260729.566
Train	Set up job	2026-08-21T16:35:55.2893682Z Commit: cf7153fe6e25b664e8693c24944bf2b00355d109
Train	Set up job	2026-08-21T16:35:55.2894867Z Build Date: 2026-07-29T19:17:02Z
Train	Set up job	2026-08-21T16:35:55.2896047Z Worker ID: ***a6671b6e-656c-45ad-9450-f39d6e10fe5a***
Train	Set up job	2026-08-21T16:35:55.2897099Z Azure Region: westcentralus
Train	Set up job	2026-08-21T16:35:55.2898104Z ##[endgroup]
Train	Set up job	2026-08-21T16:35:55.2899928Z ##[group]Operating System
Train	Set up job	2026-08-21T16:35:55.2900831Z Ubuntu
Train	Set up job	2026-08-21T16:35:55.2901717Z 24.04.4
Train	Set up job	2026-08-21T16:35:55.2902481Z LTS
Train	Set up job	2026-08-21T16:35:55.2903355Z ##[endgroup]
Train	Set up job	2026-08-21T16:35:55.2904219Z ##[group]Runner Image
Train	Set up job	2026-08-21T16:35:55.2905270Z Image: ubuntu-24.04
Train	Set up job	2026-08-21T16:35:55.2906205Z Version: 20260816.277.1
Train	Set up job	2026-08-21T16:35:55.2907587Z Included Software: https://github.com/actions/runner-images/blob/ubuntu24/20260816.277/images/ubuntu/Ubuntu2404-Readme.md
Train	Set up job	2026-08-21T16:35:55.2909609Z Image Release: https://github.com/actions/runner-images/releases/tag/ubuntu24%2F20260816.277
Train	Set up job	2026-08-21T16:35:55.2910978Z ##[endgroup]
Train	Set up job	2026-08-21T16:35:55.2912670Z ##[group]GITHUB_TOKEN Permissions
Train	Set up job	2026-08-21T16:35:55.2915410Z Contents: read
Train	Set up job	2026-08-21T16:35:55.2916403Z Metadata: read
Train	Set up job	2026-08-21T16:35:55.2917278Z Packages: read
Train	Set up job	2026-08-21T16:35:55.2918071Z ##[endgroup]
Train	Set up job	2026-08-21T16:35:55.2920632Z Secret source: Actions
Train	Set up job	2026-08-21T16:35:55.2922157Z Prepare workflow directory
Train	Set up job	2026-08-21T16:35:55.3278975Z Prepare all required actions
Train	Set up job	2026-08-21T16:35:55.3327926Z Getting action download info
Train	Set up job	2026-08-21T16:35:55.6256506Z Download action repository 'actions/checkout@v4' (SHA:11d5960a326750d5838078e36cf38b85af677262)
Train	Set up job	2026-08-21T16:35:56.6232600Z Download action repository 'actions/setup-python@v5' (SHA:a26af69be951a213d495a4c3e4e4022e16d87065)
Train	Set up job	2026-08-21T16:35:56.7493918Z Download action repository 'actions/upload-artifact@v4' (SHA:ea165f8d65b6e75b540449e92b4886f43607fa02)
Train	Set up job	2026-08-21T16:35:57.0775577Z Complete job name: Train
Train	Run actions/checkout@v4	﻿2026-08-21T16:35:57.1785828Z Node 20 is being deprecated. This workflow is running with Node 24 by default. If you need to temporarily use Node 20, you can set the ACTIONS_ALLOW_USE_UNSECURE_NODE_VERSION=true environment variable. For more information see: https://github.blog/changelog/2025-09-19-deprecation-of-node-20-on-github-actions-runners/
Train	Run actions/checkout@v4	2026-08-21T16:35:57.1798234Z ##[group]Run actions/checkout@v4
Train	Run actions/checkout@v4	2026-08-21T16:35:57.1799882Z with:
Train	Run actions/checkout@v4	2026-08-21T16:35:57.1801381Z   repository: NhtJm/TRACK2-DAY21-2A202601155-TRANNGUYENTHENHAT
Train	Run actions/checkout@v4	2026-08-21T16:35:57.1810946Z   token: ***
Train	Run actions/checkout@v4	2026-08-21T16:35:57.1812215Z   ssh-strict: true
Train	Run actions/checkout@v4	2026-08-21T16:35:57.1813507Z   ssh-user: git
Train	Run actions/checkout@v4	2026-08-21T16:35:57.1814958Z   persist-credentials: true
Train	Run actions/checkout@v4	2026-08-21T16:35:57.1816340Z   clean: true
Train	Run actions/checkout@v4	2026-08-21T16:35:57.1817652Z   sparse-checkout-cone-mode: true
Train	Run actions/checkout@v4	2026-08-21T16:35:57.1819109Z   fetch-depth: 1
Train	Run actions/checkout@v4	2026-08-21T16:35:57.1820407Z   fetch-tags: false
Train	Run actions/checkout@v4	2026-08-21T16:35:57.1821707Z   show-progress: true
Train	Run actions/checkout@v4	2026-08-21T16:35:57.1823033Z   lfs: false
Train	Run actions/checkout@v4	2026-08-21T16:35:57.1824293Z   submodules: false
Train	Run actions/checkout@v4	2026-08-21T16:35:57.1825794Z   set-safe-directory: true
Train	Run actions/checkout@v4	2026-08-21T16:35:57.1827237Z   allow-unsafe-pr-checkout: false
Train	Run actions/checkout@v4	2026-08-21T16:35:57.1828927Z ##[endgroup]
Train	Run actions/checkout@v4	2026-08-21T16:35:57.2978613Z Syncing repository: NhtJm/TRACK2-DAY21-2A202601155-TRANNGUYENTHENHAT
Train	Run actions/checkout@v4	2026-08-21T16:35:57.2982511Z ##[group]Getting Git version info
Train	Run actions/checkout@v4	2026-08-21T16:35:57.2985398Z Working directory is '/home/runner/work/TRACK2-DAY21-2A202601155-TRANNGUYENTHENHAT/TRACK2-DAY21-2A202601155-TRANNGUYENTHENHAT'
Train	Run actions/checkout@v4	2026-08-21T16:35:57.2988930Z [command]/usr/bin/git version
Train	Run actions/checkout@v4	2026-08-21T16:35:57.4652175Z git version 2.55.0
Train	Run actions/checkout@v4	2026-08-21T16:35:57.4705813Z ##[endgroup]
Train	Run actions/checkout@v4	2026-08-21T16:35:57.4721307Z Temporarily overriding HOME='/home/runner/work/_temp/8b8bced5-b96a-4598-914d-b66940dbccf1' before making global git config changes
Train	Run actions/checkout@v4	2026-08-21T16:35:57.4725314Z Adding repository directory to the temporary git global config as a safe directory
Train	Run actions/checkout@v4	2026-08-21T16:35:57.4729851Z [command]/usr/bin/git config --global --add safe.directory /home/runner/work/TRACK2-DAY21-2A202601155-TRANNGUYENTHENHAT/TRACK2-DAY21-2A202601155-TRANNGUYENTHENHAT
Train	Run actions/checkout@v4	2026-08-21T16:35:57.5062589Z Deleting the contents of '/home/runner/work/TRACK2-DAY21-2A202601155-TRANNGUYENTHENHAT/TRACK2-DAY21-2A202601155-TRANNGUYENTHENHAT'
Train	Run actions/checkout@v4	2026-08-21T16:35:57.5068496Z ##[group]Initializing the repository
Train	Run actions/checkout@v4	2026-08-21T16:35:57.5072095Z [command]/usr/bin/git init /home/runner/work/TRACK2-DAY21-2A202601155-TRANNGUYENTHENHAT/TRACK2-DAY21-2A202601155-TRANNGUYENTHENHAT
Train	Run actions/checkout@v4	2026-08-21T16:35:57.5988462Z hint: Using 'master' as the name for the initial branch. This default branch name
Train	Run actions/checkout@v4	2026-08-21T16:35:57.5994074Z hint: will change to "main" in Git 3.0. To configure the initial branch name
Train	Run actions/checkout@v4	2026-08-21T16:35:57.6000049Z hint: to use in all of your new repositories, which will suppress this warning,
Train	Run actions/checkout@v4	2026-08-21T16:35:57.6003751Z hint: call:
Train	Run actions/checkout@v4	2026-08-21T16:35:57.6007619Z hint:
Train	Run actions/checkout@v4	2026-08-21T16:35:57.6011070Z hint: 	git config --global init.defaultBranch <name>
Train	Run actions/checkout@v4	2026-08-21T16:35:57.6013922Z hint:
Train	Run actions/checkout@v4	2026-08-21T16:35:57.6017178Z hint: Names commonly chosen instead of 'master' are 'main', 'trunk' and
Train	Run actions/checkout@v4	2026-08-21T16:35:57.6020627Z hint: 'development'. The just-created branch can be renamed via this command:
Train	Run actions/checkout@v4	2026-08-21T16:35:57.6023717Z hint:
Train	Run actions/checkout@v4	2026-08-21T16:35:57.6025628Z hint: 	git branch -m <name>
Train	Run actions/checkout@v4	2026-08-21T16:35:57.6026964Z hint:
Train	Run actions/checkout@v4	2026-08-21T16:35:57.6028649Z hint: Disable this message with "git config set advice.defaultBranchName false"
Train	Run actions/checkout@v4	2026-08-21T16:35:57.6031960Z Initialized empty Git repository in /home/runner/work/TRACK2-DAY21-2A202601155-TRANNGUYENTHENHAT/TRACK2-DAY21-2A202601155-TRANNGUYENTHENHAT/.git/
Train	Run actions/checkout@v4	2026-08-21T16:35:57.6038829Z [command]/usr/bin/git remote add origin https://github.com/NhtJm/TRACK2-DAY21-2A202601155-TRANNGUYENTHENHAT
Train	Run actions/checkout@v4	2026-08-21T16:35:57.6421907Z ##[endgroup]
Train	Run actions/checkout@v4	2026-08-21T16:35:57.6426933Z ##[group]Disabling automatic garbage collection
Train	Run actions/checkout@v4	2026-08-21T16:35:57.6430081Z [command]/usr/bin/git config --local gc.auto 0
Train	Run actions/checkout@v4	2026-08-21T16:35:57.6499748Z ##[endgroup]
Train	Run actions/checkout@v4	2026-08-21T16:35:57.6503145Z ##[group]Setting up auth
Train	Run actions/checkout@v4	2026-08-21T16:35:57.6516576Z [command]/usr/bin/git config --local --name-only --get-regexp core\.sshCommand
Train	Run actions/checkout@v4	2026-08-21T16:35:57.6568797Z [command]/usr/bin/git submodule foreach --recursive sh -c "git config --local --name-only --get-regexp 'core\.sshCommand' && git config --local --unset-all 'core.sshCommand' || :"
Train	Run actions/checkout@v4	2026-08-21T16:35:57.9301423Z [command]/usr/bin/git config --local --name-only --get-regexp http\.https\:\/\/github\.com\/\.extraheader
Train	Run actions/checkout@v4	2026-08-21T16:35:57.9342983Z [command]/usr/bin/git submodule foreach --recursive sh -c "git config --local --name-only --get-regexp 'http\.https\:\/\/github\.com\/\.extraheader' && git config --local --unset-all 'http.https://github.com/.extraheader' || :"
Train	Run actions/checkout@v4	2026-08-21T16:35:57.9588350Z [command]/usr/bin/git config --local --name-only --get-regexp ^includeIf\.gitdir:
Train	Run actions/checkout@v4	2026-08-21T16:35:57.9627807Z [command]/usr/bin/git submodule foreach --recursive git config --local --show-origin --name-only --get-regexp remote.origin.url
Train	Run actions/checkout@v4	2026-08-21T16:35:57.9873258Z [command]/usr/bin/git config --local http.https://github.com/.extraheader AUTHORIZATION: basic ***
Train	Run actions/checkout@v4	2026-08-21T16:35:57.9915478Z ##[endgroup]
Train	Run actions/checkout@v4	2026-08-21T16:35:57.9918187Z ##[group]Fetching the repository
Train	Run actions/checkout@v4	2026-08-21T16:35:57.9926169Z [command]/usr/bin/git -c protocol.version=2 fetch --no-tags --prune --no-recurse-submodules --depth=1 origin +4f2ac819fd9ec28bf907bb9d940c7c2fcd2ffd6e:refs/remotes/origin/demo/rollback-block
Train	Run actions/checkout@v4	2026-08-21T16:35:58.7257137Z From https://github.com/NhtJm/TRACK2-DAY21-2A202601155-TRANNGUYENTHENHAT
Train	Run actions/checkout@v4	2026-08-21T16:35:58.7258062Z  * [new ref]         4f2ac819fd9ec28bf907bb9d940c7c2fcd2ffd6e -> origin/demo/rollback-block
Train	Run actions/checkout@v4	2026-08-21T16:35:58.7260723Z ##[endgroup]
Train	Run actions/checkout@v4	2026-08-21T16:35:58.7261744Z ##[group]Determining the checkout info
Train	Run actions/checkout@v4	2026-08-21T16:35:58.7263098Z ##[endgroup]
Train	Run actions/checkout@v4	2026-08-21T16:35:58.7269818Z [command]/usr/bin/git sparse-checkout disable
Train	Run actions/checkout@v4	2026-08-21T16:35:58.7450517Z [command]/usr/bin/git config --local --unset-all extensions.worktreeConfig
Train	Run actions/checkout@v4	2026-08-21T16:35:58.7488323Z ##[group]Checking out the ref
Train	Run actions/checkout@v4	2026-08-21T16:35:58.7493834Z [command]/usr/bin/git checkout --progress --force -B demo/rollback-block refs/remotes/origin/demo/rollback-block
Train	Run actions/checkout@v4	2026-08-21T16:35:58.7615177Z Switched to a new branch 'demo/rollback-block'
Train	Run actions/checkout@v4	2026-08-21T16:35:58.7619638Z branch 'demo/rollback-block' set up to track 'origin/demo/rollback-block'.
Train	Run actions/checkout@v4	2026-08-21T16:35:58.7625774Z ##[endgroup]
Train	Run actions/checkout@v4	2026-08-21T16:35:58.7672460Z [command]/usr/bin/git log -1 --format=%H
Train	Run actions/checkout@v4	2026-08-21T16:35:58.7701811Z 4f2ac819fd9ec28bf907bb9d940c7c2fcd2ffd6e
Train	Run actions/setup-python@v5	﻿2026-08-21T16:35:58.7983131Z Node 20 is being deprecated. This workflow is running with Node 24 by default. If you need to temporarily use Node 20, you can set the ACTIONS_ALLOW_USE_UNSECURE_NODE_VERSION=true environment variable. For more information see: https://github.blog/changelog/2025-09-19-deprecation-of-node-20-on-github-actions-runners/
Train	Run actions/setup-python@v5	2026-08-21T16:35:58.7985618Z ##[group]Run actions/setup-python@v5
Train	Run actions/setup-python@v5	2026-08-21T16:35:58.7985995Z with:
Train	Run actions/setup-python@v5	2026-08-21T16:35:58.7986308Z   python-version: 3.10
Train	Run actions/setup-python@v5	2026-08-21T16:35:58.7986628Z   check-latest: false
Train	Run actions/setup-python@v5	2026-08-21T16:35:58.7989183Z   token: ***
Train	Run actions/setup-python@v5	2026-08-21T16:35:58.7989485Z   update-environment: true
Train	Run actions/setup-python@v5	2026-08-21T16:35:58.7989819Z   allow-prereleases: false
Train	Run actions/setup-python@v5	2026-08-21T16:35:58.7990123Z   freethreaded: false
Train	Run actions/setup-python@v5	2026-08-21T16:35:58.7990421Z ##[endgroup]
Train	Run actions/setup-python@v5	2026-08-21T16:35:58.9354002Z ##[group]Installed versions
Train	Run actions/setup-python@v5	2026-08-21T16:35:59.0500756Z (node:2309) [DEP0040] DeprecationWarning: The `punycode` module is deprecated. Please use a userland alternative instead.
Train	Run actions/setup-python@v5	2026-08-21T16:35:59.0501984Z (Use `node --trace-deprecation ...` to show where the warning was created)
Train	Run actions/setup-python@v5	2026-08-21T16:35:59.0502818Z Successfully set up CPython (3.10.21)
Train	Run actions/setup-python@v5	2026-08-21T16:35:59.0503453Z ##[endgroup]
Train	Install dependencies	﻿2026-08-21T16:35:59.0688841Z ##[group]Run pip install -r requirements.txt
Train	Install dependencies	2026-08-21T16:35:59.0689447Z ^[[36;1mpip install -r requirements.txt^[[0m
Train	Install dependencies	2026-08-21T16:35:59.0824273Z shell: /usr/bin/bash -e ***0***
Train	Install dependencies	2026-08-21T16:35:59.0825117Z env:
Train	Install dependencies	2026-08-21T16:35:59.0825711Z   pythonLocation: /opt/hostedtoolcache/Python/3.10.21/x64
Train	Install dependencies	2026-08-21T16:35:59.0826653Z   PKG_CONFIG_PATH: /opt/hostedtoolcache/Python/3.10.21/x64/lib/pkgconfig
Train	Install dependencies	2026-08-21T16:35:59.0827518Z   Python_ROOT_DIR: /opt/hostedtoolcache/Python/3.10.21/x64
Train	Install dependencies	2026-08-21T16:35:59.0828279Z   Python2_ROOT_DIR: /opt/hostedtoolcache/Python/3.10.21/x64
Train	Install dependencies	2026-08-21T16:35:59.0829041Z   Python3_ROOT_DIR: /opt/hostedtoolcache/Python/3.10.21/x64
Train	Install dependencies	2026-08-21T16:35:59.0829818Z   LD_LIBRARY_PATH: /opt/hostedtoolcache/Python/3.10.21/x64/lib
Train	Install dependencies	2026-08-21T16:35:59.0830469Z ##[endgroup]
Train	Install dependencies	2026-08-21T16:36:02.6548396Z Collecting mlflow==2.13.0 (from -r requirements.txt (line 1))
Train	Install dependencies	2026-08-21T16:36:02.7505080Z   Downloading mlflow-2.13.0-py3-none-any.whl.metadata (29 kB)
Train	Install dependencies	2026-08-21T16:36:02.9013845Z Collecting scikit-learn==1.4.2 (from -r requirements.txt (line 2))
Train	Install dependencies	2026-08-21T16:36:02.9225653Z   Downloading scikit_learn-1.4.2-cp310-cp310-manylinux_2_17_x86_64.manylinux2014_x86_64.whl.metadata (11 kB)
Train	Install dependencies	2026-08-21T16:36:03.0769541Z Collecting pandas==2.2.2 (from -r requirements.txt (line 3))
Train	Install dependencies	2026-08-21T16:36:03.0978053Z   Downloading pandas-2.2.2-cp310-cp310-manylinux_2_17_x86_64.manylinux2014_x86_64.whl.metadata (19 kB)
Train	Install dependencies	2026-08-21T16:36:03.1944228Z Collecting dvc==3.50.1 (from dvc[gs]==3.50.1->-r requirements.txt (line 4))
Train	Install dependencies	2026-08-21T16:36:03.2149685Z   Downloading dvc-3.50.1-py3-none-any.whl.metadata (17 kB)
Train	Install dependencies	2026-08-21T16:36:03.2562680Z Collecting pathspec==0.11.2 (from -r requirements.txt (line 5))
Train	Install dependencies	2026-08-21T16:36:03.2759484Z   Downloading pathspec-0.11.2-py3-none-any.whl.metadata (19 kB)
Train	Install dependencies	2026-08-21T16:36:03.3206586Z Collecting pytest==8.2.0 (from -r requirements.txt (line 6))
Train	Install dependencies	2026-08-21T16:36:03.3400625Z   Downloading pytest-8.2.0-py3-none-any.whl.metadata (7.5 kB)
Train	Install dependencies	2026-08-21T16:36:03.3976272Z Collecting fastapi==0.111.0 (from -r requirements.txt (line 7))
Train	Install dependencies	2026-08-21T16:36:03.4172206Z   Downloading fastapi-0.111.0-py3-none-any.whl.metadata (25 kB)
Train	Install dependencies	2026-08-21T16:36:03.4614959Z Collecting uvicorn==0.29.0 (from -r requirements.txt (line 8))
Train	Install dependencies	2026-08-21T16:36:03.4813833Z   Downloading uvicorn-0.29.0-py3-none-any.whl.metadata (6.3 kB)
Train	Install dependencies	2026-08-21T16:36:03.5174939Z Collecting joblib==1.4.2 (from -r requirements.txt (line 9))
Train	Install dependencies	2026-08-21T16:36:03.5370673Z   Downloading joblib-1.4.2-py3-none-any.whl.metadata (5.4 kB)
Train	Install dependencies	2026-08-21T16:36:03.5753223Z Collecting google-cloud-storage==2.16.0 (from -r requirements.txt (line 10))
Train	Install dependencies	2026-08-21T16:36:03.5949315Z   Downloading google_cloud_storage-2.16.0-py2.py3-none-any.whl.metadata (6.1 kB)
Train	Install dependencies	2026-08-21T16:36:03.6650963Z Collecting pyyaml==6.0.1 (from -r requirements.txt (line 11))
Train	Install dependencies	2026-08-21T16:36:03.6845444Z   Downloading PyYAML-6.0.1-cp310-cp310-manylinux_2_17_x86_64.manylinux2014_x86_64.whl.metadata (2.1 kB)
Train	Install dependencies	2026-08-21T16:36:03.7183007Z Collecting Flask<4 (from mlflow==2.13.0->-r requirements.txt (line 1))
Train	Install dependencies	2026-08-21T16:36:03.7375295Z   Downloading flask-3.1.3-py3-none-any.whl.metadata (3.2 kB)
Train	Install dependencies	2026-08-21T16:36:03.7782038Z Collecting alembic!=1.10.0,<2 (from mlflow==2.13.0->-r requirements.txt (line 1))
Train	Install dependencies	2026-08-21T16:36:03.7979476Z   Downloading alembic-1.19.1-py3-none-any.whl.metadata (7.3 kB)
Train	Install dependencies	2026-08-21T16:36:03.8323112Z Collecting cachetools<6,>=5.0.0 (from mlflow==2.13.0->-r requirements.txt (line 1))
Train	Install dependencies	2026-08-21T16:36:03.8515833Z   Downloading cachetools-5.5.2-py3-none-any.whl.metadata (5.4 kB)
Train	Install dependencies	2026-08-21T16:36:03.8849742Z Collecting click<9,>=7.0 (from mlflow==2.13.0->-r requirements.txt (line 1))
Train	Install dependencies	2026-08-21T16:36:03.9042766Z   Downloading click-8.4.2-py3-none-any.whl.metadata (2.6 kB)
Train	Install dependencies	2026-08-21T16:36:03.9365788Z Collecting cloudpickle<4 (from mlflow==2.13.0->-r requirements.txt (line 1))
Train	Install dependencies	2026-08-21T16:36:03.9560190Z   Downloading cloudpickle-3.1.2-py3-none-any.whl.metadata (7.1 kB)
Train	Install dependencies	2026-08-21T16:36:03.9893989Z Collecting docker<8,>=4.0.0 (from mlflow==2.13.0->-r requirements.txt (line 1))
Train	Install dependencies	2026-08-21T16:36:04.0086883Z   Downloading docker-7.2.0-py3-none-any.whl.metadata (3.8 kB)
Train	Install dependencies	2026-08-21T16:36:04.0371451Z Collecting entrypoints<1 (from mlflow==2.13.0->-r requirements.txt (line 1))
Train	Install dependencies	2026-08-21T16:36:04.0566457Z   Downloading entrypoints-0.4-py3-none-any.whl.metadata (2.6 kB)
Train	Install dependencies	2026-08-21T16:36:04.0963288Z Collecting gitpython<4,>=3.1.9 (from mlflow==2.13.0->-r requirements.txt (line 1))
Train	Install dependencies	2026-08-21T16:36:04.1163816Z   Downloading gitpython-3.1.59-py3-none-any.whl.metadata (13 kB)
Train	Install dependencies	2026-08-21T16:36:04.1546075Z Collecting graphene<4 (from mlflow==2.13.0->-r requirements.txt (line 1))
Train	Install dependencies	2026-08-21T16:36:04.1741276Z   Downloading graphene-3.4.3-py2.py3-none-any.whl.metadata (6.9 kB)
Train	Install dependencies	2026-08-21T16:36:04.2184413Z Collecting importlib-metadata!=4.7.0,<8,>=3.7.0 (from mlflow==2.13.0->-r requirements.txt (line 1))
Train	Install dependencies	2026-08-21T16:36:04.2376293Z   Downloading importlib_metadata-7.2.1-py3-none-any.whl.metadata (4.6 kB)
Train	Install dependencies	2026-08-21T16:36:04.2723415Z Collecting markdown<4,>=3.3 (from mlflow==2.13.0->-r requirements.txt (line 1))
Train	Install dependencies	2026-08-21T16:36:04.2943821Z   Downloading markdown-3.10.3-py3-none-any.whl.metadata (5.1 kB)
Train	Install dependencies	2026-08-21T16:36:04.4535085Z Collecting matplotlib<4 (from mlflow==2.13.0->-r requirements.txt (line 1))
Train	Install dependencies	2026-08-21T16:36:04.4735919Z   Downloading matplotlib-3.10.9-cp310-cp310-manylinux2014_x86_64.manylinux_2_17_x86_64.whl.metadata (52 kB)
Train	Install dependencies	2026-08-21T16:36:04.7490854Z Collecting numpy<2 (from mlflow==2.13.0->-r requirements.txt (line 1))
Train	Install dependencies	2026-08-21T16:36:04.7688777Z   Downloading numpy-1.26.4-cp310-cp310-manylinux_2_17_x86_64.manylinux2014_x86_64.whl.metadata (61 kB)
Train	Install dependencies	2026-08-21T16:36:04.8114118Z Collecting opentelemetry-api<3,>=1.0.0 (from mlflow==2.13.0->-r requirements.txt (line 1))
Train	Install dependencies	2026-08-21T16:36:04.8310418Z   Downloading opentelemetry_api-1.44.0-py3-none-any.whl.metadata (1.4 kB)
Train	Install dependencies	2026-08-21T16:36:04.8735223Z Collecting opentelemetry-sdk<3,>=1.0.0 (from mlflow==2.13.0->-r requirements.txt (line 1))
Train	Install dependencies	2026-08-21T16:36:04.8933408Z   Downloading opentelemetry_sdk-1.44.0-py3-none-any.whl.metadata (1.6 kB)
Train	Install dependencies	2026-08-21T16:36:04.9265149Z Collecting packaging<25 (from mlflow==2.13.0->-r requirements.txt (line 1))
Train	Install dependencies	2026-08-21T16:36:04.9457192Z   Downloading packaging-24.2-py3-none-any.whl.metadata (3.2 kB)
Train	Install dependencies	2026-08-21T16:36:05.1174015Z Collecting protobuf<5,>=3.12.0 (from mlflow==2.13.0->-r requirements.txt (line 1))
Train	Install dependencies	2026-08-21T16:36:05.1375349Z   Downloading protobuf-4.25.9-cp37-abi3-manylinux2014_x86_64.whl.metadata (541 bytes)
Train	Install dependencies	2026-08-21T16:36:05.2401515Z Collecting pyarrow<16,>=4.0.0 (from mlflow==2.13.0->-r requirements.txt (line 1))
Train	Install dependencies	2026-08-21T16:36:05.2599397Z   Downloading pyarrow-15.0.2-cp310-cp310-manylinux_2_28_x86_64.whl.metadata (3.0 kB)
Train	Install dependencies	2026-08-21T16:36:05.3138920Z Collecting pytz<2025 (from mlflow==2.13.0->-r requirements.txt (line 1))
Train	Install dependencies	2026-08-21T16:36:05.3335319Z   Downloading pytz-2024.2-py2.py3-none-any.whl.metadata (22 kB)
Train	Install dependencies	2026-08-21T16:36:05.3633174Z Collecting querystring-parser<2 (from mlflow==2.13.0->-r requirements.txt (line 1))
Train	Install dependencies	2026-08-21T16:36:05.3838054Z   Downloading querystring_parser-1.2.4-py2.py3-none-any.whl.metadata (559 bytes)
Train	Install dependencies	2026-08-21T16:36:05.4240760Z Collecting requests<3,>=2.17.3 (from mlflow==2.13.0->-r requirements.txt (line 1))
Train	Install dependencies	2026-08-21T16:36:05.4446035Z   Downloading requests-2.34.2-py3-none-any.whl.metadata (4.8 kB)
Train	Install dependencies	2026-08-21T16:36:05.6194412Z Collecting scipy<2 (from mlflow==2.13.0->-r requirements.txt (line 1))
Train	Install dependencies	2026-08-21T16:36:05.6389189Z   Downloading scipy-1.15.3-cp310-cp310-manylinux_2_17_x86_64.manylinux2014_x86_64.whl.metadata (61 kB)
Train	Install dependencies	2026-08-21T16:36:05.9569945Z Collecting sqlalchemy<3,>=1.4.0 (from mlflow==2.13.0->-r requirements.txt (line 1))
Train	Install dependencies	2026-08-21T16:36:05.9767808Z   Downloading sqlalchemy-2.0.52-cp310-cp310-manylinux2014_x86_64.manylinux_2_17_x86_64.manylinux_2_28_x86_64.whl.metadata (9.6 kB)
Train	Install dependencies	2026-08-21T16:36:06.0142832Z Collecting sqlparse<1,>=0.4.0 (from mlflow==2.13.0->-r requirements.txt (line 1))
Train	Install dependencies	2026-08-21T16:36:06.0340630Z   Downloading sqlparse-0.6.0-py3-none-any.whl.metadata (6.0 kB)
Train	Install dependencies	2026-08-21T16:36:06.0653754Z Collecting Jinja2<4,>=2.11 (from mlflow==2.13.0->-r requirements.txt (line 1))
Train	Install dependencies	2026-08-21T16:36:06.0848903Z   Downloading jinja2-3.1.6-py3-none-any.whl.metadata (2.9 kB)
Train	Install dependencies	2026-08-21T16:36:06.1191813Z Collecting gunicorn<23 (from mlflow==2.13.0->-r requirements.txt (line 1))
Train	Install dependencies	2026-08-21T16:36:06.1388052Z   Downloading gunicorn-22.0.0-py3-none-any.whl.metadata (4.4 kB)
Train	Install dependencies	2026-08-21T16:36:06.1766050Z Collecting threadpoolctl>=2.0.0 (from scikit-learn==1.4.2->-r requirements.txt (line 2))
Train	Install dependencies	2026-08-21T16:36:06.1963279Z   Downloading threadpoolctl-3.6.0-py3-none-any.whl.metadata (13 kB)
Train	Install dependencies	2026-08-21T16:36:06.2344858Z Collecting python-dateutil>=2.8.2 (from pandas==2.2.2->-r requirements.txt (line 3))
Train	Install dependencies	2026-08-21T16:36:06.2544155Z   Downloading python_dateutil-2.9.0.post0-py2.py3-none-any.whl.metadata (8.4 kB)
Train	Install dependencies	2026-08-21T16:36:06.5329271Z Collecting tzdata>=2022.7 (from pandas==2.2.2->-r requirements.txt (line 3))
Train	Install dependencies	2026-08-21T16:36:06.5524248Z   Downloading tzdata-2026.3-py2.py3-none-any.whl.metadata (1.4 kB)
Train	Install dependencies	2026-08-21T16:36:06.5829873Z Collecting attrs>=22.2.0 (from dvc==3.50.1->dvc[gs]==3.50.1->-r requirements.txt (line 4))
Train	Install dependencies	2026-08-21T16:36:06.6026284Z   Downloading attrs-26.1.0-py3-none-any.whl.metadata (8.8 kB)
Train	Install dependencies	2026-08-21T16:36:06.6485182Z Collecting celery (from dvc==3.50.1->dvc[gs]==3.50.1->-r requirements.txt (line 4))
Train	Install dependencies	2026-08-21T16:36:06.6679022Z   Downloading celery-5.6.3-py3-none-any.whl.metadata (23 kB)
Train	Install dependencies	2026-08-21T16:36:06.7174958Z Collecting colorama>=0.3.9 (from dvc==3.50.1->dvc[gs]==3.50.1->-r requirements.txt (line 4))
Train	Install dependencies	2026-08-21T16:36:06.7372720Z   Downloading colorama-0.4.6-py2.py3-none-any.whl.metadata (17 kB)
Train	Install dependencies	2026-08-21T16:36:06.7961718Z Collecting configobj>=5.0.6 (from dvc==3.50.1->dvc[gs]==3.50.1->-r requirements.txt (line 4))
Train	Install dependencies	2026-08-21T16:36:06.8159023Z   Downloading configobj-5.0.9-py2.py3-none-any.whl.metadata (3.2 kB)
Train	Install dependencies	2026-08-21T16:36:06.8437623Z Collecting distro>=1.3 (from dvc==3.50.1->dvc[gs]==3.50.1->-r requirements.txt (line 4))
Train	Install dependencies	2026-08-21T16:36:06.8633894Z   Downloading distro-1.9.0-py3-none-any.whl.metadata (6.8 kB)
Train	Install dependencies	2026-08-21T16:36:06.8928722Z Collecting dpath<3,>=2.1.0 (from dvc==3.50.1->dvc[gs]==3.50.1->-r requirements.txt (line 4))
Train	Install dependencies	2026-08-21T16:36:06.9130554Z   Downloading dpath-2.2.0-py3-none-any.whl.metadata (15 kB)
Train	Install dependencies	2026-08-21T16:36:07.0818922Z Collecting dulwich (from dvc==3.50.1->dvc[gs]==3.50.1->-r requirements.txt (line 4))
Train	Install dependencies	2026-08-21T16:36:07.1017528Z   Downloading dulwich-1.2.12-cp310-cp310-manylinux_2_28_x86_64.whl.metadata (6.0 kB)
Train	Install dependencies	2026-08-21T16:36:07.1614036Z Collecting dvc-data<3.16,>=3.15 (from dvc==3.50.1->dvc[gs]==3.50.1->-r requirements.txt (line 4))
Train	Install dependencies	2026-08-21T16:36:07.1817442Z   Downloading dvc_data-3.15.2-py3-none-any.whl.metadata (5.0 kB)
Train	Install dependencies	2026-08-21T16:36:07.2130287Z Collecting dvc-http>=2.29.0 (from dvc==3.50.1->dvc[gs]==3.50.1->-r requirements.txt (line 4))
Train	Install dependencies	2026-08-21T16:36:07.2327388Z   Downloading dvc_http-2.32.0-py3-none-any.whl.metadata (1.3 kB)
Train	Install dependencies	2026-08-21T16:36:07.2755182Z Collecting dvc-objects (from dvc==3.50.1->dvc[gs]==3.50.1->-r requirements.txt (line 4))
Train	Install dependencies	2026-08-21T16:36:07.2958869Z   Downloading dvc_objects-5.2.0-py3-none-any.whl.metadata (3.9 kB)
Train	Install dependencies	2026-08-21T16:36:07.3276832Z Collecting dvc-render<2,>=1.0.1 (from dvc==3.50.1->dvc[gs]==3.50.1->-r requirements.txt (line 4))
Train	Install dependencies	2026-08-21T16:36:07.3479354Z   Downloading dvc_render-1.0.2-py3-none-any.whl.metadata (5.4 kB)
Train	Install dependencies	2026-08-21T16:36:07.3787056Z Collecting dvc-studio-client<1,>=0.20 (from dvc==3.50.1->dvc[gs]==3.50.1->-r requirements.txt (line 4))
Train	Install dependencies	2026-08-21T16:36:07.3988529Z   Downloading dvc_studio_client-0.23.0-py3-none-any.whl.metadata (4.4 kB)
Train	Install dependencies	2026-08-21T16:36:07.4289939Z Collecting dvc-task<1,>=0.3.0 (from dvc==3.50.1->dvc[gs]==3.50.1->-r requirements.txt (line 4))
Train	Install dependencies	2026-08-21T16:36:07.4494872Z   Downloading dvc_task-0.40.2-py3-none-any.whl.metadata (10.0 kB)
Train	Install dependencies	2026-08-21T16:36:07.4791170Z Collecting flatten-dict<1,>=0.4.1 (from dvc==3.50.1->dvc[gs]==3.50.1->-r requirements.txt (line 4))
Train	Install dependencies	2026-08-21T16:36:07.4986517Z   Downloading flatten_dict-0.5.0-py3-none-any.whl.metadata (8.9 kB)
Train	Install dependencies	2026-08-21T16:36:07.5270009Z Collecting flufl.lock<8,>=5 (from dvc==3.50.1->dvc[gs]==3.50.1->-r requirements.txt (line 4))
Train	Install dependencies	2026-08-21T16:36:07.5473500Z   Downloading flufl.lock-7.1.1-py3-none-any.whl.metadata (3.3 kB)
Train	Install dependencies	2026-08-21T16:36:07.5844795Z Collecting fsspec (from dvc==3.50.1->dvc[gs]==3.50.1->-r requirements.txt (line 4))
Train	Install dependencies	2026-08-21T16:36:07.6038164Z   Downloading fsspec-2026.7.0-py3-none-any.whl.metadata (10 kB)
Train	Install dependencies	2026-08-21T16:36:07.6588407Z Collecting funcy>=1.14 (from dvc==3.50.1->dvc[gs]==3.50.1->-r requirements.txt (line 4))
Train	Install dependencies	2026-08-21T16:36:07.6790138Z   Downloading funcy-2.0-py2.py3-none-any.whl.metadata (5.9 kB)
Train	Install dependencies	2026-08-21T16:36:07.7055747Z Collecting grandalf<1,>=0.7 (from dvc==3.50.1->dvc[gs]==3.50.1->-r requirements.txt (line 4))
Train	Install dependencies	2026-08-21T16:36:07.7256518Z   Downloading grandalf-0.8-py3-none-any.whl.metadata (1.7 kB)
Train	Install dependencies	2026-08-21T16:36:07.7574125Z Collecting gto<2,>=1.6.0 (from dvc==3.50.1->dvc[gs]==3.50.1->-r requirements.txt (line 4))
Train	Install dependencies	2026-08-21T16:36:07.7778608Z   Downloading gto-1.10.1-py3-none-any.whl.metadata (4.8 kB)
Train	Install dependencies	2026-08-21T16:36:07.8114465Z Collecting hydra-core>=1.1 (from dvc==3.50.1->dvc[gs]==3.50.1->-r requirements.txt (line 4))
Train	Install dependencies	2026-08-21T16:36:07.8307419Z   Downloading hydra_core-1.3.5-py3-none-any.whl.metadata (5.7 kB)
Train	Install dependencies	2026-08-21T16:36:07.8594753Z Collecting iterative-telemetry>=0.0.7 (from dvc==3.50.1->dvc[gs]==3.50.1->-r requirements.txt (line 4))
Train	Install dependencies	2026-08-21T16:36:07.8786386Z   Downloading iterative_telemetry-0.0.10-py3-none-any.whl.metadata (4.1 kB)
Train	Install dependencies	2026-08-21T16:36:07.9244174Z Collecting kombu (from dvc==3.50.1->dvc[gs]==3.50.1->-r requirements.txt (line 4))
Train	Install dependencies	2026-08-21T16:36:07.9438212Z   Downloading kombu-5.6.2-py3-none-any.whl.metadata (3.5 kB)
Train	Install dependencies	2026-08-21T16:36:07.9866158Z Collecting networkx>=2.5 (from dvc==3.50.1->dvc[gs]==3.50.1->-r requirements.txt (line 4))
Train	Install dependencies	2026-08-21T16:36:08.0062622Z   Downloading networkx-3.4.2-py3-none-any.whl.metadata (6.3 kB)
Train	Install dependencies	2026-08-21T16:36:08.0554239Z Collecting omegaconf (from dvc==3.50.1->dvc[gs]==3.50.1->-r requirements.txt (line 4))
Train	Install dependencies	2026-08-21T16:36:08.0751110Z   Downloading omegaconf-2.3.1-py3-none-any.whl.metadata (4.5 kB)
Train	Install dependencies	2026-08-21T16:36:08.1135849Z Collecting platformdirs<4,>=3.1.1 (from dvc==3.50.1->dvc[gs]==3.50.1->-r requirements.txt (line 4))
Train	Install dependencies	2026-08-21T16:36:08.1334957Z   Downloading platformdirs-3.11.0-py3-none-any.whl.metadata (11 kB)
Train	Install dependencies	2026-08-21T16:36:08.2191201Z Collecting psutil>=5.8 (from dvc==3.50.1->dvc[gs]==3.50.1->-r requirements.txt (line 4))
Train	Install dependencies	2026-08-21T16:36:08.2388893Z   Downloading psutil-7.2.2-cp36-abi3-manylinux2010_x86_64.manylinux_2_12_x86_64.manylinux_2_28_x86_64.whl.metadata (22 kB)
Train	Install dependencies	2026-08-21T16:36:08.2715578Z Collecting pydot>=1.2.4 (from dvc==3.50.1->dvc[gs]==3.50.1->-r requirements.txt (line 4))
Train	Install dependencies	2026-08-21T16:36:08.2919763Z   Downloading pydot-4.0.1-py3-none-any.whl.metadata (11 kB)
Train	Install dependencies	2026-08-21T16:36:08.3207612Z Collecting pygtrie>=2.3.2 (from dvc==3.50.1->dvc[gs]==3.50.1->-r requirements.txt (line 4))
Train	Install dependencies	2026-08-21T16:36:08.3398737Z   Downloading pygtrie-2.5.0-py3-none-any.whl.metadata (7.5 kB)
Train	Install dependencies	2026-08-21T16:36:08.4206447Z Collecting pyparsing>=2.4.7 (from dvc==3.50.1->dvc[gs]==3.50.1->-r requirements.txt (line 4))
Train	Install dependencies	2026-08-21T16:36:08.4402489Z   Downloading pyparsing-3.3.2-py3-none-any.whl.metadata (5.8 kB)
Train	Install dependencies	2026-08-21T16:36:08.4921899Z Collecting rich>=12 (from dvc==3.50.1->dvc[gs]==3.50.1->-r requirements.txt (line 4))
Train	Install dependencies	2026-08-21T16:36:08.5122166Z   Downloading rich-15.0.0-py3-none-any.whl.metadata (18 kB)
Train	Install dependencies	2026-08-21T16:36:08.6521406Z Collecting ruamel.yaml>=0.17.11 (from dvc==3.50.1->dvc[gs]==3.50.1->-r requirements.txt (line 4))
Train	Install dependencies	2026-08-21T16:36:08.6721725Z   Downloading ruamel_yaml-0.19.1-py3-none-any.whl.metadata (16 kB)
Train	Install dependencies	2026-08-21T16:36:08.7106634Z Collecting scmrepo<4,>=3.3.2 (from dvc==3.50.1->dvc[gs]==3.50.1->-r requirements.txt (line 4))
Train	Install dependencies	2026-08-21T16:36:08.7308878Z   Downloading scmrepo-3.6.2-py3-none-any.whl.metadata (4.8 kB)
Train	Install dependencies	2026-08-21T16:36:08.7621041Z Collecting shortuuid>=0.5 (from dvc==3.50.1->dvc[gs]==3.50.1->-r requirements.txt (line 4))
Train	Install dependencies	2026-08-21T16:36:08.7819041Z   Downloading shortuuid-1.0.13-py3-none-any.whl.metadata (5.8 kB)
Train	Install dependencies	2026-08-21T16:36:08.8163278Z Collecting shtab<2,>=1.3.4 (from dvc==3.50.1->dvc[gs]==3.50.1->-r requirements.txt (line 4))
Train	Install dependencies	2026-08-21T16:36:08.8374226Z   Downloading shtab-1.11.0-py3-none-any.whl.metadata (7.5 kB)
Train	Install dependencies	2026-08-21T16:36:08.8664461Z Collecting tabulate>=0.8.7 (from dvc==3.50.1->dvc[gs]==3.50.1->-r requirements.txt (line 4))
Train	Install dependencies	2026-08-21T16:36:08.8864401Z   Downloading tabulate-0.10.0-py3-none-any.whl.metadata (40 kB)
Train	Install dependencies	2026-08-21T16:36:08.9217799Z Collecting tomlkit>=0.11.1 (from dvc==3.50.1->dvc[gs]==3.50.1->-r requirements.txt (line 4))
Train	Install dependencies	2026-08-21T16:36:08.9417948Z   Downloading tomlkit-0.15.1-py3-none-any.whl.metadata (3.3 kB)
Train	Install dependencies	2026-08-21T16:36:08.9861309Z Collecting tqdm<5,>=4.63.1 (from dvc==3.50.1->dvc[gs]==3.50.1->-r requirements.txt (line 4))
Train	Install dependencies	2026-08-21T16:36:09.0057605Z   Downloading tqdm-4.70.0-py3-none-any.whl.metadata (57 kB)
Train	Install dependencies	2026-08-21T16:36:09.0427215Z Collecting voluptuous>=0.11.7 (from dvc==3.50.1->dvc[gs]==3.50.1->-r requirements.txt (line 4))
Train	Install dependencies	2026-08-21T16:36:09.0620518Z   Downloading voluptuous-0.16.0-py3-none-any.whl.metadata (20 kB)
Train	Install dependencies	2026-08-21T16:36:09.0903818Z Collecting zc.lockfile>=1.2.1 (from dvc==3.50.1->dvc[gs]==3.50.1->-r requirements.txt (line 4))
Train	Install dependencies	2026-08-21T16:36:09.1117194Z   Downloading zc_lockfile-4.0-py3-none-any.whl.metadata (6.6 kB)
Train	Install dependencies	2026-08-21T16:36:09.1400874Z Collecting iniconfig (from pytest==8.2.0->-r requirements.txt (line 6))
Train	Install dependencies	2026-08-21T16:36:09.1594414Z   Downloading iniconfig-2.3.0-py3-none-any.whl.metadata (2.5 kB)
Train	Install dependencies	2026-08-21T16:36:09.1874002Z Collecting pluggy<2.0,>=1.5 (from pytest==8.2.0->-r requirements.txt (line 6))
Train	Install dependencies	2026-08-21T16:36:09.2066149Z   Downloading pluggy-1.6.0-py3-none-any.whl.metadata (4.8 kB)
Train	Install dependencies	2026-08-21T16:36:09.2356857Z Collecting exceptiongroup>=1.0.0rc8 (from pytest==8.2.0->-r requirements.txt (line 6))
Train	Install dependencies	2026-08-21T16:36:09.2557449Z   Downloading exceptiongroup-1.3.1-py3-none-any.whl.metadata (6.7 kB)
Train	Install dependencies	2026-08-21T16:36:09.2942787Z Collecting tomli>=1 (from pytest==8.2.0->-r requirements.txt (line 6))
Train	Install dependencies	2026-08-21T16:36:09.3135583Z   Downloading tomli-2.4.1-py3-none-any.whl.metadata (10 kB)
Train	Install dependencies	2026-08-21T16:36:09.3545439Z Collecting starlette<0.38.0,>=0.37.2 (from fastapi==0.111.0->-r requirements.txt (line 7))
Train	Install dependencies	2026-08-21T16:36:09.3740008Z   Downloading starlette-0.37.2-py3-none-any.whl.metadata (5.9 kB)
Train	Install dependencies	2026-08-21T16:36:09.5063667Z Collecting pydantic!=1.8,!=1.8.1,!=2.0.0,!=2.0.1,!=2.1.0,<3.0.0,>=1.7.4 (from fastapi==0.111.0->-r requirements.txt (line 7))
Train	Install dependencies	2026-08-21T16:36:09.5261802Z   Downloading pydantic-2.13.4-py3-none-any.whl.metadata (109 kB)
Train	Install dependencies	2026-08-21T16:36:09.5657372Z Collecting typing-extensions>=4.8.0 (from fastapi==0.111.0->-r requirements.txt (line 7))
Train	Install dependencies	2026-08-21T16:36:09.5849983Z   Downloading typing_extensions-4.16.0-py3-none-any.whl.metadata (3.3 kB)
Train	Install dependencies	2026-08-21T16:36:09.6169773Z Collecting fastapi-cli>=0.0.2 (from fastapi==0.111.0->-r requirements.txt (line 7))
Train	Install dependencies	2026-08-21T16:36:09.6363359Z   Downloading fastapi_cli-0.0.32-py3-none-any.whl.metadata (6.7 kB)
Train	Install dependencies	2026-08-21T16:36:09.6779687Z Collecting httpx>=0.23.0 (from fastapi==0.111.0->-r requirements.txt (line 7))
Train	Install dependencies	2026-08-21T16:36:09.6973488Z   Downloading httpx-0.28.1-py3-none-any.whl.metadata (7.1 kB)
Train	Install dependencies	2026-08-21T16:36:09.7301331Z Collecting python-multipart>=0.0.7 (from fastapi==0.111.0->-r requirements.txt (line 7))
Train	Install dependencies	2026-08-21T16:36:09.7496202Z   Downloading python_multipart-0.0.32-py3-none-any.whl.metadata (2.1 kB)
Train	Install dependencies	2026-08-21T16:36:09.8932213Z Collecting ujson!=4.0.2,!=4.1.0,!=4.2.0,!=4.3.0,!=5.0.0,!=5.1.0,>=4.0.1 (from fastapi==0.111.0->-r requirements.txt (line 7))
Train	Install dependencies	2026-08-21T16:36:09.9133923Z   Downloading ujson-5.13.0-cp310-cp310-manylinux_2_24_x86_64.manylinux_2_28_x86_64.whl.metadata (10.0 kB)
Train	Install dependencies	2026-08-21T16:36:10.1901101Z Collecting orjson>=3.2.1 (from fastapi==0.111.0->-r requirements.txt (line 7))
Train	Install dependencies	2026-08-21T16:36:10.2097793Z   Downloading orjson-3.12.0-cp310-cp310-manylinux_2_17_x86_64.manylinux2014_x86_64.whl.metadata (41 kB)
Train	Install dependencies	2026-08-21T16:36:10.2400196Z Collecting email_validator>=2.0.0 (from fastapi==0.111.0->-r requirements.txt (line 7))
Train	Install dependencies	2026-08-21T16:36:10.2594896Z   Downloading email_validator-2.3.0-py3-none-any.whl.metadata (26 kB)
Train	Install dependencies	2026-08-21T16:36:10.3972444Z Collecting h11>=0.8 (from uvicorn==0.29.0->-r requirements.txt (line 8))
Train	Install dependencies	2026-08-21T16:36:10.4172111Z   Downloading h11-0.16.0-py3-none-any.whl.metadata (8.3 kB)
Train	Install dependencies	2026-08-21T16:36:10.4692983Z Collecting google-auth<3.0dev,>=2.26.1 (from google-cloud-storage==2.16.0->-r requirements.txt (line 10))
Train	Install dependencies	2026-08-21T16:36:10.4886936Z   Downloading google_auth-2.56.3-py3-none-any.whl.metadata (6.0 kB)
Train	Install dependencies	2026-08-21T16:36:10.5420790Z Collecting google-api-core<3.0.0dev,>=2.15.0 (from google-cloud-storage==2.16.0->-r requirements.txt (line 10))
Train	Install dependencies	2026-08-21T16:36:10.5612437Z   Downloading google_api_core-2.34.0-py3-none-any.whl.metadata (2.9 kB)
Train	Install dependencies	2026-08-21T16:36:10.5942649Z Collecting google-cloud-core<3.0dev,>=2.3.0 (from google-cloud-storage==2.16.0->-r requirements.txt (line 10))
Train	Install dependencies	2026-08-21T16:36:10.6140341Z   Downloading google_cloud_core-2.6.1-py3-none-any.whl.metadata (2.8 kB)
Train	Install dependencies	2026-08-21T16:36:10.6462283Z Collecting google-resumable-media>=2.6.0 (from google-cloud-storage==2.16.0->-r requirements.txt (line 10))
Train	Install dependencies	2026-08-21T16:36:10.6656041Z   Downloading google_resumable_media-2.10.1-py3-none-any.whl.metadata (2.2 kB)
Train	Install dependencies	2026-08-21T16:36:10.7343715Z Collecting google-crc32c<2.0dev,>=1.0 (from google-cloud-storage==2.16.0->-r requirements.txt (line 10))
Train	Install dependencies	2026-08-21T16:36:10.7540302Z   Downloading google_crc32c-1.8.0-cp310-cp310-manylinux1_x86_64.manylinux2014_x86_64.manylinux_2_17_x86_64.manylinux_2_5_x86_64.whl.metadata (1.7 kB)
Train	Install dependencies	2026-08-21T16:36:10.8530872Z Collecting dvc-gs<4,>=3 (from dvc[gs]==3.50.1->-r requirements.txt (line 4))
Train	Install dependencies	2026-08-21T16:36:10.8735981Z   Downloading dvc_gs-3.1.0-py3-none-any.whl.metadata (1.3 kB)
Train	Install dependencies	2026-08-21T16:36:10.9207404Z Collecting Mako (from alembic!=1.10.0,<2->mlflow==2.13.0->-r requirements.txt (line 1))
Train	Install dependencies	2026-08-21T16:36:10.9408319Z   Downloading mako-1.4.1-py3-none-any.whl.metadata (2.9 kB)
Train	Install dependencies	2026-08-21T16:36:10.9883443Z Collecting urllib3>=1.26.0 (from docker<8,>=4.0.0->mlflow==2.13.0->-r requirements.txt (line 1))
Train	Install dependencies	2026-08-21T16:36:11.0078503Z   Downloading urllib3-2.7.0-py3-none-any.whl.metadata (6.9 kB)
Train	Install dependencies	2026-08-21T16:36:11.0400504Z Collecting dictdiffer>=0.8.1 (from dvc-data<3.16,>=3.15->dvc==3.50.1->dvc[gs]==3.50.1->-r requirements.txt (line 4))
Train	Install dependencies	2026-08-21T16:36:11.0603926Z   Downloading dictdiffer-0.10.0-py3-none-any.whl.metadata (2.9 kB)
Train	Install dependencies	2026-08-21T16:36:11.0944784Z Collecting diskcache>=5.2.1 (from dvc-data<3.16,>=3.15->dvc==3.50.1->dvc[gs]==3.50.1->-r requirements.txt (line 4))
Train	Install dependencies	2026-08-21T16:36:11.1146089Z   Downloading diskcache-5.6.3-py3-none-any.whl.metadata (20 kB)
Train	Install dependencies	2026-08-21T16:36:11.1515385Z Collecting sqltrie<1,>=0.11.0 (from dvc-data<3.16,>=3.15->dvc==3.50.1->dvc[gs]==3.50.1->-r requirements.txt (line 4))
Train	Install dependencies	2026-08-21T16:36:11.1727413Z   Downloading sqltrie-0.11.2-py3-none-any.whl.metadata (3.3 kB)
Train	Install dependencies	2026-08-21T16:36:11.2114305Z Collecting gcsfs>=2022.11.0 (from dvc-gs<4,>=3->dvc[gs]==3.50.1->-r requirements.txt (line 4))
Train	Install dependencies	2026-08-21T16:36:11.2310969Z   Downloading gcsfs-2026.8.0-py3-none-any.whl.metadata (4.6 kB)
Train	Install dependencies	2026-08-21T16:36:11.2848375Z Collecting billiard<5.0,>=4.2.1 (from celery->dvc==3.50.1->dvc[gs]==3.50.1->-r requirements.txt (line 4))
Train	Install dependencies	2026-08-21T16:36:11.3047569Z   Downloading billiard-4.2.4-py3-none-any.whl.metadata (4.8 kB)
Train	Install dependencies	2026-08-21T16:36:11.3515484Z Collecting vine<6.0,>=5.1.0 (from celery->dvc==3.50.1->dvc[gs]==3.50.1->-r requirements.txt (line 4))
Train	Install dependencies	2026-08-21T16:36:11.3726458Z   Downloading vine-5.1.0-py3-none-any.whl.metadata (2.7 kB)
Train	Install dependencies	2026-08-21T16:36:11.8181902Z Collecting click-didyoumean>=0.3.0 (from celery->dvc==3.50.1->dvc[gs]==3.50.1->-r requirements.txt (line 4))
Train	Install dependencies	2026-08-21T16:36:11.8376888Z   Downloading click_didyoumean-0.3.1-py3-none-any.whl.metadata (3.9 kB)
Train	Install dependencies	2026-08-21T16:36:11.8892695Z Collecting click-repl>=0.2.0 (from celery->dvc==3.50.1->dvc[gs]==3.50.1->-r requirements.txt (line 4))
Train	Install dependencies	2026-08-21T16:36:11.9084815Z   Downloading click_repl-0.3.0-py3-none-any.whl.metadata (3.6 kB)
Train	Install dependencies	2026-08-21T16:36:11.9340276Z Collecting click-plugins>=1.1.1 (from celery->dvc==3.50.1->dvc[gs]==3.50.1->-r requirements.txt (line 4))
Train	Install dependencies	2026-08-21T16:36:11.9533527Z   Downloading click_plugins-1.1.1.2-py2.py3-none-any.whl.metadata (6.5 kB)
Train	Install dependencies	2026-08-21T16:36:11.9849975Z Collecting tzlocal (from celery->dvc==3.50.1->dvc[gs]==3.50.1->-r requirements.txt (line 4))
Train	Install dependencies	2026-08-21T16:36:12.0047544Z   Downloading tzlocal-5.4.4-py3-none-any.whl.metadata (7.7 kB)
Train	Install dependencies	2026-08-21T16:36:12.0357246Z Collecting blinker>=1.9.0 (from Flask<4->mlflow==2.13.0->-r requirements.txt (line 1))
Train	Install dependencies	2026-08-21T16:36:12.0548433Z   Downloading blinker-1.9.0-py3-none-any.whl.metadata (1.6 kB)
Train	Install dependencies	2026-08-21T16:36:12.0831065Z Collecting itsdangerous>=2.2.0 (from Flask<4->mlflow==2.13.0->-r requirements.txt (line 1))
Train	Install dependencies	2026-08-21T16:36:12.1022791Z   Downloading itsdangerous-2.2.0-py3-none-any.whl.metadata (1.9 kB)
Train	Install dependencies	2026-08-21T16:36:12.1688334Z Collecting markupsafe>=2.1.1 (from Flask<4->mlflow==2.13.0->-r requirements.txt (line 1))
Train	Install dependencies	2026-08-21T16:36:12.1883221Z   Downloading markupsafe-3.0.3-cp310-cp310-manylinux2014_x86_64.manylinux_2_17_x86_64.manylinux_2_28_x86_64.whl.metadata (2.7 kB)
Train	Install dependencies	2026-08-21T16:36:12.2226081Z Collecting werkzeug>=3.1.0 (from Flask<4->mlflow==2.13.0->-r requirements.txt (line 1))
Train	Install dependencies	2026-08-21T16:36:12.2421751Z   Downloading werkzeug-3.1.8-py3-none-any.whl.metadata (4.0 kB)
Train	Install dependencies	2026-08-21T16:36:12.2731756Z Collecting atpublic>=2.3 (from flufl.lock<8,>=5->dvc==3.50.1->dvc[gs]==3.50.1->-r requirements.txt (line 4))
Train	Install dependencies	2026-08-21T16:36:12.3000420Z   Downloading atpublic-7.0.0-py3-none-any.whl.metadata (2.0 kB)
Train	Install dependencies	2026-08-21T16:36:12.3306678Z Collecting gitdb<5,>=4.0.1 (from gitpython<4,>=3.1.9->mlflow==2.13.0->-r requirements.txt (line 1))
Train	Install dependencies	2026-08-21T16:36:12.3498246Z   Downloading gitdb-4.0.12-py3-none-any.whl.metadata (1.2 kB)
Train	Install dependencies	2026-08-21T16:36:12.3776453Z Collecting smmap<6,>=3.0.1 (from gitdb<5,>=4.0.1->gitpython<4,>=3.1.9->mlflow==2.13.0->-r requirements.txt (line 1))
Train	Install dependencies	2026-08-21T16:36:12.3971890Z   Downloading smmap-5.0.3-py3-none-any.whl.metadata (4.6 kB)
Train	Install dependencies	2026-08-21T16:36:12.4307092Z Collecting googleapis-common-protos<2.0.0,>=1.69.2 (from google-api-core<3.0.0dev,>=2.15.0->google-cloud-storage==2.16.0->-r requirements.txt (line 10))
Train	Install dependencies	2026-08-21T16:36:12.4500657Z   Downloading googleapis_common_protos-1.75.1-py3-none-any.whl.metadata (8.5 kB)
Train	Install dependencies	2026-08-21T16:36:12.4597190Z INFO: pip is looking at multiple versions of google-api-core to determine which version is compatible with other requirements. This could take a while.
Train	Install dependencies	2026-08-21T16:36:12.4603888Z Collecting google-api-core<3.0.0dev,>=2.15.0 (from google-cloud-storage==2.16.0->-r requirements.txt (line 10))
Train	Install dependencies	2026-08-21T16:36:12.4795785Z   Downloading google_api_core-2.33.0-py3-none-any.whl.metadata (3.2 kB)
Train	Install dependencies	2026-08-21T16:36:12.5125331Z   Downloading google_api_core-2.32.0-py3-none-any.whl.metadata (3.2 kB)
Train	Install dependencies	2026-08-21T16:36:12.5368001Z   Downloading google_api_core-2.31.0-py3-none-any.whl.metadata (3.2 kB)
Train	Install dependencies	2026-08-21T16:36:12.5611460Z   Downloading google_api_core-2.30.3-py3-none-any.whl.metadata (3.1 kB)
Train	Install dependencies	2026-08-21T16:36:12.6022663Z Collecting proto-plus<2.0.0,>=1.22.3 (from google-api-core<3.0.0dev,>=2.15.0->google-cloud-storage==2.16.0->-r requirements.txt (line 10))
Train	Install dependencies	2026-08-21T16:36:12.6217210Z   Downloading proto_plus-1.28.3-py3-none-any.whl.metadata (2.2 kB)
Train	Install dependencies	2026-08-21T16:36:12.6737131Z Collecting pyasn1-modules>=0.2.1 (from google-auth<3.0dev,>=2.26.1->google-cloud-storage==2.16.0->-r requirements.txt (line 10))
Train	Install dependencies	2026-08-21T16:36:12.6932964Z   Downloading pyasn1_modules-0.4.2-py3-none-any.whl.metadata (3.5 kB)
Train	Install dependencies	2026-08-21T16:36:12.8963951Z Collecting cryptography>=38.0.3 (from google-auth<3.0dev,>=2.26.1->google-cloud-storage==2.16.0->-r requirements.txt (line 10))
Train	Install dependencies	2026-08-21T16:36:12.9162313Z   Downloading cryptography-50.0.0-cp39-abi3-manylinux_2_34_x86_64.whl.metadata (4.3 kB)
Train	Install dependencies	2026-08-21T16:36:12.9423653Z INFO: pip is looking at multiple versions of googleapis-common-protos to determine which version is compatible with other requirements. This could take a while.
Train	Install dependencies	2026-08-21T16:36:12.9431150Z Collecting googleapis-common-protos<2.0.0,>=1.63.2 (from google-api-core<3.0.0dev,>=2.15.0->google-cloud-storage==2.16.0->-r requirements.txt (line 10))
Train	Install dependencies	2026-08-21T16:36:12.9628485Z   Downloading googleapis_common_protos-1.75.0-py3-none-any.whl.metadata (8.6 kB)
Train	Install dependencies	2026-08-21T16:36:13.0030123Z Collecting graphql-core<3.3,>=3.1 (from graphene<4->mlflow==2.13.0->-r requirements.txt (line 1))
Train	Install dependencies	2026-08-21T16:36:13.0225314Z   Downloading graphql_core-3.2.11-py3-none-any.whl.metadata (11 kB)
Train	Install dependencies	2026-08-21T16:36:13.0509384Z Collecting graphql-relay<3.3,>=3.1 (from graphene<4->mlflow==2.13.0->-r requirements.txt (line 1))
Train	Install dependencies	2026-08-21T16:36:13.0705657Z   Downloading graphql_relay-3.2.0-py3-none-any.whl.metadata (12 kB)
Train	Install dependencies	2026-08-21T16:36:13.1242732Z Collecting pydantic-settings>=2 (from gto<2,>=1.6.0->dvc==3.50.1->dvc[gs]==3.50.1->-r requirements.txt (line 4))
Train	Install dependencies	2026-08-21T16:36:13.1437914Z   Downloading pydantic_settings-2.15.0-py3-none-any.whl.metadata (3.9 kB)
Train	Install dependencies	2026-08-21T16:36:13.1782572Z Collecting semver>=2.13.0 (from gto<2,>=1.6.0->dvc==3.50.1->dvc[gs]==3.50.1->-r requirements.txt (line 4))
Train	Install dependencies	2026-08-21T16:36:13.1977330Z   Downloading semver-3.0.4-py3-none-any.whl.metadata (6.8 kB)
Train	Install dependencies	2026-08-21T16:36:13.2358495Z Collecting zipp>=0.5 (from importlib-metadata!=4.7.0,<8,>=3.7.0->mlflow==2.13.0->-r requirements.txt (line 1))
Train	Install dependencies	2026-08-21T16:36:13.2552803Z   Downloading zipp-4.1.0-py3-none-any.whl.metadata (3.6 kB)
Train	Install dependencies	2026-08-21T16:36:13.2942645Z Collecting amqp<6.0.0,>=5.1.1 (from kombu->dvc==3.50.1->dvc[gs]==3.50.1->-r requirements.txt (line 4))
Train	Install dependencies	2026-08-21T16:36:13.3139276Z   Downloading amqp-5.3.1-py3-none-any.whl.metadata (8.9 kB)
Train	Install dependencies	2026-08-21T16:36:13.4009433Z Collecting contourpy>=1.0.1 (from matplotlib<4->mlflow==2.13.0->-r requirements.txt (line 1))
Train	Install dependencies	2026-08-21T16:36:13.4206315Z   Downloading contourpy-1.3.2-cp310-cp310-manylinux_2_17_x86_64.manylinux2014_x86_64.whl.metadata (5.5 kB)
Train	Install dependencies	2026-08-21T16:36:13.4506530Z Collecting cycler>=0.10 (from matplotlib<4->mlflow==2.13.0->-r requirements.txt (line 1))
Train	Install dependencies	2026-08-21T16:36:13.4700601Z   Downloading cycler-0.12.1-py3-none-any.whl.metadata (3.8 kB)
Train	Install dependencies	2026-08-21T16:36:13.7296865Z Collecting fonttools>=4.22.0 (from matplotlib<4->mlflow==2.13.0->-r requirements.txt (line 1))
Train	Install dependencies	2026-08-21T16:36:13.7505443Z   Downloading fonttools-4.63.0-cp310-cp310-manylinux2014_x86_64.manylinux_2_17_x86_64.whl.metadata (118 kB)
Train	Install dependencies	2026-08-21T16:36:13.8432608Z Collecting kiwisolver>=1.3.1 (from matplotlib<4->mlflow==2.13.0->-r requirements.txt (line 1))
Train	Install dependencies	2026-08-21T16:36:13.8633140Z   Downloading kiwisolver-1.5.0-cp310-cp310-manylinux_2_12_x86_64.manylinux2010_x86_64.whl.metadata (5.1 kB)
Train	Install dependencies	2026-08-21T16:36:14.0587162Z Collecting pillow>=8 (from matplotlib<4->mlflow==2.13.0->-r requirements.txt (line 1))
Train	Install dependencies	2026-08-21T16:36:14.0783257Z   Downloading pillow-12.3.0-cp310-cp310-manylinux_2_27_x86_64.manylinux_2_28_x86_64.whl.metadata (9.1 kB)
Train	Install dependencies	2026-08-21T16:36:14.1252585Z Collecting opentelemetry-semantic-conventions==0.65b0 (from opentelemetry-sdk<3,>=1.0.0->mlflow==2.13.0->-r requirements.txt (line 1))
Train	Install dependencies	2026-08-21T16:36:14.1445140Z   Downloading opentelemetry_semantic_conventions-0.65b0-py3-none-any.whl.metadata (2.4 kB)
Train	Install dependencies	2026-08-21T16:36:14.1547914Z INFO: pip is looking at multiple versions of proto-plus to determine which version is compatible with other requirements. This could take a while.
Train	Install dependencies	2026-08-21T16:36:14.1555431Z Collecting proto-plus<2.0.0,>=1.22.3 (from google-api-core<3.0.0dev,>=2.15.0->google-cloud-storage==2.16.0->-r requirements.txt (line 10))
Train	Install dependencies	2026-08-21T16:36:14.1748469Z   Downloading proto_plus-1.28.2-py3-none-any.whl.metadata (2.2 kB)
Train	Install dependencies	2026-08-21T16:36:14.2078816Z Collecting annotated-types>=0.6.0 (from pydantic!=1.8,!=1.8.1,!=2.0.0,!=2.0.1,!=2.1.0,<3.0.0,>=1.7.4->fastapi==0.111.0->-r requirements.txt (line 7))
Train	Install dependencies	2026-08-21T16:36:14.2269589Z   Downloading annotated_types-0.8.0-py3-none-any.whl.metadata (15 kB)
Train	Install dependencies	2026-08-21T16:36:15.0148886Z Collecting pydantic-core==2.46.4 (from pydantic!=1.8,!=1.8.1,!=2.0.0,!=2.0.1,!=2.1.0,<3.0.0,>=1.7.4->fastapi==0.111.0->-r requirements.txt (line 7))
Train	Install dependencies	2026-08-21T16:36:15.0345452Z   Downloading pydantic_core-2.46.4-cp310-cp310-manylinux_2_17_x86_64.manylinux2014_x86_64.whl.metadata (6.6 kB)
Train	Install dependencies	2026-08-21T16:36:15.0633738Z Collecting typing-inspection>=0.4.2 (from pydantic!=1.8,!=1.8.1,!=2.0.0,!=2.0.1,!=2.1.0,<3.0.0,>=1.7.4->fastapi==0.111.0->-r requirements.txt (line 7))
Train	Install dependencies	2026-08-21T16:36:15.0825511Z   Downloading typing_inspection-0.4.4-py3-none-any.whl.metadata (2.6 kB)
Train	Install dependencies	2026-08-21T16:36:15.1137646Z Collecting six>=1.5 (from python-dateutil>=2.8.2->pandas==2.2.2->-r requirements.txt (line 3))
Train	Install dependencies	2026-08-21T16:36:15.1334157Z   Downloading six-1.17.0-py2.py3-none-any.whl.metadata (1.7 kB)
Train	Install dependencies	2026-08-21T16:36:15.3662308Z Collecting charset_normalizer<4,>=2 (from requests<3,>=2.17.3->mlflow==2.13.0->-r requirements.txt (line 1))
Train	Install dependencies	2026-08-21T16:36:15.3862026Z   Downloading charset_normalizer-3.5.1-cp310-cp310-manylinux2014_x86_64.manylinux_2_17_x86_64.manylinux_2_28_x86_64.whl.metadata (45 kB)
Train	Install dependencies	2026-08-21T16:36:15.4174285Z Collecting idna<4,>=2.5 (from requests<3,>=2.17.3->mlflow==2.13.0->-r requirements.txt (line 1))
Train	Install dependencies	2026-08-21T16:36:15.4365787Z   Downloading idna-3.19-py3-none-any.whl.metadata (9.2 kB)
Train	Install dependencies	2026-08-21T16:36:15.4743291Z Collecting certifi>=2023.5.7 (from requests<3,>=2.17.3->mlflow==2.13.0->-r requirements.txt (line 1))
Train	Install dependencies	2026-08-21T16:36:15.4935743Z   Downloading certifi-2026.7.22-py3-none-any.whl.metadata (2.5 kB)
Train	Install dependencies	2026-08-21T16:36:15.6059834Z Collecting pygit2>=1.14.0 (from scmrepo<4,>=3.3.2->dvc==3.50.1->dvc[gs]==3.50.1->-r requirements.txt (line 4))
Train	Install dependencies	2026-08-21T16:36:15.6262522Z   Downloading pygit2-1.18.2-cp310-cp310-manylinux_2_26_x86_64.manylinux_2_28_x86_64.whl.metadata (3.6 kB)
Train	Install dependencies	2026-08-21T16:36:15.6651289Z Collecting asyncssh<3,>=2.13.1 (from scmrepo<4,>=3.3.2->dvc==3.50.1->dvc[gs]==3.50.1->-r requirements.txt (line 4))
Train	Install dependencies	2026-08-21T16:36:15.6847817Z   Downloading asyncssh-2.24.0-py3-none-any.whl.metadata (9.8 kB)
Train	Install dependencies	2026-08-21T16:36:15.7154764Z Collecting aiohttp-retry>=2.5.0 (from scmrepo<4,>=3.3.2->dvc==3.50.1->dvc[gs]==3.50.1->-r requirements.txt (line 4))
Train	Install dependencies	2026-08-21T16:36:15.7346844Z   Downloading aiohttp_retry-2.9.1-py3-none-any.whl.metadata (8.8 kB)
Train	Install dependencies	2026-08-21T16:36:15.9154447Z Collecting greenlet>=1 (from sqlalchemy<3,>=1.4.0->mlflow==2.13.0->-r requirements.txt (line 1))
Train	Install dependencies	2026-08-21T16:36:15.9350305Z   Downloading greenlet-3.5.5-cp310-cp310-manylinux_2_24_x86_64.manylinux_2_28_x86_64.whl.metadata (3.8 kB)
Train	Install dependencies	2026-08-21T16:36:15.9748250Z Collecting anyio<5,>=3.4.0 (from starlette<0.38.0,>=0.37.2->fastapi==0.111.0->-r requirements.txt (line 7))
Train	Install dependencies	2026-08-21T16:36:15.9939770Z   Downloading anyio-4.14.2-py3-none-any.whl.metadata (4.6 kB)
Train	Install dependencies	2026-08-21T16:36:16.6448782Z Collecting aiohttp (from aiohttp-retry>=2.5.0->scmrepo<4,>=3.3.2->dvc==3.50.1->dvc[gs]==3.50.1->-r requirements.txt (line 4))
Train	Install dependencies	2026-08-21T16:36:16.6647965Z   Downloading aiohttp-3.14.3-cp310-cp310-manylinux2014_x86_64.manylinux_2_17_x86_64.manylinux_2_28_x86_64.whl.metadata (8.3 kB)
Train	Install dependencies	2026-08-21T16:36:16.7210416Z Collecting prompt-toolkit>=3.0.36 (from click-repl>=0.2.0->celery->dvc==3.50.1->dvc[gs]==3.50.1->-r requirements.txt (line 4))
Train	Install dependencies	2026-08-21T16:36:16.7405993Z   Downloading prompt_toolkit-3.0.53-py3-none-any.whl.metadata (6.4 kB)
Train	Install dependencies	2026-08-21T16:36:16.8675888Z Collecting cffi>=2.0.0 (from cryptography>=38.0.3->google-auth<3.0dev,>=2.26.1->google-cloud-storage==2.16.0->-r requirements.txt (line 10))
Train	Install dependencies	2026-08-21T16:36:16.8879843Z   Downloading cffi-2.1.1-cp310-cp310-manylinux2014_x86_64.manylinux_2_17_x86_64.whl.metadata (2.5 kB)
Train	Install dependencies	2026-08-21T16:36:16.9190154Z Collecting pycparser (from cffi>=2.0.0->cryptography>=38.0.3->google-auth<3.0dev,>=2.26.1->google-cloud-storage==2.16.0->-r requirements.txt (line 10))
Train	Install dependencies	2026-08-21T16:36:16.9383223Z   Downloading pycparser-3.0-py3-none-any.whl.metadata (8.2 kB)
Train	Install dependencies	2026-08-21T16:36:16.9837301Z Collecting dnspython>=2.0.0 (from email_validator>=2.0.0->fastapi==0.111.0->-r requirements.txt (line 7))
Train	Install dependencies	2026-08-21T16:36:17.0031373Z   Downloading dnspython-2.8.0-py3-none-any.whl.metadata (5.7 kB)
Train	Install dependencies	2026-08-21T16:36:17.3225366Z Collecting typer>=0.16.0 (from fastapi-cli>=0.0.2->fastapi==0.111.0->-r requirements.txt (line 7))
Train	Install dependencies	2026-08-21T16:36:17.3423602Z   Downloading typer-0.27.1-py3-none-any.whl.metadata (16 kB)
Train	Install dependencies	2026-08-21T16:36:17.3888811Z Collecting rich-toolkit>=0.14.8 (from fastapi-cli>=0.0.2->fastapi==0.111.0->-r requirements.txt (line 7))
Train	Install dependencies	2026-08-21T16:36:17.4081737Z   Downloading rich_toolkit-0.20.3-py3-none-any.whl.metadata (1.0 kB)
Train	Install dependencies	2026-08-21T16:36:17.4551686Z Collecting decorator>4.1.2 (from gcsfs>=2022.11.0->dvc-gs<4,>=3->dvc[gs]==3.50.1->-r requirements.txt (line 4))
Train	Install dependencies	2026-08-21T16:36:17.4745628Z   Downloading decorator-5.3.1-py3-none-any.whl.metadata (3.9 kB)
Train	Install dependencies	2026-08-21T16:36:17.5049100Z Collecting google-auth-oauthlib (from gcsfs>=2022.11.0->dvc-gs<4,>=3->dvc[gs]==3.50.1->-r requirements.txt (line 4))
Train	Install dependencies	2026-08-21T16:36:17.5246628Z   Downloading google_auth_oauthlib-1.4.0-py3-none-any.whl.metadata (2.6 kB)
Train	Install dependencies	2026-08-21T16:36:17.5615651Z Collecting google-cloud-storage-control (from gcsfs>=2022.11.0->dvc-gs<4,>=3->dvc[gs]==3.50.1->-r requirements.txt (line 4))
Train	Install dependencies	2026-08-21T16:36:17.5813521Z   Downloading google_cloud_storage_control-1.13.0-py3-none-any.whl.metadata (9.8 kB)
Train	Install dependencies	2026-08-21T16:36:17.5877819Z INFO: pip is looking at multiple versions of gcsfs to determine which version is compatible with other requirements. This could take a while.
Train	Install dependencies	2026-08-21T16:36:17.5886498Z Collecting gcsfs>=2022.11.0 (from dvc-gs<4,>=3->dvc[gs]==3.50.1->-r requirements.txt (line 4))
Train	Install dependencies	2026-08-21T16:36:17.6086021Z   Downloading gcsfs-2026.7.0-py3-none-any.whl.metadata (4.6 kB)
Train	Install dependencies	2026-08-21T16:36:17.6344711Z   Downloading gcsfs-2026.6.0-py3-none-any.whl.metadata (4.6 kB)
Train	Install dependencies	2026-08-21T16:36:17.6614836Z   Downloading gcsfs-2026.5.0-py3-none-any.whl.metadata (4.5 kB)
Train	Install dependencies	2026-08-21T16:36:17.6901065Z   Downloading gcsfs-2026.4.0-py3-none-any.whl.metadata (4.5 kB)
Train	Install dependencies	2026-08-21T16:36:17.7168524Z   Downloading gcsfs-2026.3.0-py3-none-any.whl.metadata (2.1 kB)
Train	Install dependencies	2026-08-21T16:36:17.7430653Z   Downloading gcsfs-2026.2.0-py3-none-any.whl.metadata (2.1 kB)
Train	Install dependencies	2026-08-21T16:36:17.7799227Z   Downloading gcsfs-2026.1.0-py3-none-any.whl.metadata (2.1 kB)
Train	Install dependencies	2026-08-21T16:36:17.7840508Z INFO: pip is still looking at multiple versions of gcsfs to determine which version is compatible with other requirements. This could take a while.
Train	Install dependencies	2026-08-21T16:36:17.8056968Z   Downloading gcsfs-2025.12.0-py3-none-any.whl.metadata (2.1 kB)
Train	Install dependencies	2026-08-21T16:36:17.8309287Z   Downloading gcsfs-2025.10.0-py2.py3-none-any.whl.metadata (2.1 kB)
Train	Install dependencies	2026-08-21T16:36:17.8558283Z   Downloading gcsfs-2025.9.0-py2.py3-none-any.whl.metadata (2.1 kB)
Train	Install dependencies	2026-08-21T16:36:17.8813772Z   Downloading gcsfs-2025.7.0-py2.py3-none-any.whl.metadata (2.1 kB)
Train	Install dependencies	2026-08-21T16:36:17.9059346Z   Downloading gcsfs-2025.5.1-py2.py3-none-any.whl.metadata (1.9 kB)
Train	Install dependencies	2026-08-21T16:36:17.9101589Z INFO: This is taking longer than usual. You might need to provide the dependency resolver with stricter constraints to reduce runtime. See https://pip.pypa.io/warnings/backtracking for guidance. If you want to abort this run, press Ctrl + C.
Train	Install dependencies	2026-08-21T16:36:17.9315771Z   Downloading gcsfs-2025.5.0.post1-py2.py3-none-any.whl.metadata (1.9 kB)
Train	Install dependencies	2026-08-21T16:36:17.9568335Z   Downloading gcsfs-2025.5.0-py2.py3-none-any.whl.metadata (1.9 kB)
Train	Install dependencies	2026-08-21T16:36:17.9831596Z   Downloading gcsfs-2025.3.2-py2.py3-none-any.whl.metadata (1.9 kB)
Train	Install dependencies	2026-08-21T16:36:18.0077569Z   Downloading gcsfs-2025.3.1-py2.py3-none-any.whl.metadata (1.9 kB)
Train	Install dependencies	2026-08-21T16:36:18.0327424Z   Downloading gcsfs-2025.3.0-py2.py3-none-any.whl.metadata (1.9 kB)
Train	Install dependencies	2026-08-21T16:36:18.0575831Z   Downloading gcsfs-2025.2.0-py2.py3-none-any.whl.metadata (1.9 kB)
Train	Install dependencies	2026-08-21T16:36:18.0822233Z   Downloading gcsfs-2024.12.0-py2.py3-none-any.whl.metadata (1.6 kB)
Train	Install dependencies	2026-08-21T16:36:18.1075046Z   Downloading gcsfs-2024.10.0-py2.py3-none-any.whl.metadata (1.6 kB)
Train	Install dependencies	2026-08-21T16:36:18.1339793Z   Downloading gcsfs-2024.9.0.post1-py2.py3-none-any.whl.metadata (1.6 kB)
Train	Install dependencies	2026-08-21T16:36:18.1650395Z   Downloading gcsfs-2024.6.1-py2.py3-none-any.whl.metadata (1.6 kB)
Train	Install dependencies	2026-08-21T16:36:18.1898637Z   Downloading gcsfs-2024.6.0-py2.py3-none-any.whl.metadata (1.6 kB)
Train	Install dependencies	2026-08-21T16:36:18.2155192Z   Downloading gcsfs-2024.5.0-py2.py3-none-any.whl.metadata (1.6 kB)
Train	Install dependencies	2026-08-21T16:36:18.2403425Z   Downloading gcsfs-2024.3.1-py2.py3-none-any.whl.metadata (1.6 kB)
Train	Install dependencies	2026-08-21T16:36:18.2653665Z   Downloading gcsfs-2024.2.0-py2.py3-none-any.whl.metadata (1.6 kB)
Train	Install dependencies	2026-08-21T16:36:18.2899589Z   Downloading gcsfs-2023.12.2.post1-py2.py3-none-any.whl.metadata (1.6 kB)
Train	Install dependencies	2026-08-21T16:36:18.3149656Z   Downloading gcsfs-2023.12.1-py2.py3-none-any.whl.metadata (1.6 kB)
Train	Install dependencies	2026-08-21T16:36:18.3395573Z   Downloading gcsfs-2023.12.0-py2.py3-none-any.whl.metadata (1.6 kB)
Train	Install dependencies	2026-08-21T16:36:18.3637843Z   Downloading gcsfs-2023.10.0-py2.py3-none-any.whl.metadata (1.6 kB)
Train	Install dependencies	2026-08-21T16:36:18.3882328Z   Downloading gcsfs-2023.9.2-py2.py3-none-any.whl.metadata (1.6 kB)
Train	Install dependencies	2026-08-21T16:36:18.4129421Z   Downloading gcsfs-2023.9.1-py2.py3-none-any.whl.metadata (1.6 kB)
Train	Install dependencies	2026-08-21T16:36:18.4394998Z   Downloading gcsfs-2023.9.0-py2.py3-none-any.whl.metadata (1.6 kB)
Train	Install dependencies	2026-08-21T16:36:18.4645372Z   Downloading gcsfs-2023.6.0-py2.py3-none-any.whl.metadata (1.6 kB)
Train	Install dependencies	2026-08-21T16:36:18.4892976Z   Downloading gcsfs-2023.5.0-py2.py3-none-any.whl.metadata (1.6 kB)
Train	Install dependencies	2026-08-21T16:36:18.5137948Z   Downloading gcsfs-2023.4.0-py2.py3-none-any.whl.metadata (1.6 kB)
Train	Install dependencies	2026-08-21T16:36:18.5384194Z   Downloading gcsfs-2023.3.0-py2.py3-none-any.whl.metadata (1.6 kB)
Train	Install dependencies	2026-08-21T16:36:18.5624259Z   Downloading gcsfs-2023.1.0-py2.py3-none-any.whl.metadata (1.6 kB)
Train	Install dependencies	2026-08-21T16:36:18.5864857Z   Downloading gcsfs-2022.11.0-py2.py3-none-any.whl.metadata (1.6 kB)
Train	Install dependencies	2026-08-21T16:36:18.5934055Z Collecting fsspec[tqdm]>=2024.2.0 (from scmrepo<4,>=3.3.2->dvc==3.50.1->dvc[gs]==3.50.1->-r requirements.txt (line 4))
Train	Install dependencies	2026-08-21T16:36:18.6127241Z   Downloading fsspec-2026.6.0-py3-none-any.whl.metadata (10 kB)
Train	Install dependencies	2026-08-21T16:36:18.6565576Z Collecting fsspec (from dvc==3.50.1->dvc[gs]==3.50.1->-r requirements.txt (line 4))
Train	Install dependencies	2026-08-21T16:36:18.6780215Z   Downloading fsspec-2026.3.0-py3-none-any.whl.metadata (10 kB)
Train	Install dependencies	2026-08-21T16:36:18.7276375Z   Downloading fsspec-2026.2.0-py3-none-any.whl.metadata (10 kB)
Train	Install dependencies	2026-08-21T16:36:18.7792383Z   Downloading fsspec-2026.1.0-py3-none-any.whl.metadata (10 kB)
Train	Install dependencies	2026-08-21T16:36:18.8331323Z   Downloading fsspec-2025.12.0-py3-none-any.whl.metadata (10 kB)
Train	Install dependencies	2026-08-21T16:36:18.8647807Z INFO: pip is looking at multiple versions of fsspec[tqdm] to determine which version is compatible with other requirements. This could take a while.
Train	Install dependencies	2026-08-21T16:36:18.8656314Z Collecting fsspec[tqdm]>=2024.2.0 (from scmrepo<4,>=3.3.2->dvc==3.50.1->dvc[gs]==3.50.1->-r requirements.txt (line 4))
Train	Install dependencies	2026-08-21T16:36:18.8866895Z   Downloading fsspec-2026.4.0-py3-none-any.whl.metadata (10 kB)
Train	Install dependencies	2026-08-21T16:36:18.9475093Z Collecting aiohappyeyeballs>=2.5.0 (from aiohttp->aiohttp-retry>=2.5.0->scmrepo<4,>=3.3.2->dvc==3.50.1->dvc[gs]==3.50.1->-r requirements.txt (line 4))
Train	Install dependencies	2026-08-21T16:36:18.9674704Z   Downloading aiohappyeyeballs-2.7.1-py3-none-any.whl.metadata (5.9 kB)
Train	Install dependencies	2026-08-21T16:36:18.9952504Z Collecting aiosignal>=1.4.0 (from aiohttp->aiohttp-retry>=2.5.0->scmrepo<4,>=3.3.2->dvc==3.50.1->dvc[gs]==3.50.1->-r requirements.txt (line 4))
Train	Install dependencies	2026-08-21T16:36:19.0149582Z   Downloading aiosignal-1.4.0-py3-none-any.whl.metadata (3.7 kB)
Train	Install dependencies	2026-08-21T16:36:19.0442375Z Collecting async-timeout<6.0,>=4.0 (from aiohttp->aiohttp-retry>=2.5.0->scmrepo<4,>=3.3.2->dvc==3.50.1->dvc[gs]==3.50.1->-r requirements.txt (line 4))
Train	Install dependencies	2026-08-21T16:36:19.0639549Z   Downloading async_timeout-5.0.1-py3-none-any.whl.metadata (5.1 kB)
Train	Install dependencies	2026-08-21T16:36:19.1507910Z Collecting frozenlist>=1.1.1 (from aiohttp->aiohttp-retry>=2.5.0->scmrepo<4,>=3.3.2->dvc==3.50.1->dvc[gs]==3.50.1->-r requirements.txt (line 4))
Train	Install dependencies	2026-08-21T16:36:19.1705338Z   Downloading frozenlist-1.8.0-cp310-cp310-manylinux1_x86_64.manylinux_2_28_x86_64.manylinux_2_5_x86_64.whl.metadata (20 kB)
Train	Install dependencies	2026-08-21T16:36:19.5443945Z Collecting multidict<7.0,>=4.5 (from aiohttp->aiohttp-retry>=2.5.0->scmrepo<4,>=3.3.2->dvc==3.50.1->dvc[gs]==3.50.1->-r requirements.txt (line 4))
Train	Install dependencies	2026-08-21T16:36:19.5642569Z   Downloading multidict-6.7.1-cp310-cp310-manylinux2014_x86_64.manylinux_2_17_x86_64.manylinux_2_28_x86_64.whl.metadata (5.3 kB)
Train	Install dependencies	2026-08-21T16:36:19.6398372Z Collecting propcache>=0.2.0 (from aiohttp->aiohttp-retry>=2.5.0->scmrepo<4,>=3.3.2->dvc==3.50.1->dvc[gs]==3.50.1->-r requirements.txt (line 4))
Train	Install dependencies	2026-08-21T16:36:19.6594200Z   Downloading propcache-0.5.2-cp310-cp310-manylinux2014_x86_64.manylinux_2_17_x86_64.manylinux_2_28_x86_64.whl.metadata (16 kB)
Train	Install dependencies	2026-08-21T16:36:19.9368736Z Collecting yarl<2.0,>=1.17.0 (from aiohttp->aiohttp-retry>=2.5.0->scmrepo<4,>=3.3.2->dvc==3.50.1->dvc[gs]==3.50.1->-r requirements.txt (line 4))
Train	Install dependencies	2026-08-21T16:36:19.9564381Z   Downloading yarl-1.24.5-cp310-cp310-manylinux2014_x86_64.manylinux_2_17_x86_64.manylinux_2_28_x86_64.whl.metadata (103 kB)
Train	Install dependencies	2026-08-21T16:36:20.0287968Z Collecting httpcore==1.* (from httpx>=0.23.0->fastapi==0.111.0->-r requirements.txt (line 7))
Train	Install dependencies	2026-08-21T16:36:20.0481031Z   Downloading httpcore-1.0.9-py3-none-any.whl.metadata (21 kB)
Train	Install dependencies	2026-08-21T16:36:20.0845359Z Collecting antlr4-python3-runtime==4.9.* (from hydra-core>=1.1->dvc==3.50.1->dvc[gs]==3.50.1->-r requirements.txt (line 4))
Train	Install dependencies	2026-08-21T16:36:20.1037953Z   Downloading antlr4-python3-runtime-4.9.3.tar.gz (117 kB)
Train	Install dependencies	2026-08-21T16:36:20.1338867Z   Installing build dependencies: started
Train	Install dependencies	2026-08-21T16:36:21.7965414Z   Installing build dependencies: finished with status 'done'
Train	Install dependencies	2026-08-21T16:36:21.7973606Z   Getting requirements to build wheel: started
Train	Install dependencies	2026-08-21T16:36:22.3258617Z   Getting requirements to build wheel: finished with status 'done'
Train	Install dependencies	2026-08-21T16:36:22.3267777Z   Preparing metadata (pyproject.toml): started
Train	Install dependencies	2026-08-21T16:36:22.5621012Z   Preparing metadata (pyproject.toml): finished with status 'done'
Train	Install dependencies	2026-08-21T16:36:22.5973434Z Collecting appdirs (from iterative-telemetry>=0.0.7->dvc==3.50.1->dvc[gs]==3.50.1->-r requirements.txt (line 4))
Train	Install dependencies	2026-08-21T16:36:22.6167389Z   Downloading appdirs-1.4.4-py2.py3-none-any.whl.metadata (9.0 kB)
Train	Install dependencies	2026-08-21T16:36:22.6555894Z Collecting filelock (from iterative-telemetry>=0.0.7->dvc==3.50.1->dvc[gs]==3.50.1->-r requirements.txt (line 4))
Train	Install dependencies	2026-08-21T16:36:22.6750155Z   Downloading filelock-3.32.3-py3-none-any.whl.metadata (2.0 kB)
Train	Install dependencies	2026-08-21T16:36:22.7175897Z Collecting wcwidth>=0.1.4 (from prompt-toolkit>=3.0.36->click-repl>=0.2.0->celery->dvc==3.50.1->dvc[gs]==3.50.1->-r requirements.txt (line 4))
Train	Install dependencies	2026-08-21T16:36:22.7370393Z   Downloading wcwidth-0.8.2-py3-none-any.whl.metadata (43 kB)
Train	Install dependencies	2026-08-21T16:36:22.7802956Z Collecting pyasn1<0.7.0,>=0.6.1 (from pyasn1-modules>=0.2.1->google-auth<3.0dev,>=2.26.1->google-cloud-storage==2.16.0->-r requirements.txt (line 10))
Train	Install dependencies	2026-08-21T16:36:22.7998857Z   Downloading pyasn1-0.6.4-py3-none-any.whl.metadata (8.4 kB)
Train	Install dependencies	2026-08-21T16:36:22.8417809Z Collecting python-dotenv>=0.21.0 (from pydantic-settings>=2->gto<2,>=1.6.0->dvc==3.50.1->dvc[gs]==3.50.1->-r requirements.txt (line 4))
Train	Install dependencies	2026-08-21T16:36:22.8609999Z   Downloading python_dotenv-1.2.3-py3-none-any.whl.metadata (29 kB)
Train	Install dependencies	2026-08-21T16:36:22.9077074Z Collecting markdown-it-py>=2.2.0 (from rich>=12->dvc==3.50.1->dvc[gs]==3.50.1->-r requirements.txt (line 4))
Train	Install dependencies	2026-08-21T16:36:22.9270564Z   Downloading markdown_it_py-4.2.0-py3-none-any.whl.metadata (7.4 kB)
Train	Install dependencies	2026-08-21T16:36:22.9646012Z Collecting pygments<3.0.0,>=2.13.0 (from rich>=12->dvc==3.50.1->dvc[gs]==3.50.1->-r requirements.txt (line 4))
Train	Install dependencies	2026-08-21T16:36:22.9840559Z   Downloading pygments-2.21.0-py3-none-any.whl.metadata (2.5 kB)
Train	Install dependencies	2026-08-21T16:36:23.0140280Z Collecting mdurl~=0.1 (from markdown-it-py>=2.2.0->rich>=12->dvc==3.50.1->dvc[gs]==3.50.1->-r requirements.txt (line 4))
Train	Install dependencies	2026-08-21T16:36:23.0331247Z   Downloading mdurl-0.1.2-py3-none-any.whl.metadata (1.6 kB)
Train	Install dependencies	2026-08-21T16:36:23.0867571Z Collecting shellingham>=1.3.0 (from typer>=0.16.0->fastapi-cli>=0.0.2->fastapi==0.111.0->-r requirements.txt (line 7))
Train	Install dependencies	2026-08-21T16:36:23.1058870Z   Downloading shellingham-1.5.4-py2.py3-none-any.whl.metadata (3.5 kB)
Train	Install dependencies	2026-08-21T16:36:23.1362961Z Collecting annotated-doc>=0.0.2 (from typer>=0.16.0->fastapi-cli>=0.0.2->fastapi==0.111.0->-r requirements.txt (line 7))
Train	Install dependencies	2026-08-21T16:36:23.1554887Z   Downloading annotated_doc-0.0.5-py3-none-any.whl.metadata (6.5 kB)
Train	Install dependencies	2026-08-21T16:36:23.2142729Z Collecting httptools>=0.5.0 (from uvicorn[standard]>=0.12.0->fastapi==0.111.0->-r requirements.txt (line 7))
Train	Install dependencies	2026-08-21T16:36:23.2339165Z   Downloading httptools-0.8.0-cp310-cp310-manylinux1_x86_64.manylinux_2_28_x86_64.manylinux_2_5_x86_64.whl.metadata (3.5 kB)
Train	Install dependencies	2026-08-21T16:36:23.2887466Z Collecting uvloop!=0.15.0,!=0.15.1,>=0.14.0 (from uvicorn[standard]>=0.12.0->fastapi==0.111.0->-r requirements.txt (line 7))
Train	Install dependencies	2026-08-21T16:36:23.3127556Z   Downloading uvloop-0.22.1-cp310-cp310-manylinux2014_x86_64.manylinux_2_17_x86_64.manylinux_2_28_x86_64.whl.metadata (4.9 kB)
Train	Install dependencies	2026-08-21T16:36:23.4060819Z Collecting watchfiles>=0.13 (from uvicorn[standard]>=0.12.0->fastapi==0.111.0->-r requirements.txt (line 7))
Train	Install dependencies	2026-08-21T16:36:23.4256294Z   Downloading watchfiles-1.2.0-cp310-cp310-manylinux_2_17_x86_64.manylinux2014_x86_64.whl.metadata (4.9 kB)
Train	Install dependencies	2026-08-21T16:36:23.5476170Z Collecting websockets>=10.4 (from uvicorn[standard]>=0.12.0->fastapi==0.111.0->-r requirements.txt (line 7))
Train	Install dependencies	2026-08-21T16:36:23.5672586Z   Downloading websockets-16.1.1-cp310-cp310-manylinux1_x86_64.manylinux_2_28_x86_64.manylinux_2_5_x86_64.whl.metadata (6.8 kB)
Train	Install dependencies	2026-08-21T16:36:23.5875285Z Requirement already satisfied: setuptools in /opt/hostedtoolcache/Python/3.10.21/x64/lib/python3.10/site-packages (from zc.lockfile>=1.2.1->dvc==3.50.1->dvc[gs]==3.50.1->-r requirements.txt (line 4)) (79.0.1)
Train	Install dependencies	2026-08-21T16:36:23.5940319Z INFO: pip is looking at multiple versions of fsspec[http] to determine which version is compatible with other requirements. This could take a while.
Train	Install dependencies	2026-08-21T16:36:23.6352010Z Collecting requests-oauthlib>=0.7.0 (from google-auth-oauthlib->gcsfs>=2022.11.0->dvc-gs<4,>=3->dvc[gs]==3.50.1->-r requirements.txt (line 4))
Train	Install dependencies	2026-08-21T16:36:23.6548634Z   Downloading requests_oauthlib-2.0.0-py2.py3-none-any.whl.metadata (11 kB)
Train	Install dependencies	2026-08-21T16:36:23.6866031Z Collecting oauthlib>=3.0.0 (from requests-oauthlib>=0.7.0->google-auth-oauthlib->gcsfs>=2022.11.0->dvc-gs<4,>=3->dvc[gs]==3.50.1->-r requirements.txt (line 4))
Train	Install dependencies	2026-08-21T16:36:23.7069776Z   Downloading oauthlib-3.3.1-py3-none-any.whl.metadata (7.9 kB)
Train	Install dependencies	2026-08-21T16:36:24.3912165Z Collecting grpcio<2.0.0,>=1.59.0 (from google-cloud-storage-control->gcsfs>=2022.11.0->dvc-gs<4,>=3->dvc[gs]==3.50.1->-r requirements.txt (line 4))
Train	Install dependencies	2026-08-21T16:36:24.4112172Z   Downloading grpcio-1.83.0-cp310-cp310-manylinux2014_x86_64.manylinux_2_17_x86_64.whl.metadata (3.7 kB)
Train	Install dependencies	2026-08-21T16:36:24.4179456Z INFO: pip is looking at multiple versions of google-cloud-storage-control to determine which version is compatible with other requirements. This could take a while.
Train	Install dependencies	2026-08-21T16:36:24.4188125Z Collecting google-cloud-storage-control (from gcsfs>=2022.11.0->dvc-gs<4,>=3->dvc[gs]==3.50.1->-r requirements.txt (line 4))
Train	Install dependencies	2026-08-21T16:36:24.4391582Z   Downloading google_cloud_storage_control-1.12.0-py3-none-any.whl.metadata (9.8 kB)
Train	Install dependencies	2026-08-21T16:36:24.4744885Z Collecting grpc-google-iam-v1<1.0.0,>=0.14.0 (from google-cloud-storage-control->gcsfs>=2022.11.0->dvc-gs<4,>=3->dvc[gs]==3.50.1->-r requirements.txt (line 4))
Train	Install dependencies	2026-08-21T16:36:24.4943946Z   Downloading grpc_google_iam_v1-0.14.5-py3-none-any.whl.metadata (8.8 kB)
Train	Install dependencies	2026-08-21T16:36:24.5033996Z INFO: pip is looking at multiple versions of google-api-core[grpc] to determine which version is compatible with other requirements. This could take a while.
Train	Install dependencies	2026-08-21T16:36:24.5689290Z Collecting grpcio-status<2.0.0,>=1.33.2 (from google-api-core[grpc]<3.0.0,>=2.17.1->google-cloud-storage-control->gcsfs>=2022.11.0->dvc-gs<4,>=3->dvc[gs]==3.50.1->-r requirements.txt (line 4))
Train	Install dependencies	2026-08-21T16:36:24.5883867Z   Downloading grpcio_status-1.83.0-py3-none-any.whl.metadata (1.2 kB)
Train	Install dependencies	2026-08-21T16:36:24.5950332Z INFO: pip is looking at multiple versions of grpc-google-iam-v1 to determine which version is compatible with other requirements. This could take a while.
Train	Install dependencies	2026-08-21T16:36:24.5958350Z Collecting grpc-google-iam-v1<1.0.0,>=0.14.0 (from google-cloud-storage-control->gcsfs>=2022.11.0->dvc-gs<4,>=3->dvc[gs]==3.50.1->-r requirements.txt (line 4))
Train	Install dependencies	2026-08-21T16:36:24.6150353Z   Downloading grpc_google_iam_v1-0.14.4-py3-none-any.whl.metadata (9.1 kB)
Train	Install dependencies	2026-08-21T16:36:24.6304009Z INFO: pip is looking at multiple versions of googleapis-common-protos[grpc] to determine which version is compatible with other requirements. This could take a while.
Train	Install dependencies	2026-08-21T16:36:24.6379954Z INFO: pip is looking at multiple versions of grpcio-status to determine which version is compatible with other requirements. This could take a while.
Train	Install dependencies	2026-08-21T16:36:24.6389277Z Collecting grpcio-status<2.0.0,>=1.33.2 (from google-api-core[grpc]<3.0.0,>=2.17.1->google-cloud-storage-control->gcsfs>=2022.11.0->dvc-gs<4,>=3->dvc[gs]==3.50.1->-r requirements.txt (line 4))
Train	Install dependencies	2026-08-21T16:36:24.6583222Z   Downloading grpcio_status-1.82.1-py3-none-any.whl.metadata (1.2 kB)
Train	Install dependencies	2026-08-21T16:36:24.6882282Z   Downloading grpcio_status-1.81.1-py3-none-any.whl.metadata (1.2 kB)
Train	Install dependencies	2026-08-21T16:36:24.7115553Z   Downloading grpcio_status-1.81.0-py3-none-any.whl.metadata (1.2 kB)
Train	Install dependencies	2026-08-21T16:36:24.7375554Z   Downloading grpcio_status-1.80.0-py3-none-any.whl.metadata (1.3 kB)
Train	Install dependencies	2026-08-21T16:36:24.7676916Z   Downloading grpcio_status-1.78.0-py3-none-any.whl.metadata (1.3 kB)
Train	Install dependencies	2026-08-21T16:36:24.7915565Z   Downloading grpcio_status-1.76.0-py3-none-any.whl.metadata (1.1 kB)
Train	Install dependencies	2026-08-21T16:36:24.8145025Z   Downloading grpcio_status-1.75.1-py3-none-any.whl.metadata (1.1 kB)
Train	Install dependencies	2026-08-21T16:36:24.8181372Z INFO: pip is still looking at multiple versions of grpcio-status to determine which version is compatible with other requirements. This could take a while.
Train	Install dependencies	2026-08-21T16:36:24.8378865Z   Downloading grpcio_status-1.75.0-py3-none-any.whl.metadata (1.1 kB)
Train	Install dependencies	2026-08-21T16:36:24.8607888Z   Downloading grpcio_status-1.74.0-py3-none-any.whl.metadata (1.1 kB)
Train	Install dependencies	2026-08-21T16:36:24.8833643Z   Downloading grpcio_status-1.73.1-py3-none-any.whl.metadata (1.1 kB)
Train	Install dependencies	2026-08-21T16:36:24.9131695Z   Downloading grpcio_status-1.73.0-py3-none-any.whl.metadata (1.1 kB)
Train	Install dependencies	2026-08-21T16:36:24.9362306Z   Downloading grpcio_status-1.72.2-py3-none-any.whl.metadata (1.1 kB)
Train	Install dependencies	2026-08-21T16:36:24.9396501Z INFO: This is taking longer than usual. You might need to provide the dependency resolver with stricter constraints to reduce runtime. See https://pip.pypa.io/warnings/backtracking for guidance. If you want to abort this run, press Ctrl + C.
Train	Install dependencies	2026-08-21T16:36:24.9594415Z   Downloading grpcio_status-1.72.1-py3-none-any.whl.metadata (1.1 kB)
Train	Install dependencies	2026-08-21T16:36:24.9823991Z   Downloading grpcio_status-1.71.2-py3-none-any.whl.metadata (1.1 kB)
Train	Install dependencies	2026-08-21T16:36:25.0120056Z   Downloading grpcio_status-1.71.0-py3-none-any.whl.metadata (1.1 kB)
Train	Install dependencies	2026-08-21T16:36:25.0348184Z   Downloading grpcio_status-1.70.0-py3-none-any.whl.metadata (1.1 kB)
Train	Install dependencies	2026-08-21T16:36:25.0579491Z   Downloading grpcio_status-1.69.0-py3-none-any.whl.metadata (1.1 kB)
Train	Install dependencies	2026-08-21T16:36:25.0808111Z   Downloading grpcio_status-1.68.1-py3-none-any.whl.metadata (1.1 kB)
Train	Install dependencies	2026-08-21T16:36:25.1040413Z   Downloading grpcio_status-1.68.0-py3-none-any.whl.metadata (1.1 kB)
Train	Install dependencies	2026-08-21T16:36:25.1271968Z   Downloading grpcio_status-1.67.1-py3-none-any.whl.metadata (1.1 kB)
Train	Install dependencies	2026-08-21T16:36:25.1505079Z   Downloading grpcio_status-1.67.0-py3-none-any.whl.metadata (1.1 kB)
Train	Install dependencies	2026-08-21T16:36:25.1738466Z   Downloading grpcio_status-1.66.2-py3-none-any.whl.metadata (1.1 kB)
Train	Install dependencies	2026-08-21T16:36:25.1966919Z   Downloading grpcio_status-1.66.1-py3-none-any.whl.metadata (1.1 kB)
Train	Install dependencies	2026-08-21T16:36:25.2198816Z   Downloading grpcio_status-1.66.0-py3-none-any.whl.metadata (1.1 kB)
Train	Install dependencies	2026-08-21T16:36:25.2428885Z   Downloading grpcio_status-1.65.5-py3-none-any.whl.metadata (1.1 kB)
Train	Install dependencies	2026-08-21T16:36:25.2671200Z   Downloading grpcio_status-1.65.4-py3-none-any.whl.metadata (1.1 kB)
Train	Install dependencies	2026-08-21T16:36:25.2936896Z   Downloading grpcio_status-1.65.2-py3-none-any.whl.metadata (1.1 kB)
Train	Install dependencies	2026-08-21T16:36:25.3193089Z   Downloading grpcio_status-1.65.1-py3-none-any.whl.metadata (1.1 kB)
Train	Install dependencies	2026-08-21T16:36:25.3451044Z   Downloading grpcio_status-1.64.3-py3-none-any.whl.metadata (1.1 kB)
Train	Install dependencies	2026-08-21T16:36:25.3701501Z   Downloading grpcio_status-1.64.1-py3-none-any.whl.metadata (1.1 kB)
Train	Install dependencies	2026-08-21T16:36:25.3932595Z   Downloading grpcio_status-1.64.0-py3-none-any.whl.metadata (1.1 kB)
Train	Install dependencies	2026-08-21T16:36:25.4181041Z   Downloading grpcio_status-1.63.2-py3-none-any.whl.metadata (1.1 kB)
Train	Install dependencies	2026-08-21T16:36:25.4412961Z   Downloading grpcio_status-1.63.0-py3-none-any.whl.metadata (1.1 kB)
Train	Install dependencies	2026-08-21T16:36:25.4641424Z   Downloading grpcio_status-1.62.3-py3-none-any.whl.metadata (1.3 kB)
Train	Install dependencies	2026-08-21T16:36:25.5266012Z Downloading mlflow-2.13.0-py3-none-any.whl (25.0 MB)
Train	Install dependencies	2026-08-21T16:36:25.7525665Z    ━━━━━━━━━━━━━━━━━━━━━━━━━━━━━━━━━━━━━━━━ 25.0/25.0 MB 120.3 MB/s  0:00:00
Train	Install dependencies	2026-08-21T16:36:25.7762577Z Downloading scikit_learn-1.4.2-cp310-cp310-manylinux_2_17_x86_64.manylinux2014_x86_64.whl (12.1 MB)
Train	Install dependencies	2026-08-21T16:36:25.8319372Z    ━━━━━━━━━━━━━━━━━━━━━━━━━━━━━━━━━━━━━━━━ 12.1/12.1 MB 225.7 MB/s  0:00:00
Train	Install dependencies	2026-08-21T16:36:25.8517967Z Downloading pandas-2.2.2-cp310-cp310-manylinux_2_17_x86_64.manylinux2014_x86_64.whl (13.0 MB)
Train	Install dependencies	2026-08-21T16:36:25.9047829Z    ━━━━━━━━━━━━━━━━━━━━━━━━━━━━━━━━━━━━━━━━ 13.0/13.0 MB 253.5 MB/s  0:00:00
Train	Install dependencies	2026-08-21T16:36:25.9265691Z Downloading PyYAML-6.0.1-cp310-cp310-manylinux_2_17_x86_64.manylinux2014_x86_64.whl (705 kB)
Train	Install dependencies	2026-08-21T16:36:25.9321108Z    ━━━━━━━━━━━━━━━━━━━━━━━━━━━━━━━━━━━━━━━━ 705.5/705.5 kB 145.1 MB/s  0:00:00
Train	Install dependencies	2026-08-21T16:36:25.9527627Z Downloading dvc-3.50.1-py3-none-any.whl (451 kB)
Train	Install dependencies	2026-08-21T16:36:25.9778240Z Downloading pathspec-0.11.2-py3-none-any.whl (29 kB)
Train	Install dependencies	2026-08-21T16:36:26.0002941Z Downloading pytest-8.2.0-py3-none-any.whl (339 kB)
Train	Install dependencies	2026-08-21T16:36:26.0231251Z Downloading fastapi-0.111.0-py3-none-any.whl (91 kB)
Train	Install dependencies	2026-08-21T16:36:26.0443549Z Downloading uvicorn-0.29.0-py3-none-any.whl (60 kB)
Train	Install dependencies	2026-08-21T16:36:26.0671241Z Downloading joblib-1.4.2-py3-none-any.whl (301 kB)
Train	Install dependencies	2026-08-21T16:36:26.0895216Z Downloading google_cloud_storage-2.16.0-py2.py3-none-any.whl (125 kB)
Train	Install dependencies	2026-08-21T16:36:26.1118413Z Downloading alembic-1.19.1-py3-none-any.whl (265 kB)
Train	Install dependencies	2026-08-21T16:36:26.1349556Z Downloading cachetools-5.5.2-py3-none-any.whl (10 kB)
Train	Install dependencies	2026-08-21T16:36:26.1568979Z Downloading click-8.4.2-py3-none-any.whl (119 kB)
Train	Install dependencies	2026-08-21T16:36:26.1790104Z Downloading cloudpickle-3.1.2-py3-none-any.whl (22 kB)
Train	Install dependencies	2026-08-21T16:36:26.2015785Z Downloading docker-7.2.0-py3-none-any.whl (148 kB)
Train	Install dependencies	2026-08-21T16:36:26.2239592Z Downloading dpath-2.2.0-py3-none-any.whl (17 kB)
Train	Install dependencies	2026-08-21T16:36:26.2462667Z Downloading dvc_data-3.15.2-py3-none-any.whl (71 kB)
Train	Install dependencies	2026-08-21T16:36:26.2675135Z Downloading dvc_gs-3.1.0-py3-none-any.whl (11 kB)
Train	Install dependencies	2026-08-21T16:36:26.2892798Z Downloading dvc_objects-5.2.0-py3-none-any.whl (33 kB)
Train	Install dependencies	2026-08-21T16:36:26.3103407Z Downloading dvc_render-1.0.2-py3-none-any.whl (22 kB)
Train	Install dependencies	2026-08-21T16:36:26.3314014Z Downloading dvc_studio_client-0.23.0-py3-none-any.whl (16 kB)
Train	Install dependencies	2026-08-21T16:36:26.3523297Z Downloading dvc_task-0.40.2-py3-none-any.whl (21 kB)
Train	Install dependencies	2026-08-21T16:36:26.3733518Z Downloading celery-5.6.3-py3-none-any.whl (451 kB)
Train	Install dependencies	2026-08-21T16:36:26.3974967Z Downloading billiard-4.2.4-py3-none-any.whl (87 kB)
Train	Install dependencies	2026-08-21T16:36:26.4197217Z Downloading entrypoints-0.4-py3-none-any.whl (5.3 kB)
Train	Install dependencies	2026-08-21T16:36:26.4407804Z Downloading flask-3.1.3-py3-none-any.whl (103 kB)
Train	Install dependencies	2026-08-21T16:36:26.4621158Z Downloading flatten_dict-0.5.0-py3-none-any.whl (9.9 kB)
Train	Install dependencies	2026-08-21T16:36:26.4843626Z Downloading flufl.lock-7.1.1-py3-none-any.whl (11 kB)
Train	Install dependencies	2026-08-21T16:36:26.5053479Z Downloading gitpython-3.1.59-py3-none-any.whl (220 kB)
Train	Install dependencies	2026-08-21T16:36:26.5267245Z Downloading gitdb-4.0.12-py3-none-any.whl (62 kB)
Train	Install dependencies	2026-08-21T16:36:26.5493378Z Downloading google_api_core-2.30.3-py3-none-any.whl (173 kB)
Train	Install dependencies	2026-08-21T16:36:26.5707477Z Downloading google_auth-2.56.3-py3-none-any.whl (259 kB)
Train	Install dependencies	2026-08-21T16:36:26.5933208Z Downloading google_cloud_core-2.6.1-py3-none-any.whl (29 kB)
Train	Install dependencies	2026-08-21T16:36:26.6144763Z Downloading google_crc32c-1.8.0-cp310-cp310-manylinux1_x86_64.manylinux2014_x86_64.manylinux_2_17_x86_64.manylinux_2_5_x86_64.whl (33 kB)
Train	Install dependencies	2026-08-21T16:36:26.6355580Z Downloading googleapis_common_protos-1.75.0-py3-none-any.whl (300 kB)
Train	Install dependencies	2026-08-21T16:36:26.6578054Z Downloading grandalf-0.8-py3-none-any.whl (41 kB)
Train	Install dependencies	2026-08-21T16:36:26.6795345Z Downloading graphene-3.4.3-py2.py3-none-any.whl (114 kB)
Train	Install dependencies	2026-08-21T16:36:26.7014395Z Downloading graphql_core-3.2.11-py3-none-any.whl (214 kB)
Train	Install dependencies	2026-08-21T16:36:26.7231700Z Downloading graphql_relay-3.2.0-py3-none-any.whl (16 kB)
Train	Install dependencies	2026-08-21T16:36:26.7445450Z Downloading gto-1.10.1-py3-none-any.whl (45 kB)
Train	Install dependencies	2026-08-21T16:36:26.7655182Z Downloading gunicorn-22.0.0-py3-none-any.whl (84 kB)
Train	Install dependencies	2026-08-21T16:36:26.7869408Z Downloading importlib_metadata-7.2.1-py3-none-any.whl (25 kB)
Train	Install dependencies	2026-08-21T16:36:26.8082316Z Downloading jinja2-3.1.6-py3-none-any.whl (134 kB)
Train	Install dependencies	2026-08-21T16:36:26.8301845Z Downloading kombu-5.6.2-py3-none-any.whl (214 kB)
Train	Install dependencies	2026-08-21T16:36:26.8515549Z Downloading vine-5.1.0-py3-none-any.whl (9.6 kB)
Train	Install dependencies	2026-08-21T16:36:26.8727946Z Downloading amqp-5.3.1-py3-none-any.whl (50 kB)
Train	Install dependencies	2026-08-21T16:36:26.8940631Z Downloading markdown-3.10.3-py3-none-any.whl (110 kB)
Train	Install dependencies	2026-08-21T16:36:26.9170939Z Downloading matplotlib-3.10.9-cp310-cp310-manylinux2014_x86_64.manylinux_2_17_x86_64.whl (8.8 MB)
Train	Install dependencies	2026-08-21T16:36:26.9536994Z    ━━━━━━━━━━━━━━━━━━━━━━━━━━━━━━━━━━━━━━━━ 8.8/8.8 MB 249.8 MB/s  0:00:00
Train	Install dependencies	2026-08-21T16:36:26.9731813Z Downloading numpy-1.26.4-cp310-cp310-manylinux_2_17_x86_64.manylinux2014_x86_64.whl (18.2 MB)
Train	Install dependencies	2026-08-21T16:36:27.0477558Z    ━━━━━━━━━━━━━━━━━━━━━━━━━━━━━━━━━━━━━━━━ 18.2/18.2 MB 251.3 MB/s  0:00:00
Train	Install dependencies	2026-08-21T16:36:27.0675868Z Downloading opentelemetry_api-1.44.0-py3-none-any.whl (60 kB)
Train	Install dependencies	2026-08-21T16:36:27.0904194Z Downloading opentelemetry_sdk-1.44.0-py3-none-any.whl (137 kB)
Train	Install dependencies	2026-08-21T16:36:27.1122287Z Downloading opentelemetry_semantic_conventions-0.65b0-py3-none-any.whl (204 kB)
Train	Install dependencies	2026-08-21T16:36:27.1338606Z Downloading packaging-24.2-py3-none-any.whl (65 kB)
Train	Install dependencies	2026-08-21T16:36:27.1555215Z Downloading platformdirs-3.11.0-py3-none-any.whl (17 kB)
Train	Install dependencies	2026-08-21T16:36:27.1767188Z Downloading pluggy-1.6.0-py3-none-any.whl (20 kB)
Train	Install dependencies	2026-08-21T16:36:27.1979565Z Downloading proto_plus-1.28.2-py3-none-any.whl (50 kB)
Train	Install dependencies	2026-08-21T16:36:27.2195609Z Downloading protobuf-4.25.9-cp37-abi3-manylinux2014_x86_64.whl (295 kB)
Train	Install dependencies	2026-08-21T16:36:27.2453197Z Downloading pyarrow-15.0.2-cp310-cp310-manylinux_2_28_x86_64.whl (38.3 MB)
Train	Install dependencies	2026-08-21T16:36:27.4209135Z    ━━━━━━━━━━━━━━━━━━━━━━━━━━━━━━━━━━━━━━━━ 38.3/38.3 MB 220.4 MB/s  0:00:00
Train	Install dependencies	2026-08-21T16:36:27.4406542Z Downloading pydantic-2.13.4-py3-none-any.whl (472 kB)
Train	Install dependencies	2026-08-21T16:36:27.4635768Z Downloading pydantic_core-2.46.4-cp310-cp310-manylinux_2_17_x86_64.manylinux2014_x86_64.whl (2.1 MB)
Train	Install dependencies	2026-08-21T16:36:27.4730555Z    ━━━━━━━━━━━━━━━━━━━━━━━━━━━━━━━━━━━━━━━━ 2.1/2.1 MB 268.2 MB/s  0:00:00
Train	Install dependencies	2026-08-21T16:36:27.4926987Z Downloading python_dateutil-2.9.0.post0-py2.py3-none-any.whl (229 kB)
Train	Install dependencies	2026-08-21T16:36:27.5144187Z Downloading pytz-2024.2-py2.py3-none-any.whl (508 kB)
Train	Install dependencies	2026-08-21T16:36:27.5370556Z Downloading querystring_parser-1.2.4-py2.py3-none-any.whl (7.9 kB)
Train	Install dependencies	2026-08-21T16:36:27.5580918Z Downloading requests-2.34.2-py3-none-any.whl (73 kB)
Train	Install dependencies	2026-08-21T16:36:27.5795820Z Downloading charset_normalizer-3.5.1-cp310-cp310-manylinux2014_x86_64.manylinux_2_17_x86_64.manylinux_2_28_x86_64.whl (261 kB)
Train	Install dependencies	2026-08-21T16:36:27.6018233Z Downloading idna-3.19-py3-none-any.whl (68 kB)
Train	Install dependencies	2026-08-21T16:36:27.6234350Z Downloading scipy-1.15.3-cp310-cp310-manylinux_2_17_x86_64.manylinux2014_x86_64.whl (37.7 MB)
Train	Install dependencies	2026-08-21T16:36:27.7700670Z    ━━━━━━━━━━━━━━━━━━━━━━━━━━━━━━━━━━━━━━━━ 37.7/37.7 MB 260.3 MB/s  0:00:00
Train	Install dependencies	2026-08-21T16:36:27.7893502Z Downloading scmrepo-3.6.2-py3-none-any.whl (74 kB)
Train	Install dependencies	2026-08-21T16:36:27.8109979Z Downloading asyncssh-2.24.0-py3-none-any.whl (381 kB)
Train	Install dependencies	2026-08-21T16:36:27.8368323Z Downloading dulwich-1.2.12-cp310-cp310-manylinux_2_28_x86_64.whl (1.5 MB)
Train	Install dependencies	2026-08-21T16:36:27.8446528Z    ━━━━━━━━━━━━━━━━━━━━━━━━━━━━━━━━━━━━━━━━ 1.5/1.5 MB 235.7 MB/s  0:00:00
Train	Install dependencies	2026-08-21T16:36:27.8640037Z Downloading shtab-1.11.0-py3-none-any.whl (17 kB)
Train	Install dependencies	2026-08-21T16:36:27.8851862Z Downloading smmap-5.0.3-py3-none-any.whl (24 kB)
Train	Install dependencies	2026-08-21T16:36:27.9069632Z Downloading sqlalchemy-2.0.52-cp310-cp310-manylinux2014_x86_64.manylinux_2_17_x86_64.manylinux_2_28_x86_64.whl (3.3 MB)
Train	Install dependencies	2026-08-21T16:36:27.9198946Z    ━━━━━━━━━━━━━━━━━━━━━━━━━━━━━━━━━━━━━━━━ 3.3/3.3 MB 313.4 MB/s  0:00:00
Train	Install dependencies	2026-08-21T16:36:27.9394779Z Downloading sqlparse-0.6.0-py3-none-any.whl (50 kB)
Train	Install dependencies	2026-08-21T16:36:27.9612612Z Downloading sqltrie-0.11.2-py3-none-any.whl (17 kB)
Train	Install dependencies	2026-08-21T16:36:27.9823546Z Downloading starlette-0.37.2-py3-none-any.whl (71 kB)
Train	Install dependencies	2026-08-21T16:36:28.0040790Z Downloading anyio-4.14.2-py3-none-any.whl (125 kB)
Train	Install dependencies	2026-08-21T16:36:28.0257727Z Downloading tqdm-4.70.0-py3-none-any.whl (80 kB)
Train	Install dependencies	2026-08-21T16:36:28.0476970Z Downloading typing_extensions-4.16.0-py3-none-any.whl (45 kB)
Train	Install dependencies	2026-08-21T16:36:28.0686568Z Downloading urllib3-2.7.0-py3-none-any.whl (131 kB)
Train	Install dependencies	2026-08-21T16:36:28.0908304Z Downloading aiohttp_retry-2.9.1-py3-none-any.whl (10.0 kB)
Train	Install dependencies	2026-08-21T16:36:28.1120483Z Downloading annotated_types-0.8.0-py3-none-any.whl (13 kB)
Train	Install dependencies	2026-08-21T16:36:28.1336586Z Downloading atpublic-7.0.0-py3-none-any.whl (6.4 kB)
Train	Install dependencies	2026-08-21T16:36:28.1553201Z Downloading attrs-26.1.0-py3-none-any.whl (67 kB)
Train	Install dependencies	2026-08-21T16:36:28.1775284Z Downloading blinker-1.9.0-py3-none-any.whl (8.5 kB)
Train	Install dependencies	2026-08-21T16:36:28.1989713Z Downloading certifi-2026.7.22-py3-none-any.whl (136 kB)
Train	Install dependencies	2026-08-21T16:36:28.2207706Z Downloading click_didyoumean-0.3.1-py3-none-any.whl (3.6 kB)
Train	Install dependencies	2026-08-21T16:36:28.2420304Z Downloading click_plugins-1.1.1.2-py2.py3-none-any.whl (11 kB)
Train	Install dependencies	2026-08-21T16:36:28.2630552Z Downloading click_repl-0.3.0-py3-none-any.whl (10 kB)
Train	Install dependencies	2026-08-21T16:36:28.2840950Z Downloading colorama-0.4.6-py2.py3-none-any.whl (25 kB)
Train	Install dependencies	2026-08-21T16:36:28.3050261Z Downloading configobj-5.0.9-py2.py3-none-any.whl (35 kB)
Train	Install dependencies	2026-08-21T16:36:28.3263517Z Downloading contourpy-1.3.2-cp310-cp310-manylinux_2_17_x86_64.manylinux2014_x86_64.whl (325 kB)
Train	Install dependencies	2026-08-21T16:36:28.3488112Z Downloading cryptography-50.0.0-cp39-abi3-manylinux_2_34_x86_64.whl (4.8 MB)
Train	Install dependencies	2026-08-21T16:36:28.3636892Z    ━━━━━━━━━━━━━━━━━━━━━━━━━━━━━━━━━━━━━━━━ 4.8/4.8 MB 364.2 MB/s  0:00:00
Train	Install dependencies	2026-08-21T16:36:28.3829876Z Downloading cffi-2.1.1-cp310-cp310-manylinux2014_x86_64.manylinux_2_17_x86_64.whl (218 kB)
Train	Install dependencies	2026-08-21T16:36:28.4049295Z Downloading cycler-0.12.1-py3-none-any.whl (8.3 kB)
Train	Install dependencies	2026-08-21T16:36:28.4257905Z Downloading dictdiffer-0.10.0-py3-none-any.whl (16 kB)
Train	Install dependencies	2026-08-21T16:36:28.4467306Z Downloading diskcache-5.6.3-py3-none-any.whl (45 kB)
Train	Install dependencies	2026-08-21T16:36:28.4680367Z Downloading distro-1.9.0-py3-none-any.whl (20 kB)
Train	Install dependencies	2026-08-21T16:36:28.4887210Z Downloading dvc_http-2.32.0-py3-none-any.whl (12 kB)
Train	Install dependencies	2026-08-21T16:36:28.5098387Z Downloading email_validator-2.3.0-py3-none-any.whl (35 kB)
Train	Install dependencies	2026-08-21T16:36:28.5312036Z Downloading dnspython-2.8.0-py3-none-any.whl (331 kB)
Train	Install dependencies	2026-08-21T16:36:28.5533491Z Downloading exceptiongroup-1.3.1-py3-none-any.whl (16 kB)
Train	Install dependencies	2026-08-21T16:36:28.5743008Z Downloading fastapi_cli-0.0.32-py3-none-any.whl (14 kB)
Train	Install dependencies	2026-08-21T16:36:28.5957207Z Downloading fonttools-4.63.0-cp310-cp310-manylinux2014_x86_64.manylinux_2_17_x86_64.whl (4.9 MB)
Train	Install dependencies	2026-08-21T16:36:28.6110008Z    ━━━━━━━━━━━━━━━━━━━━━━━━━━━━━━━━━━━━━━━━ 4.9/4.9 MB 363.8 MB/s  0:00:00
Train	Install dependencies	2026-08-21T16:36:28.6299700Z Downloading gcsfs-2025.12.0-py3-none-any.whl (41 kB)
Train	Install dependencies	2026-08-21T16:36:28.6512700Z Downloading fsspec-2025.12.0-py3-none-any.whl (201 kB)
Train	Install dependencies	2026-08-21T16:36:28.6735158Z Downloading aiohttp-3.14.3-cp310-cp310-manylinux2014_x86_64.manylinux_2_17_x86_64.manylinux_2_28_x86_64.whl (1.7 MB)
Train	Install dependencies	2026-08-21T16:36:28.6817442Z    ━━━━━━━━━━━━━━━━━━━━━━━━━━━━━━━━━━━━━━━━ 1.7/1.7 MB 256.9 MB/s  0:00:00
Train	Install dependencies	2026-08-21T16:36:28.7007954Z Downloading async_timeout-5.0.1-py3-none-any.whl (6.2 kB)
Train	Install dependencies	2026-08-21T16:36:28.7216613Z Downloading multidict-6.7.1-cp310-cp310-manylinux2014_x86_64.manylinux_2_17_x86_64.manylinux_2_28_x86_64.whl (243 kB)
Train	Install dependencies	2026-08-21T16:36:28.7435330Z Downloading yarl-1.24.5-cp310-cp310-manylinux2014_x86_64.manylinux_2_17_x86_64.manylinux_2_28_x86_64.whl (110 kB)
Train	Install dependencies	2026-08-21T16:36:28.7646814Z Downloading aiohappyeyeballs-2.7.1-py3-none-any.whl (15 kB)
Train	Install dependencies	2026-08-21T16:36:28.7855159Z Downloading aiosignal-1.4.0-py3-none-any.whl (7.5 kB)
Train	Install dependencies	2026-08-21T16:36:28.8064842Z Downloading decorator-5.3.1-py3-none-any.whl (10 kB)
Train	Install dependencies	2026-08-21T16:36:28.8275016Z Downloading frozenlist-1.8.0-cp310-cp310-manylinux1_x86_64.manylinux_2_28_x86_64.manylinux_2_5_x86_64.whl (219 kB)
Train	Install dependencies	2026-08-21T16:36:28.8491584Z Downloading funcy-2.0-py2.py3-none-any.whl (30 kB)
Train	Install dependencies	2026-08-21T16:36:28.8701268Z Downloading google_resumable_media-2.10.1-py3-none-any.whl (81 kB)
Train	Install dependencies	2026-08-21T16:36:28.8915988Z Downloading greenlet-3.5.5-cp310-cp310-manylinux_2_24_x86_64.manylinux_2_28_x86_64.whl (622 kB)
Train	Install dependencies	2026-08-21T16:36:28.8968884Z    ━━━━━━━━━━━━━━━━━━━━━━━━━━━━━━━━━━━━━━━━ 622.8/622.8 kB 122.8 MB/s  0:00:00
Train	Install dependencies	2026-08-21T16:36:28.9159129Z Downloading h11-0.16.0-py3-none-any.whl (37 kB)
Train	Install dependencies	2026-08-21T16:36:28.9371227Z Downloading httpx-0.28.1-py3-none-any.whl (73 kB)
Train	Install dependencies	2026-08-21T16:36:28.9586013Z Downloading httpcore-1.0.9-py3-none-any.whl (78 kB)
Train	Install dependencies	2026-08-21T16:36:28.9811582Z Downloading hydra_core-1.3.5-py3-none-any.whl (155 kB)
Train	Install dependencies	2026-08-21T16:36:29.0025169Z Downloading omegaconf-2.3.1-py3-none-any.whl (79 kB)
Train	Install dependencies	2026-08-21T16:36:29.0241001Z Downloading iterative_telemetry-0.0.10-py3-none-any.whl (10 kB)
Train	Install dependencies	2026-08-21T16:36:29.0450214Z Downloading itsdangerous-2.2.0-py3-none-any.whl (16 kB)
Train	Install dependencies	2026-08-21T16:36:29.0663173Z Downloading kiwisolver-1.5.0-cp310-cp310-manylinux_2_12_x86_64.manylinux2010_x86_64.whl (1.6 MB)
Train	Install dependencies	2026-08-21T16:36:29.0752505Z    ━━━━━━━━━━━━━━━━━━━━━━━━━━━━━━━━━━━━━━━━ 1.6/1.6 MB 210.9 MB/s  0:00:00
Train	Install dependencies	2026-08-21T16:36:29.0944465Z Downloading markupsafe-3.0.3-cp310-cp310-manylinux2014_x86_64.manylinux_2_17_x86_64.manylinux_2_28_x86_64.whl (20 kB)
Train	Install dependencies	2026-08-21T16:36:29.1159461Z Downloading networkx-3.4.2-py3-none-any.whl (1.7 MB)
Train	Install dependencies	2026-08-21T16:36:29.1236052Z    ━━━━━━━━━━━━━━━━━━━━━━━━━━━━━━━━━━━━━━━━ 1.7/1.7 MB 278.6 MB/s  0:00:00
Train	Install dependencies	2026-08-21T16:36:29.1431746Z Downloading orjson-3.12.0-cp310-cp310-manylinux_2_17_x86_64.manylinux2014_x86_64.whl (131 kB)
Train	Install dependencies	2026-08-21T16:36:29.1651469Z Downloading pillow-12.3.0-cp310-cp310-manylinux_2_27_x86_64.manylinux_2_28_x86_64.whl (6.9 MB)
Train	Install dependencies	2026-08-21T16:36:29.1878099Z    ━━━━━━━━━━━━━━━━━━━━━━━━━━━━━━━━━━━━━━━━ 6.9/6.9 MB 334.2 MB/s  0:00:00
Train	Install dependencies	2026-08-21T16:36:29.2074175Z Downloading prompt_toolkit-3.0.53-py3-none-any.whl (392 kB)
Train	Install dependencies	2026-08-21T16:36:29.2297658Z Downloading propcache-0.5.2-cp310-cp310-manylinux2014_x86_64.manylinux_2_17_x86_64.manylinux_2_28_x86_64.whl (60 kB)
Train	Install dependencies	2026-08-21T16:36:29.2528755Z Downloading psutil-7.2.2-cp36-abi3-manylinux2010_x86_64.manylinux_2_12_x86_64.manylinux_2_28_x86_64.whl (155 kB)
Train	Install dependencies	2026-08-21T16:36:29.2743197Z Downloading pyasn1_modules-0.4.2-py3-none-any.whl (181 kB)
Train	Install dependencies	2026-08-21T16:36:29.2960902Z Downloading pyasn1-0.6.4-py3-none-any.whl (84 kB)
Train	Install dependencies	2026-08-21T16:36:29.3172099Z Downloading pydantic_settings-2.15.0-py3-none-any.whl (69 kB)
Train	Install dependencies	2026-08-21T16:36:29.3388173Z Downloading pydot-4.0.1-py3-none-any.whl (37 kB)
Train	Install dependencies	2026-08-21T16:36:29.3766724Z Downloading pygit2-1.18.2-cp310-cp310-manylinux_2_26_x86_64.manylinux_2_28_x86_64.whl (5.5 MB)
Train	Install dependencies	2026-08-21T16:36:29.3999628Z    ━━━━━━━━━━━━━━━━━━━━━━━━━━━━━━━━━━━━━━━━ 5.5/5.5 MB 253.1 MB/s  0:00:00
Train	Install dependencies	2026-08-21T16:36:29.4192132Z Downloading pygtrie-2.5.0-py3-none-any.whl (25 kB)
Train	Install dependencies	2026-08-21T16:36:29.4403399Z Downloading pyparsing-3.3.2-py3-none-any.whl (122 kB)
Train	Install dependencies	2026-08-21T16:36:29.4617809Z Downloading python_dotenv-1.2.3-py3-none-any.whl (22 kB)
Train	Install dependencies	2026-08-21T16:36:29.4829194Z Downloading python_multipart-0.0.32-py3-none-any.whl (30 kB)
Train	Install dependencies	2026-08-21T16:36:29.5043355Z Downloading rich-15.0.0-py3-none-any.whl (310 kB)
Train	Install dependencies	2026-08-21T16:36:29.5288229Z Downloading pygments-2.21.0-py3-none-any.whl (1.3 MB)
Train	Install dependencies	2026-08-21T16:36:29.5364220Z    ━━━━━━━━━━━━━━━━━━━━━━━━━━━━━━━━━━━━━━━━ 1.3/1.3 MB 214.9 MB/s  0:00:00
Train	Install dependencies	2026-08-21T16:36:29.5554416Z Downloading markdown_it_py-4.2.0-py3-none-any.whl (91 kB)
Train	Install dependencies	2026-08-21T16:36:29.5767500Z Downloading mdurl-0.1.2-py3-none-any.whl (10.0 kB)
Train	Install dependencies	2026-08-21T16:36:29.5975826Z Downloading rich_toolkit-0.20.3-py3-none-any.whl (36 kB)
Train	Install dependencies	2026-08-21T16:36:29.6186778Z Downloading ruamel_yaml-0.19.1-py3-none-any.whl (118 kB)
Train	Install dependencies	2026-08-21T16:36:29.6397566Z Downloading semver-3.0.4-py3-none-any.whl (17 kB)
Train	Install dependencies	2026-08-21T16:36:29.6609483Z Downloading shortuuid-1.0.13-py3-none-any.whl (10 kB)
Train	Install dependencies	2026-08-21T16:36:29.6828337Z Downloading six-1.17.0-py2.py3-none-any.whl (11 kB)
Train	Install dependencies	2026-08-21T16:36:29.7039587Z Downloading tabulate-0.10.0-py3-none-any.whl (39 kB)
Train	Install dependencies	2026-08-21T16:36:29.7247798Z Downloading threadpoolctl-3.6.0-py3-none-any.whl (18 kB)
Train	Install dependencies	2026-08-21T16:36:29.7456546Z Downloading tomli-2.4.1-py3-none-any.whl (14 kB)
Train	Install dependencies	2026-08-21T16:36:29.7668289Z Downloading tomlkit-0.15.1-py3-none-any.whl (49 kB)
Train	Install dependencies	2026-08-21T16:36:29.7881579Z Downloading typer-0.27.1-py3-none-any.whl (122 kB)
Train	Install dependencies	2026-08-21T16:36:29.8097059Z Downloading annotated_doc-0.0.5-py3-none-any.whl (5.3 kB)
Train	Install dependencies	2026-08-21T16:36:29.8306348Z Downloading shellingham-1.5.4-py2.py3-none-any.whl (9.8 kB)
Train	Install dependencies	2026-08-21T16:36:29.8520194Z Downloading typing_inspection-0.4.4-py3-none-any.whl (14 kB)
Train	Install dependencies	2026-08-21T16:36:29.8730664Z Downloading tzdata-2026.3-py2.py3-none-any.whl (348 kB)
Train	Install dependencies	2026-08-21T16:36:29.8950024Z Downloading ujson-5.13.0-cp310-cp310-manylinux_2_24_x86_64.manylinux_2_28_x86_64.whl (57 kB)
Train	Install dependencies	2026-08-21T16:36:29.9166513Z Downloading httptools-0.8.0-cp310-cp310-manylinux1_x86_64.manylinux_2_28_x86_64.manylinux_2_5_x86_64.whl (450 kB)
Train	Install dependencies	2026-08-21T16:36:29.9389726Z Downloading uvloop-0.22.1-cp310-cp310-manylinux2014_x86_64.manylinux_2_17_x86_64.manylinux_2_28_x86_64.whl (3.7 MB)
Train	Install dependencies	2026-08-21T16:36:29.9551322Z    ━━━━━━━━━━━━━━━━━━━━━━━━━━━━━━━━━━━━━━━━ 3.7/3.7 MB 256.4 MB/s  0:00:00
Train	Install dependencies	2026-08-21T16:36:29.9765374Z Downloading voluptuous-0.16.0-py3-none-any.whl (31 kB)
Train	Install dependencies	2026-08-21T16:36:29.9982693Z Downloading watchfiles-1.2.0-cp310-cp310-manylinux_2_17_x86_64.manylinux2014_x86_64.whl (457 kB)
Train	Install dependencies	2026-08-21T16:36:30.0211086Z Downloading wcwidth-0.8.2-py3-none-any.whl (323 kB)
Train	Install dependencies	2026-08-21T16:36:30.0443532Z Downloading websockets-16.1.1-cp310-cp310-manylinux1_x86_64.manylinux_2_28_x86_64.manylinux_2_5_x86_64.whl (186 kB)
Train	Install dependencies	2026-08-21T16:36:30.0664227Z Downloading werkzeug-3.1.8-py3-none-any.whl (226 kB)
Train	Install dependencies	2026-08-21T16:36:30.0890028Z Downloading zc_lockfile-4.0-py3-none-any.whl (9.1 kB)
Train	Install dependencies	2026-08-21T16:36:30.1107183Z Downloading zipp-4.1.0-py3-none-any.whl (10 kB)
Train	Install dependencies	2026-08-21T16:36:30.1323172Z Downloading appdirs-1.4.4-py2.py3-none-any.whl (9.6 kB)
Train	Install dependencies	2026-08-21T16:36:30.1537053Z Downloading filelock-3.32.3-py3-none-any.whl (98 kB)
Train	Install dependencies	2026-08-21T16:36:30.1754155Z Downloading google_auth_oauthlib-1.4.0-py3-none-any.whl (19 kB)
Train	Install dependencies	2026-08-21T16:36:30.1974147Z Downloading requests_oauthlib-2.0.0-py2.py3-none-any.whl (24 kB)
Train	Install dependencies	2026-08-21T16:36:30.2185424Z Downloading oauthlib-3.3.1-py3-none-any.whl (160 kB)
Train	Install dependencies	2026-08-21T16:36:30.2399136Z Downloading google_cloud_storage_control-1.12.0-py3-none-any.whl (102 kB)
Train	Install dependencies	2026-08-21T16:36:30.2613587Z Downloading grpc_google_iam_v1-0.14.4-py3-none-any.whl (32 kB)
Train	Install dependencies	2026-08-21T16:36:30.2830104Z Downloading grpcio-1.83.0-cp310-cp310-manylinux2014_x86_64.manylinux_2_17_x86_64.whl (7.1 MB)
Train	Install dependencies	2026-08-21T16:36:30.3143118Z    ━━━━━━━━━━━━━━━━━━━━━━━━━━━━━━━━━━━━━━━━ 7.1/7.1 MB 238.2 MB/s  0:00:00
Train	Install dependencies	2026-08-21T16:36:30.3344853Z Downloading grpcio_status-1.62.3-py3-none-any.whl (14 kB)
Train	Install dependencies	2026-08-21T16:36:30.3557459Z Downloading iniconfig-2.3.0-py3-none-any.whl (7.5 kB)
Train	Install dependencies	2026-08-21T16:36:30.3776219Z Downloading mako-1.4.1-py3-none-any.whl (80 kB)
Train	Install dependencies	2026-08-21T16:36:30.4000474Z Downloading pycparser-3.0-py3-none-any.whl (48 kB)
Train	Install dependencies	2026-08-21T16:36:30.4215045Z Downloading tzlocal-5.4.4-py3-none-any.whl (18 kB)
Train	Install dependencies	2026-08-21T16:36:31.3288277Z Building wheels for collected packages: antlr4-python3-runtime
Train	Install dependencies	2026-08-21T16:36:31.3298269Z   Building wheel for antlr4-python3-runtime (pyproject.toml): started
Train	Install dependencies	2026-08-21T16:36:31.5787902Z   Building wheel for antlr4-python3-runtime (pyproject.toml): finished with status 'done'
Train	Install dependencies	2026-08-21T16:36:31.5794183Z   Created wheel for antlr4-python3-runtime: filename=antlr4_python3_runtime-4.9.3-py3-none-any.whl size=144590 sha256=c3ce4a5c458c220a43f0845f19a6398bb64713f85a68f8758bcb143499dd81fc
Train	Install dependencies	2026-08-21T16:36:31.5795939Z   Stored in directory: /home/runner/.cache/pip/wheels/12/93/dd/1f6a127edc45659556564c5730f6d4e300888f4bca2d4c5a88
Train	Install dependencies	2026-08-21T16:36:31.5813324Z Successfully built antlr4-python3-runtime
Train	Install dependencies	2026-08-21T16:36:32.0181684Z Installing collected packages: pytz, pygtrie, funcy, appdirs, antlr4-python3-runtime, zipp, zc.lockfile, websockets, wcwidth, voluptuous, vine, uvloop, urllib3, ujson, tzlocal, tzdata, typing-extensions, tqdm, tomlkit, tomli, threadpoolctl, tabulate, sqlparse, smmap, six, shtab, shortuuid, shellingham, semver, ruamel.yaml, pyyaml, python-multipart, python-dotenv, pyparsing, pygments, pycparser, pyasn1, psutil, protobuf, propcache, pluggy, platformdirs, pillow, pathspec, packaging, orjson, oauthlib, numpy, networkx, mdurl, markupsafe, markdown, kiwisolver, joblib, itsdangerous, iniconfig, idna, httptools, h11, greenlet, graphql-core, google-crc32c, fsspec, frozenlist, fonttools, flatten-dict, filelock, entrypoints, dvc-render, dpath, dnspython, distro, diskcache, dictdiffer, decorator, cycler, configobj, colorama, cloudpickle, click, charset_normalizer, certifi, cachetools, blinker, billiard, attrs, atpublic, async-timeout, annotated-types, annotated-doc, aiohappyeyeballs, werkzeug, uvicorn, typing-inspection, sqltrie, sqlalchemy, scipy, requests, querystring-parser, python-dateutil, pydot, pydantic-core, pyasn1-modules, pyarrow, proto-plus, prompt-toolkit, opentelemetry-api, omegaconf, multidict, markdown-it-py, Mako, Jinja2, importlib-metadata, httpcore, gunicorn, grpcio, graphql-relay, grandalf, googleapis-common-protos, google-resumable-media, gitdb, flufl.lock, exceptiongroup, email_validator, dvc-objects, dulwich, contourpy, click-plugins, click-didyoumean, cffi, amqp, aiosignal, yarl, scikit-learn, rich, requests-oauthlib, pytest, pygit2, pydantic, pandas, opentelemetry-semantic-conventions, matplotlib, kombu, iterative-telemetry, hydra-core, grpcio-status, graphene, gitpython, Flask, dvc-studio-client, dvc-data, docker, cryptography, click-repl, anyio, alembic, watchfiles, typer, starlette, rich-toolkit, pydantic-settings, opentelemetry-sdk, httpx, grpc-google-iam-v1, google-auth, celery, asyncssh, aiohttp, mlflow, google-auth-oauthlib, google-api-core, dvc-task, aiohttp-retry, scmrepo, google-cloud-core, fastapi-cli, dvc-http, gto, google-cloud-storage-control, google-cloud-storage, fastapi, gcsfs, dvc, dvc-gs
Train	Install dependencies	2026-08-21T16:37:00.0836059Z 
Train	Install dependencies	2026-08-21T16:37:00.1042045Z Successfully installed Flask-3.1.3 Jinja2-3.1.6 Mako-1.4.1 aiohappyeyeballs-2.7.1 aiohttp-3.14.3 aiohttp-retry-2.9.1 aiosignal-1.4.0 alembic-1.19.1 amqp-5.3.1 annotated-doc-0.0.5 annotated-types-0.8.0 antlr4-python3-runtime-4.9.3 anyio-4.14.2 appdirs-1.4.4 async-timeout-5.0.1 asyncssh-2.24.0 atpublic-7.0.0 attrs-26.1.0 billiard-4.2.4 blinker-1.9.0 cachetools-5.5.2 celery-5.6.3 certifi-2026.7.22 cffi-2.1.1 charset_normalizer-3.5.1 click-8.4.2 click-didyoumean-0.3.1 click-plugins-1.1.1.2 click-repl-0.3.0 cloudpickle-3.1.2 colorama-0.4.6 configobj-5.0.9 contourpy-1.3.2 cryptography-50.0.0 cycler-0.12.1 decorator-5.3.1 dictdiffer-0.10.0 diskcache-5.6.3 distro-1.9.0 dnspython-2.8.0 docker-7.2.0 dpath-2.2.0 dulwich-1.2.12 dvc-3.50.1 dvc-data-3.15.2 dvc-gs-3.1.0 dvc-http-2.32.0 dvc-objects-5.2.0 dvc-render-1.0.2 dvc-studio-client-0.23.0 dvc-task-0.40.2 email_validator-2.3.0 entrypoints-0.4 exceptiongroup-1.3.1 fastapi-0.111.0 fastapi-cli-0.0.32 filelock-3.32.3 flatten-dict-0.5.0 flufl.lock-7.1.1 fonttools-4.63.0 frozenlist-1.8.0 fsspec-2025.12.0 funcy-2.0 gcsfs-2025.12.0 gitdb-4.0.12 gitpython-3.1.59 google-api-core-2.30.3 google-auth-2.56.3 google-auth-oauthlib-1.4.0 google-cloud-core-2.6.1 google-cloud-storage-2.16.0 google-cloud-storage-control-1.12.0 google-crc32c-1.8.0 google-resumable-media-2.10.1 googleapis-common-protos-1.75.0 grandalf-0.8 graphene-3.4.3 graphql-core-3.2.11 graphql-relay-3.2.0 greenlet-3.5.5 grpc-google-iam-v1-0.14.4 grpcio-1.83.0 grpcio-status-1.62.3 gto-1.10.1 gunicorn-22.0.0 h11-0.16.0 httpcore-1.0.9 httptools-0.8.0 httpx-0.28.1 hydra-core-1.3.5 idna-3.19 importlib-metadata-7.2.1 iniconfig-2.3.0 iterative-telemetry-0.0.10 itsdangerous-2.2.0 joblib-1.4.2 kiwisolver-1.5.0 kombu-5.6.2 markdown-3.10.3 markdown-it-py-4.2.0 markupsafe-3.0.3 matplotlib-3.10.9 mdurl-0.1.2 mlflow-2.13.0 multidict-6.7.1 networkx-3.4.2 numpy-1.26.4 oauthlib-3.3.1 omegaconf-2.3.1 opentelemetry-api-1.44.0 opentelemetry-sdk-1.44.0 opentelemetry-semantic-conventions-0.65b0 orjson-3.12.0 packaging-24.2 pandas-2.2.2 pathspec-0.11.2 pillow-12.3.0 platformdirs-3.11.0 pluggy-1.6.0 prompt-toolkit-3.0.53 propcache-0.5.2 proto-plus-1.28.2 protobuf-4.25.9 psutil-7.2.2 pyarrow-15.0.2 pyasn1-0.6.4 pyasn1-modules-0.4.2 pycparser-3.0 pydantic-2.13.4 pydantic-core-2.46.4 pydantic-settings-2.15.0 pydot-4.0.1 pygit2-1.18.2 pygments-2.21.0 pygtrie-2.5.0 pyparsing-3.3.2 pytest-8.2.0 python-dateutil-2.9.0.post0 python-dotenv-1.2.3 python-multipart-0.0.32 pytz-2024.2 pyyaml-6.0.1 querystring-parser-1.2.4 requests-2.34.2 requests-oauthlib-2.0.0 rich-15.0.0 rich-toolkit-0.20.3 ruamel.yaml-0.19.1 scikit-learn-1.4.2 scipy-1.15.3 scmrepo-3.6.2 semver-3.0.4 shellingham-1.5.4 shortuuid-1.0.13 shtab-1.11.0 six-1.17.0 smmap-5.0.3 sqlalchemy-2.0.52 sqlparse-0.6.0 sqltrie-0.11.2 starlette-0.37.2 tabulate-0.10.0 threadpoolctl-3.6.0 tomli-2.4.1 tomlkit-0.15.1 tqdm-4.70.0 typer-0.27.1 typing-extensions-4.16.0 typing-inspection-0.4.4 tzdata-2026.3 tzlocal-5.4.4 ujson-5.13.0 urllib3-2.7.0 uvicorn-0.29.0 uvloop-0.22.1 vine-5.1.0 voluptuous-0.16.0 watchfiles-1.2.0 wcwidth-0.8.2 websockets-16.1.1 werkzeug-3.1.8 yarl-1.24.5 zc.lockfile-4.0 zipp-4.1.0
Train	Set MLflow remote tracking env (Bonus 1 - DagsHub, tuy chon)	﻿2026-08-21T16:37:00.8489157Z ##[group]Run if [ -n "" ]; then
Train	Set MLflow remote tracking env (Bonus 1 - DagsHub, tuy chon)	2026-08-21T16:37:00.8489756Z ^[[36;1mif [ -n "" ]; then^[[0m
Train	Set MLflow remote tracking env (Bonus 1 - DagsHub, tuy chon)	2026-08-21T16:37:00.8490133Z ^[[36;1m  echo "MLFLOW_TRACKING_URI=" >> $GITHUB_ENV^[[0m
Train	Set MLflow remote tracking env (Bonus 1 - DagsHub, tuy chon)	2026-08-21T16:37:00.8490585Z ^[[36;1m  echo "MLFLOW_TRACKING_USERNAME=" >> $GITHUB_ENV^[[0m
Train	Set MLflow remote tracking env (Bonus 1 - DagsHub, tuy chon)	2026-08-21T16:37:00.8491024Z ^[[36;1m  echo "MLFLOW_TRACKING_PASSWORD=" >> $GITHUB_ENV^[[0m
Train	Set MLflow remote tracking env (Bonus 1 - DagsHub, tuy chon)	2026-08-21T16:37:00.8491475Z ^[[36;1m  echo "Da cau hinh MLflow tracking remote (DagsHub)."^[[0m
Train	Set MLflow remote tracking env (Bonus 1 - DagsHub, tuy chon)	2026-08-21T16:37:00.8491876Z ^[[36;1melse^[[0m
Train	Set MLflow remote tracking env (Bonus 1 - DagsHub, tuy chon)	2026-08-21T16:37:00.8492285Z ^[[36;1m  echo "Chua co secret DagsHub, dung MLflow tracking local mac dinh."^[[0m
Train	Set MLflow remote tracking env (Bonus 1 - DagsHub, tuy chon)	2026-08-21T16:37:00.8492727Z ^[[36;1mfi^[[0m
Train	Set MLflow remote tracking env (Bonus 1 - DagsHub, tuy chon)	2026-08-21T16:37:00.8534806Z shell: /usr/bin/bash -e ***0***
Train	Set MLflow remote tracking env (Bonus 1 - DagsHub, tuy chon)	2026-08-21T16:37:00.8535158Z env:
Train	Set MLflow remote tracking env (Bonus 1 - DagsHub, tuy chon)	2026-08-21T16:37:00.8535523Z   pythonLocation: /opt/hostedtoolcache/Python/3.10.21/x64
Train	Set MLflow remote tracking env (Bonus 1 - DagsHub, tuy chon)	2026-08-21T16:37:00.8536066Z   PKG_CONFIG_PATH: /opt/hostedtoolcache/Python/3.10.21/x64/lib/pkgconfig
Train	Set MLflow remote tracking env (Bonus 1 - DagsHub, tuy chon)	2026-08-21T16:37:00.8536583Z   Python_ROOT_DIR: /opt/hostedtoolcache/Python/3.10.21/x64
Train	Set MLflow remote tracking env (Bonus 1 - DagsHub, tuy chon)	2026-08-21T16:37:00.8537112Z   Python2_ROOT_DIR: /opt/hostedtoolcache/Python/3.10.21/x64
Train	Set MLflow remote tracking env (Bonus 1 - DagsHub, tuy chon)	2026-08-21T16:37:00.8537573Z   Python3_ROOT_DIR: /opt/hostedtoolcache/Python/3.10.21/x64
Train	Set MLflow remote tracking env (Bonus 1 - DagsHub, tuy chon)	2026-08-21T16:37:00.8538024Z   LD_LIBRARY_PATH: /opt/hostedtoolcache/Python/3.10.21/x64/lib
Train	Set MLflow remote tracking env (Bonus 1 - DagsHub, tuy chon)	2026-08-21T16:37:00.8538420Z ##[endgroup]
Train	Set MLflow remote tracking env (Bonus 1 - DagsHub, tuy chon)	2026-08-21T16:37:00.8603202Z Chua co secret DagsHub, dung MLflow tracking local mac dinh.
Train	Authenticate to Cloud Storage	﻿2026-08-21T16:37:00.8633934Z ##[group]Run echo '***
Train	Authenticate to Cloud Storage	2026-08-21T16:37:00.8634320Z ^[[36;1mecho '***^[[0m
Train	Authenticate to Cloud Storage	2026-08-21T16:37:00.8634873Z ^[[36;1m  ***^[[0m
Train	Authenticate to Cloud Storage	2026-08-21T16:37:00.8635183Z ^[[36;1m  ***^[[0m
Train	Authenticate to Cloud Storage	2026-08-21T16:37:00.8635575Z ^[[36;1m  ***^[[0m
Train	Authenticate to Cloud Storage	2026-08-21T16:37:00.8642633Z ^[[36;1m  ***^[[0m
Train	Authenticate to Cloud Storage	2026-08-21T16:37:00.8643090Z ^[[36;1m  ***^[[0m
Train	Authenticate to Cloud Storage	2026-08-21T16:37:00.8643397Z ^[[36;1m  ***^[[0m
Train	Authenticate to Cloud Storage	2026-08-21T16:37:00.8643784Z ^[[36;1m  ***^[[0m
Train	Authenticate to Cloud Storage	2026-08-21T16:37:00.8644170Z ^[[36;1m  ***^[[0m
Train	Authenticate to Cloud Storage	2026-08-21T16:37:00.8644850Z ^[[36;1m  ***^[[0m
Train	Authenticate to Cloud Storage	2026-08-21T16:37:00.8645484Z ^[[36;1m  ***^[[0m
Train	Authenticate to Cloud Storage	2026-08-21T16:37:00.8645791Z ^[[36;1m  ***^[[0m
Train	Authenticate to Cloud Storage	2026-08-21T16:37:00.8646084Z ^[[36;1m***' > /tmp/sa-key.json^[[0m
Train	Authenticate to Cloud Storage	2026-08-21T16:37:00.8646732Z ^[[36;1mecho "GOOGLE_APPLICATION_CREDENTIALS=/tmp/sa-key.json" >> $GITHUB_ENV^[[0m
Train	Authenticate to Cloud Storage	2026-08-21T16:37:00.8685220Z shell: /usr/bin/bash -e ***0***
Train	Authenticate to Cloud Storage	2026-08-21T16:37:00.8685573Z env:
Train	Authenticate to Cloud Storage	2026-08-21T16:37:00.8685929Z   pythonLocation: /opt/hostedtoolcache/Python/3.10.21/x64
Train	Authenticate to Cloud Storage	2026-08-21T16:37:00.8746270Z   PKG_CONFIG_PATH: /opt/hostedtoolcache/Python/3.10.21/x64/lib/pkgconfig
Train	Authenticate to Cloud Storage	2026-08-21T16:37:00.8746997Z   Python_ROOT_DIR: /opt/hostedtoolcache/Python/3.10.21/x64
Train	Authenticate to Cloud Storage	2026-08-21T16:37:00.8747493Z   Python2_ROOT_DIR: /opt/hostedtoolcache/Python/3.10.21/x64
Train	Authenticate to Cloud Storage	2026-08-21T16:37:00.8747997Z   Python3_ROOT_DIR: /opt/hostedtoolcache/Python/3.10.21/x64
Train	Authenticate to Cloud Storage	2026-08-21T16:37:00.8748490Z   LD_LIBRARY_PATH: /opt/hostedtoolcache/Python/3.10.21/x64/lib
Train	Authenticate to Cloud Storage	2026-08-21T16:37:00.8748894Z ##[endgroup]
Train	Pull data with DVC	﻿2026-08-21T16:37:00.8846305Z ##[group]Run dvc pull data/train_phase1.csv.dvc data/eval.csv.dvc
Train	Pull data with DVC	2026-08-21T16:37:00.8846857Z ^[[36;1mdvc pull data/train_phase1.csv.dvc data/eval.csv.dvc^[[0m
Train	Pull data with DVC	2026-08-21T16:37:00.8885262Z shell: /usr/bin/bash -e ***0***
Train	Pull data with DVC	2026-08-21T16:37:00.8885610Z env:
Train	Pull data with DVC	2026-08-21T16:37:00.8885963Z   pythonLocation: /opt/hostedtoolcache/Python/3.10.21/x64
Train	Pull data with DVC	2026-08-21T16:37:00.8886540Z   PKG_CONFIG_PATH: /opt/hostedtoolcache/Python/3.10.21/x64/lib/pkgconfig
Train	Pull data with DVC	2026-08-21T16:37:00.8887063Z   Python_ROOT_DIR: /opt/hostedtoolcache/Python/3.10.21/x64
Train	Pull data with DVC	2026-08-21T16:37:00.8887532Z   Python2_ROOT_DIR: /opt/hostedtoolcache/Python/3.10.21/x64
Train	Pull data with DVC	2026-08-21T16:37:00.8887981Z   Python3_ROOT_DIR: /opt/hostedtoolcache/Python/3.10.21/x64
Train	Pull data with DVC	2026-08-21T16:37:00.8888432Z   LD_LIBRARY_PATH: /opt/hostedtoolcache/Python/3.10.21/x64/lib
Train	Pull data with DVC	2026-08-21T16:37:00.8888880Z   GOOGLE_APPLICATION_CREDENTIALS: /tmp/sa-key.json
Train	Pull data with DVC	2026-08-21T16:37:00.8889253Z ##[endgroup]
Train	Pull data with DVC	2026-08-21T16:37:03.8159962Z A       data/train_phase1.csv
Train	Pull data with DVC	2026-08-21T16:37:03.8163050Z A       data/eval.csv
Train	Pull data with DVC	2026-08-21T16:37:03.8176596Z 2 files added and 2 files fetched
Train	Train model	﻿2026-08-21T16:37:04.0335835Z ##[group]Run python src/train.py
Train	Train model	2026-08-21T16:37:04.0336259Z ^[[36;1mpython src/train.py^[[0m
Train	Train model	2026-08-21T16:37:04.0377392Z shell: /usr/bin/bash -e ***0***
Train	Train model	2026-08-21T16:37:04.0377743Z env:
Train	Train model	2026-08-21T16:37:04.0378103Z   pythonLocation: /opt/hostedtoolcache/Python/3.10.21/x64
Train	Train model	2026-08-21T16:37:04.0378633Z   PKG_CONFIG_PATH: /opt/hostedtoolcache/Python/3.10.21/x64/lib/pkgconfig
Train	Train model	2026-08-21T16:37:04.0379145Z   Python_ROOT_DIR: /opt/hostedtoolcache/Python/3.10.21/x64
Train	Train model	2026-08-21T16:37:04.0379604Z   Python2_ROOT_DIR: /opt/hostedtoolcache/Python/3.10.21/x64
Train	Train model	2026-08-21T16:37:04.0380040Z   Python3_ROOT_DIR: /opt/hostedtoolcache/Python/3.10.21/x64
Train	Train model	2026-08-21T16:37:04.0380490Z   LD_LIBRARY_PATH: /opt/hostedtoolcache/Python/3.10.21/x64/lib
Train	Train model	2026-08-21T16:37:04.0380941Z   GOOGLE_APPLICATION_CREDENTIALS: /tmp/sa-key.json
Train	Train model	2026-08-21T16:37:04.0381312Z ##[endgroup]
Train	Train model	2026-08-21T16:37:09.7086293Z Accuracy: 0.6240 | F1: 0.6175
Train	Read metrics	﻿2026-08-21T16:37:10.0145531Z ##[group]Run ACC=$(python -c "import json; d=json.load(open('outputs/metrics.json')); print(d['accuracy'])")
Train	Read metrics	2026-08-21T16:37:10.0146398Z ^[[36;1mACC=$(python -c "import json; d=json.load(open('outputs/metrics.json')); print(d['accuracy'])")^[[0m
Train	Read metrics	2026-08-21T16:37:10.0147007Z ^[[36;1mecho "accuracy=$ACC" >> $GITHUB_OUTPUT^[[0m
Train	Read metrics	2026-08-21T16:37:10.0147410Z ^[[36;1mecho "Accuracy vua doc duoc: $ACC"^[[0m
Train	Read metrics	2026-08-21T16:37:10.0188205Z shell: /usr/bin/bash -e ***0***
Train	Read metrics	2026-08-21T16:37:10.0188563Z env:
Train	Read metrics	2026-08-21T16:37:10.0188914Z   pythonLocation: /opt/hostedtoolcache/Python/3.10.21/x64
Train	Read metrics	2026-08-21T16:37:10.0189445Z   PKG_CONFIG_PATH: /opt/hostedtoolcache/Python/3.10.21/x64/lib/pkgconfig
Train	Read metrics	2026-08-21T16:37:10.0189956Z   Python_ROOT_DIR: /opt/hostedtoolcache/Python/3.10.21/x64
Train	Read metrics	2026-08-21T16:37:10.0190417Z   Python2_ROOT_DIR: /opt/hostedtoolcache/Python/3.10.21/x64
Train	Read metrics	2026-08-21T16:37:10.0190885Z   Python3_ROOT_DIR: /opt/hostedtoolcache/Python/3.10.21/x64
Train	Read metrics	2026-08-21T16:37:10.0191333Z   LD_LIBRARY_PATH: /opt/hostedtoolcache/Python/3.10.21/x64/lib
Train	Read metrics	2026-08-21T16:37:10.0191823Z   GOOGLE_APPLICATION_CREDENTIALS: /tmp/sa-key.json
Train	Read metrics	2026-08-21T16:37:10.0192204Z ##[endgroup]
Train	Read metrics	2026-08-21T16:37:10.0468726Z Accuracy vua doc duoc: 0.624
Train	Compare with previous deployed model (Bonus 4 - rollback an toan)	﻿2026-08-21T16:37:10.0523138Z ##[group]Run python - <<'EOF'
Train	Compare with previous deployed model (Bonus 4 - rollback an toan)	2026-08-21T16:37:10.0523540Z ^[[36;1mpython - <<'EOF'^[[0m
Train	Compare with previous deployed model (Bonus 4 - rollback an toan)	2026-08-21T16:37:10.0523863Z ^[[36;1mimport json, os^[[0m
Train	Compare with previous deployed model (Bonus 4 - rollback an toan)	2026-08-21T16:37:10.0524202Z ^[[36;1mfrom google.cloud import storage^[[0m
Train	Compare with previous deployed model (Bonus 4 - rollback an toan)	2026-08-21T16:37:10.0524779Z ^[[36;1m^[[0m
Train	Compare with previous deployed model (Bonus 4 - rollback an toan)	2026-08-21T16:37:10.0525082Z ^[[36;1mbucket_name = os.environ["CLOUD_BUCKET"]^[[0m
Train	Compare with previous deployed model (Bonus 4 - rollback an toan)	2026-08-21T16:37:10.0525478Z ^[[36;1mclient = storage.Client()^[[0m
Train	Compare with previous deployed model (Bonus 4 - rollback an toan)	2026-08-21T16:37:10.0525851Z ^[[36;1mbucket = client.bucket(bucket_name)^[[0m
Train	Compare with previous deployed model (Bonus 4 - rollback an toan)	2026-08-21T16:37:10.0526198Z ^[[36;1m^[[0m
Train	Compare with previous deployed model (Bonus 4 - rollback an toan)	2026-08-21T16:37:10.0526570Z ^[[36;1mnew_acc = json.load(open("outputs/metrics.json"))["accuracy"]^[[0m
Train	Compare with previous deployed model (Bonus 4 - rollback an toan)	2026-08-21T16:37:10.0527082Z ^[[36;1mold_blob = bucket.blob("models/latest/metrics.json")^[[0m
Train	Compare with previous deployed model (Bonus 4 - rollback an toan)	2026-08-21T16:37:10.0527505Z ^[[36;1m^[[0m
Train	Compare with previous deployed model (Bonus 4 - rollback an toan)	2026-08-21T16:37:10.0527782Z ^[[36;1mif old_blob.exists():^[[0m
Train	Compare with previous deployed model (Bonus 4 - rollback an toan)	2026-08-21T16:37:10.0528204Z ^[[36;1m    old_metrics = json.loads(old_blob.download_as_text())^[[0m
Train	Compare with previous deployed model (Bonus 4 - rollback an toan)	2026-08-21T16:37:10.0528676Z ^[[36;1m    old_acc = old_metrics.get("accuracy", 0.0)^[[0m
Train	Compare with previous deployed model (Bonus 4 - rollback an toan)	2026-08-21T16:37:10.0529375Z ^[[36;1m    print(f"Model dang chay: accuracy=***old_acc:.4f*** | Model moi vua train: accuracy=***new_acc:.4f***")^[[0m
Train	Compare with previous deployed model (Bonus 4 - rollback an toan)	2026-08-21T16:37:10.0529976Z ^[[36;1m    should_deploy = new_acc >= old_acc^[[0m
Train	Compare with previous deployed model (Bonus 4 - rollback an toan)	2026-08-21T16:37:10.0530347Z ^[[36;1melse:^[[0m
Train	Compare with previous deployed model (Bonus 4 - rollback an toan)	2026-08-21T16:37:10.0530831Z ^[[36;1m    print(f"Chua co model nao tren GCS. Model moi: accuracy=***new_acc:.4f*** -> cho phep deploy.")^[[0m
Train	Compare with previous deployed model (Bonus 4 - rollback an toan)	2026-08-21T16:37:10.0531404Z ^[[36;1m    should_deploy = True^[[0m
Train	Compare with previous deployed model (Bonus 4 - rollback an toan)	2026-08-21T16:37:10.0531733Z ^[[36;1m^[[0m
Train	Compare with previous deployed model (Bonus 4 - rollback an toan)	2026-08-21T16:37:10.0532062Z ^[[36;1mprint(f"should_deploy=***should_deploy***")^[[0m
Train	Compare with previous deployed model (Bonus 4 - rollback an toan)	2026-08-21T16:37:10.0532518Z ^[[36;1mwith open(os.environ["GITHUB_OUTPUT"], "a") as f:^[[0m
Train	Compare with previous deployed model (Bonus 4 - rollback an toan)	2026-08-21T16:37:10.0533040Z ^[[36;1m    f.write(f"should_deploy=***'true' if should_deploy else 'false'***\n")^[[0m
Train	Compare with previous deployed model (Bonus 4 - rollback an toan)	2026-08-21T16:37:10.0533497Z ^[[36;1mEOF^[[0m
Train	Compare with previous deployed model (Bonus 4 - rollback an toan)	2026-08-21T16:37:10.0571930Z shell: /usr/bin/bash -e ***0***
Train	Compare with previous deployed model (Bonus 4 - rollback an toan)	2026-08-21T16:37:10.0572285Z env:
Train	Compare with previous deployed model (Bonus 4 - rollback an toan)	2026-08-21T16:37:10.0572823Z   pythonLocation: /opt/hostedtoolcache/Python/3.10.21/x64
Train	Compare with previous deployed model (Bonus 4 - rollback an toan)	2026-08-21T16:37:10.0573370Z   PKG_CONFIG_PATH: /opt/hostedtoolcache/Python/3.10.21/x64/lib/pkgconfig
Train	Compare with previous deployed model (Bonus 4 - rollback an toan)	2026-08-21T16:37:10.0573892Z   Python_ROOT_DIR: /opt/hostedtoolcache/Python/3.10.21/x64
Train	Compare with previous deployed model (Bonus 4 - rollback an toan)	2026-08-21T16:37:10.0574355Z   Python2_ROOT_DIR: /opt/hostedtoolcache/Python/3.10.21/x64
Train	Compare with previous deployed model (Bonus 4 - rollback an toan)	2026-08-21T16:37:10.0575023Z   Python3_ROOT_DIR: /opt/hostedtoolcache/Python/3.10.21/x64
Train	Compare with previous deployed model (Bonus 4 - rollback an toan)	2026-08-21T16:37:10.0575479Z   LD_LIBRARY_PATH: /opt/hostedtoolcache/Python/3.10.21/x64/lib
Train	Compare with previous deployed model (Bonus 4 - rollback an toan)	2026-08-21T16:37:10.0575931Z   GOOGLE_APPLICATION_CREDENTIALS: /tmp/sa-key.json
Train	Compare with previous deployed model (Bonus 4 - rollback an toan)	2026-08-21T16:37:10.0576345Z   CLOUD_BUCKET: ***
Train	Compare with previous deployed model (Bonus 4 - rollback an toan)	2026-08-21T16:37:10.0576635Z ##[endgroup]
Train	Compare with previous deployed model (Bonus 4 - rollback an toan)	2026-08-21T16:37:10.3307403Z /opt/hostedtoolcache/Python/3.10.21/x64/lib/python3.10/site-packages/google/api_core/_python_version_support.py:273: FutureWarning: You are using a Python version (3.10.21) which Google will stop supporting in new releases of google.api_core once it reaches its end of life (2026-10-04). Please upgrade to the latest Python version, or at least Python 3.11, to continue receiving updates for google.api_core past that date.
Train	Compare with previous deployed model (Bonus 4 - rollback an toan)	2026-08-21T16:37:10.3310147Z   warnings.warn(message, FutureWarning)
Train	Compare with previous deployed model (Bonus 4 - rollback an toan)	2026-08-21T16:37:10.9664738Z Model dang chay: accuracy=0.7460 | Model moi vua train: accuracy=0.6240
Train	Compare with previous deployed model (Bonus 4 - rollback an toan)	2026-08-21T16:37:10.9665311Z should_deploy=False
Train	Save metrics as artifact	﻿2026-08-21T16:37:11.0149375Z Node 20 is being deprecated. This workflow is running with Node 24 by default. If you need to temporarily use Node 20, you can set the ACTIONS_ALLOW_USE_UNSECURE_NODE_VERSION=true environment variable. For more information see: https://github.blog/changelog/2025-09-19-deprecation-of-node-20-on-github-actions-runners/
Train	Save metrics as artifact	2026-08-21T16:37:11.0150719Z ##[group]Run actions/upload-artifact@v4
Train	Save metrics as artifact	2026-08-21T16:37:11.0151068Z with:
Train	Save metrics as artifact	2026-08-21T16:37:11.0151329Z   name: metrics
Train	Save metrics as artifact	2026-08-21T16:37:11.0151621Z   path: outputs/metrics.json
Train	Save metrics as artifact	2026-08-21T16:37:11.0151943Z   if-no-files-found: warn
Train	Save metrics as artifact	2026-08-21T16:37:11.0152254Z   compression-level: 6
Train	Save metrics as artifact	2026-08-21T16:37:11.0152565Z   overwrite: false
Train	Save metrics as artifact	2026-08-21T16:37:11.0152856Z   include-hidden-files: false
Train	Save metrics as artifact	2026-08-21T16:37:11.0153168Z env:
Train	Save metrics as artifact	2026-08-21T16:37:11.0153498Z   pythonLocation: /opt/hostedtoolcache/Python/3.10.21/x64
Train	Save metrics as artifact	2026-08-21T16:37:11.0154008Z   PKG_CONFIG_PATH: /opt/hostedtoolcache/Python/3.10.21/x64/lib/pkgconfig
Train	Save metrics as artifact	2026-08-21T16:37:11.0154689Z   Python_ROOT_DIR: /opt/hostedtoolcache/Python/3.10.21/x64
Train	Save metrics as artifact	2026-08-21T16:37:11.0155193Z   Python2_ROOT_DIR: /opt/hostedtoolcache/Python/3.10.21/x64
Train	Save metrics as artifact	2026-08-21T16:37:11.0155642Z   Python3_ROOT_DIR: /opt/hostedtoolcache/Python/3.10.21/x64
Train	Save metrics as artifact	2026-08-21T16:37:11.0156084Z   LD_LIBRARY_PATH: /opt/hostedtoolcache/Python/3.10.21/x64/lib
Train	Save metrics as artifact	2026-08-21T16:37:11.0156532Z   GOOGLE_APPLICATION_CREDENTIALS: /tmp/sa-key.json
Train	Save metrics as artifact	2026-08-21T16:37:11.0156905Z ##[endgroup]
Train	Save metrics as artifact	2026-08-21T16:37:11.1790000Z (node:2444) [DEP0040] DeprecationWarning: The `punycode` module is deprecated. Please use a userland alternative instead.
Train	Save metrics as artifact	2026-08-21T16:37:11.1790944Z (Use `node --trace-deprecation ...` to show where the warning was created)
Train	Save metrics as artifact	2026-08-21T16:37:11.1838337Z With the provided path, there will be 1 file uploaded
Train	Save metrics as artifact	2026-08-21T16:37:11.1861957Z Artifact name is valid!
Train	Save metrics as artifact	2026-08-21T16:37:11.1862607Z Root directory input is valid!
Train	Save metrics as artifact	2026-08-21T16:37:11.5149158Z Beginning upload of artifact content to blob storage
Train	Save metrics as artifact	2026-08-21T16:37:11.5331758Z (node:2444) [DEP0169] DeprecationWarning: `url.parse()` behavior is not standardized and prone to errors that have security implications. Use the WHATWG URL API instead. CVEs are not issued for `url.parse()` vulnerabilities.
Train	Save metrics as artifact	2026-08-21T16:37:11.7807870Z Uploaded bytes 522
Train	Save metrics as artifact	2026-08-21T16:37:11.8494950Z Finished uploading artifact content to blob storage!
Train	Save metrics as artifact	2026-08-21T16:37:11.8495959Z SHA256 digest of uploaded artifact zip is 55c76d599a6246af1b32078ce15d471af718936a04ec1fd5cb994e5cd952310f
Train	Save metrics as artifact	2026-08-21T16:37:11.8496968Z Finalizing artifact upload
Train	Save metrics as artifact	2026-08-21T16:37:12.0901691Z Artifact metrics.zip successfully finalized. Artifact ID 9454510850
Train	Save metrics as artifact	2026-08-21T16:37:12.0902814Z Artifact metrics has been successfully uploaded! Final size is 522 bytes. Artifact ID is 9454510850
Train	Save metrics as artifact	2026-08-21T16:37:12.0909604Z Artifact download URL: https://github.com/NhtJm/TRACK2-DAY21-2A202601155-TRANNGUYENTHENHAT/actions/runs/32503622549/artifacts/9454510850
Train	Post Run actions/setup-python@v5	﻿2026-08-21T16:37:12.1082531Z Node 20 is being deprecated. This workflow is running with Node 24 by default. If you need to temporarily use Node 20, you can set the ACTIONS_ALLOW_USE_UNSECURE_NODE_VERSION=true environment variable. For more information see: https://github.blog/changelog/2025-09-19-deprecation-of-node-20-on-github-actions-runners/
Train	Post Run actions/setup-python@v5	2026-08-21T16:37:12.1083822Z Post job cleanup.
Train	Post Run actions/setup-python@v5	2026-08-21T16:37:12.2267484Z (node:2456) [DEP0040] DeprecationWarning: The `punycode` module is deprecated. Please use a userland alternative instead.
Train	Post Run actions/setup-python@v5	2026-08-21T16:37:12.2268417Z (Use `node --trace-deprecation ...` to show where the warning was created)
Train	Post Run actions/checkout@v4	﻿2026-08-21T16:37:12.2435725Z Node 20 is being deprecated. This workflow is running with Node 24 by default. If you need to temporarily use Node 20, you can set the ACTIONS_ALLOW_USE_UNSECURE_NODE_VERSION=true environment variable. For more information see: https://github.blog/changelog/2025-09-19-deprecation-of-node-20-on-github-actions-runners/
Train	Post Run actions/checkout@v4	2026-08-21T16:37:12.2436995Z Post job cleanup.
Train	Post Run actions/checkout@v4	2026-08-21T16:37:12.3338470Z [command]/usr/bin/git version
Train	Post Run actions/checkout@v4	2026-08-21T16:37:12.3383890Z git version 2.55.0
Train	Post Run actions/checkout@v4	2026-08-21T16:37:12.3422908Z Temporarily overriding HOME='/home/runner/work/_temp/97303a35-dbab-4abf-8172-34da57069e72' before making global git config changes
Train	Post Run actions/checkout@v4	2026-08-21T16:37:12.3424456Z Adding repository directory to the temporary git global config as a safe directory
Train	Post Run actions/checkout@v4	2026-08-21T16:37:12.3429276Z [command]/usr/bin/git config --global --add safe.directory /home/runner/work/TRACK2-DAY21-2A202601155-TRANNGUYENTHENHAT/TRACK2-DAY21-2A202601155-TRANNGUYENTHENHAT
Train	Post Run actions/checkout@v4	2026-08-21T16:37:12.3471524Z [command]/usr/bin/git config --local --name-only --get-regexp core\.sshCommand
Train	Post Run actions/checkout@v4	2026-08-21T16:37:12.3511209Z [command]/usr/bin/git submodule foreach --recursive sh -c "git config --local --name-only --get-regexp 'core\.sshCommand' && git config --local --unset-all 'core.sshCommand' || :"
Train	Post Run actions/checkout@v4	2026-08-21T16:37:12.3780355Z [command]/usr/bin/git config --local --name-only --get-regexp http\.https\:\/\/github\.com\/\.extraheader
Train	Post Run actions/checkout@v4	2026-08-21T16:37:12.3810803Z http.https://github.com/.extraheader
Train	Post Run actions/checkout@v4	2026-08-21T16:37:12.3822936Z [command]/usr/bin/git config --local --unset-all http.https://github.com/.extraheader
Train	Post Run actions/checkout@v4	2026-08-21T16:37:12.3859049Z [command]/usr/bin/git submodule foreach --recursive sh -c "git config --local --name-only --get-regexp 'http\.https\:\/\/github\.com\/\.extraheader' && git config --local --unset-all 'http.https://github.com/.extraheader' || :"
Train	Post Run actions/checkout@v4	2026-08-21T16:37:12.4185738Z [command]/usr/bin/git config --local --name-only --get-regexp ^includeIf\.gitdir:
Train	Post Run actions/checkout@v4	2026-08-21T16:37:12.4236439Z [command]/usr/bin/git submodule foreach --recursive git config --local --show-origin --name-only --get-regexp remote.origin.url
Train	Complete job	﻿2026-08-21T16:37:12.4742941Z Evaluate and set job outputs
Train	Complete job	2026-08-21T16:37:12.4750567Z Set output 'accuracy'
Train	Complete job	2026-08-21T16:37:12.4752292Z Set output 'should_deploy'
Train	Complete job	2026-08-21T16:37:12.4753389Z Cleaning up orphan processes
Train	Complete job	2026-08-21T16:37:12.5070247Z ##[warning]Node.js 20 is deprecated. The following actions target Node.js 20 but are being forced to run on Node.js 24: actions/checkout@v4, actions/setup-python@v5, actions/upload-artifact@v4. For more information see: https://github.blog/changelog/2025-09-19-deprecation-of-node-20-on-github-actions-runners/
Eval	Set up job	﻿2026-08-21T16:37:18.8144476Z Current runner version: '2.336.0'
Eval	Set up job	2026-08-21T16:37:18.8170956Z ##[group]Runner Image Provisioner
Eval	Set up job	2026-08-21T16:37:18.8172023Z Hosted Compute Agent
Eval	Set up job	2026-08-21T16:37:18.8172738Z Version: 20260729.566
Eval	Set up job	2026-08-21T16:37:18.8173424Z Commit: cf7153fe6e25b664e8693c24944bf2b00355d109
Eval	Set up job	2026-08-21T16:37:18.8174195Z Build Date: 2026-07-29T19:17:02Z
Eval	Set up job	2026-08-21T16:37:18.8174984Z Worker ID: {fd762b94-5d5f-4564-9d26-3e1596e5cd8c}
Eval	Set up job	2026-08-21T16:37:18.8175790Z Azure Region: westcentralus
Eval	Set up job	2026-08-21T16:37:18.8176492Z ##[endgroup]
Eval	Set up job	2026-08-21T16:37:18.8177917Z ##[group]Operating System
Eval	Set up job	2026-08-21T16:37:18.8178574Z Ubuntu
Eval	Set up job	2026-08-21T16:37:18.8179397Z 24.04.4
Eval	Set up job	2026-08-21T16:37:18.8179937Z LTS
Eval	Set up job	2026-08-21T16:37:18.8180496Z ##[endgroup]
Eval	Set up job	2026-08-21T16:37:18.8181145Z ##[group]Runner Image
Eval	Set up job	2026-08-21T16:37:18.8181776Z Image: ubuntu-24.04
Eval	Set up job	2026-08-21T16:37:18.8182465Z Version: 20260816.277.1
Eval	Set up job	2026-08-21T16:37:18.8183574Z Included Software: https://github.com/actions/runner-images/blob/ubuntu24/20260816.277/images/ubuntu/Ubuntu2404-Readme.md
Eval	Set up job	2026-08-21T16:37:18.8185433Z Image Release: https://github.com/actions/runner-images/releases/tag/ubuntu24%2F20260816.277
Eval	Set up job	2026-08-21T16:37:18.8186425Z ##[endgroup]
Eval	Set up job	2026-08-21T16:37:18.8187709Z ##[group]GITHUB_TOKEN Permissions
Eval	Set up job	2026-08-21T16:37:18.8190215Z Contents: read
Eval	Set up job	2026-08-21T16:37:18.8190945Z Metadata: read
Eval	Set up job	2026-08-21T16:37:18.8191545Z Packages: read
Eval	Set up job	2026-08-21T16:37:18.8192112Z ##[endgroup]
Eval	Set up job	2026-08-21T16:37:18.8194419Z Secret source: Actions
Eval	Set up job	2026-08-21T16:37:18.8195673Z Prepare workflow directory
Eval	Set up job	2026-08-21T16:37:18.8583943Z Prepare all required actions
Eval	Set up job	2026-08-21T16:37:18.8686269Z Complete job name: Eval
Eval	Check eval gate	﻿2026-08-21T16:37:18.9640516Z ##[group]Run python - <<'EOF'
Eval	Check eval gate	2026-08-21T16:37:18.9641933Z ^[[36;1mpython - <<'EOF'^[[0m
Eval	Check eval gate	2026-08-21T16:37:18.9642822Z ^[[36;1macc = float("0.624")^[[0m
Eval	Check eval gate	2026-08-21T16:37:18.9643798Z ^[[36;1mthreshold = float("0.50")^[[0m
Eval	Check eval gate	2026-08-21T16:37:18.9644986Z ^[[36;1mshould_deploy = "false" == "true"^[[0m
Eval	Check eval gate	2026-08-21T16:37:18.9645946Z ^[[36;1m^[[0m
Eval	Check eval gate	2026-08-21T16:37:18.9646815Z ^[[36;1mif acc < threshold:^[[0m
Eval	Check eval gate	2026-08-21T16:37:18.9648263Z ^[[36;1m    raise SystemExit(f"FAILED: accuracy {acc:.4f} < {threshold:.4f}. Huy deploy.")^[[0m
Eval	Check eval gate	2026-08-21T16:37:18.9649947Z ^[[36;1mif not should_deploy:^[[0m
Eval	Check eval gate	2026-08-21T16:37:18.9650934Z ^[[36;1m    raise SystemExit(^[[0m
Eval	Check eval gate	2026-08-21T16:37:18.9652272Z ^[[36;1m        f"BLOCKED: accuracy {acc:.4f} >= nguong {threshold:.4f} nhung khong tot hon "^[[0m
Eval	Check eval gate	2026-08-21T16:37:18.9653856Z ^[[36;1m        "model dang chay (Bonus 4 rollback safety). Huy deploy."^[[0m
Eval	Check eval gate	2026-08-21T16:37:18.9655039Z ^[[36;1m    )^[[0m
Eval	Check eval gate	2026-08-21T16:37:18.9656402Z ^[[36;1mprint(f"PASSED: accuracy {acc:.4f} >= {threshold:.4f} va tot hon model cu. Dang trien khai model.")^[[0m
Eval	Check eval gate	2026-08-21T16:37:18.9658122Z ^[[36;1mEOF^[[0m
Eval	Check eval gate	2026-08-21T16:37:19.0265028Z shell: /usr/bin/bash -e {0}
Eval	Check eval gate	2026-08-21T16:37:19.0266578Z ##[endgroup]
Eval	Check eval gate	2026-08-21T16:37:19.0662765Z BLOCKED: accuracy 0.6240 >= nguong 0.5000 nhung khong tot hon model dang chay (Bonus 4 rollback safety). Huy deploy.
Eval	Check eval gate	2026-08-21T16:37:19.0715914Z ##[error]Process completed with exit code 1.
Eval	Complete job	﻿2026-08-21T16:37:19.0882318Z Cleaning up orphan processes
