Unit Test	Set up job	﻿2026-08-21T17:03:33.0798985Z Current runner version: '2.336.0'
Unit Test	Set up job	2026-08-21T17:03:33.0833224Z ##[group]Runner Image Provisioner
Unit Test	Set up job	2026-08-21T17:03:33.0834786Z Hosted Compute Agent
Unit Test	Set up job	2026-08-21T17:03:33.0835725Z Version: 20260729.566
Unit Test	Set up job	2026-08-21T17:03:33.0837096Z Commit: cf7153fe6e25b664e8693c24944bf2b00355d109
Unit Test	Set up job	2026-08-21T17:03:33.0838323Z Build Date: 2026-07-29T19:17:02Z
Unit Test	Set up job	2026-08-21T17:03:33.0839398Z Worker ID: {c0bf6787-28a7-4fe8-af0b-0dd2fb039860}
Unit Test	Set up job	2026-08-21T17:03:33.0840817Z Azure Region: eastus2
Unit Test	Set up job	2026-08-21T17:03:33.0841827Z ##[endgroup]
Unit Test	Set up job	2026-08-21T17:03:33.0844790Z ##[group]Operating System
Unit Test	Set up job	2026-08-21T17:03:33.0846023Z Ubuntu
Unit Test	Set up job	2026-08-21T17:03:33.0847116Z 24.04.4
Unit Test	Set up job	2026-08-21T17:03:33.0848135Z LTS
Unit Test	Set up job	2026-08-21T17:03:33.0849010Z ##[endgroup]
Unit Test	Set up job	2026-08-21T17:03:33.0849869Z ##[group]Runner Image
Unit Test	Set up job	2026-08-21T17:03:33.0851028Z Image: ubuntu-24.04
Unit Test	Set up job	2026-08-21T17:03:33.0851939Z Version: 20260816.277.1
Unit Test	Set up job	2026-08-21T17:03:33.0853887Z Included Software: https://github.com/actions/runner-images/blob/ubuntu24/20260816.277/images/ubuntu/Ubuntu2404-Readme.md
Unit Test	Set up job	2026-08-21T17:03:33.0856705Z Image Release: https://github.com/actions/runner-images/releases/tag/ubuntu24%2F20260816.277
Unit Test	Set up job	2026-08-21T17:03:33.0859311Z ##[endgroup]
Unit Test	Set up job	2026-08-21T17:03:33.0861230Z ##[group]GITHUB_TOKEN Permissions
Unit Test	Set up job	2026-08-21T17:03:33.0864294Z Contents: read
Unit Test	Set up job	2026-08-21T17:03:33.0865231Z Metadata: read
Unit Test	Set up job	2026-08-21T17:03:33.0866276Z Packages: read
Unit Test	Set up job	2026-08-21T17:03:33.0867427Z ##[endgroup]
Unit Test	Set up job	2026-08-21T17:03:33.0870342Z Secret source: Actions
Unit Test	Set up job	2026-08-21T17:03:33.0872376Z Prepare workflow directory
Unit Test	Set up job	2026-08-21T17:03:33.1321500Z Prepare all required actions
Unit Test	Set up job	2026-08-21T17:03:33.1388178Z Getting action download info
Unit Test	Set up job	2026-08-21T17:03:33.3150254Z Download action repository 'actions/checkout@v4' (SHA:11d5960a326750d5838078e36cf38b85af677262)
Unit Test	Set up job	2026-08-21T17:03:33.4319425Z Download action repository 'actions/setup-python@v5' (SHA:a26af69be951a213d495a4c3e4e4022e16d87065)
Unit Test	Set up job	2026-08-21T17:03:33.6187168Z Complete job name: Unit Test
Unit Test	Run actions/checkout@v4	﻿2026-08-21T17:03:33.6918253Z Node 20 is being deprecated. This workflow is running with Node 24 by default. If you need to temporarily use Node 20, you can set the ACTIONS_ALLOW_USE_UNSECURE_NODE_VERSION=true environment variable. For more information see: https://github.blog/changelog/2025-09-19-deprecation-of-node-20-on-github-actions-runners/
Unit Test	Run actions/checkout@v4	2026-08-21T17:03:33.6927285Z ##[group]Run actions/checkout@v4
Unit Test	Run actions/checkout@v4	2026-08-21T17:03:33.6928033Z with:
Unit Test	Run actions/checkout@v4	2026-08-21T17:03:33.6928632Z   repository: NhtJm/TRACK2-DAY21-2A202601155-TRANNGUYENTHENHAT
Unit Test	Run actions/checkout@v4	2026-08-21T17:03:33.6932743Z   token: ***
Unit Test	Run actions/checkout@v4	2026-08-21T17:03:33.6933207Z   ssh-strict: true
Unit Test	Run actions/checkout@v4	2026-08-21T17:03:33.6933662Z   ssh-user: git
Unit Test	Run actions/checkout@v4	2026-08-21T17:03:33.6934127Z   persist-credentials: true
Unit Test	Run actions/checkout@v4	2026-08-21T17:03:33.6934631Z   clean: true
Unit Test	Run actions/checkout@v4	2026-08-21T17:03:33.6935105Z   sparse-checkout-cone-mode: true
Unit Test	Run actions/checkout@v4	2026-08-21T17:03:33.6935642Z   fetch-depth: 1
Unit Test	Run actions/checkout@v4	2026-08-21T17:03:33.6936084Z   fetch-tags: false
Unit Test	Run actions/checkout@v4	2026-08-21T17:03:33.6936548Z   show-progress: true
Unit Test	Run actions/checkout@v4	2026-08-21T17:03:33.6937212Z   lfs: false
Unit Test	Run actions/checkout@v4	2026-08-21T17:03:33.6937663Z   submodules: false
Unit Test	Run actions/checkout@v4	2026-08-21T17:03:33.6938176Z   set-safe-directory: true
Unit Test	Run actions/checkout@v4	2026-08-21T17:03:33.6938710Z   allow-unsafe-pr-checkout: false
Unit Test	Run actions/checkout@v4	2026-08-21T17:03:33.6939416Z ##[endgroup]
Unit Test	Run actions/checkout@v4	2026-08-21T17:03:33.7974993Z Syncing repository: NhtJm/TRACK2-DAY21-2A202601155-TRANNGUYENTHENHAT
Unit Test	Run actions/checkout@v4	2026-08-21T17:03:33.7977877Z ##[group]Getting Git version info
Unit Test	Run actions/checkout@v4	2026-08-21T17:03:33.7979073Z Working directory is '/home/runner/work/TRACK2-DAY21-2A202601155-TRANNGUYENTHENHAT/TRACK2-DAY21-2A202601155-TRANNGUYENTHENHAT'
Unit Test	Run actions/checkout@v4	2026-08-21T17:03:33.7980824Z [command]/usr/bin/git version
Unit Test	Run actions/checkout@v4	2026-08-21T17:03:33.8030403Z git version 2.55.0
Unit Test	Run actions/checkout@v4	2026-08-21T17:03:33.8052452Z ##[endgroup]
Unit Test	Run actions/checkout@v4	2026-08-21T17:03:33.8068635Z Temporarily overriding HOME='/home/runner/work/_temp/8ebb7a5a-148f-4a01-b688-4e538fe1b9b7' before making global git config changes
Unit Test	Run actions/checkout@v4	2026-08-21T17:03:33.8071457Z Adding repository directory to the temporary git global config as a safe directory
Unit Test	Run actions/checkout@v4	2026-08-21T17:03:33.8075115Z [command]/usr/bin/git config --global --add safe.directory /home/runner/work/TRACK2-DAY21-2A202601155-TRANNGUYENTHENHAT/TRACK2-DAY21-2A202601155-TRANNGUYENTHENHAT
Unit Test	Run actions/checkout@v4	2026-08-21T17:03:33.8132556Z Deleting the contents of '/home/runner/work/TRACK2-DAY21-2A202601155-TRANNGUYENTHENHAT/TRACK2-DAY21-2A202601155-TRANNGUYENTHENHAT'
Unit Test	Run actions/checkout@v4	2026-08-21T17:03:33.8136807Z ##[group]Initializing the repository
Unit Test	Run actions/checkout@v4	2026-08-21T17:03:33.8143094Z [command]/usr/bin/git init /home/runner/work/TRACK2-DAY21-2A202601155-TRANNGUYENTHENHAT/TRACK2-DAY21-2A202601155-TRANNGUYENTHENHAT
Unit Test	Run actions/checkout@v4	2026-08-21T17:03:33.8240088Z hint: Using 'master' as the name for the initial branch. This default branch name
Unit Test	Run actions/checkout@v4	2026-08-21T17:03:33.8241599Z hint: will change to "main" in Git 3.0. To configure the initial branch name
Unit Test	Run actions/checkout@v4	2026-08-21T17:03:33.8246326Z hint: to use in all of your new repositories, which will suppress this warning,
Unit Test	Run actions/checkout@v4	2026-08-21T17:03:33.8247951Z hint: call:
Unit Test	Run actions/checkout@v4	2026-08-21T17:03:33.8248639Z hint:
Unit Test	Run actions/checkout@v4	2026-08-21T17:03:33.8249537Z hint: 	git config --global init.defaultBranch <name>
Unit Test	Run actions/checkout@v4	2026-08-21T17:03:33.8250563Z hint:
Unit Test	Run actions/checkout@v4	2026-08-21T17:03:33.8251516Z hint: Names commonly chosen instead of 'master' are 'main', 'trunk' and
Unit Test	Run actions/checkout@v4	2026-08-21T17:03:33.8253072Z hint: 'development'. The just-created branch can be renamed via this command:
Unit Test	Run actions/checkout@v4	2026-08-21T17:03:33.8254279Z hint:
Unit Test	Run actions/checkout@v4	2026-08-21T17:03:33.8255060Z hint: 	git branch -m <name>
Unit Test	Run actions/checkout@v4	2026-08-21T17:03:33.8255867Z hint:
Unit Test	Run actions/checkout@v4	2026-08-21T17:03:33.8257069Z hint: Disable this message with "git config set advice.defaultBranchName false"
Unit Test	Run actions/checkout@v4	2026-08-21T17:03:33.8259433Z Initialized empty Git repository in /home/runner/work/TRACK2-DAY21-2A202601155-TRANNGUYENTHENHAT/TRACK2-DAY21-2A202601155-TRANNGUYENTHENHAT/.git/
Unit Test	Run actions/checkout@v4	2026-08-21T17:03:33.8263211Z [command]/usr/bin/git remote add origin https://github.com/NhtJm/TRACK2-DAY21-2A202601155-TRANNGUYENTHENHAT
Unit Test	Run actions/checkout@v4	2026-08-21T17:03:33.8304838Z ##[endgroup]
Unit Test	Run actions/checkout@v4	2026-08-21T17:03:33.8306083Z ##[group]Disabling automatic garbage collection
Unit Test	Run actions/checkout@v4	2026-08-21T17:03:33.8310157Z [command]/usr/bin/git config --local gc.auto 0
Unit Test	Run actions/checkout@v4	2026-08-21T17:03:33.8343134Z ##[endgroup]
Unit Test	Run actions/checkout@v4	2026-08-21T17:03:33.8344304Z ##[group]Setting up auth
Unit Test	Run actions/checkout@v4	2026-08-21T17:03:33.8351100Z [command]/usr/bin/git config --local --name-only --get-regexp core\.sshCommand
Unit Test	Run actions/checkout@v4	2026-08-21T17:03:33.8386572Z [command]/usr/bin/git submodule foreach --recursive sh -c "git config --local --name-only --get-regexp 'core\.sshCommand' && git config --local --unset-all 'core.sshCommand' || :"
Unit Test	Run actions/checkout@v4	2026-08-21T17:03:33.8777538Z [command]/usr/bin/git config --local --name-only --get-regexp http\.https\:\/\/github\.com\/\.extraheader
Unit Test	Run actions/checkout@v4	2026-08-21T17:03:33.8821428Z [command]/usr/bin/git submodule foreach --recursive sh -c "git config --local --name-only --get-regexp 'http\.https\:\/\/github\.com\/\.extraheader' && git config --local --unset-all 'http.https://github.com/.extraheader' || :"
Unit Test	Run actions/checkout@v4	2026-08-21T17:03:33.9085401Z [command]/usr/bin/git config --local --name-only --get-regexp ^includeIf\.gitdir:
Unit Test	Run actions/checkout@v4	2026-08-21T17:03:33.9125228Z [command]/usr/bin/git submodule foreach --recursive git config --local --show-origin --name-only --get-regexp remote.origin.url
Unit Test	Run actions/checkout@v4	2026-08-21T17:03:33.9369300Z [command]/usr/bin/git config --local http.https://github.com/.extraheader AUTHORIZATION: basic ***
Unit Test	Run actions/checkout@v4	2026-08-21T17:03:33.9410259Z ##[endgroup]
Unit Test	Run actions/checkout@v4	2026-08-21T17:03:33.9411121Z ##[group]Fetching the repository
Unit Test	Run actions/checkout@v4	2026-08-21T17:03:33.9419895Z [command]/usr/bin/git -c protocol.version=2 fetch --no-tags --prune --no-recurse-submodules --depth=1 origin +73cce090103380b8e774f2aa10f0b81dae2da195:refs/remotes/origin/main
Unit Test	Run actions/checkout@v4	2026-08-21T17:03:35.0369461Z From https://github.com/NhtJm/TRACK2-DAY21-2A202601155-TRANNGUYENTHENHAT
Unit Test	Run actions/checkout@v4	2026-08-21T17:03:35.0370939Z  * [new ref]         73cce090103380b8e774f2aa10f0b81dae2da195 -> origin/main
Unit Test	Run actions/checkout@v4	2026-08-21T17:03:35.0418609Z ##[endgroup]
Unit Test	Run actions/checkout@v4	2026-08-21T17:03:35.0419493Z ##[group]Determining the checkout info
Unit Test	Run actions/checkout@v4	2026-08-21T17:03:35.0420381Z ##[endgroup]
Unit Test	Run actions/checkout@v4	2026-08-21T17:03:35.0421084Z [command]/usr/bin/git sparse-checkout disable
Unit Test	Run actions/checkout@v4	2026-08-21T17:03:35.0445024Z [command]/usr/bin/git config --local --unset-all extensions.worktreeConfig
Unit Test	Run actions/checkout@v4	2026-08-21T17:03:35.0483020Z ##[group]Checking out the ref
Unit Test	Run actions/checkout@v4	2026-08-21T17:03:35.0488273Z [command]/usr/bin/git checkout --progress --force -B main refs/remotes/origin/main
Unit Test	Run actions/checkout@v4	2026-08-21T17:03:35.1430468Z Switched to a new branch 'main'
Unit Test	Run actions/checkout@v4	2026-08-21T17:03:35.1432924Z branch 'main' set up to track 'origin/main'.
Unit Test	Run actions/checkout@v4	2026-08-21T17:03:35.1440311Z ##[endgroup]
Unit Test	Run actions/checkout@v4	2026-08-21T17:03:35.1488630Z [command]/usr/bin/git log -1 --format=%H
Unit Test	Run actions/checkout@v4	2026-08-21T17:03:35.1518234Z 73cce090103380b8e774f2aa10f0b81dae2da195
Unit Test	Run actions/setup-python@v5	﻿2026-08-21T17:03:35.1891572Z Node 20 is being deprecated. This workflow is running with Node 24 by default. If you need to temporarily use Node 20, you can set the ACTIONS_ALLOW_USE_UNSECURE_NODE_VERSION=true environment variable. For more information see: https://github.blog/changelog/2025-09-19-deprecation-of-node-20-on-github-actions-runners/
Unit Test	Run actions/setup-python@v5	2026-08-21T17:03:35.1896471Z ##[group]Run actions/setup-python@v5
Unit Test	Run actions/setup-python@v5	2026-08-21T17:03:35.1897965Z with:
Unit Test	Run actions/setup-python@v5	2026-08-21T17:03:35.1898920Z   python-version: 3.10
Unit Test	Run actions/setup-python@v5	2026-08-21T17:03:35.1899987Z   check-latest: false
Unit Test	Run actions/setup-python@v5	2026-08-21T17:03:35.1908452Z   token: ***
Unit Test	Run actions/setup-python@v5	2026-08-21T17:03:35.1909453Z   update-environment: true
Unit Test	Run actions/setup-python@v5	2026-08-21T17:03:35.1910581Z   allow-prereleases: false
Unit Test	Run actions/setup-python@v5	2026-08-21T17:03:35.1911705Z   freethreaded: false
Unit Test	Run actions/setup-python@v5	2026-08-21T17:03:35.1912718Z ##[endgroup]
Unit Test	Run actions/setup-python@v5	2026-08-21T17:03:35.3284223Z ##[group]Installed versions
Unit Test	Run actions/setup-python@v5	2026-08-21T17:03:35.3371889Z (node:2185) [DEP0040] DeprecationWarning: The `punycode` module is deprecated. Please use a userland alternative instead.
Unit Test	Run actions/setup-python@v5	2026-08-21T17:03:35.3375035Z (Use `node --trace-deprecation ...` to show where the warning was created)
Unit Test	Run actions/setup-python@v5	2026-08-21T17:03:35.3377664Z Successfully set up CPython (3.10.21)
Unit Test	Run actions/setup-python@v5	2026-08-21T17:03:35.3380238Z ##[endgroup]
Unit Test	Install dependencies	﻿2026-08-21T17:03:35.3625078Z ##[group]Run pip install -r requirements.txt
Unit Test	Install dependencies	2026-08-21T17:03:35.3626568Z ^[[36;1mpip install -r requirements.txt^[[0m
Unit Test	Install dependencies	2026-08-21T17:03:35.3695705Z shell: /usr/bin/bash -e {0}
Unit Test	Install dependencies	2026-08-21T17:03:35.3697385Z env:
Unit Test	Install dependencies	2026-08-21T17:03:35.3698879Z   pythonLocation: /opt/hostedtoolcache/Python/3.10.21/x64
Unit Test	Install dependencies	2026-08-21T17:03:35.3701208Z   PKG_CONFIG_PATH: /opt/hostedtoolcache/Python/3.10.21/x64/lib/pkgconfig
Unit Test	Install dependencies	2026-08-21T17:03:35.3703527Z   Python_ROOT_DIR: /opt/hostedtoolcache/Python/3.10.21/x64
Unit Test	Install dependencies	2026-08-21T17:03:35.3706471Z   Python2_ROOT_DIR: /opt/hostedtoolcache/Python/3.10.21/x64
Unit Test	Install dependencies	2026-08-21T17:03:35.3802689Z   Python3_ROOT_DIR: /opt/hostedtoolcache/Python/3.10.21/x64
Unit Test	Install dependencies	2026-08-21T17:03:35.3805405Z   LD_LIBRARY_PATH: /opt/hostedtoolcache/Python/3.10.21/x64/lib
Unit Test	Install dependencies	2026-08-21T17:03:35.3806788Z ##[endgroup]
Unit Test	Install dependencies	2026-08-21T17:03:36.2755946Z Collecting mlflow==2.13.0 (from -r requirements.txt (line 1))
Unit Test	Install dependencies	2026-08-21T17:03:36.3364128Z   Downloading mlflow-2.13.0-py3-none-any.whl.metadata (29 kB)
Unit Test	Install dependencies	2026-08-21T17:03:36.4495418Z Collecting scikit-learn==1.4.2 (from -r requirements.txt (line 2))
Unit Test	Install dependencies	2026-08-21T17:03:36.4580834Z   Downloading scikit_learn-1.4.2-cp310-cp310-manylinux_2_17_x86_64.manylinux2014_x86_64.whl.metadata (11 kB)
Unit Test	Install dependencies	2026-08-21T17:03:36.5925036Z Collecting pandas==2.2.2 (from -r requirements.txt (line 3))
Unit Test	Install dependencies	2026-08-21T17:03:36.6066647Z   Downloading pandas-2.2.2-cp310-cp310-manylinux_2_17_x86_64.manylinux2014_x86_64.whl.metadata (19 kB)
Unit Test	Install dependencies	2026-08-21T17:03:36.6949809Z Collecting dvc==3.50.1 (from dvc[gs]==3.50.1->-r requirements.txt (line 4))
Unit Test	Install dependencies	2026-08-21T17:03:36.7034742Z   Downloading dvc-3.50.1-py3-none-any.whl.metadata (17 kB)
Unit Test	Install dependencies	2026-08-21T17:03:36.7307984Z Collecting pathspec==0.11.2 (from -r requirements.txt (line 5))
Unit Test	Install dependencies	2026-08-21T17:03:36.7398330Z   Downloading pathspec-0.11.2-py3-none-any.whl.metadata (19 kB)
Unit Test	Install dependencies	2026-08-21T17:03:36.7700482Z Collecting pytest==8.2.0 (from -r requirements.txt (line 6))
Unit Test	Install dependencies	2026-08-21T17:03:36.7774798Z   Downloading pytest-8.2.0-py3-none-any.whl.metadata (7.5 kB)
Unit Test	Install dependencies	2026-08-21T17:03:36.8287770Z Collecting fastapi==0.111.0 (from -r requirements.txt (line 7))
Unit Test	Install dependencies	2026-08-21T17:03:36.8366478Z   Downloading fastapi-0.111.0-py3-none-any.whl.metadata (25 kB)
Unit Test	Install dependencies	2026-08-21T17:03:36.8678150Z Collecting uvicorn==0.29.0 (from -r requirements.txt (line 8))
Unit Test	Install dependencies	2026-08-21T17:03:36.8753767Z   Downloading uvicorn-0.29.0-py3-none-any.whl.metadata (6.3 kB)
Unit Test	Install dependencies	2026-08-21T17:03:36.8984173Z Collecting joblib==1.4.2 (from -r requirements.txt (line 9))
Unit Test	Install dependencies	2026-08-21T17:03:36.9060733Z   Downloading joblib-1.4.2-py3-none-any.whl.metadata (5.4 kB)
Unit Test	Install dependencies	2026-08-21T17:03:36.9313947Z Collecting google-cloud-storage==2.16.0 (from -r requirements.txt (line 10))
Unit Test	Install dependencies	2026-08-21T17:03:36.9392700Z   Downloading google_cloud_storage-2.16.0-py2.py3-none-any.whl.metadata (6.1 kB)
Unit Test	Install dependencies	2026-08-21T17:03:36.9956630Z Collecting pyyaml==6.0.1 (from -r requirements.txt (line 11))
Unit Test	Install dependencies	2026-08-21T17:03:37.0038177Z   Downloading PyYAML-6.0.1-cp310-cp310-manylinux_2_17_x86_64.manylinux2014_x86_64.whl.metadata (2.1 kB)
Unit Test	Install dependencies	2026-08-21T17:03:37.0249425Z Collecting Flask<4 (from mlflow==2.13.0->-r requirements.txt (line 1))
Unit Test	Install dependencies	2026-08-21T17:03:37.0329695Z   Downloading flask-3.1.3-py3-none-any.whl.metadata (3.2 kB)
Unit Test	Install dependencies	2026-08-21T17:03:37.0611867Z Collecting alembic!=1.10.0,<2 (from mlflow==2.13.0->-r requirements.txt (line 1))
Unit Test	Install dependencies	2026-08-21T17:03:37.0685922Z   Downloading alembic-1.19.1-py3-none-any.whl.metadata (7.3 kB)
Unit Test	Install dependencies	2026-08-21T17:03:37.0904672Z Collecting cachetools<6,>=5.0.0 (from mlflow==2.13.0->-r requirements.txt (line 1))
Unit Test	Install dependencies	2026-08-21T17:03:37.0978352Z   Downloading cachetools-5.5.2-py3-none-any.whl.metadata (5.4 kB)
Unit Test	Install dependencies	2026-08-21T17:03:37.1183621Z Collecting click<9,>=7.0 (from mlflow==2.13.0->-r requirements.txt (line 1))
Unit Test	Install dependencies	2026-08-21T17:03:37.1259795Z   Downloading click-8.4.2-py3-none-any.whl.metadata (2.6 kB)
Unit Test	Install dependencies	2026-08-21T17:03:37.1452340Z Collecting cloudpickle<4 (from mlflow==2.13.0->-r requirements.txt (line 1))
Unit Test	Install dependencies	2026-08-21T17:03:37.1532342Z   Downloading cloudpickle-3.1.2-py3-none-any.whl.metadata (7.1 kB)
Unit Test	Install dependencies	2026-08-21T17:03:37.1751599Z Collecting docker<8,>=4.0.0 (from mlflow==2.13.0->-r requirements.txt (line 1))
Unit Test	Install dependencies	2026-08-21T17:03:37.1825880Z   Downloading docker-7.2.0-py3-none-any.whl.metadata (3.8 kB)
Unit Test	Install dependencies	2026-08-21T17:03:37.1980453Z Collecting entrypoints<1 (from mlflow==2.13.0->-r requirements.txt (line 1))
Unit Test	Install dependencies	2026-08-21T17:03:37.2054965Z   Downloading entrypoints-0.4-py3-none-any.whl.metadata (2.6 kB)
Unit Test	Install dependencies	2026-08-21T17:03:37.2325018Z Collecting gitpython<4,>=3.1.9 (from mlflow==2.13.0->-r requirements.txt (line 1))
Unit Test	Install dependencies	2026-08-21T17:03:37.2398738Z   Downloading gitpython-3.1.59-py3-none-any.whl.metadata (13 kB)
Unit Test	Install dependencies	2026-08-21T17:03:37.2636645Z Collecting graphene<4 (from mlflow==2.13.0->-r requirements.txt (line 1))
Unit Test	Install dependencies	2026-08-21T17:03:37.2714861Z   Downloading graphene-3.4.3-py2.py3-none-any.whl.metadata (6.9 kB)
Unit Test	Install dependencies	2026-08-21T17:03:37.3032920Z Collecting importlib-metadata!=4.7.0,<8,>=3.7.0 (from mlflow==2.13.0->-r requirements.txt (line 1))
Unit Test	Install dependencies	2026-08-21T17:03:37.3112149Z   Downloading importlib_metadata-7.2.1-py3-none-any.whl.metadata (4.6 kB)
Unit Test	Install dependencies	2026-08-21T17:03:37.3340137Z Collecting markdown<4,>=3.3 (from mlflow==2.13.0->-r requirements.txt (line 1))
Unit Test	Install dependencies	2026-08-21T17:03:37.3413960Z   Downloading markdown-3.10.3-py3-none-any.whl.metadata (5.1 kB)
Unit Test	Install dependencies	2026-08-21T17:03:37.4948904Z Collecting matplotlib<4 (from mlflow==2.13.0->-r requirements.txt (line 1))
Unit Test	Install dependencies	2026-08-21T17:03:37.5029996Z   Downloading matplotlib-3.10.9-cp310-cp310-manylinux2014_x86_64.manylinux_2_17_x86_64.whl.metadata (52 kB)
Unit Test	Install dependencies	2026-08-21T17:03:37.7505769Z Collecting numpy<2 (from mlflow==2.13.0->-r requirements.txt (line 1))
Unit Test	Install dependencies	2026-08-21T17:03:37.7587895Z   Downloading numpy-1.26.4-cp310-cp310-manylinux_2_17_x86_64.manylinux2014_x86_64.whl.metadata (61 kB)
Unit Test	Install dependencies	2026-08-21T17:03:37.7900653Z Collecting opentelemetry-api<3,>=1.0.0 (from mlflow==2.13.0->-r requirements.txt (line 1))
Unit Test	Install dependencies	2026-08-21T17:03:37.7974632Z   Downloading opentelemetry_api-1.44.0-py3-none-any.whl.metadata (1.4 kB)
Unit Test	Install dependencies	2026-08-21T17:03:37.8222433Z Collecting opentelemetry-sdk<3,>=1.0.0 (from mlflow==2.13.0->-r requirements.txt (line 1))
Unit Test	Install dependencies	2026-08-21T17:03:37.8302311Z   Downloading opentelemetry_sdk-1.44.0-py3-none-any.whl.metadata (1.6 kB)
Unit Test	Install dependencies	2026-08-21T17:03:37.8543178Z Collecting packaging<25 (from mlflow==2.13.0->-r requirements.txt (line 1))
Unit Test	Install dependencies	2026-08-21T17:03:37.8616772Z   Downloading packaging-24.2-py3-none-any.whl.metadata (3.2 kB)
Unit Test	Install dependencies	2026-08-21T17:03:38.0253672Z Collecting protobuf<5,>=3.12.0 (from mlflow==2.13.0->-r requirements.txt (line 1))
Unit Test	Install dependencies	2026-08-21T17:03:38.0332421Z   Downloading protobuf-4.25.9-cp37-abi3-manylinux2014_x86_64.whl.metadata (541 bytes)
Unit Test	Install dependencies	2026-08-21T17:03:38.1263953Z Collecting pyarrow<16,>=4.0.0 (from mlflow==2.13.0->-r requirements.txt (line 1))
Unit Test	Install dependencies	2026-08-21T17:03:38.1342667Z   Downloading pyarrow-15.0.2-cp310-cp310-manylinux_2_28_x86_64.whl.metadata (3.0 kB)
Unit Test	Install dependencies	2026-08-21T17:03:38.1764313Z Collecting pytz<2025 (from mlflow==2.13.0->-r requirements.txt (line 1))
Unit Test	Install dependencies	2026-08-21T17:03:38.1840993Z   Downloading pytz-2024.2-py2.py3-none-any.whl.metadata (22 kB)
Unit Test	Install dependencies	2026-08-21T17:03:38.1990280Z Collecting querystring-parser<2 (from mlflow==2.13.0->-r requirements.txt (line 1))
Unit Test	Install dependencies	2026-08-21T17:03:38.2063372Z   Downloading querystring_parser-1.2.4-py2.py3-none-any.whl.metadata (559 bytes)
Unit Test	Install dependencies	2026-08-21T17:03:38.2331340Z Collecting requests<3,>=2.17.3 (from mlflow==2.13.0->-r requirements.txt (line 1))
Unit Test	Install dependencies	2026-08-21T17:03:38.2408713Z   Downloading requests-2.34.2-py3-none-any.whl.metadata (4.8 kB)
Unit Test	Install dependencies	2026-08-21T17:03:38.4077641Z Collecting scipy<2 (from mlflow==2.13.0->-r requirements.txt (line 1))
Unit Test	Install dependencies	2026-08-21T17:03:38.4156179Z   Downloading scipy-1.15.3-cp310-cp310-manylinux_2_17_x86_64.manylinux2014_x86_64.whl.metadata (61 kB)
Unit Test	Install dependencies	2026-08-21T17:03:38.7187493Z Collecting sqlalchemy<3,>=1.4.0 (from mlflow==2.13.0->-r requirements.txt (line 1))
Unit Test	Install dependencies	2026-08-21T17:03:38.7267855Z   Downloading sqlalchemy-2.0.52-cp310-cp310-manylinux2014_x86_64.manylinux_2_17_x86_64.manylinux_2_28_x86_64.whl.metadata (9.6 kB)
Unit Test	Install dependencies	2026-08-21T17:03:38.7517936Z Collecting sqlparse<1,>=0.4.0 (from mlflow==2.13.0->-r requirements.txt (line 1))
Unit Test	Install dependencies	2026-08-21T17:03:38.7595637Z   Downloading sqlparse-0.6.0-py3-none-any.whl.metadata (6.0 kB)
Unit Test	Install dependencies	2026-08-21T17:03:38.7779458Z Collecting Jinja2<4,>=2.11 (from mlflow==2.13.0->-r requirements.txt (line 1))
Unit Test	Install dependencies	2026-08-21T17:03:38.7856562Z   Downloading jinja2-3.1.6-py3-none-any.whl.metadata (2.9 kB)
Unit Test	Install dependencies	2026-08-21T17:03:38.8091901Z Collecting gunicorn<23 (from mlflow==2.13.0->-r requirements.txt (line 1))
Unit Test	Install dependencies	2026-08-21T17:03:38.8167336Z   Downloading gunicorn-22.0.0-py3-none-any.whl.metadata (4.4 kB)
Unit Test	Install dependencies	2026-08-21T17:03:38.8428098Z Collecting threadpoolctl>=2.0.0 (from scikit-learn==1.4.2->-r requirements.txt (line 2))
Unit Test	Install dependencies	2026-08-21T17:03:38.8515605Z   Downloading threadpoolctl-3.6.0-py3-none-any.whl.metadata (13 kB)
Unit Test	Install dependencies	2026-08-21T17:03:38.8721616Z Collecting python-dateutil>=2.8.2 (from pandas==2.2.2->-r requirements.txt (line 3))
Unit Test	Install dependencies	2026-08-21T17:03:38.8795133Z   Downloading python_dateutil-2.9.0.post0-py2.py3-none-any.whl.metadata (8.4 kB)
Unit Test	Install dependencies	2026-08-21T17:03:38.8996762Z Collecting tzdata>=2022.7 (from pandas==2.2.2->-r requirements.txt (line 3))
Unit Test	Install dependencies	2026-08-21T17:03:38.9073042Z   Downloading tzdata-2026.3-py2.py3-none-any.whl.metadata (1.4 kB)
Unit Test	Install dependencies	2026-08-21T17:03:38.9261050Z Collecting attrs>=22.2.0 (from dvc==3.50.1->dvc[gs]==3.50.1->-r requirements.txt (line 4))
Unit Test	Install dependencies	2026-08-21T17:03:38.9335606Z   Downloading attrs-26.1.0-py3-none-any.whl.metadata (8.8 kB)
Unit Test	Install dependencies	2026-08-21T17:03:38.9670899Z Collecting celery (from dvc==3.50.1->dvc[gs]==3.50.1->-r requirements.txt (line 4))
Unit Test	Install dependencies	2026-08-21T17:03:38.9744465Z   Downloading celery-5.6.3-py3-none-any.whl.metadata (23 kB)
Unit Test	Install dependencies	2026-08-21T17:03:39.0113952Z Collecting colorama>=0.3.9 (from dvc==3.50.1->dvc[gs]==3.50.1->-r requirements.txt (line 4))
Unit Test	Install dependencies	2026-08-21T17:03:39.0189267Z   Downloading colorama-0.4.6-py2.py3-none-any.whl.metadata (17 kB)
Unit Test	Install dependencies	2026-08-21T17:03:39.0645406Z Collecting configobj>=5.0.6 (from dvc==3.50.1->dvc[gs]==3.50.1->-r requirements.txt (line 4))
Unit Test	Install dependencies	2026-08-21T17:03:39.0722952Z   Downloading configobj-5.0.9-py2.py3-none-any.whl.metadata (3.2 kB)
Unit Test	Install dependencies	2026-08-21T17:03:39.0873432Z Collecting distro>=1.3 (from dvc==3.50.1->dvc[gs]==3.50.1->-r requirements.txt (line 4))
Unit Test	Install dependencies	2026-08-21T17:03:39.0948202Z   Downloading distro-1.9.0-py3-none-any.whl.metadata (6.8 kB)
Unit Test	Install dependencies	2026-08-21T17:03:39.1114356Z Collecting dpath<3,>=2.1.0 (from dvc==3.50.1->dvc[gs]==3.50.1->-r requirements.txt (line 4))
Unit Test	Install dependencies	2026-08-21T17:03:39.1191478Z   Downloading dpath-2.2.0-py3-none-any.whl.metadata (15 kB)
Unit Test	Install dependencies	2026-08-21T17:03:39.2750453Z Collecting dulwich (from dvc==3.50.1->dvc[gs]==3.50.1->-r requirements.txt (line 4))
Unit Test	Install dependencies	2026-08-21T17:03:39.2831305Z   Downloading dulwich-1.2.12-cp310-cp310-manylinux_2_28_x86_64.whl.metadata (6.0 kB)
Unit Test	Install dependencies	2026-08-21T17:03:39.3292603Z Collecting dvc-data<3.16,>=3.15 (from dvc==3.50.1->dvc[gs]==3.50.1->-r requirements.txt (line 4))
Unit Test	Install dependencies	2026-08-21T17:03:39.3368376Z   Downloading dvc_data-3.15.2-py3-none-any.whl.metadata (5.0 kB)
Unit Test	Install dependencies	2026-08-21T17:03:39.3532988Z Collecting dvc-http>=2.29.0 (from dvc==3.50.1->dvc[gs]==3.50.1->-r requirements.txt (line 4))
Unit Test	Install dependencies	2026-08-21T17:03:39.3605991Z   Downloading dvc_http-2.32.0-py3-none-any.whl.metadata (1.3 kB)
Unit Test	Install dependencies	2026-08-21T17:03:39.3980057Z Collecting dvc-objects (from dvc==3.50.1->dvc[gs]==3.50.1->-r requirements.txt (line 4))
Unit Test	Install dependencies	2026-08-21T17:03:39.4057125Z   Downloading dvc_objects-5.2.0-py3-none-any.whl.metadata (3.9 kB)
Unit Test	Install dependencies	2026-08-21T17:03:39.4246617Z Collecting dvc-render<2,>=1.0.1 (from dvc==3.50.1->dvc[gs]==3.50.1->-r requirements.txt (line 4))
Unit Test	Install dependencies	2026-08-21T17:03:39.4319939Z   Downloading dvc_render-1.0.2-py3-none-any.whl.metadata (5.4 kB)
Unit Test	Install dependencies	2026-08-21T17:03:39.4506708Z Collecting dvc-studio-client<1,>=0.20 (from dvc==3.50.1->dvc[gs]==3.50.1->-r requirements.txt (line 4))
Unit Test	Install dependencies	2026-08-21T17:03:39.4586081Z   Downloading dvc_studio_client-0.23.0-py3-none-any.whl.metadata (4.4 kB)
Unit Test	Install dependencies	2026-08-21T17:03:39.4760420Z Collecting dvc-task<1,>=0.3.0 (from dvc==3.50.1->dvc[gs]==3.50.1->-r requirements.txt (line 4))
Unit Test	Install dependencies	2026-08-21T17:03:39.4834511Z   Downloading dvc_task-0.40.2-py3-none-any.whl.metadata (10.0 kB)
Unit Test	Install dependencies	2026-08-21T17:03:39.5008294Z Collecting flatten-dict<1,>=0.4.1 (from dvc==3.50.1->dvc[gs]==3.50.1->-r requirements.txt (line 4))
Unit Test	Install dependencies	2026-08-21T17:03:39.5084646Z   Downloading flatten_dict-0.5.0-py3-none-any.whl.metadata (8.9 kB)
Unit Test	Install dependencies	2026-08-21T17:03:39.5248096Z Collecting flufl.lock<8,>=5 (from dvc==3.50.1->dvc[gs]==3.50.1->-r requirements.txt (line 4))
Unit Test	Install dependencies	2026-08-21T17:03:39.5321795Z   Downloading flufl.lock-7.1.1-py3-none-any.whl.metadata (3.3 kB)
Unit Test	Install dependencies	2026-08-21T17:03:39.5569094Z Collecting fsspec (from dvc==3.50.1->dvc[gs]==3.50.1->-r requirements.txt (line 4))
Unit Test	Install dependencies	2026-08-21T17:03:39.5642287Z   Downloading fsspec-2026.7.0-py3-none-any.whl.metadata (10 kB)
Unit Test	Install dependencies	2026-08-21T17:03:39.6087911Z Collecting funcy>=1.14 (from dvc==3.50.1->dvc[gs]==3.50.1->-r requirements.txt (line 4))
Unit Test	Install dependencies	2026-08-21T17:03:39.6162362Z   Downloading funcy-2.0-py2.py3-none-any.whl.metadata (5.9 kB)
Unit Test	Install dependencies	2026-08-21T17:03:39.6312584Z Collecting grandalf<1,>=0.7 (from dvc==3.50.1->dvc[gs]==3.50.1->-r requirements.txt (line 4))
Unit Test	Install dependencies	2026-08-21T17:03:39.6386806Z   Downloading grandalf-0.8-py3-none-any.whl.metadata (1.7 kB)
Unit Test	Install dependencies	2026-08-21T17:03:39.6574499Z Collecting gto<2,>=1.6.0 (from dvc==3.50.1->dvc[gs]==3.50.1->-r requirements.txt (line 4))
Unit Test	Install dependencies	2026-08-21T17:03:39.6648978Z   Downloading gto-1.10.1-py3-none-any.whl.metadata (4.8 kB)
Unit Test	Install dependencies	2026-08-21T17:03:39.6861239Z Collecting hydra-core>=1.1 (from dvc==3.50.1->dvc[gs]==3.50.1->-r requirements.txt (line 4))
Unit Test	Install dependencies	2026-08-21T17:03:39.6938675Z   Downloading hydra_core-1.3.5-py3-none-any.whl.metadata (5.7 kB)
Unit Test	Install dependencies	2026-08-21T17:03:39.7075226Z Collecting iterative-telemetry>=0.0.7 (from dvc==3.50.1->dvc[gs]==3.50.1->-r requirements.txt (line 4))
Unit Test	Install dependencies	2026-08-21T17:03:39.7149057Z   Downloading iterative_telemetry-0.0.10-py3-none-any.whl.metadata (4.1 kB)
Unit Test	Install dependencies	2026-08-21T17:03:39.7474103Z Collecting kombu (from dvc==3.50.1->dvc[gs]==3.50.1->-r requirements.txt (line 4))
Unit Test	Install dependencies	2026-08-21T17:03:39.7547445Z   Downloading kombu-5.6.2-py3-none-any.whl.metadata (3.5 kB)
Unit Test	Install dependencies	2026-08-21T17:03:39.7868803Z Collecting networkx>=2.5 (from dvc==3.50.1->dvc[gs]==3.50.1->-r requirements.txt (line 4))
Unit Test	Install dependencies	2026-08-21T17:03:39.7943126Z   Downloading networkx-3.4.2-py3-none-any.whl.metadata (6.3 kB)
Unit Test	Install dependencies	2026-08-21T17:03:39.8291526Z Collecting omegaconf (from dvc==3.50.1->dvc[gs]==3.50.1->-r requirements.txt (line 4))
Unit Test	Install dependencies	2026-08-21T17:03:39.8367640Z   Downloading omegaconf-2.3.1-py3-none-any.whl.metadata (4.5 kB)
Unit Test	Install dependencies	2026-08-21T17:03:39.8612456Z Collecting platformdirs<4,>=3.1.1 (from dvc==3.50.1->dvc[gs]==3.50.1->-r requirements.txt (line 4))
Unit Test	Install dependencies	2026-08-21T17:03:39.8685980Z   Downloading platformdirs-3.11.0-py3-none-any.whl.metadata (11 kB)
Unit Test	Install dependencies	2026-08-21T17:03:39.9422245Z Collecting psutil>=5.8 (from dvc==3.50.1->dvc[gs]==3.50.1->-r requirements.txt (line 4))
Unit Test	Install dependencies	2026-08-21T17:03:39.9499316Z   Downloading psutil-7.2.2-cp36-abi3-manylinux2010_x86_64.manylinux_2_12_x86_64.manylinux_2_28_x86_64.whl.metadata (22 kB)
Unit Test	Install dependencies	2026-08-21T17:03:39.9688903Z Collecting pydot>=1.2.4 (from dvc==3.50.1->dvc[gs]==3.50.1->-r requirements.txt (line 4))
Unit Test	Install dependencies	2026-08-21T17:03:39.9785167Z   Downloading pydot-4.0.1-py3-none-any.whl.metadata (11 kB)
Unit Test	Install dependencies	2026-08-21T17:03:39.9937465Z Collecting pygtrie>=2.3.2 (from dvc==3.50.1->dvc[gs]==3.50.1->-r requirements.txt (line 4))
Unit Test	Install dependencies	2026-08-21T17:03:40.0011741Z   Downloading pygtrie-2.5.0-py3-none-any.whl.metadata (7.5 kB)
Unit Test	Install dependencies	2026-08-21T17:03:40.0686623Z Collecting pyparsing>=2.4.7 (from dvc==3.50.1->dvc[gs]==3.50.1->-r requirements.txt (line 4))
Unit Test	Install dependencies	2026-08-21T17:03:40.0770320Z   Downloading pyparsing-3.3.2-py3-none-any.whl.metadata (5.8 kB)
Unit Test	Install dependencies	2026-08-21T17:03:40.1166101Z Collecting rich>=12 (from dvc==3.50.1->dvc[gs]==3.50.1->-r requirements.txt (line 4))
Unit Test	Install dependencies	2026-08-21T17:03:40.1242360Z   Downloading rich-15.0.0-py3-none-any.whl.metadata (18 kB)
Unit Test	Install dependencies	2026-08-21T17:03:40.2529188Z Collecting ruamel.yaml>=0.17.11 (from dvc==3.50.1->dvc[gs]==3.50.1->-r requirements.txt (line 4))
Unit Test	Install dependencies	2026-08-21T17:03:40.2606555Z   Downloading ruamel_yaml-0.19.1-py3-none-any.whl.metadata (16 kB)
Unit Test	Install dependencies	2026-08-21T17:03:40.2854096Z Collecting scmrepo<4,>=3.3.2 (from dvc==3.50.1->dvc[gs]==3.50.1->-r requirements.txt (line 4))
Unit Test	Install dependencies	2026-08-21T17:03:40.2929104Z   Downloading scmrepo-3.6.2-py3-none-any.whl.metadata (4.8 kB)
Unit Test	Install dependencies	2026-08-21T17:03:40.3105476Z Collecting shortuuid>=0.5 (from dvc==3.50.1->dvc[gs]==3.50.1->-r requirements.txt (line 4))
Unit Test	Install dependencies	2026-08-21T17:03:40.3179426Z   Downloading shortuuid-1.0.13-py3-none-any.whl.metadata (5.8 kB)
Unit Test	Install dependencies	2026-08-21T17:03:40.3383030Z Collecting shtab<2,>=1.3.4 (from dvc==3.50.1->dvc[gs]==3.50.1->-r requirements.txt (line 4))
Unit Test	Install dependencies	2026-08-21T17:03:40.3458964Z   Downloading shtab-1.11.0-py3-none-any.whl.metadata (7.5 kB)
Unit Test	Install dependencies	2026-08-21T17:03:40.3612508Z Collecting tabulate>=0.8.7 (from dvc==3.50.1->dvc[gs]==3.50.1->-r requirements.txt (line 4))
Unit Test	Install dependencies	2026-08-21T17:03:40.3684702Z   Downloading tabulate-0.10.0-py3-none-any.whl.metadata (40 kB)
Unit Test	Install dependencies	2026-08-21T17:03:40.3903790Z Collecting tomlkit>=0.11.1 (from dvc==3.50.1->dvc[gs]==3.50.1->-r requirements.txt (line 4))
Unit Test	Install dependencies	2026-08-21T17:03:40.3976113Z   Downloading tomlkit-0.15.1-py3-none-any.whl.metadata (3.3 kB)
Unit Test	Install dependencies	2026-08-21T17:03:40.4282693Z Collecting tqdm<5,>=4.63.1 (from dvc==3.50.1->dvc[gs]==3.50.1->-r requirements.txt (line 4))
Unit Test	Install dependencies	2026-08-21T17:03:40.4357716Z   Downloading tqdm-4.70.0-py3-none-any.whl.metadata (57 kB)
Unit Test	Install dependencies	2026-08-21T17:03:40.4581072Z Collecting voluptuous>=0.11.7 (from dvc==3.50.1->dvc[gs]==3.50.1->-r requirements.txt (line 4))
Unit Test	Install dependencies	2026-08-21T17:03:40.4657556Z   Downloading voluptuous-0.16.0-py3-none-any.whl.metadata (20 kB)
Unit Test	Install dependencies	2026-08-21T17:03:40.4801451Z Collecting zc.lockfile>=1.2.1 (from dvc==3.50.1->dvc[gs]==3.50.1->-r requirements.txt (line 4))
Unit Test	Install dependencies	2026-08-21T17:03:40.4889139Z   Downloading zc_lockfile-4.0-py3-none-any.whl.metadata (6.6 kB)
Unit Test	Install dependencies	2026-08-21T17:03:40.5050095Z Collecting iniconfig (from pytest==8.2.0->-r requirements.txt (line 6))
Unit Test	Install dependencies	2026-08-21T17:03:40.5123435Z   Downloading iniconfig-2.3.0-py3-none-any.whl.metadata (2.5 kB)
Unit Test	Install dependencies	2026-08-21T17:03:40.5278544Z Collecting pluggy<2.0,>=1.5 (from pytest==8.2.0->-r requirements.txt (line 6))
Unit Test	Install dependencies	2026-08-21T17:03:40.5356780Z   Downloading pluggy-1.6.0-py3-none-any.whl.metadata (4.8 kB)
Unit Test	Install dependencies	2026-08-21T17:03:40.5522826Z Collecting exceptiongroup>=1.0.0rc8 (from pytest==8.2.0->-r requirements.txt (line 6))
Unit Test	Install dependencies	2026-08-21T17:03:40.5599186Z   Downloading exceptiongroup-1.3.1-py3-none-any.whl.metadata (6.7 kB)
Unit Test	Install dependencies	2026-08-21T17:03:40.5866552Z Collecting tomli>=1 (from pytest==8.2.0->-r requirements.txt (line 6))
Unit Test	Install dependencies	2026-08-21T17:03:40.5940254Z   Downloading tomli-2.4.1-py3-none-any.whl.metadata (10 kB)
Unit Test	Install dependencies	2026-08-21T17:03:40.6233672Z Collecting starlette<0.38.0,>=0.37.2 (from fastapi==0.111.0->-r requirements.txt (line 7))
Unit Test	Install dependencies	2026-08-21T17:03:40.6310564Z   Downloading starlette-0.37.2-py3-none-any.whl.metadata (5.9 kB)
Unit Test	Install dependencies	2026-08-21T17:03:40.7507235Z Collecting pydantic!=1.8,!=1.8.1,!=2.0.0,!=2.0.1,!=2.1.0,<3.0.0,>=1.7.4 (from fastapi==0.111.0->-r requirements.txt (line 7))
Unit Test	Install dependencies	2026-08-21T17:03:40.7584270Z   Downloading pydantic-2.13.4-py3-none-any.whl.metadata (109 kB)
Unit Test	Install dependencies	2026-08-21T17:03:40.7882669Z Collecting typing-extensions>=4.8.0 (from fastapi==0.111.0->-r requirements.txt (line 7))
Unit Test	Install dependencies	2026-08-21T17:03:40.7956736Z   Downloading typing_extensions-4.16.0-py3-none-any.whl.metadata (3.3 kB)
Unit Test	Install dependencies	2026-08-21T17:03:40.8140294Z Collecting fastapi-cli>=0.0.2 (from fastapi==0.111.0->-r requirements.txt (line 7))
Unit Test	Install dependencies	2026-08-21T17:03:40.8216723Z   Downloading fastapi_cli-0.0.32-py3-none-any.whl.metadata (6.7 kB)
Unit Test	Install dependencies	2026-08-21T17:03:40.8432737Z Collecting httpx>=0.23.0 (from fastapi==0.111.0->-r requirements.txt (line 7))
Unit Test	Install dependencies	2026-08-21T17:03:40.8510846Z   Downloading httpx-0.28.1-py3-none-any.whl.metadata (7.1 kB)
Unit Test	Install dependencies	2026-08-21T17:03:40.8719613Z Collecting python-multipart>=0.0.7 (from fastapi==0.111.0->-r requirements.txt (line 7))
Unit Test	Install dependencies	2026-08-21T17:03:40.8794641Z   Downloading python_multipart-0.0.32-py3-none-any.whl.metadata (2.1 kB)
Unit Test	Install dependencies	2026-08-21T17:03:41.0031546Z Collecting ujson!=4.0.2,!=4.1.0,!=4.2.0,!=4.3.0,!=5.0.0,!=5.1.0,>=4.0.1 (from fastapi==0.111.0->-r requirements.txt (line 7))
Unit Test	Install dependencies	2026-08-21T17:03:41.0109847Z   Downloading ujson-5.13.0-cp310-cp310-manylinux_2_24_x86_64.manylinux_2_28_x86_64.whl.metadata (10.0 kB)
Unit Test	Install dependencies	2026-08-21T17:03:41.2714294Z Collecting orjson>=3.2.1 (from fastapi==0.111.0->-r requirements.txt (line 7))
Unit Test	Install dependencies	2026-08-21T17:03:41.2797007Z   Downloading orjson-3.12.0-cp310-cp310-manylinux_2_17_x86_64.manylinux2014_x86_64.whl.metadata (41 kB)
Unit Test	Install dependencies	2026-08-21T17:03:41.2993415Z Collecting email_validator>=2.0.0 (from fastapi==0.111.0->-r requirements.txt (line 7))
Unit Test	Install dependencies	2026-08-21T17:03:41.3065957Z   Downloading email_validator-2.3.0-py3-none-any.whl.metadata (26 kB)
Unit Test	Install dependencies	2026-08-21T17:03:41.3266809Z Collecting h11>=0.8 (from uvicorn==0.29.0->-r requirements.txt (line 8))
Unit Test	Install dependencies	2026-08-21T17:03:41.3348710Z   Downloading h11-0.16.0-py3-none-any.whl.metadata (8.3 kB)
Unit Test	Install dependencies	2026-08-21T17:03:41.3742213Z Collecting google-auth<3.0dev,>=2.26.1 (from google-cloud-storage==2.16.0->-r requirements.txt (line 10))
Unit Test	Install dependencies	2026-08-21T17:03:41.3816576Z   Downloading google_auth-2.56.3-py3-none-any.whl.metadata (6.0 kB)
Unit Test	Install dependencies	2026-08-21T17:03:41.4220879Z Collecting google-api-core<3.0.0dev,>=2.15.0 (from google-cloud-storage==2.16.0->-r requirements.txt (line 10))
Unit Test	Install dependencies	2026-08-21T17:03:41.4295174Z   Downloading google_api_core-2.34.0-py3-none-any.whl.metadata (2.9 kB)
Unit Test	Install dependencies	2026-08-21T17:03:41.4499403Z Collecting google-cloud-core<3.0dev,>=2.3.0 (from google-cloud-storage==2.16.0->-r requirements.txt (line 10))
Unit Test	Install dependencies	2026-08-21T17:03:41.4573487Z   Downloading google_cloud_core-2.6.1-py3-none-any.whl.metadata (2.8 kB)
Unit Test	Install dependencies	2026-08-21T17:03:41.4769286Z Collecting google-resumable-media>=2.6.0 (from google-cloud-storage==2.16.0->-r requirements.txt (line 10))
Unit Test	Install dependencies	2026-08-21T17:03:41.4843562Z   Downloading google_resumable_media-2.10.1-py3-none-any.whl.metadata (2.2 kB)
Unit Test	Install dependencies	2026-08-21T17:03:41.5412704Z Collecting google-crc32c<2.0dev,>=1.0 (from google-cloud-storage==2.16.0->-r requirements.txt (line 10))
Unit Test	Install dependencies	2026-08-21T17:03:41.5490148Z   Downloading google_crc32c-1.8.0-cp310-cp310-manylinux1_x86_64.manylinux2014_x86_64.manylinux_2_17_x86_64.manylinux_2_5_x86_64.whl.metadata (1.7 kB)
Unit Test	Install dependencies	2026-08-21T17:03:41.6277681Z Collecting dvc-gs<4,>=3 (from dvc[gs]==3.50.1->-r requirements.txt (line 4))
Unit Test	Install dependencies	2026-08-21T17:03:41.6354580Z   Downloading dvc_gs-3.1.0-py3-none-any.whl.metadata (1.3 kB)
Unit Test	Install dependencies	2026-08-21T17:03:41.6698159Z Collecting Mako (from alembic!=1.10.0,<2->mlflow==2.13.0->-r requirements.txt (line 1))
Unit Test	Install dependencies	2026-08-21T17:03:41.6774364Z   Downloading mako-1.4.1-py3-none-any.whl.metadata (2.9 kB)
Unit Test	Install dependencies	2026-08-21T17:03:41.7124721Z Collecting urllib3>=1.26.0 (from docker<8,>=4.0.0->mlflow==2.13.0->-r requirements.txt (line 1))
Unit Test	Install dependencies	2026-08-21T17:03:41.7198813Z   Downloading urllib3-2.7.0-py3-none-any.whl.metadata (6.9 kB)
Unit Test	Install dependencies	2026-08-21T17:03:41.7386174Z Collecting dictdiffer>=0.8.1 (from dvc-data<3.16,>=3.15->dvc==3.50.1->dvc[gs]==3.50.1->-r requirements.txt (line 4))
Unit Test	Install dependencies	2026-08-21T17:03:41.7466507Z   Downloading dictdiffer-0.10.0-py3-none-any.whl.metadata (2.9 kB)
Unit Test	Install dependencies	2026-08-21T17:03:41.7685458Z Collecting diskcache>=5.2.1 (from dvc-data<3.16,>=3.15->dvc==3.50.1->dvc[gs]==3.50.1->-r requirements.txt (line 4))
Unit Test	Install dependencies	2026-08-21T17:03:41.7764572Z   Downloading diskcache-5.6.3-py3-none-any.whl.metadata (20 kB)
Unit Test	Install dependencies	2026-08-21T17:03:41.7999172Z Collecting sqltrie<1,>=0.11.0 (from dvc-data<3.16,>=3.15->dvc==3.50.1->dvc[gs]==3.50.1->-r requirements.txt (line 4))
Unit Test	Install dependencies	2026-08-21T17:03:41.8106315Z   Downloading sqltrie-0.11.2-py3-none-any.whl.metadata (3.3 kB)
Unit Test	Install dependencies	2026-08-21T17:03:41.8363993Z Collecting gcsfs>=2022.11.0 (from dvc-gs<4,>=3->dvc[gs]==3.50.1->-r requirements.txt (line 4))
Unit Test	Install dependencies	2026-08-21T17:03:41.8440746Z   Downloading gcsfs-2026.8.0-py3-none-any.whl.metadata (4.6 kB)
Unit Test	Install dependencies	2026-08-21T17:03:41.8828160Z Collecting billiard<5.0,>=4.2.1 (from celery->dvc==3.50.1->dvc[gs]==3.50.1->-r requirements.txt (line 4))
Unit Test	Install dependencies	2026-08-21T17:03:41.8908468Z   Downloading billiard-4.2.4-py3-none-any.whl.metadata (4.8 kB)
Unit Test	Install dependencies	2026-08-21T17:03:41.9081501Z Collecting vine<6.0,>=5.1.0 (from celery->dvc==3.50.1->dvc[gs]==3.50.1->-r requirements.txt (line 4))
Unit Test	Install dependencies	2026-08-21T17:03:41.9159138Z   Downloading vine-5.1.0-py3-none-any.whl.metadata (2.7 kB)
Unit Test	Install dependencies	2026-08-21T17:03:41.9310929Z Collecting click-didyoumean>=0.3.0 (from celery->dvc==3.50.1->dvc[gs]==3.50.1->-r requirements.txt (line 4))
Unit Test	Install dependencies	2026-08-21T17:03:41.9384473Z   Downloading click_didyoumean-0.3.1-py3-none-any.whl.metadata (3.9 kB)
Unit Test	Install dependencies	2026-08-21T17:03:41.9517908Z Collecting click-repl>=0.2.0 (from celery->dvc==3.50.1->dvc[gs]==3.50.1->-r requirements.txt (line 4))
Unit Test	Install dependencies	2026-08-21T17:03:41.9595462Z   Downloading click_repl-0.3.0-py3-none-any.whl.metadata (3.6 kB)
Unit Test	Install dependencies	2026-08-21T17:03:41.9735195Z Collecting click-plugins>=1.1.1 (from celery->dvc==3.50.1->dvc[gs]==3.50.1->-r requirements.txt (line 4))
Unit Test	Install dependencies	2026-08-21T17:03:41.9808222Z   Downloading click_plugins-1.1.1.2-py2.py3-none-any.whl.metadata (6.5 kB)
Unit Test	Install dependencies	2026-08-21T17:03:41.9999974Z Collecting tzlocal (from celery->dvc==3.50.1->dvc[gs]==3.50.1->-r requirements.txt (line 4))
Unit Test	Install dependencies	2026-08-21T17:03:42.0074359Z   Downloading tzlocal-5.4.4-py3-none-any.whl.metadata (7.7 kB)
Unit Test	Install dependencies	2026-08-21T17:03:42.0257846Z Collecting blinker>=1.9.0 (from Flask<4->mlflow==2.13.0->-r requirements.txt (line 1))
Unit Test	Install dependencies	2026-08-21T17:03:42.0334058Z   Downloading blinker-1.9.0-py3-none-any.whl.metadata (1.6 kB)
Unit Test	Install dependencies	2026-08-21T17:03:42.0495297Z Collecting itsdangerous>=2.2.0 (from Flask<4->mlflow==2.13.0->-r requirements.txt (line 1))
Unit Test	Install dependencies	2026-08-21T17:03:42.0570168Z   Downloading itsdangerous-2.2.0-py3-none-any.whl.metadata (1.9 kB)
Unit Test	Install dependencies	2026-08-21T17:03:42.1120458Z Collecting markupsafe>=2.1.1 (from Flask<4->mlflow==2.13.0->-r requirements.txt (line 1))
Unit Test	Install dependencies	2026-08-21T17:03:42.1198869Z   Downloading markupsafe-3.0.3-cp310-cp310-manylinux2014_x86_64.manylinux_2_17_x86_64.manylinux_2_28_x86_64.whl.metadata (2.7 kB)
Unit Test	Install dependencies	2026-08-21T17:03:42.1416078Z Collecting werkzeug>=3.1.0 (from Flask<4->mlflow==2.13.0->-r requirements.txt (line 1))
Unit Test	Install dependencies	2026-08-21T17:03:42.1496260Z   Downloading werkzeug-3.1.8-py3-none-any.whl.metadata (4.0 kB)
Unit Test	Install dependencies	2026-08-21T17:03:42.1681305Z Collecting atpublic>=2.3 (from flufl.lock<8,>=5->dvc==3.50.1->dvc[gs]==3.50.1->-r requirements.txt (line 4))
Unit Test	Install dependencies	2026-08-21T17:03:42.1756555Z   Downloading atpublic-7.0.0-py3-none-any.whl.metadata (2.0 kB)
Unit Test	Install dependencies	2026-08-21T17:03:42.1942319Z Collecting gitdb<5,>=4.0.1 (from gitpython<4,>=3.1.9->mlflow==2.13.0->-r requirements.txt (line 1))
Unit Test	Install dependencies	2026-08-21T17:03:42.2017093Z   Downloading gitdb-4.0.12-py3-none-any.whl.metadata (1.2 kB)
Unit Test	Install dependencies	2026-08-21T17:03:42.2173578Z Collecting smmap<6,>=3.0.1 (from gitdb<5,>=4.0.1->gitpython<4,>=3.1.9->mlflow==2.13.0->-r requirements.txt (line 1))
Unit Test	Install dependencies	2026-08-21T17:03:42.2249101Z   Downloading smmap-5.0.3-py3-none-any.whl.metadata (4.6 kB)
Unit Test	Install dependencies	2026-08-21T17:03:42.2462944Z Collecting googleapis-common-protos<2.0.0,>=1.69.2 (from google-api-core<3.0.0dev,>=2.15.0->google-cloud-storage==2.16.0->-r requirements.txt (line 10))
Unit Test	Install dependencies	2026-08-21T17:03:42.2539010Z   Downloading googleapis_common_protos-1.75.1-py3-none-any.whl.metadata (8.5 kB)
Unit Test	Install dependencies	2026-08-21T17:03:42.2632780Z INFO: pip is looking at multiple versions of google-api-core to determine which version is compatible with other requirements. This could take a while.
Unit Test	Install dependencies	2026-08-21T17:03:42.2639234Z Collecting google-api-core<3.0.0dev,>=2.15.0 (from google-cloud-storage==2.16.0->-r requirements.txt (line 10))
Unit Test	Install dependencies	2026-08-21T17:03:42.2713763Z   Downloading google_api_core-2.33.0-py3-none-any.whl.metadata (3.2 kB)
Unit Test	Install dependencies	2026-08-21T17:03:42.2924394Z   Downloading google_api_core-2.32.0-py3-none-any.whl.metadata (3.2 kB)
Unit Test	Install dependencies	2026-08-21T17:03:42.3047192Z   Downloading google_api_core-2.31.0-py3-none-any.whl.metadata (3.2 kB)
Unit Test	Install dependencies	2026-08-21T17:03:42.3183173Z   Downloading google_api_core-2.30.3-py3-none-any.whl.metadata (3.1 kB)
Unit Test	Install dependencies	2026-08-21T17:03:42.3476230Z Collecting proto-plus<2.0.0,>=1.22.3 (from google-api-core<3.0.0dev,>=2.15.0->google-cloud-storage==2.16.0->-r requirements.txt (line 10))
Unit Test	Install dependencies	2026-08-21T17:03:42.3549720Z   Downloading proto_plus-1.28.3-py3-none-any.whl.metadata (2.2 kB)
Unit Test	Install dependencies	2026-08-21T17:03:42.3893344Z Collecting pyasn1-modules>=0.2.1 (from google-auth<3.0dev,>=2.26.1->google-cloud-storage==2.16.0->-r requirements.txt (line 10))
Unit Test	Install dependencies	2026-08-21T17:03:42.3969112Z   Downloading pyasn1_modules-0.4.2-py3-none-any.whl.metadata (3.5 kB)
Unit Test	Install dependencies	2026-08-21T17:03:42.5877445Z Collecting cryptography>=38.0.3 (from google-auth<3.0dev,>=2.26.1->google-cloud-storage==2.16.0->-r requirements.txt (line 10))
Unit Test	Install dependencies	2026-08-21T17:03:42.5958408Z   Downloading cryptography-50.0.0-cp39-abi3-manylinux_2_34_x86_64.whl.metadata (4.3 kB)
Unit Test	Install dependencies	2026-08-21T17:03:42.6205314Z INFO: pip is looking at multiple versions of googleapis-common-protos to determine which version is compatible with other requirements. This could take a while.
Unit Test	Install dependencies	2026-08-21T17:03:42.6212157Z Collecting googleapis-common-protos<2.0.0,>=1.63.2 (from google-api-core<3.0.0dev,>=2.15.0->google-cloud-storage==2.16.0->-r requirements.txt (line 10))
Unit Test	Install dependencies	2026-08-21T17:03:42.6292178Z   Downloading googleapis_common_protos-1.75.0-py3-none-any.whl.metadata (8.6 kB)
Unit Test	Install dependencies	2026-08-21T17:03:42.6555496Z Collecting graphql-core<3.3,>=3.1 (from graphene<4->mlflow==2.13.0->-r requirements.txt (line 1))
Unit Test	Install dependencies	2026-08-21T17:03:42.6631692Z   Downloading graphql_core-3.2.11-py3-none-any.whl.metadata (11 kB)
Unit Test	Install dependencies	2026-08-21T17:03:42.6782300Z Collecting graphql-relay<3.3,>=3.1 (from graphene<4->mlflow==2.13.0->-r requirements.txt (line 1))
Unit Test	Install dependencies	2026-08-21T17:03:42.6864426Z   Downloading graphql_relay-3.2.0-py3-none-any.whl.metadata (12 kB)
Unit Test	Install dependencies	2026-08-21T17:03:42.7266549Z Collecting pydantic-settings>=2 (from gto<2,>=1.6.0->dvc==3.50.1->dvc[gs]==3.50.1->-r requirements.txt (line 4))
Unit Test	Install dependencies	2026-08-21T17:03:42.7347140Z   Downloading pydantic_settings-2.15.0-py3-none-any.whl.metadata (3.9 kB)
Unit Test	Install dependencies	2026-08-21T17:03:42.7659163Z Collecting semver>=2.13.0 (from gto<2,>=1.6.0->dvc==3.50.1->dvc[gs]==3.50.1->-r requirements.txt (line 4))
Unit Test	Install dependencies	2026-08-21T17:03:42.7740620Z   Downloading semver-3.0.4-py3-none-any.whl.metadata (6.8 kB)
Unit Test	Install dependencies	2026-08-21T17:03:42.8278306Z Collecting zipp>=0.5 (from importlib-metadata!=4.7.0,<8,>=3.7.0->mlflow==2.13.0->-r requirements.txt (line 1))
Unit Test	Install dependencies	2026-08-21T17:03:42.8338959Z   Downloading zipp-4.1.0-py3-none-any.whl.metadata (3.6 kB)
Unit Test	Install dependencies	2026-08-21T17:03:42.9180378Z Collecting amqp<6.0.0,>=5.1.1 (from kombu->dvc==3.50.1->dvc[gs]==3.50.1->-r requirements.txt (line 4))
Unit Test	Install dependencies	2026-08-21T17:03:42.9256787Z   Downloading amqp-5.3.1-py3-none-any.whl.metadata (8.9 kB)
Unit Test	Install dependencies	2026-08-21T17:03:42.9997386Z Collecting contourpy>=1.0.1 (from matplotlib<4->mlflow==2.13.0->-r requirements.txt (line 1))
Unit Test	Install dependencies	2026-08-21T17:03:43.0079520Z   Downloading contourpy-1.3.2-cp310-cp310-manylinux_2_17_x86_64.manylinux2014_x86_64.whl.metadata (5.5 kB)
Unit Test	Install dependencies	2026-08-21T17:03:43.0231049Z Collecting cycler>=0.10 (from matplotlib<4->mlflow==2.13.0->-r requirements.txt (line 1))
Unit Test	Install dependencies	2026-08-21T17:03:43.0305998Z   Downloading cycler-0.12.1-py3-none-any.whl.metadata (3.8 kB)
Unit Test	Install dependencies	2026-08-21T17:03:43.2539380Z Collecting fonttools>=4.22.0 (from matplotlib<4->mlflow==2.13.0->-r requirements.txt (line 1))
Unit Test	Install dependencies	2026-08-21T17:03:43.2618755Z   Downloading fonttools-4.63.0-cp310-cp310-manylinux2014_x86_64.manylinux_2_17_x86_64.whl.metadata (118 kB)
Unit Test	Install dependencies	2026-08-21T17:03:43.3430601Z Collecting kiwisolver>=1.3.1 (from matplotlib<4->mlflow==2.13.0->-r requirements.txt (line 1))
Unit Test	Install dependencies	2026-08-21T17:03:43.3511313Z   Downloading kiwisolver-1.5.0-cp310-cp310-manylinux_2_12_x86_64.manylinux2010_x86_64.whl.metadata (5.1 kB)
Unit Test	Install dependencies	2026-08-21T17:03:43.5420319Z Collecting pillow>=8 (from matplotlib<4->mlflow==2.13.0->-r requirements.txt (line 1))
Unit Test	Install dependencies	2026-08-21T17:03:43.5562420Z   Downloading pillow-12.3.0-cp310-cp310-manylinux_2_27_x86_64.manylinux_2_28_x86_64.whl.metadata (9.1 kB)
Unit Test	Install dependencies	2026-08-21T17:03:43.5926481Z Collecting opentelemetry-semantic-conventions==0.65b0 (from opentelemetry-sdk<3,>=1.0.0->mlflow==2.13.0->-r requirements.txt (line 1))
Unit Test	Install dependencies	2026-08-21T17:03:43.6002900Z   Downloading opentelemetry_semantic_conventions-0.65b0-py3-none-any.whl.metadata (2.4 kB)
Unit Test	Install dependencies	2026-08-21T17:03:43.6102383Z INFO: pip is looking at multiple versions of proto-plus to determine which version is compatible with other requirements. This could take a while.
Unit Test	Install dependencies	2026-08-21T17:03:43.6110479Z Collecting proto-plus<2.0.0,>=1.22.3 (from google-api-core<3.0.0dev,>=2.15.0->google-cloud-storage==2.16.0->-r requirements.txt (line 10))
Unit Test	Install dependencies	2026-08-21T17:03:43.6185570Z   Downloading proto_plus-1.28.2-py3-none-any.whl.metadata (2.2 kB)
Unit Test	Install dependencies	2026-08-21T17:03:43.6394187Z Collecting annotated-types>=0.6.0 (from pydantic!=1.8,!=1.8.1,!=2.0.0,!=2.0.1,!=2.1.0,<3.0.0,>=1.7.4->fastapi==0.111.0->-r requirements.txt (line 7))
Unit Test	Install dependencies	2026-08-21T17:03:43.6467709Z   Downloading annotated_types-0.8.0-py3-none-any.whl.metadata (15 kB)
Unit Test	Install dependencies	2026-08-21T17:03:44.4155160Z Collecting pydantic-core==2.46.4 (from pydantic!=1.8,!=1.8.1,!=2.0.0,!=2.0.1,!=2.1.0,<3.0.0,>=1.7.4->fastapi==0.111.0->-r requirements.txt (line 7))
Unit Test	Install dependencies	2026-08-21T17:03:44.4234980Z   Downloading pydantic_core-2.46.4-cp310-cp310-manylinux_2_17_x86_64.manylinux2014_x86_64.whl.metadata (6.6 kB)
Unit Test	Install dependencies	2026-08-21T17:03:44.4392903Z Collecting typing-inspection>=0.4.2 (from pydantic!=1.8,!=1.8.1,!=2.0.0,!=2.0.1,!=2.1.0,<3.0.0,>=1.7.4->fastapi==0.111.0->-r requirements.txt (line 7))
Unit Test	Install dependencies	2026-08-21T17:03:44.4467594Z   Downloading typing_inspection-0.4.4-py3-none-any.whl.metadata (2.6 kB)
Unit Test	Install dependencies	2026-08-21T17:03:44.4660435Z Collecting six>=1.5 (from python-dateutil>=2.8.2->pandas==2.2.2->-r requirements.txt (line 3))
Unit Test	Install dependencies	2026-08-21T17:03:44.4739637Z   Downloading six-1.17.0-py2.py3-none-any.whl.metadata (1.7 kB)
Unit Test	Install dependencies	2026-08-21T17:03:44.6898131Z Collecting charset_normalizer<4,>=2 (from requests<3,>=2.17.3->mlflow==2.13.0->-r requirements.txt (line 1))
Unit Test	Install dependencies	2026-08-21T17:03:44.6977637Z   Downloading charset_normalizer-3.5.1-cp310-cp310-manylinux2014_x86_64.manylinux_2_17_x86_64.manylinux_2_28_x86_64.whl.metadata (45 kB)
Unit Test	Install dependencies	2026-08-21T17:03:44.7173728Z Collecting idna<4,>=2.5 (from requests<3,>=2.17.3->mlflow==2.13.0->-r requirements.txt (line 1))
Unit Test	Install dependencies	2026-08-21T17:03:44.7247476Z   Downloading idna-3.19-py3-none-any.whl.metadata (9.2 kB)
Unit Test	Install dependencies	2026-08-21T17:03:44.7509521Z Collecting certifi>=2023.5.7 (from requests<3,>=2.17.3->mlflow==2.13.0->-r requirements.txt (line 1))
Unit Test	Install dependencies	2026-08-21T17:03:44.7584659Z   Downloading certifi-2026.7.22-py3-none-any.whl.metadata (2.5 kB)
Unit Test	Install dependencies	2026-08-21T17:03:44.8576215Z Collecting pygit2>=1.14.0 (from scmrepo<4,>=3.3.2->dvc==3.50.1->dvc[gs]==3.50.1->-r requirements.txt (line 4))
Unit Test	Install dependencies	2026-08-21T17:03:44.8653574Z   Downloading pygit2-1.18.2-cp310-cp310-manylinux_2_26_x86_64.manylinux_2_28_x86_64.whl.metadata (3.6 kB)
Unit Test	Install dependencies	2026-08-21T17:03:44.8878771Z Collecting asyncssh<3,>=2.13.1 (from scmrepo<4,>=3.3.2->dvc==3.50.1->dvc[gs]==3.50.1->-r requirements.txt (line 4))
Unit Test	Install dependencies	2026-08-21T17:03:44.8952818Z   Downloading asyncssh-2.24.0-py3-none-any.whl.metadata (9.8 kB)
Unit Test	Install dependencies	2026-08-21T17:03:44.9127957Z Collecting aiohttp-retry>=2.5.0 (from scmrepo<4,>=3.3.2->dvc==3.50.1->dvc[gs]==3.50.1->-r requirements.txt (line 4))
Unit Test	Install dependencies	2026-08-21T17:03:44.9202938Z   Downloading aiohttp_retry-2.9.1-py3-none-any.whl.metadata (8.8 kB)
Unit Test	Install dependencies	2026-08-21T17:03:45.0888981Z Collecting greenlet>=1 (from sqlalchemy<3,>=1.4.0->mlflow==2.13.0->-r requirements.txt (line 1))
Unit Test	Install dependencies	2026-08-21T17:03:45.0968029Z   Downloading greenlet-3.5.5-cp310-cp310-manylinux_2_24_x86_64.manylinux_2_28_x86_64.whl.metadata (3.8 kB)
Unit Test	Install dependencies	2026-08-21T17:03:45.1241654Z Collecting anyio<5,>=3.4.0 (from starlette<0.38.0,>=0.37.2->fastapi==0.111.0->-r requirements.txt (line 7))
Unit Test	Install dependencies	2026-08-21T17:03:45.1327413Z   Downloading anyio-4.14.2-py3-none-any.whl.metadata (4.6 kB)
Unit Test	Install dependencies	2026-08-21T17:03:45.7664448Z Collecting aiohttp (from aiohttp-retry>=2.5.0->scmrepo<4,>=3.3.2->dvc==3.50.1->dvc[gs]==3.50.1->-r requirements.txt (line 4))
Unit Test	Install dependencies	2026-08-21T17:03:45.7746463Z   Downloading aiohttp-3.14.3-cp310-cp310-manylinux2014_x86_64.manylinux_2_17_x86_64.manylinux_2_28_x86_64.whl.metadata (8.3 kB)
Unit Test	Install dependencies	2026-08-21T17:03:45.8182644Z Collecting prompt-toolkit>=3.0.36 (from click-repl>=0.2.0->celery->dvc==3.50.1->dvc[gs]==3.50.1->-r requirements.txt (line 4))
Unit Test	Install dependencies	2026-08-21T17:03:45.8258915Z   Downloading prompt_toolkit-3.0.53-py3-none-any.whl.metadata (6.4 kB)
Unit Test	Install dependencies	2026-08-21T17:03:45.9414404Z Collecting cffi>=2.0.0 (from cryptography>=38.0.3->google-auth<3.0dev,>=2.26.1->google-cloud-storage==2.16.0->-r requirements.txt (line 10))
Unit Test	Install dependencies	2026-08-21T17:03:45.9498231Z   Downloading cffi-2.1.1-cp310-cp310-manylinux2014_x86_64.manylinux_2_17_x86_64.whl.metadata (2.5 kB)
Unit Test	Install dependencies	2026-08-21T17:03:45.9683211Z Collecting pycparser (from cffi>=2.0.0->cryptography>=38.0.3->google-auth<3.0dev,>=2.26.1->google-cloud-storage==2.16.0->-r requirements.txt (line 10))
Unit Test	Install dependencies	2026-08-21T17:03:45.9755908Z   Downloading pycparser-3.0-py3-none-any.whl.metadata (8.2 kB)
Unit Test	Install dependencies	2026-08-21T17:03:46.0002665Z Collecting dnspython>=2.0.0 (from email_validator>=2.0.0->fastapi==0.111.0->-r requirements.txt (line 7))
Unit Test	Install dependencies	2026-08-21T17:03:46.0076026Z   Downloading dnspython-2.8.0-py3-none-any.whl.metadata (5.7 kB)
Unit Test	Install dependencies	2026-08-21T17:03:46.0402164Z Collecting typer>=0.16.0 (from fastapi-cli>=0.0.2->fastapi==0.111.0->-r requirements.txt (line 7))
Unit Test	Install dependencies	2026-08-21T17:03:46.0481873Z   Downloading typer-0.27.1-py3-none-any.whl.metadata (16 kB)
Unit Test	Install dependencies	2026-08-21T17:03:46.0714796Z Collecting rich-toolkit>=0.14.8 (from fastapi-cli>=0.0.2->fastapi==0.111.0->-r requirements.txt (line 7))
Unit Test	Install dependencies	2026-08-21T17:03:46.0787619Z   Downloading rich_toolkit-0.20.3-py3-none-any.whl.metadata (1.0 kB)
Unit Test	Install dependencies	2026-08-21T17:03:46.1185956Z Collecting decorator>4.1.2 (from gcsfs>=2022.11.0->dvc-gs<4,>=3->dvc[gs]==3.50.1->-r requirements.txt (line 4))
Unit Test	Install dependencies	2026-08-21T17:03:46.1261995Z   Downloading decorator-5.3.1-py3-none-any.whl.metadata (3.9 kB)
Unit Test	Install dependencies	2026-08-21T17:03:46.1436052Z Collecting google-auth-oauthlib (from gcsfs>=2022.11.0->dvc-gs<4,>=3->dvc[gs]==3.50.1->-r requirements.txt (line 4))
Unit Test	Install dependencies	2026-08-21T17:03:46.1511043Z   Downloading google_auth_oauthlib-1.4.0-py3-none-any.whl.metadata (2.6 kB)
Unit Test	Install dependencies	2026-08-21T17:03:46.1737990Z Collecting google-cloud-storage-control (from gcsfs>=2022.11.0->dvc-gs<4,>=3->dvc[gs]==3.50.1->-r requirements.txt (line 4))
Unit Test	Install dependencies	2026-08-21T17:03:46.1812459Z   Downloading google_cloud_storage_control-1.13.0-py3-none-any.whl.metadata (9.8 kB)
Unit Test	Install dependencies	2026-08-21T17:03:46.1867179Z INFO: pip is looking at multiple versions of gcsfs to determine which version is compatible with other requirements. This could take a while.
Unit Test	Install dependencies	2026-08-21T17:03:46.1873541Z Collecting gcsfs>=2022.11.0 (from dvc-gs<4,>=3->dvc[gs]==3.50.1->-r requirements.txt (line 4))
Unit Test	Install dependencies	2026-08-21T17:03:46.1946740Z   Downloading gcsfs-2026.7.0-py3-none-any.whl.metadata (4.6 kB)
Unit Test	Install dependencies	2026-08-21T17:03:46.2071392Z   Downloading gcsfs-2026.6.0-py3-none-any.whl.metadata (4.6 kB)
Unit Test	Install dependencies	2026-08-21T17:03:46.2195392Z   Downloading gcsfs-2026.5.0-py3-none-any.whl.metadata (4.5 kB)
Unit Test	Install dependencies	2026-08-21T17:03:46.2338611Z   Downloading gcsfs-2026.4.0-py3-none-any.whl.metadata (4.5 kB)
Unit Test	Install dependencies	2026-08-21T17:03:46.2459908Z   Downloading gcsfs-2026.3.0-py3-none-any.whl.metadata (2.1 kB)
Unit Test	Install dependencies	2026-08-21T17:03:46.2572361Z   Downloading gcsfs-2026.2.0-py3-none-any.whl.metadata (2.1 kB)
Unit Test	Install dependencies	2026-08-21T17:03:46.2800084Z   Downloading gcsfs-2026.1.0-py3-none-any.whl.metadata (2.1 kB)
Unit Test	Install dependencies	2026-08-21T17:03:46.2835521Z INFO: pip is still looking at multiple versions of gcsfs to determine which version is compatible with other requirements. This could take a while.
Unit Test	Install dependencies	2026-08-21T17:03:46.2912664Z   Downloading gcsfs-2025.12.0-py3-none-any.whl.metadata (2.1 kB)
Unit Test	Install dependencies	2026-08-21T17:03:46.3024849Z   Downloading gcsfs-2025.10.0-py2.py3-none-any.whl.metadata (2.1 kB)
Unit Test	Install dependencies	2026-08-21T17:03:46.3135734Z   Downloading gcsfs-2025.9.0-py2.py3-none-any.whl.metadata (2.1 kB)
Unit Test	Install dependencies	2026-08-21T17:03:46.3246177Z   Downloading gcsfs-2025.7.0-py2.py3-none-any.whl.metadata (2.1 kB)
Unit Test	Install dependencies	2026-08-21T17:03:46.3356739Z   Downloading gcsfs-2025.5.1-py2.py3-none-any.whl.metadata (1.9 kB)
Unit Test	Install dependencies	2026-08-21T17:03:46.3391997Z INFO: This is taking longer than usual. You might need to provide the dependency resolver with stricter constraints to reduce runtime. See https://pip.pypa.io/warnings/backtracking for guidance. If you want to abort this run, press Ctrl + C.
Unit Test	Install dependencies	2026-08-21T17:03:46.3470458Z   Downloading gcsfs-2025.5.0.post1-py2.py3-none-any.whl.metadata (1.9 kB)
Unit Test	Install dependencies	2026-08-21T17:03:46.3583613Z   Downloading gcsfs-2025.5.0-py2.py3-none-any.whl.metadata (1.9 kB)
Unit Test	Install dependencies	2026-08-21T17:03:46.3693895Z   Downloading gcsfs-2025.3.2-py2.py3-none-any.whl.metadata (1.9 kB)
Unit Test	Install dependencies	2026-08-21T17:03:46.3804525Z   Downloading gcsfs-2025.3.1-py2.py3-none-any.whl.metadata (1.9 kB)
Unit Test	Install dependencies	2026-08-21T17:03:46.3915687Z   Downloading gcsfs-2025.3.0-py2.py3-none-any.whl.metadata (1.9 kB)
Unit Test	Install dependencies	2026-08-21T17:03:46.4025072Z   Downloading gcsfs-2025.2.0-py2.py3-none-any.whl.metadata (1.9 kB)
Unit Test	Install dependencies	2026-08-21T17:03:46.4136772Z   Downloading gcsfs-2024.12.0-py2.py3-none-any.whl.metadata (1.6 kB)
Unit Test	Install dependencies	2026-08-21T17:03:46.4244139Z   Downloading gcsfs-2024.10.0-py2.py3-none-any.whl.metadata (1.6 kB)
Unit Test	Install dependencies	2026-08-21T17:03:46.4366496Z   Downloading gcsfs-2024.9.0.post1-py2.py3-none-any.whl.metadata (1.6 kB)
Unit Test	Install dependencies	2026-08-21T17:03:46.4478133Z   Downloading gcsfs-2024.6.1-py2.py3-none-any.whl.metadata (1.6 kB)
Unit Test	Install dependencies	2026-08-21T17:03:46.4590048Z   Downloading gcsfs-2024.6.0-py2.py3-none-any.whl.metadata (1.6 kB)
Unit Test	Install dependencies	2026-08-21T17:03:46.4702559Z   Downloading gcsfs-2024.5.0-py2.py3-none-any.whl.metadata (1.6 kB)
Unit Test	Install dependencies	2026-08-21T17:03:46.4813399Z   Downloading gcsfs-2024.3.1-py2.py3-none-any.whl.metadata (1.6 kB)
Unit Test	Install dependencies	2026-08-21T17:03:46.4926791Z   Downloading gcsfs-2024.2.0-py2.py3-none-any.whl.metadata (1.6 kB)
Unit Test	Install dependencies	2026-08-21T17:03:46.5035348Z   Downloading gcsfs-2023.12.2.post1-py2.py3-none-any.whl.metadata (1.6 kB)
Unit Test	Install dependencies	2026-08-21T17:03:46.5144736Z   Downloading gcsfs-2023.12.1-py2.py3-none-any.whl.metadata (1.6 kB)
Unit Test	Install dependencies	2026-08-21T17:03:46.5254548Z   Downloading gcsfs-2023.12.0-py2.py3-none-any.whl.metadata (1.6 kB)
Unit Test	Install dependencies	2026-08-21T17:03:46.5541382Z   Downloading gcsfs-2023.10.0-py2.py3-none-any.whl.metadata (1.6 kB)
Unit Test	Install dependencies	2026-08-21T17:03:46.5656656Z   Downloading gcsfs-2023.9.2-py2.py3-none-any.whl.metadata (1.6 kB)
Unit Test	Install dependencies	2026-08-21T17:03:46.5768452Z   Downloading gcsfs-2023.9.1-py2.py3-none-any.whl.metadata (1.6 kB)
Unit Test	Install dependencies	2026-08-21T17:03:46.5876697Z   Downloading gcsfs-2023.9.0-py2.py3-none-any.whl.metadata (1.6 kB)
Unit Test	Install dependencies	2026-08-21T17:03:46.5988599Z   Downloading gcsfs-2023.6.0-py2.py3-none-any.whl.metadata (1.6 kB)
Unit Test	Install dependencies	2026-08-21T17:03:46.6099594Z   Downloading gcsfs-2023.5.0-py2.py3-none-any.whl.metadata (1.6 kB)
Unit Test	Install dependencies	2026-08-21T17:03:46.6210570Z   Downloading gcsfs-2023.4.0-py2.py3-none-any.whl.metadata (1.6 kB)
Unit Test	Install dependencies	2026-08-21T17:03:46.6324144Z   Downloading gcsfs-2023.3.0-py2.py3-none-any.whl.metadata (1.6 kB)
Unit Test	Install dependencies	2026-08-21T17:03:46.6460010Z   Downloading gcsfs-2023.1.0-py2.py3-none-any.whl.metadata (1.6 kB)
Unit Test	Install dependencies	2026-08-21T17:03:46.6573802Z   Downloading gcsfs-2022.11.0-py2.py3-none-any.whl.metadata (1.6 kB)
Unit Test	Install dependencies	2026-08-21T17:03:46.6634923Z Collecting fsspec[tqdm]>=2024.2.0 (from scmrepo<4,>=3.3.2->dvc==3.50.1->dvc[gs]==3.50.1->-r requirements.txt (line 4))
Unit Test	Install dependencies	2026-08-21T17:03:46.6708506Z   Downloading fsspec-2026.6.0-py3-none-any.whl.metadata (10 kB)
Unit Test	Install dependencies	2026-08-21T17:03:46.7134281Z Collecting fsspec (from dvc==3.50.1->dvc[gs]==3.50.1->-r requirements.txt (line 4))
Unit Test	Install dependencies	2026-08-21T17:03:46.7212324Z   Downloading fsspec-2026.3.0-py3-none-any.whl.metadata (10 kB)
Unit Test	Install dependencies	2026-08-21T17:03:46.7585544Z   Downloading fsspec-2026.2.0-py3-none-any.whl.metadata (10 kB)
Unit Test	Install dependencies	2026-08-21T17:03:46.7974423Z   Downloading fsspec-2026.1.0-py3-none-any.whl.metadata (10 kB)
Unit Test	Install dependencies	2026-08-21T17:03:46.8363121Z   Downloading fsspec-2025.12.0-py3-none-any.whl.metadata (10 kB)
Unit Test	Install dependencies	2026-08-21T17:03:46.8667916Z INFO: pip is looking at multiple versions of fsspec[tqdm] to determine which version is compatible with other requirements. This could take a while.
Unit Test	Install dependencies	2026-08-21T17:03:46.8675209Z Collecting fsspec[tqdm]>=2024.2.0 (from scmrepo<4,>=3.3.2->dvc==3.50.1->dvc[gs]==3.50.1->-r requirements.txt (line 4))
Unit Test	Install dependencies	2026-08-21T17:03:46.8766614Z   Downloading fsspec-2026.4.0-py3-none-any.whl.metadata (10 kB)
Unit Test	Install dependencies	2026-08-21T17:03:46.9217392Z Collecting aiohappyeyeballs>=2.5.0 (from aiohttp->aiohttp-retry>=2.5.0->scmrepo<4,>=3.3.2->dvc==3.50.1->dvc[gs]==3.50.1->-r requirements.txt (line 4))
Unit Test	Install dependencies	2026-08-21T17:03:46.9293652Z   Downloading aiohappyeyeballs-2.7.1-py3-none-any.whl.metadata (5.9 kB)
Unit Test	Install dependencies	2026-08-21T17:03:46.9436545Z Collecting aiosignal>=1.4.0 (from aiohttp->aiohttp-retry>=2.5.0->scmrepo<4,>=3.3.2->dvc==3.50.1->dvc[gs]==3.50.1->-r requirements.txt (line 4))
Unit Test	Install dependencies	2026-08-21T17:03:46.9510553Z   Downloading aiosignal-1.4.0-py3-none-any.whl.metadata (3.7 kB)
Unit Test	Install dependencies	2026-08-21T17:03:46.9671985Z Collecting async-timeout<6.0,>=4.0 (from aiohttp->aiohttp-retry>=2.5.0->scmrepo<4,>=3.3.2->dvc==3.50.1->dvc[gs]==3.50.1->-r requirements.txt (line 4))
Unit Test	Install dependencies	2026-08-21T17:03:46.9745926Z   Downloading async_timeout-5.0.1-py3-none-any.whl.metadata (5.1 kB)
Unit Test	Install dependencies	2026-08-21T17:03:47.0469353Z Collecting frozenlist>=1.1.1 (from aiohttp->aiohttp-retry>=2.5.0->scmrepo<4,>=3.3.2->dvc==3.50.1->dvc[gs]==3.50.1->-r requirements.txt (line 4))
Unit Test	Install dependencies	2026-08-21T17:03:47.0547507Z   Downloading frozenlist-1.8.0-cp310-cp310-manylinux1_x86_64.manylinux_2_28_x86_64.manylinux_2_5_x86_64.whl.metadata (20 kB)
Unit Test	Install dependencies	2026-08-21T17:03:47.4054483Z Collecting multidict<7.0,>=4.5 (from aiohttp->aiohttp-retry>=2.5.0->scmrepo<4,>=3.3.2->dvc==3.50.1->dvc[gs]==3.50.1->-r requirements.txt (line 4))
Unit Test	Install dependencies	2026-08-21T17:03:47.4133503Z   Downloading multidict-6.7.1-cp310-cp310-manylinux2014_x86_64.manylinux_2_17_x86_64.manylinux_2_28_x86_64.whl.metadata (5.3 kB)
Unit Test	Install dependencies	2026-08-21T17:03:47.4767711Z Collecting propcache>=0.2.0 (from aiohttp->aiohttp-retry>=2.5.0->scmrepo<4,>=3.3.2->dvc==3.50.1->dvc[gs]==3.50.1->-r requirements.txt (line 4))
Unit Test	Install dependencies	2026-08-21T17:03:47.4851470Z   Downloading propcache-0.5.2-cp310-cp310-manylinux2014_x86_64.manylinux_2_17_x86_64.manylinux_2_28_x86_64.whl.metadata (16 kB)
Unit Test	Install dependencies	2026-08-21T17:03:47.7559010Z Collecting yarl<2.0,>=1.17.0 (from aiohttp->aiohttp-retry>=2.5.0->scmrepo<4,>=3.3.2->dvc==3.50.1->dvc[gs]==3.50.1->-r requirements.txt (line 4))
Unit Test	Install dependencies	2026-08-21T17:03:47.7639175Z   Downloading yarl-1.24.5-cp310-cp310-manylinux2014_x86_64.manylinux_2_17_x86_64.manylinux_2_28_x86_64.whl.metadata (103 kB)
Unit Test	Install dependencies	2026-08-21T17:03:47.8279272Z Collecting httpcore==1.* (from httpx>=0.23.0->fastapi==0.111.0->-r requirements.txt (line 7))
Unit Test	Install dependencies	2026-08-21T17:03:47.8352829Z   Downloading httpcore-1.0.9-py3-none-any.whl.metadata (21 kB)
Unit Test	Install dependencies	2026-08-21T17:03:47.8628076Z Collecting antlr4-python3-runtime==4.9.* (from hydra-core>=1.1->dvc==3.50.1->dvc[gs]==3.50.1->-r requirements.txt (line 4))
Unit Test	Install dependencies	2026-08-21T17:03:47.8704098Z   Downloading antlr4-python3-runtime-4.9.3.tar.gz (117 kB)
Unit Test	Install dependencies	2026-08-21T17:03:48.5053046Z   Installing build dependencies: started
Unit Test	Install dependencies	2026-08-21T17:03:49.3363259Z   Installing build dependencies: finished with status 'done'
Unit Test	Install dependencies	2026-08-21T17:03:49.3370608Z   Getting requirements to build wheel: started
Unit Test	Install dependencies	2026-08-21T17:03:49.7269024Z   Getting requirements to build wheel: finished with status 'done'
Unit Test	Install dependencies	2026-08-21T17:03:49.7278769Z   Preparing metadata (pyproject.toml): started
Unit Test	Install dependencies	2026-08-21T17:03:49.9149764Z   Preparing metadata (pyproject.toml): finished with status 'done'
Unit Test	Install dependencies	2026-08-21T17:03:49.9352944Z Collecting appdirs (from iterative-telemetry>=0.0.7->dvc==3.50.1->dvc[gs]==3.50.1->-r requirements.txt (line 4))
Unit Test	Install dependencies	2026-08-21T17:03:49.9427904Z   Downloading appdirs-1.4.4-py2.py3-none-any.whl.metadata (9.0 kB)
Unit Test	Install dependencies	2026-08-21T17:03:49.9691614Z Collecting filelock (from iterative-telemetry>=0.0.7->dvc==3.50.1->dvc[gs]==3.50.1->-r requirements.txt (line 4))
Unit Test	Install dependencies	2026-08-21T17:03:49.9766051Z   Downloading filelock-3.32.3-py3-none-any.whl.metadata (2.0 kB)
Unit Test	Install dependencies	2026-08-21T17:03:50.0076731Z Collecting wcwidth>=0.1.4 (from prompt-toolkit>=3.0.36->click-repl>=0.2.0->celery->dvc==3.50.1->dvc[gs]==3.50.1->-r requirements.txt (line 4))
Unit Test	Install dependencies	2026-08-21T17:03:50.0149747Z   Downloading wcwidth-0.8.2-py3-none-any.whl.metadata (43 kB)
Unit Test	Install dependencies	2026-08-21T17:03:50.0492211Z Collecting pyasn1<0.7.0,>=0.6.1 (from pyasn1-modules>=0.2.1->google-auth<3.0dev,>=2.26.1->google-cloud-storage==2.16.0->-r requirements.txt (line 10))
Unit Test	Install dependencies	2026-08-21T17:03:50.0566221Z   Downloading pyasn1-0.6.4-py3-none-any.whl.metadata (8.4 kB)
Unit Test	Install dependencies	2026-08-21T17:03:50.0859882Z Collecting python-dotenv>=0.21.0 (from pydantic-settings>=2->gto<2,>=1.6.0->dvc==3.50.1->dvc[gs]==3.50.1->-r requirements.txt (line 4))
Unit Test	Install dependencies	2026-08-21T17:03:50.0935716Z   Downloading python_dotenv-1.2.3-py3-none-any.whl.metadata (29 kB)
Unit Test	Install dependencies	2026-08-21T17:03:50.1280867Z Collecting markdown-it-py>=2.2.0 (from rich>=12->dvc==3.50.1->dvc[gs]==3.50.1->-r requirements.txt (line 4))
Unit Test	Install dependencies	2026-08-21T17:03:50.1368758Z   Downloading markdown_it_py-4.2.0-py3-none-any.whl.metadata (7.4 kB)
Unit Test	Install dependencies	2026-08-21T17:03:50.1625920Z Collecting pygments<3.0.0,>=2.13.0 (from rich>=12->dvc==3.50.1->dvc[gs]==3.50.1->-r requirements.txt (line 4))
Unit Test	Install dependencies	2026-08-21T17:03:50.1702912Z   Downloading pygments-2.21.0-py3-none-any.whl.metadata (2.5 kB)
Unit Test	Install dependencies	2026-08-21T17:03:50.1901033Z Collecting mdurl~=0.1 (from markdown-it-py>=2.2.0->rich>=12->dvc==3.50.1->dvc[gs]==3.50.1->-r requirements.txt (line 4))
Unit Test	Install dependencies	2026-08-21T17:03:50.1972635Z   Downloading mdurl-0.1.2-py3-none-any.whl.metadata (1.6 kB)
Unit Test	Install dependencies	2026-08-21T17:03:50.2386670Z Collecting shellingham>=1.3.0 (from typer>=0.16.0->fastapi-cli>=0.0.2->fastapi==0.111.0->-r requirements.txt (line 7))
Unit Test	Install dependencies	2026-08-21T17:03:50.2460941Z   Downloading shellingham-1.5.4-py2.py3-none-any.whl.metadata (3.5 kB)
Unit Test	Install dependencies	2026-08-21T17:03:50.2638280Z Collecting annotated-doc>=0.0.2 (from typer>=0.16.0->fastapi-cli>=0.0.2->fastapi==0.111.0->-r requirements.txt (line 7))
Unit Test	Install dependencies	2026-08-21T17:03:50.2713258Z   Downloading annotated_doc-0.0.5-py3-none-any.whl.metadata (6.5 kB)
Unit Test	Install dependencies	2026-08-21T17:03:50.3196470Z Collecting httptools>=0.5.0 (from uvicorn[standard]>=0.12.0->fastapi==0.111.0->-r requirements.txt (line 7))
Unit Test	Install dependencies	2026-08-21T17:03:50.3272262Z   Downloading httptools-0.8.0-cp310-cp310-manylinux1_x86_64.manylinux_2_28_x86_64.manylinux_2_5_x86_64.whl.metadata (3.5 kB)
Unit Test	Install dependencies	2026-08-21T17:03:50.3817953Z Collecting uvloop!=0.15.0,!=0.15.1,>=0.14.0 (from uvicorn[standard]>=0.12.0->fastapi==0.111.0->-r requirements.txt (line 7))
Unit Test	Install dependencies	2026-08-21T17:03:50.3897801Z   Downloading uvloop-0.22.1-cp310-cp310-manylinux2014_x86_64.manylinux_2_17_x86_64.manylinux_2_28_x86_64.whl.metadata (4.9 kB)
Unit Test	Install dependencies	2026-08-21T17:03:50.4720893Z Collecting watchfiles>=0.13 (from uvicorn[standard]>=0.12.0->fastapi==0.111.0->-r requirements.txt (line 7))
Unit Test	Install dependencies	2026-08-21T17:03:50.4800304Z   Downloading watchfiles-1.2.0-cp310-cp310-manylinux_2_17_x86_64.manylinux2014_x86_64.whl.metadata (4.9 kB)
Unit Test	Install dependencies	2026-08-21T17:03:50.5892396Z Collecting websockets>=10.4 (from uvicorn[standard]>=0.12.0->fastapi==0.111.0->-r requirements.txt (line 7))
Unit Test	Install dependencies	2026-08-21T17:03:50.5980769Z   Downloading websockets-16.1.1-cp310-cp310-manylinux1_x86_64.manylinux_2_28_x86_64.manylinux_2_5_x86_64.whl.metadata (6.8 kB)
Unit Test	Install dependencies	2026-08-21T17:03:50.6187332Z Requirement already satisfied: setuptools in /opt/hostedtoolcache/Python/3.10.21/x64/lib/python3.10/site-packages (from zc.lockfile>=1.2.1->dvc==3.50.1->dvc[gs]==3.50.1->-r requirements.txt (line 4)) (79.0.1)
Unit Test	Install dependencies	2026-08-21T17:03:50.6252129Z INFO: pip is looking at multiple versions of fsspec[http] to determine which version is compatible with other requirements. This could take a while.
Unit Test	Install dependencies	2026-08-21T17:03:50.6489589Z Collecting requests-oauthlib>=0.7.0 (from google-auth-oauthlib->gcsfs>=2022.11.0->dvc-gs<4,>=3->dvc[gs]==3.50.1->-r requirements.txt (line 4))
Unit Test	Install dependencies	2026-08-21T17:03:50.6565121Z   Downloading requests_oauthlib-2.0.0-py2.py3-none-any.whl.metadata (11 kB)
Unit Test	Install dependencies	2026-08-21T17:03:50.6751634Z Collecting oauthlib>=3.0.0 (from requests-oauthlib>=0.7.0->google-auth-oauthlib->gcsfs>=2022.11.0->dvc-gs<4,>=3->dvc[gs]==3.50.1->-r requirements.txt (line 4))
Unit Test	Install dependencies	2026-08-21T17:03:50.6832270Z   Downloading oauthlib-3.3.1-py3-none-any.whl.metadata (7.9 kB)
Unit Test	Install dependencies	2026-08-21T17:03:51.3292207Z Collecting grpcio<2.0.0,>=1.59.0 (from google-cloud-storage-control->gcsfs>=2022.11.0->dvc-gs<4,>=3->dvc[gs]==3.50.1->-r requirements.txt (line 4))
Unit Test	Install dependencies	2026-08-21T17:03:51.3372007Z   Downloading grpcio-1.83.0-cp310-cp310-manylinux2014_x86_64.manylinux_2_17_x86_64.whl.metadata (3.7 kB)
Unit Test	Install dependencies	2026-08-21T17:03:51.3429014Z INFO: pip is looking at multiple versions of google-cloud-storage-control to determine which version is compatible with other requirements. This could take a while.
Unit Test	Install dependencies	2026-08-21T17:03:51.3436705Z Collecting google-cloud-storage-control (from gcsfs>=2022.11.0->dvc-gs<4,>=3->dvc[gs]==3.50.1->-r requirements.txt (line 4))
Unit Test	Install dependencies	2026-08-21T17:03:51.3513566Z   Downloading google_cloud_storage_control-1.12.0-py3-none-any.whl.metadata (9.8 kB)
Unit Test	Install dependencies	2026-08-21T17:03:51.3753535Z Collecting grpc-google-iam-v1<1.0.0,>=0.14.0 (from google-cloud-storage-control->gcsfs>=2022.11.0->dvc-gs<4,>=3->dvc[gs]==3.50.1->-r requirements.txt (line 4))
Unit Test	Install dependencies	2026-08-21T17:03:51.3827536Z   Downloading grpc_google_iam_v1-0.14.5-py3-none-any.whl.metadata (8.8 kB)
Unit Test	Install dependencies	2026-08-21T17:03:51.3905951Z INFO: pip is looking at multiple versions of google-api-core[grpc] to determine which version is compatible with other requirements. This could take a while.
Unit Test	Install dependencies	2026-08-21T17:03:51.4429494Z Collecting grpcio-status<2.0.0,>=1.33.2 (from google-api-core[grpc]<3.0.0,>=2.17.1->google-cloud-storage-control->gcsfs>=2022.11.0->dvc-gs<4,>=3->dvc[gs]==3.50.1->-r requirements.txt (line 4))
Unit Test	Install dependencies	2026-08-21T17:03:51.4507583Z   Downloading grpcio_status-1.83.0-py3-none-any.whl.metadata (1.2 kB)
Unit Test	Install dependencies	2026-08-21T17:03:51.4570073Z INFO: pip is looking at multiple versions of grpc-google-iam-v1 to determine which version is compatible with other requirements. This could take a while.
Unit Test	Install dependencies	2026-08-21T17:03:51.4578398Z Collecting grpc-google-iam-v1<1.0.0,>=0.14.0 (from google-cloud-storage-control->gcsfs>=2022.11.0->dvc-gs<4,>=3->dvc[gs]==3.50.1->-r requirements.txt (line 4))
Unit Test	Install dependencies	2026-08-21T17:03:51.4653562Z   Downloading grpc_google_iam_v1-0.14.4-py3-none-any.whl.metadata (9.1 kB)
Unit Test	Install dependencies	2026-08-21T17:03:51.4798304Z INFO: pip is looking at multiple versions of googleapis-common-protos[grpc] to determine which version is compatible with other requirements. This could take a while.
Unit Test	Install dependencies	2026-08-21T17:03:51.4869231Z INFO: pip is looking at multiple versions of grpcio-status to determine which version is compatible with other requirements. This could take a while.
Unit Test	Install dependencies	2026-08-21T17:03:51.4876788Z Collecting grpcio-status<2.0.0,>=1.33.2 (from google-api-core[grpc]<3.0.0,>=2.17.1->google-cloud-storage-control->gcsfs>=2022.11.0->dvc-gs<4,>=3->dvc[gs]==3.50.1->-r requirements.txt (line 4))
Unit Test	Install dependencies	2026-08-21T17:03:51.4952519Z   Downloading grpcio_status-1.82.1-py3-none-any.whl.metadata (1.2 kB)
Unit Test	Install dependencies	2026-08-21T17:03:51.5125143Z   Downloading grpcio_status-1.81.1-py3-none-any.whl.metadata (1.2 kB)
Unit Test	Install dependencies	2026-08-21T17:03:51.5235418Z   Downloading grpcio_status-1.81.0-py3-none-any.whl.metadata (1.2 kB)
Unit Test	Install dependencies	2026-08-21T17:03:51.5347787Z   Downloading grpcio_status-1.80.0-py3-none-any.whl.metadata (1.3 kB)
Unit Test	Install dependencies	2026-08-21T17:03:51.5539704Z   Downloading grpcio_status-1.78.0-py3-none-any.whl.metadata (1.3 kB)
Unit Test	Install dependencies	2026-08-21T17:03:51.5647556Z   Downloading grpcio_status-1.76.0-py3-none-any.whl.metadata (1.1 kB)
Unit Test	Install dependencies	2026-08-21T17:03:51.5758224Z   Downloading grpcio_status-1.75.1-py3-none-any.whl.metadata (1.1 kB)
Unit Test	Install dependencies	2026-08-21T17:03:51.5789197Z INFO: pip is still looking at multiple versions of grpcio-status to determine which version is compatible with other requirements. This could take a while.
Unit Test	Install dependencies	2026-08-21T17:03:51.5866059Z   Downloading grpcio_status-1.75.0-py3-none-any.whl.metadata (1.1 kB)
Unit Test	Install dependencies	2026-08-21T17:03:51.5975053Z   Downloading grpcio_status-1.74.0-py3-none-any.whl.metadata (1.1 kB)
Unit Test	Install dependencies	2026-08-21T17:03:51.6097579Z   Downloading grpcio_status-1.73.1-py3-none-any.whl.metadata (1.1 kB)
Unit Test	Install dependencies	2026-08-21T17:03:51.6274975Z   Downloading grpcio_status-1.73.0-py3-none-any.whl.metadata (1.1 kB)
Unit Test	Install dependencies	2026-08-21T17:03:51.6387498Z   Downloading grpcio_status-1.72.2-py3-none-any.whl.metadata (1.1 kB)
Unit Test	Install dependencies	2026-08-21T17:03:51.6420293Z INFO: This is taking longer than usual. You might need to provide the dependency resolver with stricter constraints to reduce runtime. See https://pip.pypa.io/warnings/backtracking for guidance. If you want to abort this run, press Ctrl + C.
Unit Test	Install dependencies	2026-08-21T17:03:51.6498799Z   Downloading grpcio_status-1.72.1-py3-none-any.whl.metadata (1.1 kB)
Unit Test	Install dependencies	2026-08-21T17:03:51.6605723Z   Downloading grpcio_status-1.71.2-py3-none-any.whl.metadata (1.1 kB)
Unit Test	Install dependencies	2026-08-21T17:03:51.6790406Z   Downloading grpcio_status-1.71.0-py3-none-any.whl.metadata (1.1 kB)
Unit Test	Install dependencies	2026-08-21T17:03:51.6911736Z   Downloading grpcio_status-1.70.0-py3-none-any.whl.metadata (1.1 kB)
Unit Test	Install dependencies	2026-08-21T17:03:51.7044231Z   Downloading grpcio_status-1.69.0-py3-none-any.whl.metadata (1.1 kB)
Unit Test	Install dependencies	2026-08-21T17:03:51.7158220Z   Downloading grpcio_status-1.68.1-py3-none-any.whl.metadata (1.1 kB)
Unit Test	Install dependencies	2026-08-21T17:03:51.7282391Z   Downloading grpcio_status-1.68.0-py3-none-any.whl.metadata (1.1 kB)
Unit Test	Install dependencies	2026-08-21T17:03:51.7406708Z   Downloading grpcio_status-1.67.1-py3-none-any.whl.metadata (1.1 kB)
Unit Test	Install dependencies	2026-08-21T17:03:51.7526783Z   Downloading grpcio_status-1.67.0-py3-none-any.whl.metadata (1.1 kB)
Unit Test	Install dependencies	2026-08-21T17:03:51.7632541Z   Downloading grpcio_status-1.66.2-py3-none-any.whl.metadata (1.1 kB)
Unit Test	Install dependencies	2026-08-21T17:03:51.7752509Z   Downloading grpcio_status-1.66.1-py3-none-any.whl.metadata (1.1 kB)
Unit Test	Install dependencies	2026-08-21T17:03:51.7871356Z   Downloading grpcio_status-1.66.0-py3-none-any.whl.metadata (1.1 kB)
Unit Test	Install dependencies	2026-08-21T17:03:51.7990049Z   Downloading grpcio_status-1.65.5-py3-none-any.whl.metadata (1.1 kB)
Unit Test	Install dependencies	2026-08-21T17:03:51.8101048Z   Downloading grpcio_status-1.65.4-py3-none-any.whl.metadata (1.1 kB)
Unit Test	Install dependencies	2026-08-21T17:03:51.8221765Z   Downloading grpcio_status-1.65.2-py3-none-any.whl.metadata (1.1 kB)
Unit Test	Install dependencies	2026-08-21T17:03:51.8342056Z   Downloading grpcio_status-1.65.1-py3-none-any.whl.metadata (1.1 kB)
Unit Test	Install dependencies	2026-08-21T17:03:51.8449949Z   Downloading grpcio_status-1.64.3-py3-none-any.whl.metadata (1.1 kB)
Unit Test	Install dependencies	2026-08-21T17:03:51.8569499Z   Downloading grpcio_status-1.64.1-py3-none-any.whl.metadata (1.1 kB)
Unit Test	Install dependencies	2026-08-21T17:03:51.8684864Z   Downloading grpcio_status-1.64.0-py3-none-any.whl.metadata (1.1 kB)
Unit Test	Install dependencies	2026-08-21T17:03:51.8802444Z   Downloading grpcio_status-1.63.2-py3-none-any.whl.metadata (1.1 kB)
Unit Test	Install dependencies	2026-08-21T17:03:51.8914268Z   Downloading grpcio_status-1.63.0-py3-none-any.whl.metadata (1.1 kB)
Unit Test	Install dependencies	2026-08-21T17:03:51.9027340Z   Downloading grpcio_status-1.62.3-py3-none-any.whl.metadata (1.3 kB)
Unit Test	Install dependencies	2026-08-21T17:03:51.9563043Z Downloading mlflow-2.13.0-py3-none-any.whl (25.0 MB)
Unit Test	Install dependencies	2026-08-21T17:03:52.3028590Z    ━━━━━━━━━━━━━━━━━━━━━━━━━━━━━━━━━━━━━━━━ 25.0/25.0 MB 75.0 MB/s  0:00:00
Unit Test	Install dependencies	2026-08-21T17:03:52.3146019Z Downloading scikit_learn-1.4.2-cp310-cp310-manylinux_2_17_x86_64.manylinux2014_x86_64.whl (12.1 MB)
Unit Test	Install dependencies	2026-08-21T17:03:52.3972939Z    ━━━━━━━━━━━━━━━━━━━━━━━━━━━━━━━━━━━━━━━━ 12.1/12.1 MB 149.2 MB/s  0:00:00
Unit Test	Install dependencies	2026-08-21T17:03:52.4050353Z Downloading pandas-2.2.2-cp310-cp310-manylinux_2_17_x86_64.manylinux2014_x86_64.whl (13.0 MB)
Unit Test	Install dependencies	2026-08-21T17:03:52.4588398Z    ━━━━━━━━━━━━━━━━━━━━━━━━━━━━━━━━━━━━━━━━ 13.0/13.0 MB 249.5 MB/s  0:00:00
Unit Test	Install dependencies	2026-08-21T17:03:52.4678542Z Downloading PyYAML-6.0.1-cp310-cp310-manylinux_2_17_x86_64.manylinux2014_x86_64.whl (705 kB)
Unit Test	Install dependencies	2026-08-21T17:03:52.4785851Z    ━━━━━━━━━━━━━━━━━━━━━━━━━━━━━━━━━━━━━━━━ 705.5/705.5 kB 74.5 MB/s  0:00:00
Unit Test	Install dependencies	2026-08-21T17:03:52.4876748Z Downloading dvc-3.50.1-py3-none-any.whl (451 kB)
Unit Test	Install dependencies	2026-08-21T17:03:52.4993056Z Downloading pathspec-0.11.2-py3-none-any.whl (29 kB)
Unit Test	Install dependencies	2026-08-21T17:03:52.5276483Z Downloading pytest-8.2.0-py3-none-any.whl (339 kB)
Unit Test	Install dependencies	2026-08-21T17:03:52.5398138Z Downloading fastapi-0.111.0-py3-none-any.whl (91 kB)
Unit Test	Install dependencies	2026-08-21T17:03:52.5495805Z Downloading uvicorn-0.29.0-py3-none-any.whl (60 kB)
Unit Test	Install dependencies	2026-08-21T17:03:52.5590774Z Downloading joblib-1.4.2-py3-none-any.whl (301 kB)
Unit Test	Install dependencies	2026-08-21T17:03:52.5701576Z Downloading google_cloud_storage-2.16.0-py2.py3-none-any.whl (125 kB)
Unit Test	Install dependencies	2026-08-21T17:03:52.5796378Z Downloading alembic-1.19.1-py3-none-any.whl (265 kB)
Unit Test	Install dependencies	2026-08-21T17:03:52.5903178Z Downloading cachetools-5.5.2-py3-none-any.whl (10 kB)
Unit Test	Install dependencies	2026-08-21T17:03:52.5993724Z Downloading click-8.4.2-py3-none-any.whl (119 kB)
Unit Test	Install dependencies	2026-08-21T17:03:52.6092013Z Downloading cloudpickle-3.1.2-py3-none-any.whl (22 kB)
Unit Test	Install dependencies	2026-08-21T17:03:52.6185470Z Downloading docker-7.2.0-py3-none-any.whl (148 kB)
Unit Test	Install dependencies	2026-08-21T17:03:52.6288316Z Downloading dpath-2.2.0-py3-none-any.whl (17 kB)
Unit Test	Install dependencies	2026-08-21T17:03:52.6381089Z Downloading dvc_data-3.15.2-py3-none-any.whl (71 kB)
Unit Test	Install dependencies	2026-08-21T17:03:52.6474619Z Downloading dvc_gs-3.1.0-py3-none-any.whl (11 kB)
Unit Test	Install dependencies	2026-08-21T17:03:52.6570104Z Downloading dvc_objects-5.2.0-py3-none-any.whl (33 kB)
Unit Test	Install dependencies	2026-08-21T17:03:52.6661117Z Downloading dvc_render-1.0.2-py3-none-any.whl (22 kB)
Unit Test	Install dependencies	2026-08-21T17:03:52.6765701Z Downloading dvc_studio_client-0.23.0-py3-none-any.whl (16 kB)
Unit Test	Install dependencies	2026-08-21T17:03:52.6861486Z Downloading dvc_task-0.40.2-py3-none-any.whl (21 kB)
Unit Test	Install dependencies	2026-08-21T17:03:52.6955500Z Downloading celery-5.6.3-py3-none-any.whl (451 kB)
Unit Test	Install dependencies	2026-08-21T17:03:52.7062991Z Downloading billiard-4.2.4-py3-none-any.whl (87 kB)
Unit Test	Install dependencies	2026-08-21T17:03:52.7170335Z Downloading entrypoints-0.4-py3-none-any.whl (5.3 kB)
Unit Test	Install dependencies	2026-08-21T17:03:52.7264366Z Downloading flask-3.1.3-py3-none-any.whl (103 kB)
Unit Test	Install dependencies	2026-08-21T17:03:52.7359534Z Downloading flatten_dict-0.5.0-py3-none-any.whl (9.9 kB)
Unit Test	Install dependencies	2026-08-21T17:03:52.7454061Z Downloading flufl.lock-7.1.1-py3-none-any.whl (11 kB)
Unit Test	Install dependencies	2026-08-21T17:03:52.7547644Z Downloading gitpython-3.1.59-py3-none-any.whl (220 kB)
Unit Test	Install dependencies	2026-08-21T17:03:52.7644463Z Downloading gitdb-4.0.12-py3-none-any.whl (62 kB)
Unit Test	Install dependencies	2026-08-21T17:03:52.7740040Z Downloading google_api_core-2.30.3-py3-none-any.whl (173 kB)
Unit Test	Install dependencies	2026-08-21T17:03:52.7835510Z Downloading google_auth-2.56.3-py3-none-any.whl (259 kB)
Unit Test	Install dependencies	2026-08-21T17:03:52.7935768Z Downloading google_cloud_core-2.6.1-py3-none-any.whl (29 kB)
Unit Test	Install dependencies	2026-08-21T17:03:52.8032533Z Downloading google_crc32c-1.8.0-cp310-cp310-manylinux1_x86_64.manylinux2014_x86_64.manylinux_2_17_x86_64.manylinux_2_5_x86_64.whl (33 kB)
Unit Test	Install dependencies	2026-08-21T17:03:52.8124440Z Downloading googleapis_common_protos-1.75.0-py3-none-any.whl (300 kB)
Unit Test	Install dependencies	2026-08-21T17:03:52.8233450Z Downloading grandalf-0.8-py3-none-any.whl (41 kB)
Unit Test	Install dependencies	2026-08-21T17:03:52.8330612Z Downloading graphene-3.4.3-py2.py3-none-any.whl (114 kB)
Unit Test	Install dependencies	2026-08-21T17:03:52.8423983Z Downloading graphql_core-3.2.11-py3-none-any.whl (214 kB)
Unit Test	Install dependencies	2026-08-21T17:03:52.8525967Z Downloading graphql_relay-3.2.0-py3-none-any.whl (16 kB)
Unit Test	Install dependencies	2026-08-21T17:03:52.8631042Z Downloading gto-1.10.1-py3-none-any.whl (45 kB)
Unit Test	Install dependencies	2026-08-21T17:03:52.8727968Z Downloading gunicorn-22.0.0-py3-none-any.whl (84 kB)
Unit Test	Install dependencies	2026-08-21T17:03:52.8823716Z Downloading importlib_metadata-7.2.1-py3-none-any.whl (25 kB)
Unit Test	Install dependencies	2026-08-21T17:03:52.8914117Z Downloading jinja2-3.1.6-py3-none-any.whl (134 kB)
Unit Test	Install dependencies	2026-08-21T17:03:52.9010042Z Downloading kombu-5.6.2-py3-none-any.whl (214 kB)
Unit Test	Install dependencies	2026-08-21T17:03:52.9107720Z Downloading vine-5.1.0-py3-none-any.whl (9.6 kB)
Unit Test	Install dependencies	2026-08-21T17:03:52.9201565Z Downloading amqp-5.3.1-py3-none-any.whl (50 kB)
Unit Test	Install dependencies	2026-08-21T17:03:52.9295710Z Downloading markdown-3.10.3-py3-none-any.whl (110 kB)
Unit Test	Install dependencies	2026-08-21T17:03:52.9392427Z Downloading matplotlib-3.10.9-cp310-cp310-manylinux2014_x86_64.manylinux_2_17_x86_64.whl (8.8 MB)
Unit Test	Install dependencies	2026-08-21T17:03:52.9702005Z    ━━━━━━━━━━━━━━━━━━━━━━━━━━━━━━━━━━━━━━━━ 8.8/8.8 MB 299.4 MB/s  0:00:00
Unit Test	Install dependencies	2026-08-21T17:03:52.9785022Z Downloading numpy-1.26.4-cp310-cp310-manylinux_2_17_x86_64.manylinux2014_x86_64.whl (18.2 MB)
Unit Test	Install dependencies	2026-08-21T17:03:53.0547930Z    ━━━━━━━━━━━━━━━━━━━━━━━━━━━━━━━━━━━━━━━━ 18.2/18.2 MB 244.9 MB/s  0:00:00
Unit Test	Install dependencies	2026-08-21T17:03:53.0644834Z Downloading opentelemetry_api-1.44.0-py3-none-any.whl (60 kB)
Unit Test	Install dependencies	2026-08-21T17:03:53.0723254Z Downloading opentelemetry_sdk-1.44.0-py3-none-any.whl (137 kB)
Unit Test	Install dependencies	2026-08-21T17:03:53.0843583Z Downloading opentelemetry_semantic_conventions-0.65b0-py3-none-any.whl (204 kB)
Unit Test	Install dependencies	2026-08-21T17:03:53.0939761Z Downloading packaging-24.2-py3-none-any.whl (65 kB)
Unit Test	Install dependencies	2026-08-21T17:03:53.1042522Z Downloading platformdirs-3.11.0-py3-none-any.whl (17 kB)
Unit Test	Install dependencies	2026-08-21T17:03:53.1134806Z Downloading pluggy-1.6.0-py3-none-any.whl (20 kB)
Unit Test	Install dependencies	2026-08-21T17:03:53.1225528Z Downloading proto_plus-1.28.2-py3-none-any.whl (50 kB)
Unit Test	Install dependencies	2026-08-21T17:03:53.1319793Z Downloading protobuf-4.25.9-cp37-abi3-manylinux2014_x86_64.whl (295 kB)
Unit Test	Install dependencies	2026-08-21T17:03:53.1456284Z Downloading pyarrow-15.0.2-cp310-cp310-manylinux_2_28_x86_64.whl (38.3 MB)
Unit Test	Install dependencies	2026-08-21T17:03:53.3887786Z    ━━━━━━━━━━━━━━━━━━━━━━━━━━━━━━━━━━━━━━━━ 38.3/38.3 MB 158.4 MB/s  0:00:00
Unit Test	Install dependencies	2026-08-21T17:03:53.3972681Z Downloading pydantic-2.13.4-py3-none-any.whl (472 kB)
Unit Test	Install dependencies	2026-08-21T17:03:53.4082987Z Downloading pydantic_core-2.46.4-cp310-cp310-manylinux_2_17_x86_64.manylinux2014_x86_64.whl (2.1 MB)
Unit Test	Install dependencies	2026-08-21T17:03:53.4175085Z    ━━━━━━━━━━━━━━━━━━━━━━━━━━━━━━━━━━━━━━━━ 2.1/2.1 MB 271.4 MB/s  0:00:00
Unit Test	Install dependencies	2026-08-21T17:03:53.4253927Z Downloading python_dateutil-2.9.0.post0-py2.py3-none-any.whl (229 kB)
Unit Test	Install dependencies	2026-08-21T17:03:53.4353479Z Downloading pytz-2024.2-py2.py3-none-any.whl (508 kB)
Unit Test	Install dependencies	2026-08-21T17:03:53.4481761Z Downloading querystring_parser-1.2.4-py2.py3-none-any.whl (7.9 kB)
Unit Test	Install dependencies	2026-08-21T17:03:53.4582531Z Downloading requests-2.34.2-py3-none-any.whl (73 kB)
Unit Test	Install dependencies	2026-08-21T17:03:53.4678002Z Downloading charset_normalizer-3.5.1-cp310-cp310-manylinux2014_x86_64.manylinux_2_17_x86_64.manylinux_2_28_x86_64.whl (261 kB)
Unit Test	Install dependencies	2026-08-21T17:03:53.4854554Z Downloading idna-3.19-py3-none-any.whl (68 kB)
Unit Test	Install dependencies	2026-08-21T17:03:53.4975235Z Downloading scipy-1.15.3-cp310-cp310-manylinux_2_17_x86_64.manylinux2014_x86_64.whl (37.7 MB)
Unit Test	Install dependencies	2026-08-21T17:03:53.6797714Z    ━━━━━━━━━━━━━━━━━━━━━━━━━━━━━━━━━━━━━━━━ 37.7/37.7 MB 208.8 MB/s  0:00:00
Unit Test	Install dependencies	2026-08-21T17:03:53.6875200Z Downloading scmrepo-3.6.2-py3-none-any.whl (74 kB)
Unit Test	Install dependencies	2026-08-21T17:03:53.6978531Z Downloading asyncssh-2.24.0-py3-none-any.whl (381 kB)
Unit Test	Install dependencies	2026-08-21T17:03:53.7093863Z Downloading dulwich-1.2.12-cp310-cp310-manylinux_2_28_x86_64.whl (1.5 MB)
Unit Test	Install dependencies	2026-08-21T17:03:53.7188018Z    ━━━━━━━━━━━━━━━━━━━━━━━━━━━━━━━━━━━━━━━━ 1.5/1.5 MB 177.8 MB/s  0:00:00
Unit Test	Install dependencies	2026-08-21T17:03:53.7260984Z Downloading shtab-1.11.0-py3-none-any.whl (17 kB)
Unit Test	Install dependencies	2026-08-21T17:03:53.7355900Z Downloading smmap-5.0.3-py3-none-any.whl (24 kB)
Unit Test	Install dependencies	2026-08-21T17:03:53.7452326Z Downloading sqlalchemy-2.0.52-cp310-cp310-manylinux2014_x86_64.manylinux_2_17_x86_64.manylinux_2_28_x86_64.whl (3.3 MB)
Unit Test	Install dependencies	2026-08-21T17:03:53.7591693Z    ━━━━━━━━━━━━━━━━━━━━━━━━━━━━━━━━━━━━━━━━ 3.3/3.3 MB 259.9 MB/s  0:00:00
Unit Test	Install dependencies	2026-08-21T17:03:53.7670414Z Downloading sqlparse-0.6.0-py3-none-any.whl (50 kB)
Unit Test	Install dependencies	2026-08-21T17:03:53.7771999Z Downloading sqltrie-0.11.2-py3-none-any.whl (17 kB)
Unit Test	Install dependencies	2026-08-21T17:03:53.7862820Z Downloading starlette-0.37.2-py3-none-any.whl (71 kB)
Unit Test	Install dependencies	2026-08-21T17:03:53.7964711Z Downloading anyio-4.14.2-py3-none-any.whl (125 kB)
Unit Test	Install dependencies	2026-08-21T17:03:53.8062717Z Downloading tqdm-4.70.0-py3-none-any.whl (80 kB)
Unit Test	Install dependencies	2026-08-21T17:03:53.8186482Z Downloading typing_extensions-4.16.0-py3-none-any.whl (45 kB)
Unit Test	Install dependencies	2026-08-21T17:03:53.8280606Z Downloading urllib3-2.7.0-py3-none-any.whl (131 kB)
Unit Test	Install dependencies	2026-08-21T17:03:53.8377606Z Downloading aiohttp_retry-2.9.1-py3-none-any.whl (10.0 kB)
Unit Test	Install dependencies	2026-08-21T17:03:53.8471230Z Downloading annotated_types-0.8.0-py3-none-any.whl (13 kB)
Unit Test	Install dependencies	2026-08-21T17:03:53.8564802Z Downloading atpublic-7.0.0-py3-none-any.whl (6.4 kB)
Unit Test	Install dependencies	2026-08-21T17:03:53.8661753Z Downloading attrs-26.1.0-py3-none-any.whl (67 kB)
Unit Test	Install dependencies	2026-08-21T17:03:53.8758230Z Downloading blinker-1.9.0-py3-none-any.whl (8.5 kB)
Unit Test	Install dependencies	2026-08-21T17:03:53.8850958Z Downloading certifi-2026.7.22-py3-none-any.whl (136 kB)
Unit Test	Install dependencies	2026-08-21T17:03:53.8947634Z Downloading click_didyoumean-0.3.1-py3-none-any.whl (3.6 kB)
Unit Test	Install dependencies	2026-08-21T17:03:53.9039361Z Downloading click_plugins-1.1.1.2-py2.py3-none-any.whl (11 kB)
Unit Test	Install dependencies	2026-08-21T17:03:53.9145268Z Downloading click_repl-0.3.0-py3-none-any.whl (10 kB)
Unit Test	Install dependencies	2026-08-21T17:03:53.9238182Z Downloading colorama-0.4.6-py2.py3-none-any.whl (25 kB)
Unit Test	Install dependencies	2026-08-21T17:03:53.9331552Z Downloading configobj-5.0.9-py2.py3-none-any.whl (35 kB)
Unit Test	Install dependencies	2026-08-21T17:03:53.9424775Z Downloading contourpy-1.3.2-cp310-cp310-manylinux_2_17_x86_64.manylinux2014_x86_64.whl (325 kB)
Unit Test	Install dependencies	2026-08-21T17:03:53.9539955Z Downloading cryptography-50.0.0-cp39-abi3-manylinux_2_34_x86_64.whl (4.8 MB)
Unit Test	Install dependencies	2026-08-21T17:03:53.9723369Z    ━━━━━━━━━━━━━━━━━━━━━━━━━━━━━━━━━━━━━━━━ 4.8/4.8 MB 289.3 MB/s  0:00:00
Unit Test	Install dependencies	2026-08-21T17:03:53.9804706Z Downloading cffi-2.1.1-cp310-cp310-manylinux2014_x86_64.manylinux_2_17_x86_64.whl (218 kB)
Unit Test	Install dependencies	2026-08-21T17:03:53.9903012Z Downloading cycler-0.12.1-py3-none-any.whl (8.3 kB)
Unit Test	Install dependencies	2026-08-21T17:03:53.9994371Z Downloading dictdiffer-0.10.0-py3-none-any.whl (16 kB)
Unit Test	Install dependencies	2026-08-21T17:03:54.0116348Z Downloading diskcache-5.6.3-py3-none-any.whl (45 kB)
Unit Test	Install dependencies	2026-08-21T17:03:54.0213786Z Downloading distro-1.9.0-py3-none-any.whl (20 kB)
Unit Test	Install dependencies	2026-08-21T17:03:54.0306310Z Downloading dvc_http-2.32.0-py3-none-any.whl (12 kB)
Unit Test	Install dependencies	2026-08-21T17:03:54.0401977Z Downloading email_validator-2.3.0-py3-none-any.whl (35 kB)
Unit Test	Install dependencies	2026-08-21T17:03:54.0504248Z Downloading dnspython-2.8.0-py3-none-any.whl (331 kB)
Unit Test	Install dependencies	2026-08-21T17:03:54.0621903Z Downloading exceptiongroup-1.3.1-py3-none-any.whl (16 kB)
Unit Test	Install dependencies	2026-08-21T17:03:54.0717296Z Downloading fastapi_cli-0.0.32-py3-none-any.whl (14 kB)
Unit Test	Install dependencies	2026-08-21T17:03:54.0821623Z Downloading fonttools-4.63.0-cp310-cp310-manylinux2014_x86_64.manylinux_2_17_x86_64.whl (4.9 MB)
Unit Test	Install dependencies	2026-08-21T17:03:54.1024138Z    ━━━━━━━━━━━━━━━━━━━━━━━━━━━━━━━━━━━━━━━━ 4.9/4.9 MB 282.3 MB/s  0:00:00
Unit Test	Install dependencies	2026-08-21T17:03:54.1108951Z Downloading gcsfs-2025.12.0-py3-none-any.whl (41 kB)
Unit Test	Install dependencies	2026-08-21T17:03:54.1208688Z Downloading fsspec-2025.12.0-py3-none-any.whl (201 kB)
Unit Test	Install dependencies	2026-08-21T17:03:54.1331326Z Downloading aiohttp-3.14.3-cp310-cp310-manylinux2014_x86_64.manylinux_2_17_x86_64.manylinux_2_28_x86_64.whl (1.7 MB)
Unit Test	Install dependencies	2026-08-21T17:03:54.1417734Z    ━━━━━━━━━━━━━━━━━━━━━━━━━━━━━━━━━━━━━━━━ 1.7/1.7 MB 267.9 MB/s  0:00:00
Unit Test	Install dependencies	2026-08-21T17:03:54.1500141Z Downloading async_timeout-5.0.1-py3-none-any.whl (6.2 kB)
Unit Test	Install dependencies	2026-08-21T17:03:54.1599092Z Downloading multidict-6.7.1-cp310-cp310-manylinux2014_x86_64.manylinux_2_17_x86_64.manylinux_2_28_x86_64.whl (243 kB)
Unit Test	Install dependencies	2026-08-21T17:03:54.1698762Z Downloading yarl-1.24.5-cp310-cp310-manylinux2014_x86_64.manylinux_2_17_x86_64.manylinux_2_28_x86_64.whl (110 kB)
Unit Test	Install dependencies	2026-08-21T17:03:54.1793599Z Downloading aiohappyeyeballs-2.7.1-py3-none-any.whl (15 kB)
Unit Test	Install dependencies	2026-08-21T17:03:54.1889724Z Downloading aiosignal-1.4.0-py3-none-any.whl (7.5 kB)
Unit Test	Install dependencies	2026-08-21T17:03:54.1985937Z Downloading decorator-5.3.1-py3-none-any.whl (10 kB)
Unit Test	Install dependencies	2026-08-21T17:03:54.2089072Z Downloading frozenlist-1.8.0-cp310-cp310-manylinux1_x86_64.manylinux_2_28_x86_64.manylinux_2_5_x86_64.whl (219 kB)
Unit Test	Install dependencies	2026-08-21T17:03:54.2186605Z Downloading funcy-2.0-py2.py3-none-any.whl (30 kB)
Unit Test	Install dependencies	2026-08-21T17:03:54.2282477Z Downloading google_resumable_media-2.10.1-py3-none-any.whl (81 kB)
Unit Test	Install dependencies	2026-08-21T17:03:54.2381661Z Downloading greenlet-3.5.5-cp310-cp310-manylinux_2_24_x86_64.manylinux_2_28_x86_64.whl (622 kB)
Unit Test	Install dependencies	2026-08-21T17:03:54.2432877Z    ━━━━━━━━━━━━━━━━━━━━━━━━━━━━━━━━━━━━━━━━ 622.8/622.8 kB 134.3 MB/s  0:00:00
Unit Test	Install dependencies	2026-08-21T17:03:54.2511100Z Downloading h11-0.16.0-py3-none-any.whl (37 kB)
Unit Test	Install dependencies	2026-08-21T17:03:54.2609548Z Downloading httpx-0.28.1-py3-none-any.whl (73 kB)
Unit Test	Install dependencies	2026-08-21T17:03:54.2703052Z Downloading httpcore-1.0.9-py3-none-any.whl (78 kB)
Unit Test	Install dependencies	2026-08-21T17:03:54.2799580Z Downloading hydra_core-1.3.5-py3-none-any.whl (155 kB)
Unit Test	Install dependencies	2026-08-21T17:03:54.2895413Z Downloading omegaconf-2.3.1-py3-none-any.whl (79 kB)
Unit Test	Install dependencies	2026-08-21T17:03:54.2996797Z Downloading iterative_telemetry-0.0.10-py3-none-any.whl (10 kB)
Unit Test	Install dependencies	2026-08-21T17:03:54.3096261Z Downloading itsdangerous-2.2.0-py3-none-any.whl (16 kB)
Unit Test	Install dependencies	2026-08-21T17:03:54.3198973Z Downloading kiwisolver-1.5.0-cp310-cp310-manylinux_2_12_x86_64.manylinux2010_x86_64.whl (1.6 MB)
Unit Test	Install dependencies	2026-08-21T17:03:54.3286293Z    ━━━━━━━━━━━━━━━━━━━━━━━━━━━━━━━━━━━━━━━━ 1.6/1.6 MB 273.5 MB/s  0:00:00
Unit Test	Install dependencies	2026-08-21T17:03:54.3367192Z Downloading markupsafe-3.0.3-cp310-cp310-manylinux2014_x86_64.manylinux_2_17_x86_64.manylinux_2_28_x86_64.whl (20 kB)
Unit Test	Install dependencies	2026-08-21T17:03:54.3475407Z Downloading networkx-3.4.2-py3-none-any.whl (1.7 MB)
Unit Test	Install dependencies	2026-08-21T17:03:54.3560672Z    ━━━━━━━━━━━━━━━━━━━━━━━━━━━━━━━━━━━━━━━━ 1.7/1.7 MB 262.6 MB/s  0:00:00
Unit Test	Install dependencies	2026-08-21T17:03:54.3652490Z Downloading orjson-3.12.0-cp310-cp310-manylinux_2_17_x86_64.manylinux2014_x86_64.whl (131 kB)
Unit Test	Install dependencies	2026-08-21T17:03:54.3766312Z Downloading pillow-12.3.0-cp310-cp310-manylinux_2_27_x86_64.manylinux_2_28_x86_64.whl (6.9 MB)
Unit Test	Install dependencies	2026-08-21T17:03:54.4321761Z    ━━━━━━━━━━━━━━━━━━━━━━━━━━━━━━━━━━━━━━━━ 6.9/6.9 MB 127.9 MB/s  0:00:00
Unit Test	Install dependencies	2026-08-21T17:03:54.4402183Z Downloading prompt_toolkit-3.0.53-py3-none-any.whl (392 kB)
Unit Test	Install dependencies	2026-08-21T17:03:54.4509813Z Downloading propcache-0.5.2-cp310-cp310-manylinux2014_x86_64.manylinux_2_17_x86_64.manylinux_2_28_x86_64.whl (60 kB)
Unit Test	Install dependencies	2026-08-21T17:03:54.4605784Z Downloading psutil-7.2.2-cp36-abi3-manylinux2010_x86_64.manylinux_2_12_x86_64.manylinux_2_28_x86_64.whl (155 kB)
Unit Test	Install dependencies	2026-08-21T17:03:54.4706202Z Downloading pyasn1_modules-0.4.2-py3-none-any.whl (181 kB)
Unit Test	Install dependencies	2026-08-21T17:03:54.4811506Z Downloading pyasn1-0.6.4-py3-none-any.whl (84 kB)
Unit Test	Install dependencies	2026-08-21T17:03:54.4906177Z Downloading pydantic_settings-2.15.0-py3-none-any.whl (69 kB)
Unit Test	Install dependencies	2026-08-21T17:03:54.5123257Z Downloading pydot-4.0.1-py3-none-any.whl (37 kB)
Unit Test	Install dependencies	2026-08-21T17:03:54.5244172Z Downloading pygit2-1.18.2-cp310-cp310-manylinux_2_26_x86_64.manylinux_2_28_x86_64.whl (5.5 MB)
Unit Test	Install dependencies	2026-08-21T17:03:54.5567830Z    ━━━━━━━━━━━━━━━━━━━━━━━━━━━━━━━━━━━━━━━━ 5.5/5.5 MB 177.1 MB/s  0:00:00
Unit Test	Install dependencies	2026-08-21T17:03:54.5650802Z Downloading pygtrie-2.5.0-py3-none-any.whl (25 kB)
Unit Test	Install dependencies	2026-08-21T17:03:54.5747722Z Downloading pyparsing-3.3.2-py3-none-any.whl (122 kB)
Unit Test	Install dependencies	2026-08-21T17:03:54.5848255Z Downloading python_dotenv-1.2.3-py3-none-any.whl (22 kB)
Unit Test	Install dependencies	2026-08-21T17:03:54.5941472Z Downloading python_multipart-0.0.32-py3-none-any.whl (30 kB)
Unit Test	Install dependencies	2026-08-21T17:03:54.6070933Z Downloading rich-15.0.0-py3-none-any.whl (310 kB)
Unit Test	Install dependencies	2026-08-21T17:03:54.6174175Z Downloading pygments-2.21.0-py3-none-any.whl (1.3 MB)
Unit Test	Install dependencies	2026-08-21T17:03:54.6242378Z    ━━━━━━━━━━━━━━━━━━━━━━━━━━━━━━━━━━━━━━━━ 1.3/1.3 MB 227.1 MB/s  0:00:00
Unit Test	Install dependencies	2026-08-21T17:03:54.6319819Z Downloading markdown_it_py-4.2.0-py3-none-any.whl (91 kB)
Unit Test	Install dependencies	2026-08-21T17:03:54.6416176Z Downloading mdurl-0.1.2-py3-none-any.whl (10.0 kB)
Unit Test	Install dependencies	2026-08-21T17:03:54.6506119Z Downloading rich_toolkit-0.20.3-py3-none-any.whl (36 kB)
Unit Test	Install dependencies	2026-08-21T17:03:54.6600229Z Downloading ruamel_yaml-0.19.1-py3-none-any.whl (118 kB)
Unit Test	Install dependencies	2026-08-21T17:03:54.6698298Z Downloading semver-3.0.4-py3-none-any.whl (17 kB)
Unit Test	Install dependencies	2026-08-21T17:03:54.6791609Z Downloading shortuuid-1.0.13-py3-none-any.whl (10 kB)
Unit Test	Install dependencies	2026-08-21T17:03:54.6889944Z Downloading six-1.17.0-py2.py3-none-any.whl (11 kB)
Unit Test	Install dependencies	2026-08-21T17:03:54.6979012Z Downloading tabulate-0.10.0-py3-none-any.whl (39 kB)
Unit Test	Install dependencies	2026-08-21T17:03:54.7071249Z Downloading threadpoolctl-3.6.0-py3-none-any.whl (18 kB)
Unit Test	Install dependencies	2026-08-21T17:03:54.7162000Z Downloading tomli-2.4.1-py3-none-any.whl (14 kB)
Unit Test	Install dependencies	2026-08-21T17:03:54.7262537Z Downloading tomlkit-0.15.1-py3-none-any.whl (49 kB)
Unit Test	Install dependencies	2026-08-21T17:03:54.7362659Z Downloading typer-0.27.1-py3-none-any.whl (122 kB)
Unit Test	Install dependencies	2026-08-21T17:03:54.7458897Z Downloading annotated_doc-0.0.5-py3-none-any.whl (5.3 kB)
Unit Test	Install dependencies	2026-08-21T17:03:54.7552901Z Downloading shellingham-1.5.4-py2.py3-none-any.whl (9.8 kB)
Unit Test	Install dependencies	2026-08-21T17:03:54.7643869Z Downloading typing_inspection-0.4.4-py3-none-any.whl (14 kB)
Unit Test	Install dependencies	2026-08-21T17:03:54.7743173Z Downloading tzdata-2026.3-py2.py3-none-any.whl (348 kB)
Unit Test	Install dependencies	2026-08-21T17:03:54.7845073Z Downloading ujson-5.13.0-cp310-cp310-manylinux_2_24_x86_64.manylinux_2_28_x86_64.whl (57 kB)
Unit Test	Install dependencies	2026-08-21T17:03:54.7939869Z Downloading httptools-0.8.0-cp310-cp310-manylinux1_x86_64.manylinux_2_28_x86_64.manylinux_2_5_x86_64.whl (450 kB)
Unit Test	Install dependencies	2026-08-21T17:03:54.8072079Z Downloading uvloop-0.22.1-cp310-cp310-manylinux2014_x86_64.manylinux_2_17_x86_64.manylinux_2_28_x86_64.whl (3.7 MB)
Unit Test	Install dependencies	2026-08-21T17:03:54.8285337Z    ━━━━━━━━━━━━━━━━━━━━━━━━━━━━━━━━━━━━━━━━ 3.7/3.7 MB 191.2 MB/s  0:00:00
Unit Test	Install dependencies	2026-08-21T17:03:54.8360308Z Downloading voluptuous-0.16.0-py3-none-any.whl (31 kB)
Unit Test	Install dependencies	2026-08-21T17:03:54.8453436Z Downloading watchfiles-1.2.0-cp310-cp310-manylinux_2_17_x86_64.manylinux2014_x86_64.whl (457 kB)
Unit Test	Install dependencies	2026-08-21T17:03:54.8602695Z Downloading wcwidth-0.8.2-py3-none-any.whl (323 kB)
Unit Test	Install dependencies	2026-08-21T17:03:54.8703437Z Downloading websockets-16.1.1-cp310-cp310-manylinux1_x86_64.manylinux_2_28_x86_64.manylinux_2_5_x86_64.whl (186 kB)
Unit Test	Install dependencies	2026-08-21T17:03:54.8804951Z Downloading werkzeug-3.1.8-py3-none-any.whl (226 kB)
Unit Test	Install dependencies	2026-08-21T17:03:54.8902628Z Downloading zc_lockfile-4.0-py3-none-any.whl (9.1 kB)
Unit Test	Install dependencies	2026-08-21T17:03:54.8994521Z Downloading zipp-4.1.0-py3-none-any.whl (10 kB)
Unit Test	Install dependencies	2026-08-21T17:03:54.9089838Z Downloading appdirs-1.4.4-py2.py3-none-any.whl (9.6 kB)
Unit Test	Install dependencies	2026-08-21T17:03:54.9186299Z Downloading filelock-3.32.3-py3-none-any.whl (98 kB)
Unit Test	Install dependencies	2026-08-21T17:03:54.9282127Z Downloading google_auth_oauthlib-1.4.0-py3-none-any.whl (19 kB)
Unit Test	Install dependencies	2026-08-21T17:03:54.9382928Z Downloading requests_oauthlib-2.0.0-py2.py3-none-any.whl (24 kB)
Unit Test	Install dependencies	2026-08-21T17:03:54.9485187Z Downloading oauthlib-3.3.1-py3-none-any.whl (160 kB)
Unit Test	Install dependencies	2026-08-21T17:03:54.9584021Z Downloading google_cloud_storage_control-1.12.0-py3-none-any.whl (102 kB)
Unit Test	Install dependencies	2026-08-21T17:03:54.9681253Z Downloading grpc_google_iam_v1-0.14.4-py3-none-any.whl (32 kB)
Unit Test	Install dependencies	2026-08-21T17:03:54.9780035Z Downloading grpcio-1.83.0-cp310-cp310-manylinux2014_x86_64.manylinux_2_17_x86_64.whl (7.1 MB)
Unit Test	Install dependencies	2026-08-21T17:03:55.0036019Z    ━━━━━━━━━━━━━━━━━━━━━━━━━━━━━━━━━━━━━━━━ 7.1/7.1 MB 295.1 MB/s  0:00:00
Unit Test	Install dependencies	2026-08-21T17:03:55.0113687Z Downloading grpcio_status-1.62.3-py3-none-any.whl (14 kB)
Unit Test	Install dependencies	2026-08-21T17:03:55.0207626Z Downloading iniconfig-2.3.0-py3-none-any.whl (7.5 kB)
Unit Test	Install dependencies	2026-08-21T17:03:55.0300563Z Downloading mako-1.4.1-py3-none-any.whl (80 kB)
Unit Test	Install dependencies	2026-08-21T17:03:55.0393573Z Downloading pycparser-3.0-py3-none-any.whl (48 kB)
Unit Test	Install dependencies	2026-08-21T17:03:55.0487673Z Downloading tzlocal-5.4.4-py3-none-any.whl (18 kB)
Unit Test	Install dependencies	2026-08-21T17:03:55.9555891Z Building wheels for collected packages: antlr4-python3-runtime
Unit Test	Install dependencies	2026-08-21T17:03:55.9565248Z   Building wheel for antlr4-python3-runtime (pyproject.toml): started
Unit Test	Install dependencies	2026-08-21T17:03:56.2041983Z   Building wheel for antlr4-python3-runtime (pyproject.toml): finished with status 'done'
Unit Test	Install dependencies	2026-08-21T17:03:56.2049544Z   Created wheel for antlr4-python3-runtime: filename=antlr4_python3_runtime-4.9.3-py3-none-any.whl size=144590 sha256=1a01e2b4ae58d654e7157713adecc3cdf334c89597c3fc113db1ea5a690b9a4a
Unit Test	Install dependencies	2026-08-21T17:03:56.2051215Z   Stored in directory: /home/runner/.cache/pip/wheels/12/93/dd/1f6a127edc45659556564c5730f6d4e300888f4bca2d4c5a88
Unit Test	Install dependencies	2026-08-21T17:03:56.2068551Z Successfully built antlr4-python3-runtime
Unit Test	Install dependencies	2026-08-21T17:03:56.6410971Z Installing collected packages: pytz, pygtrie, funcy, appdirs, antlr4-python3-runtime, zipp, zc.lockfile, websockets, wcwidth, voluptuous, vine, uvloop, urllib3, ujson, tzlocal, tzdata, typing-extensions, tqdm, tomlkit, tomli, threadpoolctl, tabulate, sqlparse, smmap, six, shtab, shortuuid, shellingham, semver, ruamel.yaml, pyyaml, python-multipart, python-dotenv, pyparsing, pygments, pycparser, pyasn1, psutil, protobuf, propcache, pluggy, platformdirs, pillow, pathspec, packaging, orjson, oauthlib, numpy, networkx, mdurl, markupsafe, markdown, kiwisolver, joblib, itsdangerous, iniconfig, idna, httptools, h11, greenlet, graphql-core, google-crc32c, fsspec, frozenlist, fonttools, flatten-dict, filelock, entrypoints, dvc-render, dpath, dnspython, distro, diskcache, dictdiffer, decorator, cycler, configobj, colorama, cloudpickle, click, charset_normalizer, certifi, cachetools, blinker, billiard, attrs, atpublic, async-timeout, annotated-types, annotated-doc, aiohappyeyeballs, werkzeug, uvicorn, typing-inspection, sqltrie, sqlalchemy, scipy, requests, querystring-parser, python-dateutil, pydot, pydantic-core, pyasn1-modules, pyarrow, proto-plus, prompt-toolkit, opentelemetry-api, omegaconf, multidict, markdown-it-py, Mako, Jinja2, importlib-metadata, httpcore, gunicorn, grpcio, graphql-relay, grandalf, googleapis-common-protos, google-resumable-media, gitdb, flufl.lock, exceptiongroup, email_validator, dvc-objects, dulwich, contourpy, click-plugins, click-didyoumean, cffi, amqp, aiosignal, yarl, scikit-learn, rich, requests-oauthlib, pytest, pygit2, pydantic, pandas, opentelemetry-semantic-conventions, matplotlib, kombu, iterative-telemetry, hydra-core, grpcio-status, graphene, gitpython, Flask, dvc-studio-client, dvc-data, docker, cryptography, click-repl, anyio, alembic, watchfiles, typer, starlette, rich-toolkit, pydantic-settings, opentelemetry-sdk, httpx, grpc-google-iam-v1, google-auth, celery, asyncssh, aiohttp, mlflow, google-auth-oauthlib, google-api-core, dvc-task, aiohttp-retry, scmrepo, google-cloud-core, fastapi-cli, dvc-http, gto, google-cloud-storage-control, google-cloud-storage, fastapi, gcsfs, dvc, dvc-gs
Unit Test	Install dependencies	2026-08-21T17:04:24.5883244Z 
Unit Test	Install dependencies	2026-08-21T17:04:24.6083621Z Successfully installed Flask-3.1.3 Jinja2-3.1.6 Mako-1.4.1 aiohappyeyeballs-2.7.1 aiohttp-3.14.3 aiohttp-retry-2.9.1 aiosignal-1.4.0 alembic-1.19.1 amqp-5.3.1 annotated-doc-0.0.5 annotated-types-0.8.0 antlr4-python3-runtime-4.9.3 anyio-4.14.2 appdirs-1.4.4 async-timeout-5.0.1 asyncssh-2.24.0 atpublic-7.0.0 attrs-26.1.0 billiard-4.2.4 blinker-1.9.0 cachetools-5.5.2 celery-5.6.3 certifi-2026.7.22 cffi-2.1.1 charset_normalizer-3.5.1 click-8.4.2 click-didyoumean-0.3.1 click-plugins-1.1.1.2 click-repl-0.3.0 cloudpickle-3.1.2 colorama-0.4.6 configobj-5.0.9 contourpy-1.3.2 cryptography-50.0.0 cycler-0.12.1 decorator-5.3.1 dictdiffer-0.10.0 diskcache-5.6.3 distro-1.9.0 dnspython-2.8.0 docker-7.2.0 dpath-2.2.0 dulwich-1.2.12 dvc-3.50.1 dvc-data-3.15.2 dvc-gs-3.1.0 dvc-http-2.32.0 dvc-objects-5.2.0 dvc-render-1.0.2 dvc-studio-client-0.23.0 dvc-task-0.40.2 email_validator-2.3.0 entrypoints-0.4 exceptiongroup-1.3.1 fastapi-0.111.0 fastapi-cli-0.0.32 filelock-3.32.3 flatten-dict-0.5.0 flufl.lock-7.1.1 fonttools-4.63.0 frozenlist-1.8.0 fsspec-2025.12.0 funcy-2.0 gcsfs-2025.12.0 gitdb-4.0.12 gitpython-3.1.59 google-api-core-2.30.3 google-auth-2.56.3 google-auth-oauthlib-1.4.0 google-cloud-core-2.6.1 google-cloud-storage-2.16.0 google-cloud-storage-control-1.12.0 google-crc32c-1.8.0 google-resumable-media-2.10.1 googleapis-common-protos-1.75.0 grandalf-0.8 graphene-3.4.3 graphql-core-3.2.11 graphql-relay-3.2.0 greenlet-3.5.5 grpc-google-iam-v1-0.14.4 grpcio-1.83.0 grpcio-status-1.62.3 gto-1.10.1 gunicorn-22.0.0 h11-0.16.0 httpcore-1.0.9 httptools-0.8.0 httpx-0.28.1 hydra-core-1.3.5 idna-3.19 importlib-metadata-7.2.1 iniconfig-2.3.0 iterative-telemetry-0.0.10 itsdangerous-2.2.0 joblib-1.4.2 kiwisolver-1.5.0 kombu-5.6.2 markdown-3.10.3 markdown-it-py-4.2.0 markupsafe-3.0.3 matplotlib-3.10.9 mdurl-0.1.2 mlflow-2.13.0 multidict-6.7.1 networkx-3.4.2 numpy-1.26.4 oauthlib-3.3.1 omegaconf-2.3.1 opentelemetry-api-1.44.0 opentelemetry-sdk-1.44.0 opentelemetry-semantic-conventions-0.65b0 orjson-3.12.0 packaging-24.2 pandas-2.2.2 pathspec-0.11.2 pillow-12.3.0 platformdirs-3.11.0 pluggy-1.6.0 prompt-toolkit-3.0.53 propcache-0.5.2 proto-plus-1.28.2 protobuf-4.25.9 psutil-7.2.2 pyarrow-15.0.2 pyasn1-0.6.4 pyasn1-modules-0.4.2 pycparser-3.0 pydantic-2.13.4 pydantic-core-2.46.4 pydantic-settings-2.15.0 pydot-4.0.1 pygit2-1.18.2 pygments-2.21.0 pygtrie-2.5.0 pyparsing-3.3.2 pytest-8.2.0 python-dateutil-2.9.0.post0 python-dotenv-1.2.3 python-multipart-0.0.32 pytz-2024.2 pyyaml-6.0.1 querystring-parser-1.2.4 requests-2.34.2 requests-oauthlib-2.0.0 rich-15.0.0 rich-toolkit-0.20.3 ruamel.yaml-0.19.1 scikit-learn-1.4.2 scipy-1.15.3 scmrepo-3.6.2 semver-3.0.4 shellingham-1.5.4 shortuuid-1.0.13 shtab-1.11.0 six-1.17.0 smmap-5.0.3 sqlalchemy-2.0.52 sqlparse-0.6.0 sqltrie-0.11.2 starlette-0.37.2 tabulate-0.10.0 threadpoolctl-3.6.0 tomli-2.4.1 tomlkit-0.15.1 tqdm-4.70.0 typer-0.27.1 typing-extensions-4.16.0 typing-inspection-0.4.4 tzdata-2026.3 tzlocal-5.4.4 ujson-5.13.0 urllib3-2.7.0 uvicorn-0.29.0 uvloop-0.22.1 vine-5.1.0 voluptuous-0.16.0 watchfiles-1.2.0 wcwidth-0.8.2 websockets-16.1.1 werkzeug-3.1.8 yarl-1.24.5 zc.lockfile-4.0 zipp-4.1.0
Unit Test	Run unit tests	﻿2026-08-21T17:04:25.3062557Z ##[group]Run pytest tests/ -v
Unit Test	Run unit tests	2026-08-21T17:04:25.3062892Z ^[[36;1mpytest tests/ -v^[[0m
Unit Test	Run unit tests	2026-08-21T17:04:25.3107806Z shell: /usr/bin/bash -e {0}
Unit Test	Run unit tests	2026-08-21T17:04:25.3108071Z env:
Unit Test	Run unit tests	2026-08-21T17:04:25.3108354Z   pythonLocation: /opt/hostedtoolcache/Python/3.10.21/x64
Unit Test	Run unit tests	2026-08-21T17:04:25.3109012Z   PKG_CONFIG_PATH: /opt/hostedtoolcache/Python/3.10.21/x64/lib/pkgconfig
Unit Test	Run unit tests	2026-08-21T17:04:25.3109445Z   Python_ROOT_DIR: /opt/hostedtoolcache/Python/3.10.21/x64
Unit Test	Run unit tests	2026-08-21T17:04:25.3109827Z   Python2_ROOT_DIR: /opt/hostedtoolcache/Python/3.10.21/x64
Unit Test	Run unit tests	2026-08-21T17:04:25.3110206Z   Python3_ROOT_DIR: /opt/hostedtoolcache/Python/3.10.21/x64
Unit Test	Run unit tests	2026-08-21T17:04:25.3110588Z   LD_LIBRARY_PATH: /opt/hostedtoolcache/Python/3.10.21/x64/lib
Unit Test	Run unit tests	2026-08-21T17:04:25.3110913Z ##[endgroup]
Unit Test	Run unit tests	2026-08-21T17:04:26.5669893Z ============================= test session starts ==============================
Unit Test	Run unit tests	2026-08-21T17:04:26.5670814Z platform linux -- Python 3.10.21, pytest-8.2.0, pluggy-1.6.0 -- /opt/hostedtoolcache/Python/3.10.21/x64/bin/python
Unit Test	Run unit tests	2026-08-21T17:04:26.5671677Z cachedir: .pytest_cache
Unit Test	Run unit tests	2026-08-21T17:04:26.5672397Z rootdir: /home/runner/work/TRACK2-DAY21-2A202601155-TRANNGUYENTHENHAT/TRACK2-DAY21-2A202601155-TRANNGUYENTHENHAT
Unit Test	Run unit tests	2026-08-21T17:04:26.5673223Z plugins: hydra-core-1.3.5, anyio-4.14.2
Unit Test	Run unit tests	2026-08-21T17:04:28.7717187Z collecting ... collected 3 items
Unit Test	Run unit tests	2026-08-21T17:04:28.7717625Z 
Unit Test	Run unit tests	2026-08-21T17:04:31.3080558Z tests/test_train.py::test_train_returns_float PASSED                     [ 33%]
Unit Test	Run unit tests	2026-08-21T17:04:32.8392635Z tests/test_train.py::test_metrics_file_created PASSED                    [ 66%]
Unit Test	Run unit tests	2026-08-21T17:04:34.3797472Z tests/test_train.py::test_model_file_created PASSED                      [100%]
Unit Test	Run unit tests	2026-08-21T17:04:34.3798036Z 
Unit Test	Run unit tests	2026-08-21T17:04:34.3799786Z =============================== warnings summary ===============================
Unit Test	Run unit tests	2026-08-21T17:04:34.3800743Z ../../../../../opt/hostedtoolcache/Python/3.10.21/x64/lib/python3.10/site-packages/mlflow/utils/requirements_utils.py:20
Unit Test	Run unit tests	2026-08-21T17:04:34.3802447Z   /opt/hostedtoolcache/Python/3.10.21/x64/lib/python3.10/site-packages/mlflow/utils/requirements_utils.py:20: DeprecationWarning: pkg_resources is deprecated as an API. See https://setuptools.pypa.io/en/latest/pkg_resources.html
Unit Test	Run unit tests	2026-08-21T17:04:34.3803943Z     import pkg_resources  # noqa: TID251
Unit Test	Run unit tests	2026-08-21T17:04:34.3804234Z 
Unit Test	Run unit tests	2026-08-21T17:04:34.3804687Z ../../../../../opt/hostedtoolcache/Python/3.10.21/x64/lib/python3.10/site-packages/mlflow/gateway/config.py:61
Unit Test	Run unit tests	2026-08-21T17:04:34.3807569Z   /opt/hostedtoolcache/Python/3.10.21/x64/lib/python3.10/site-packages/mlflow/gateway/config.py:61: PydanticDeprecatedSince20: Pydantic V1 style `@validator` validators are deprecated. You should migrate to Pydantic V2 style `@field_validator` validators, see the migration guide for more details. Deprecated in Pydantic V2.0 to be removed in V3.0. See Pydantic V2 Migration Guide at https://errors.pydantic.dev/2.13/migration/
Unit Test	Run unit tests	2026-08-21T17:04:34.3810137Z     @validator("togetherai_api_key", pre=True)
Unit Test	Run unit tests	2026-08-21T17:04:34.3810495Z 
Unit Test	Run unit tests	2026-08-21T17:04:34.3811016Z ../../../../../opt/hostedtoolcache/Python/3.10.21/x64/lib/python3.10/site-packages/mlflow/gateway/config.py:75
Unit Test	Run unit tests	2026-08-21T17:04:34.3813816Z   /opt/hostedtoolcache/Python/3.10.21/x64/lib/python3.10/site-packages/mlflow/gateway/config.py:75: PydanticDeprecatedSince20: Pydantic V1 style `@validator` validators are deprecated. You should migrate to Pydantic V2 style `@field_validator` validators, see the migration guide for more details. Deprecated in Pydantic V2.0 to be removed in V3.0. See Pydantic V2 Migration Guide at https://errors.pydantic.dev/2.13/migration/
Unit Test	Run unit tests	2026-08-21T17:04:34.3815364Z     @validator("cohere_api_key", pre=True)
Unit Test	Run unit tests	2026-08-21T17:04:34.3815564Z 
Unit Test	Run unit tests	2026-08-21T17:04:34.3815862Z ../../../../../opt/hostedtoolcache/Python/3.10.21/x64/lib/python3.10/site-packages/mlflow/gateway/config.py:83
Unit Test	Run unit tests	2026-08-21T17:04:34.3817815Z   /opt/hostedtoolcache/Python/3.10.21/x64/lib/python3.10/site-packages/mlflow/gateway/config.py:83: PydanticDeprecatedSince20: Pydantic V1 style `@validator` validators are deprecated. You should migrate to Pydantic V2 style `@field_validator` validators, see the migration guide for more details. Deprecated in Pydantic V2.0 to be removed in V3.0. See Pydantic V2 Migration Guide at https://errors.pydantic.dev/2.13/migration/
Unit Test	Run unit tests	2026-08-21T17:04:34.3819753Z     @validator("ai21labs_api_key", pre=True)
Unit Test	Run unit tests	2026-08-21T17:04:34.3819961Z 
Unit Test	Run unit tests	2026-08-21T17:04:34.3820282Z ../../../../../opt/hostedtoolcache/Python/3.10.21/x64/lib/python3.10/site-packages/mlflow/gateway/config.py:92
Unit Test	Run unit tests	2026-08-21T17:04:34.3821977Z   /opt/hostedtoolcache/Python/3.10.21/x64/lib/python3.10/site-packages/mlflow/gateway/config.py:92: PydanticDeprecatedSince20: Pydantic V1 style `@validator` validators are deprecated. You should migrate to Pydantic V2 style `@field_validator` validators, see the migration guide for more details. Deprecated in Pydantic V2.0 to be removed in V3.0. See Pydantic V2 Migration Guide at https://errors.pydantic.dev/2.13/migration/
Unit Test	Run unit tests	2026-08-21T17:04:34.3823443Z     @validator("mosaicml_api_key", pre=True)
Unit Test	Run unit tests	2026-08-21T17:04:34.3823637Z 
Unit Test	Run unit tests	2026-08-21T17:04:34.3823934Z ../../../../../opt/hostedtoolcache/Python/3.10.21/x64/lib/python3.10/site-packages/mlflow/gateway/config.py:122
Unit Test	Run unit tests	2026-08-21T17:04:34.3825615Z   /opt/hostedtoolcache/Python/3.10.21/x64/lib/python3.10/site-packages/mlflow/gateway/config.py:122: PydanticDeprecatedSince20: Pydantic V1 style `@validator` validators are deprecated. You should migrate to Pydantic V2 style `@field_validator` validators, see the migration guide for more details. Deprecated in Pydantic V2.0 to be removed in V3.0. See Pydantic V2 Migration Guide at https://errors.pydantic.dev/2.13/migration/
Unit Test	Run unit tests	2026-08-21T17:04:34.3827749Z     @validator("openai_api_key", pre=True)
Unit Test	Run unit tests	2026-08-21T17:04:34.3828068Z 
Unit Test	Run unit tests	2026-08-21T17:04:34.3828544Z ../../../../../opt/hostedtoolcache/Python/3.10.21/x64/lib/python3.10/site-packages/mlflow/gateway/config.py:179
Unit Test	Run unit tests	2026-08-21T17:04:34.3831132Z   /opt/hostedtoolcache/Python/3.10.21/x64/lib/python3.10/site-packages/mlflow/gateway/config.py:179: PydanticDeprecatedSince20: Pydantic V1 style `@validator` validators are deprecated. You should migrate to Pydantic V2 style `@field_validator` validators, see the migration guide for more details. Deprecated in Pydantic V2.0 to be removed in V3.0. See Pydantic V2 Migration Guide at https://errors.pydantic.dev/2.13/migration/
Unit Test	Run unit tests	2026-08-21T17:04:34.3832667Z     @validator("anthropic_api_key", pre=True)
Unit Test	Run unit tests	2026-08-21T17:04:34.3832881Z 
Unit Test	Run unit tests	2026-08-21T17:04:34.3833179Z ../../../../../opt/hostedtoolcache/Python/3.10.21/x64/lib/python3.10/site-packages/mlflow/gateway/config.py:187
Unit Test	Run unit tests	2026-08-21T17:04:34.3834807Z   /opt/hostedtoolcache/Python/3.10.21/x64/lib/python3.10/site-packages/mlflow/gateway/config.py:187: PydanticDeprecatedSince20: Pydantic V1 style `@validator` validators are deprecated. You should migrate to Pydantic V2 style `@field_validator` validators, see the migration guide for more details. Deprecated in Pydantic V2.0 to be removed in V3.0. See Pydantic V2 Migration Guide at https://errors.pydantic.dev/2.13/migration/
Unit Test	Run unit tests	2026-08-21T17:04:34.3836295Z     @validator("palm_api_key", pre=True)
Unit Test	Run unit tests	2026-08-21T17:04:34.3836479Z 
Unit Test	Run unit tests	2026-08-21T17:04:34.3836772Z ../../../../../opt/hostedtoolcache/Python/3.10.21/x64/lib/python3.10/site-packages/mlflow/gateway/config.py:227
Unit Test	Run unit tests	2026-08-21T17:04:34.3839078Z   /opt/hostedtoolcache/Python/3.10.21/x64/lib/python3.10/site-packages/mlflow/gateway/config.py:227: PydanticDeprecatedSince20: Pydantic V1 style `@validator` validators are deprecated. You should migrate to Pydantic V2 style `@field_validator` validators, see the migration guide for more details. Deprecated in Pydantic V2.0 to be removed in V3.0. See Pydantic V2 Migration Guide at https://errors.pydantic.dev/2.13/migration/
Unit Test	Run unit tests	2026-08-21T17:04:34.3840529Z     @validator("mistral_api_key", pre=True)
Unit Test	Run unit tests	2026-08-21T17:04:34.3840748Z 
Unit Test	Run unit tests	2026-08-21T17:04:34.3841036Z ../../../../../opt/hostedtoolcache/Python/3.10.21/x64/lib/python3.10/site-packages/mlflow/gateway/config.py:308
Unit Test	Run unit tests	2026-08-21T17:04:34.3842690Z   /opt/hostedtoolcache/Python/3.10.21/x64/lib/python3.10/site-packages/mlflow/gateway/config.py:308: PydanticDeprecatedSince20: Pydantic V1 style `@validator` validators are deprecated. You should migrate to Pydantic V2 style `@field_validator` validators, see the migration guide for more details. Deprecated in Pydantic V2.0 to be removed in V3.0. See Pydantic V2 Migration Guide at https://errors.pydantic.dev/2.13/migration/
Unit Test	Run unit tests	2026-08-21T17:04:34.3844550Z     @validator("provider", pre=True)
Unit Test	Run unit tests	2026-08-21T17:04:34.3844738Z 
Unit Test	Run unit tests	2026-08-21T17:04:34.3845029Z ../../../../../opt/hostedtoolcache/Python/3.10.21/x64/lib/python3.10/site-packages/mlflow/gateway/config.py:329
Unit Test	Run unit tests	2026-08-21T17:04:34.3846656Z   /opt/hostedtoolcache/Python/3.10.21/x64/lib/python3.10/site-packages/mlflow/gateway/config.py:329: PydanticDeprecatedSince20: Pydantic V1 style `@validator` validators are deprecated. You should migrate to Pydantic V2 style `@field_validator` validators, see the migration guide for more details. Deprecated in Pydantic V2.0 to be removed in V3.0. See Pydantic V2 Migration Guide at https://errors.pydantic.dev/2.13/migration/
Unit Test	Run unit tests	2026-08-21T17:04:34.3848337Z     @validator("config", pre=True)
Unit Test	Run unit tests	2026-08-21T17:04:34.3848510Z 
Unit Test	Run unit tests	2026-08-21T17:04:34.3848805Z ../../../../../opt/hostedtoolcache/Python/3.10.21/x64/lib/python3.10/site-packages/mlflow/gateway/config.py:369
Unit Test	Run unit tests	2026-08-21T17:04:34.3850447Z   /opt/hostedtoolcache/Python/3.10.21/x64/lib/python3.10/site-packages/mlflow/gateway/config.py:369: PydanticDeprecatedSince20: Pydantic V1 style `@validator` validators are deprecated. You should migrate to Pydantic V2 style `@field_validator` validators, see the migration guide for more details. Deprecated in Pydantic V2.0 to be removed in V3.0. See Pydantic V2 Migration Guide at https://errors.pydantic.dev/2.13/migration/
Unit Test	Run unit tests	2026-08-21T17:04:34.3851876Z     @validator("name")
Unit Test	Run unit tests	2026-08-21T17:04:34.3852012Z 
Unit Test	Run unit tests	2026-08-21T17:04:34.3852315Z ../../../../../opt/hostedtoolcache/Python/3.10.21/x64/lib/python3.10/site-packages/mlflow/gateway/config.py:379
Unit Test	Run unit tests	2026-08-21T17:04:34.3853937Z   /opt/hostedtoolcache/Python/3.10.21/x64/lib/python3.10/site-packages/mlflow/gateway/config.py:379: PydanticDeprecatedSince20: Pydantic V1 style `@validator` validators are deprecated. You should migrate to Pydantic V2 style `@field_validator` validators, see the migration guide for more details. Deprecated in Pydantic V2.0 to be removed in V3.0. See Pydantic V2 Migration Guide at https://errors.pydantic.dev/2.13/migration/
Unit Test	Run unit tests	2026-08-21T17:04:34.3855362Z     @validator("model", pre=True)
Unit Test	Run unit tests	2026-08-21T17:04:34.3855534Z 
Unit Test	Run unit tests	2026-08-21T17:04:34.3855814Z ../../../../../opt/hostedtoolcache/Python/3.10.21/x64/lib/python3.10/site-packages/mlflow/gateway/config.py:390
Unit Test	Run unit tests	2026-08-21T17:04:34.3857642Z   /opt/hostedtoolcache/Python/3.10.21/x64/lib/python3.10/site-packages/mlflow/gateway/config.py:390: PydanticDeprecatedSince20: Pydantic V1 style `@root_validator` validators are deprecated. You should migrate to Pydantic V2 style `@model_validator` validators, see the migration guide for more details. Deprecated in Pydantic V2.0 to be removed in V3.0. See Pydantic V2 Migration Guide at https://errors.pydantic.dev/2.13/migration/
Unit Test	Run unit tests	2026-08-21T17:04:34.3859120Z     @root_validator(skip_on_failure=True)
Unit Test	Run unit tests	2026-08-21T17:04:34.3859312Z 
Unit Test	Run unit tests	2026-08-21T17:04:34.3859589Z ../../../../../opt/hostedtoolcache/Python/3.10.21/x64/lib/python3.10/site-packages/mlflow/gateway/config.py:412
Unit Test	Run unit tests	2026-08-21T17:04:34.3861240Z   /opt/hostedtoolcache/Python/3.10.21/x64/lib/python3.10/site-packages/mlflow/gateway/config.py:412: PydanticDeprecatedSince20: Pydantic V1 style `@validator` validators are deprecated. You should migrate to Pydantic V2 style `@field_validator` validators, see the migration guide for more details. Deprecated in Pydantic V2.0 to be removed in V3.0. See Pydantic V2 Migration Guide at https://errors.pydantic.dev/2.13/migration/
Unit Test	Run unit tests	2026-08-21T17:04:34.3862691Z     @validator("route_type", pre=True)
Unit Test	Run unit tests	2026-08-21T17:04:34.3862869Z 
Unit Test	Run unit tests	2026-08-21T17:04:34.3863151Z ../../../../../opt/hostedtoolcache/Python/3.10.21/x64/lib/python3.10/site-packages/mlflow/gateway/config.py:418
Unit Test	Run unit tests	2026-08-21T17:04:34.3864925Z   /opt/hostedtoolcache/Python/3.10.21/x64/lib/python3.10/site-packages/mlflow/gateway/config.py:418: PydanticDeprecatedSince20: Pydantic V1 style `@validator` validators are deprecated. You should migrate to Pydantic V2 style `@field_validator` validators, see the migration guide for more details. Deprecated in Pydantic V2.0 to be removed in V3.0. See Pydantic V2 Migration Guide at https://errors.pydantic.dev/2.13/migration/
Unit Test	Run unit tests	2026-08-21T17:04:34.3866482Z     @validator("limit", pre=True)
Unit Test	Run unit tests	2026-08-21T17:04:34.3866655Z 
Unit Test	Run unit tests	2026-08-21T17:04:34.3867115Z ../../../../../opt/hostedtoolcache/Python/3.10.21/x64/lib/python3.10/site-packages/mlflow/gateway/config.py:468
Unit Test	Run unit tests	2026-08-21T17:04:34.3868483Z   /opt/hostedtoolcache/Python/3.10.21/x64/lib/python3.10/site-packages/mlflow/gateway/config.py:468: PydanticDeprecatedSince20: Support for class-based `config` is deprecated, use ConfigDict instead. Deprecated in Pydantic V2.0 to be removed in V3.0. See Pydantic V2 Migration Guide at https://errors.pydantic.dev/2.13/migration/
Unit Test	Run unit tests	2026-08-21T17:04:34.3869638Z     class Route(ConfigModel):
Unit Test	Run unit tests	2026-08-21T17:04:34.3869805Z 
Unit Test	Run unit tests	2026-08-21T17:04:34.3869958Z tests/test_train.py::test_train_returns_float
Unit Test	Run unit tests	2026-08-21T17:04:34.3870286Z tests/test_train.py::test_metrics_file_created
Unit Test	Run unit tests	2026-08-21T17:04:34.3870612Z tests/test_train.py::test_model_file_created
Unit Test	Run unit tests	2026-08-21T17:04:34.3871532Z   /opt/hostedtoolcache/Python/3.10.21/x64/lib/python3.10/importlib/__init__.py:126: DeprecationWarning: The distutils package is deprecated and slated for removal in Python 3.12. Use setuptools or check PEP 632 for potential alternatives
Unit Test	Run unit tests	2026-08-21T17:04:34.3872493Z     return _bootstrap._gcd_import(name[level:], package, level)
Unit Test	Run unit tests	2026-08-21T17:04:34.3872745Z 
Unit Test	Run unit tests	2026-08-21T17:04:34.3872878Z tests/test_train.py::test_metrics_file_created
Unit Test	Run unit tests	2026-08-21T17:04:34.3873196Z tests/test_train.py::test_model_file_created
Unit Test	Run unit tests	2026-08-21T17:04:34.3874913Z   /opt/hostedtoolcache/Python/3.10.21/x64/lib/python3.10/site-packages/_distutils_hack/__init__.py:15: UserWarning: Distutils was imported before Setuptools, but importing Setuptools also replaces the `distutils` module in `sys.modules`. This may lead to undesirable behaviors or errors. To avoid these issues, avoid using distutils directly, ensure that setuptools is installed in the traditional way (e.g. not an editable install), and/or make sure that setuptools is always imported before distutils.
Unit Test	Run unit tests	2026-08-21T17:04:34.3876583Z     warnings.warn(
Unit Test	Run unit tests	2026-08-21T17:04:34.3876713Z 
Unit Test	Run unit tests	2026-08-21T17:04:34.3876992Z tests/test_train.py::test_metrics_file_created
Unit Test	Run unit tests	2026-08-21T17:04:34.3877346Z tests/test_train.py::test_model_file_created
Unit Test	Run unit tests	2026-08-21T17:04:34.3878668Z   /opt/hostedtoolcache/Python/3.10.21/x64/lib/python3.10/site-packages/_distutils_hack/__init__.py:30: UserWarning: Setuptools is replacing distutils. Support for replacing an already imported distutils is deprecated. In the future, this condition will fail. Register concerns at https://github.com/pypa/setuptools/issues/new?template=distutils-deprecation.yml
Unit Test	Run unit tests	2026-08-21T17:04:34.3879942Z     warnings.warn(
Unit Test	Run unit tests	2026-08-21T17:04:34.3880150Z 
Unit Test	Run unit tests	2026-08-21T17:04:34.3880363Z -- Docs: https://docs.pytest.org/en/stable/how-to/capture-warnings.html
Unit Test	Run unit tests	2026-08-21T17:04:34.3881176Z ======================== 3 passed, 24 warnings in 7.82s ========================
Unit Test	Post Run actions/setup-python@v5	﻿2026-08-21T17:04:34.7683856Z Node 20 is being deprecated. This workflow is running with Node 24 by default. If you need to temporarily use Node 20, you can set the ACTIONS_ALLOW_USE_UNSECURE_NODE_VERSION=true environment variable. For more information see: https://github.blog/changelog/2025-09-19-deprecation-of-node-20-on-github-actions-runners/
Unit Test	Post Run actions/setup-python@v5	2026-08-21T17:04:34.7685041Z Post job cleanup.
Unit Test	Post Run actions/setup-python@v5	2026-08-21T17:04:34.8864407Z (node:2317) [DEP0040] DeprecationWarning: The `punycode` module is deprecated. Please use a userland alternative instead.
Unit Test	Post Run actions/setup-python@v5	2026-08-21T17:04:34.8865222Z (Use `node --trace-deprecation ...` to show where the warning was created)
Unit Test	Post Run actions/checkout@v4	﻿2026-08-21T17:04:34.9115474Z Node 20 is being deprecated. This workflow is running with Node 24 by default. If you need to temporarily use Node 20, you can set the ACTIONS_ALLOW_USE_UNSECURE_NODE_VERSION=true environment variable. For more information see: https://github.blog/changelog/2025-09-19-deprecation-of-node-20-on-github-actions-runners/
Unit Test	Post Run actions/checkout@v4	2026-08-21T17:04:34.9117697Z Post job cleanup.
Unit Test	Post Run actions/checkout@v4	2026-08-21T17:04:35.0026151Z [command]/usr/bin/git version
Unit Test	Post Run actions/checkout@v4	2026-08-21T17:04:35.0068972Z git version 2.55.0
Unit Test	Post Run actions/checkout@v4	2026-08-21T17:04:35.0103943Z Temporarily overriding HOME='/home/runner/work/_temp/37ba9948-778c-46a7-9371-109b65fd9707' before making global git config changes
Unit Test	Post Run actions/checkout@v4	2026-08-21T17:04:35.0105445Z Adding repository directory to the temporary git global config as a safe directory
Unit Test	Post Run actions/checkout@v4	2026-08-21T17:04:35.0109940Z [command]/usr/bin/git config --global --add safe.directory /home/runner/work/TRACK2-DAY21-2A202601155-TRANNGUYENTHENHAT/TRACK2-DAY21-2A202601155-TRANNGUYENTHENHAT
Unit Test	Post Run actions/checkout@v4	2026-08-21T17:04:35.0149986Z [command]/usr/bin/git config --local --name-only --get-regexp core\.sshCommand
Unit Test	Post Run actions/checkout@v4	2026-08-21T17:04:35.0187435Z [command]/usr/bin/git submodule foreach --recursive sh -c "git config --local --name-only --get-regexp 'core\.sshCommand' && git config --local --unset-all 'core.sshCommand' || :"
Unit Test	Post Run actions/checkout@v4	2026-08-21T17:04:35.0480756Z [command]/usr/bin/git config --local --name-only --get-regexp http\.https\:\/\/github\.com\/\.extraheader
Unit Test	Post Run actions/checkout@v4	2026-08-21T17:04:35.0601527Z http.https://github.com/.extraheader
Unit Test	Post Run actions/checkout@v4	2026-08-21T17:04:35.0618603Z [command]/usr/bin/git config --local --unset-all http.https://github.com/.extraheader
Unit Test	Post Run actions/checkout@v4	2026-08-21T17:04:35.0671518Z [command]/usr/bin/git submodule foreach --recursive sh -c "git config --local --name-only --get-regexp 'http\.https\:\/\/github\.com\/\.extraheader' && git config --local --unset-all 'http.https://github.com/.extraheader' || :"
Unit Test	Post Run actions/checkout@v4	2026-08-21T17:04:35.1075995Z [command]/usr/bin/git config --local --name-only --get-regexp ^includeIf\.gitdir:
Unit Test	Post Run actions/checkout@v4	2026-08-21T17:04:35.1172600Z [command]/usr/bin/git submodule foreach --recursive git config --local --show-origin --name-only --get-regexp remote.origin.url
Unit Test	Complete job	﻿2026-08-21T17:04:35.1785809Z Cleaning up orphan processes
Unit Test	Complete job	2026-08-21T17:04:35.2101265Z ##[warning]Node.js 20 is deprecated. The following actions target Node.js 20 but are being forced to run on Node.js 24: actions/checkout@v4, actions/setup-python@v5. For more information see: https://github.blog/changelog/2025-09-19-deprecation-of-node-20-on-github-actions-runners/
Train	Set up job	﻿2026-08-21T17:04:39.7885221Z Current runner version: '2.336.0'
Train	Set up job	2026-08-21T17:04:39.7913277Z ##[group]Runner Image Provisioner
Train	Set up job	2026-08-21T17:04:39.7914581Z Hosted Compute Agent
Train	Set up job	2026-08-21T17:04:39.7915455Z Version: 20260729.566
Train	Set up job	2026-08-21T17:04:39.7916472Z Commit: cf7153fe6e25b664e8693c24944bf2b00355d109
Train	Set up job	2026-08-21T17:04:39.7918058Z Build Date: 2026-07-29T19:17:02Z
Train	Set up job	2026-08-21T17:04:39.7919151Z Worker ID: ***b49bcf96-b043-4c00-bbc5-dcf4ef41d40e***
Train	Set up job	2026-08-21T17:04:39.7920292Z Azure Region: westcentralus
Train	Set up job	2026-08-21T17:04:39.7921210Z ##[endgroup]
Train	Set up job	2026-08-21T17:04:39.7923099Z ##[group]Operating System
Train	Set up job	2026-08-21T17:04:39.7924156Z Ubuntu
Train	Set up job	2026-08-21T17:04:39.7924978Z 24.04.4
Train	Set up job	2026-08-21T17:04:39.7925751Z LTS
Train	Set up job	2026-08-21T17:04:39.7926554Z ##[endgroup]
Train	Set up job	2026-08-21T17:04:39.7927653Z ##[group]Runner Image
Train	Set up job	2026-08-21T17:04:39.7928628Z Image: ubuntu-24.04
Train	Set up job	2026-08-21T17:04:39.7929451Z Version: 20260816.277.1
Train	Set up job	2026-08-21T17:04:39.7930849Z Included Software: https://github.com/actions/runner-images/blob/ubuntu24/20260816.277/images/ubuntu/Ubuntu2404-Readme.md
Train	Set up job	2026-08-21T17:04:39.7932950Z Image Release: https://github.com/actions/runner-images/releases/tag/ubuntu24%2F20260816.277
Train	Set up job	2026-08-21T17:04:39.7934188Z ##[endgroup]
Train	Set up job	2026-08-21T17:04:39.7935843Z ##[group]GITHUB_TOKEN Permissions
Train	Set up job	2026-08-21T17:04:39.7938418Z Contents: read
Train	Set up job	2026-08-21T17:04:39.7939365Z Metadata: read
Train	Set up job	2026-08-21T17:04:39.7940230Z Packages: read
Train	Set up job	2026-08-21T17:04:39.7941089Z ##[endgroup]
Train	Set up job	2026-08-21T17:04:39.7943542Z Secret source: Actions
Train	Set up job	2026-08-21T17:04:39.7945117Z Prepare workflow directory
Train	Set up job	2026-08-21T17:04:39.8305596Z Prepare all required actions
Train	Set up job	2026-08-21T17:04:39.8354689Z Getting action download info
Train	Set up job	2026-08-21T17:04:40.1494183Z Download action repository 'actions/checkout@v4' (SHA:11d5960a326750d5838078e36cf38b85af677262)
Train	Set up job	2026-08-21T17:04:40.2803674Z Download action repository 'actions/setup-python@v5' (SHA:a26af69be951a213d495a4c3e4e4022e16d87065)
Train	Set up job	2026-08-21T17:04:40.3706685Z Download action repository 'actions/upload-artifact@v4' (SHA:ea165f8d65b6e75b540449e92b4886f43607fa02)
Train	Set up job	2026-08-21T17:04:40.5882671Z Complete job name: Train
Train	Run actions/checkout@v4	﻿2026-08-21T17:04:40.6805524Z Node 20 is being deprecated. This workflow is running with Node 24 by default. If you need to temporarily use Node 20, you can set the ACTIONS_ALLOW_USE_UNSECURE_NODE_VERSION=true environment variable. For more information see: https://github.blog/changelog/2025-09-19-deprecation-of-node-20-on-github-actions-runners/
Train	Run actions/checkout@v4	2026-08-21T17:04:40.6815491Z ##[group]Run actions/checkout@v4
Train	Run actions/checkout@v4	2026-08-21T17:04:40.6816444Z with:
Train	Run actions/checkout@v4	2026-08-21T17:04:40.6817689Z   repository: ***/TRACK2-DAY21-2A202601155-TRANNGUYENTHENHAT
Train	Run actions/checkout@v4	2026-08-21T17:04:40.6821704Z   token: ***
Train	Run actions/checkout@v4	2026-08-21T17:04:40.6822311Z   ssh-strict: true
Train	Run actions/checkout@v4	2026-08-21T17:04:40.6822929Z   ssh-user: git
Train	Run actions/checkout@v4	2026-08-21T17:04:40.6823550Z   persist-credentials: true
Train	Run actions/checkout@v4	2026-08-21T17:04:40.6824213Z   clean: true
Train	Run actions/checkout@v4	2026-08-21T17:04:40.6824821Z   sparse-checkout-cone-mode: true
Train	Run actions/checkout@v4	2026-08-21T17:04:40.6825514Z   fetch-depth: 1
Train	Run actions/checkout@v4	2026-08-21T17:04:40.6826106Z   fetch-tags: false
Train	Run actions/checkout@v4	2026-08-21T17:04:40.6826729Z   show-progress: true
Train	Run actions/checkout@v4	2026-08-21T17:04:40.6827691Z   lfs: false
Train	Run actions/checkout@v4	2026-08-21T17:04:40.6828288Z   submodules: false
Train	Run actions/checkout@v4	2026-08-21T17:04:40.6828971Z   set-safe-directory: true
Train	Run actions/checkout@v4	2026-08-21T17:04:40.6829658Z   allow-unsafe-pr-checkout: false
Train	Run actions/checkout@v4	2026-08-21T17:04:40.6830681Z ##[endgroup]
Train	Run actions/checkout@v4	2026-08-21T17:04:40.7926105Z Syncing repository: ***/TRACK2-DAY21-2A202601155-TRANNGUYENTHENHAT
Train	Run actions/checkout@v4	2026-08-21T17:04:40.7929430Z ##[group]Getting Git version info
Train	Run actions/checkout@v4	2026-08-21T17:04:40.7930894Z Working directory is '/home/runner/work/TRACK2-DAY21-2A202601155-TRANNGUYENTHENHAT/TRACK2-DAY21-2A202601155-TRANNGUYENTHENHAT'
Train	Run actions/checkout@v4	2026-08-21T17:04:40.7932881Z [command]/usr/bin/git version
Train	Run actions/checkout@v4	2026-08-21T17:04:40.8018976Z git version 2.55.0
Train	Run actions/checkout@v4	2026-08-21T17:04:40.8049204Z ##[endgroup]
Train	Run actions/checkout@v4	2026-08-21T17:04:40.8066276Z Temporarily overriding HOME='/home/runner/work/_temp/69d0d2dd-1484-46b6-a38f-50c28ec15899' before making global git config changes
Train	Run actions/checkout@v4	2026-08-21T17:04:40.8068451Z Adding repository directory to the temporary git global config as a safe directory
Train	Run actions/checkout@v4	2026-08-21T17:04:40.8074686Z [command]/usr/bin/git config --global --add safe.directory /home/runner/work/TRACK2-DAY21-2A202601155-TRANNGUYENTHENHAT/TRACK2-DAY21-2A202601155-TRANNGUYENTHENHAT
Train	Run actions/checkout@v4	2026-08-21T17:04:40.8136210Z Deleting the contents of '/home/runner/work/TRACK2-DAY21-2A202601155-TRANNGUYENTHENHAT/TRACK2-DAY21-2A202601155-TRANNGUYENTHENHAT'
Train	Run actions/checkout@v4	2026-08-21T17:04:40.8140991Z ##[group]Initializing the repository
Train	Run actions/checkout@v4	2026-08-21T17:04:40.8147324Z [command]/usr/bin/git init /home/runner/work/TRACK2-DAY21-2A202601155-TRANNGUYENTHENHAT/TRACK2-DAY21-2A202601155-TRANNGUYENTHENHAT
Train	Run actions/checkout@v4	2026-08-21T17:04:40.8299767Z hint: Using 'master' as the name for the initial branch. This default branch name
Train	Run actions/checkout@v4	2026-08-21T17:04:40.8328926Z hint: will change to "main" in Git 3.0. To configure the initial branch name
Train	Run actions/checkout@v4	2026-08-21T17:04:40.8330683Z hint: to use in all of your new repositories, which will suppress this warning,
Train	Run actions/checkout@v4	2026-08-21T17:04:40.8331674Z hint: call:
Train	Run actions/checkout@v4	2026-08-21T17:04:40.8332268Z hint:
Train	Run actions/checkout@v4	2026-08-21T17:04:40.8332973Z hint: 	git config --global init.defaultBranch <name>
Train	Run actions/checkout@v4	2026-08-21T17:04:40.8333832Z hint:
Train	Run actions/checkout@v4	2026-08-21T17:04:40.8334632Z hint: Names commonly chosen instead of 'master' are 'main', 'trunk' and
Train	Run actions/checkout@v4	2026-08-21T17:04:40.8335799Z hint: 'development'. The just-created branch can be renamed via this command:
Train	Run actions/checkout@v4	2026-08-21T17:04:40.8336717Z hint:
Train	Run actions/checkout@v4	2026-08-21T17:04:40.8337949Z hint: 	git branch -m <name>
Train	Run actions/checkout@v4	2026-08-21T17:04:40.8339056Z hint:
Train	Run actions/checkout@v4	2026-08-21T17:04:40.8340411Z hint: Disable this message with "git config set advice.defaultBranchName false"
Train	Run actions/checkout@v4	2026-08-21T17:04:40.8343237Z Initialized empty Git repository in /home/runner/work/TRACK2-DAY21-2A202601155-TRANNGUYENTHENHAT/TRACK2-DAY21-2A202601155-TRANNGUYENTHENHAT/.git/
Train	Run actions/checkout@v4	2026-08-21T17:04:40.8348014Z [command]/usr/bin/git remote add origin https://github.com/***/TRACK2-DAY21-2A202601155-TRANNGUYENTHENHAT
Train	Run actions/checkout@v4	2026-08-21T17:04:40.8406149Z ##[endgroup]
Train	Run actions/checkout@v4	2026-08-21T17:04:40.8408465Z ##[group]Disabling automatic garbage collection
Train	Run actions/checkout@v4	2026-08-21T17:04:40.8420467Z [command]/usr/bin/git config --local gc.auto 0
Train	Run actions/checkout@v4	2026-08-21T17:04:40.8500923Z ##[endgroup]
Train	Run actions/checkout@v4	2026-08-21T17:04:40.8502821Z ##[group]Setting up auth
Train	Run actions/checkout@v4	2026-08-21T17:04:40.8504888Z [command]/usr/bin/git config --local --name-only --get-regexp core\.sshCommand
Train	Run actions/checkout@v4	2026-08-21T17:04:40.8573343Z [command]/usr/bin/git submodule foreach --recursive sh -c "git config --local --name-only --get-regexp 'core\.sshCommand' && git config --local --unset-all 'core.sshCommand' || :"
Train	Run actions/checkout@v4	2026-08-21T17:04:40.9033188Z [command]/usr/bin/git config --local --name-only --get-regexp http\.https\:\/\/github\.com\/\.extraheader
Train	Run actions/checkout@v4	2026-08-21T17:04:40.9073737Z [command]/usr/bin/git submodule foreach --recursive sh -c "git config --local --name-only --get-regexp 'http\.https\:\/\/github\.com\/\.extraheader' && git config --local --unset-all 'http.https://github.com/.extraheader' || :"
Train	Run actions/checkout@v4	2026-08-21T17:04:40.9312823Z [command]/usr/bin/git config --local --name-only --get-regexp ^includeIf\.gitdir:
Train	Run actions/checkout@v4	2026-08-21T17:04:40.9353646Z [command]/usr/bin/git submodule foreach --recursive git config --local --show-origin --name-only --get-regexp remote.origin.url
Train	Run actions/checkout@v4	2026-08-21T17:04:40.9593654Z [command]/usr/bin/git config --local http.https://github.com/.extraheader AUTHORIZATION: basic ***
Train	Run actions/checkout@v4	2026-08-21T17:04:40.9635545Z ##[endgroup]
Train	Run actions/checkout@v4	2026-08-21T17:04:40.9636697Z ##[group]Fetching the repository
Train	Run actions/checkout@v4	2026-08-21T17:04:40.9646559Z [command]/usr/bin/git -c protocol.version=2 fetch --no-tags --prune --no-recurse-submodules --depth=1 origin +73cce090103380b8e774f2aa10f0b81dae2da195:refs/remotes/origin/main
Train	Run actions/checkout@v4	2026-08-21T17:04:43.3558843Z From https://github.com/***/TRACK2-DAY21-2A202601155-TRANNGUYENTHENHAT
Train	Run actions/checkout@v4	2026-08-21T17:04:43.3561531Z  * [new ref]         73cce090103380b8e774f2aa10f0b81dae2da195 -> origin/main
Train	Run actions/checkout@v4	2026-08-21T17:04:43.3568376Z ##[endgroup]
Train	Run actions/checkout@v4	2026-08-21T17:04:43.3570477Z ##[group]Determining the checkout info
Train	Run actions/checkout@v4	2026-08-21T17:04:43.3572744Z ##[endgroup]
Train	Run actions/checkout@v4	2026-08-21T17:04:43.3574046Z [command]/usr/bin/git sparse-checkout disable
Train	Run actions/checkout@v4	2026-08-21T17:04:43.3638023Z [command]/usr/bin/git config --local --unset-all extensions.worktreeConfig
Train	Run actions/checkout@v4	2026-08-21T17:04:43.3677087Z ##[group]Checking out the ref
Train	Run actions/checkout@v4	2026-08-21T17:04:43.3680835Z [command]/usr/bin/git checkout --progress --force -B main refs/remotes/origin/main
Train	Run actions/checkout@v4	2026-08-21T17:04:43.4507279Z Switched to a new branch 'main'
Train	Run actions/checkout@v4	2026-08-21T17:04:43.4510123Z branch 'main' set up to track 'origin/main'.
Train	Run actions/checkout@v4	2026-08-21T17:04:43.4519810Z ##[endgroup]
Train	Run actions/checkout@v4	2026-08-21T17:04:43.4568620Z [command]/usr/bin/git log -1 --format=%H
Train	Run actions/checkout@v4	2026-08-21T17:04:43.4598359Z 73cce090103380b8e774f2aa10f0b81dae2da195
Train	Run actions/setup-python@v5	﻿2026-08-21T17:04:43.5020763Z Node 20 is being deprecated. This workflow is running with Node 24 by default. If you need to temporarily use Node 20, you can set the ACTIONS_ALLOW_USE_UNSECURE_NODE_VERSION=true environment variable. For more information see: https://github.blog/changelog/2025-09-19-deprecation-of-node-20-on-github-actions-runners/
Train	Run actions/setup-python@v5	2026-08-21T17:04:43.5026609Z ##[group]Run actions/setup-python@v5
Train	Run actions/setup-python@v5	2026-08-21T17:04:43.5028333Z with:
Train	Run actions/setup-python@v5	2026-08-21T17:04:43.5029606Z   python-version: 3.10
Train	Run actions/setup-python@v5	2026-08-21T17:04:43.5031023Z   check-latest: false
Train	Run actions/setup-python@v5	2026-08-21T17:04:43.5040653Z   token: ***
Train	Run actions/setup-python@v5	2026-08-21T17:04:43.5042043Z   update-environment: true
Train	Run actions/setup-python@v5	2026-08-21T17:04:43.5043518Z   allow-prereleases: false
Train	Run actions/setup-python@v5	2026-08-21T17:04:43.5044994Z   freethreaded: false
Train	Run actions/setup-python@v5	2026-08-21T17:04:43.5046387Z ##[endgroup]
Train	Run actions/setup-python@v5	2026-08-21T17:04:43.6467222Z ##[group]Installed versions
Train	Run actions/setup-python@v5	2026-08-21T17:04:43.6576158Z (node:2287) [DEP0040] DeprecationWarning: The `punycode` module is deprecated. Please use a userland alternative instead.
Train	Run actions/setup-python@v5	2026-08-21T17:04:43.6580420Z (Use `node --trace-deprecation ...` to show where the warning was created)
Train	Run actions/setup-python@v5	2026-08-21T17:04:43.6582534Z Successfully set up CPython (3.10.21)
Train	Run actions/setup-python@v5	2026-08-21T17:04:43.6584590Z ##[endgroup]
Train	Install dependencies	﻿2026-08-21T17:04:43.6766188Z ##[group]Run pip install -r requirements.txt
Train	Install dependencies	2026-08-21T17:04:43.6767567Z ^[[36;1mpip install -r requirements.txt^[[0m
Train	Install dependencies	2026-08-21T17:04:43.6898188Z shell: /usr/bin/bash -e ***0***
Train	Install dependencies	2026-08-21T17:04:43.6899498Z env:
Train	Install dependencies	2026-08-21T17:04:43.6900589Z   pythonLocation: /opt/hostedtoolcache/Python/3.10.21/x64
Train	Install dependencies	2026-08-21T17:04:43.6902651Z   PKG_CONFIG_PATH: /opt/hostedtoolcache/Python/3.10.21/x64/lib/pkgconfig
Train	Install dependencies	2026-08-21T17:04:43.6904158Z   Python_ROOT_DIR: /opt/hostedtoolcache/Python/3.10.21/x64
Train	Install dependencies	2026-08-21T17:04:43.6905287Z   Python2_ROOT_DIR: /opt/hostedtoolcache/Python/3.10.21/x64
Train	Install dependencies	2026-08-21T17:04:43.6906431Z   Python3_ROOT_DIR: /opt/hostedtoolcache/Python/3.10.21/x64
Train	Install dependencies	2026-08-21T17:04:43.6907873Z   LD_LIBRARY_PATH: /opt/hostedtoolcache/Python/3.10.21/x64/lib
Train	Install dependencies	2026-08-21T17:04:43.6908813Z ##[endgroup]
Train	Install dependencies	2026-08-21T17:04:46.5614471Z Collecting mlflow==2.13.0 (from -r requirements.txt (line 1))
Train	Install dependencies	2026-08-21T17:04:46.6591317Z   Downloading mlflow-2.13.0-py3-none-any.whl.metadata (29 kB)
Train	Install dependencies	2026-08-21T17:04:46.8203893Z Collecting scikit-learn==1.4.2 (from -r requirements.txt (line 2))
Train	Install dependencies	2026-08-21T17:04:46.8431158Z   Downloading scikit_learn-1.4.2-cp310-cp310-manylinux_2_17_x86_64.manylinux2014_x86_64.whl.metadata (11 kB)
Train	Install dependencies	2026-08-21T17:04:47.0265110Z Collecting pandas==2.2.2 (from -r requirements.txt (line 3))
Train	Install dependencies	2026-08-21T17:04:47.0481742Z   Downloading pandas-2.2.2-cp310-cp310-manylinux_2_17_x86_64.manylinux2014_x86_64.whl.metadata (19 kB)
Train	Install dependencies	2026-08-21T17:04:47.1600001Z Collecting dvc==3.50.1 (from dvc[gs]==3.50.1->-r requirements.txt (line 4))
Train	Install dependencies	2026-08-21T17:04:47.1814805Z   Downloading dvc-3.50.1-py3-none-any.whl.metadata (17 kB)
Train	Install dependencies	2026-08-21T17:04:47.2334729Z Collecting pathspec==0.11.2 (from -r requirements.txt (line 5))
Train	Install dependencies	2026-08-21T17:04:47.2543288Z   Downloading pathspec-0.11.2-py3-none-any.whl.metadata (19 kB)
Train	Install dependencies	2026-08-21T17:04:47.3045285Z Collecting pytest==8.2.0 (from -r requirements.txt (line 6))
Train	Install dependencies	2026-08-21T17:04:47.3247212Z   Downloading pytest-8.2.0-py3-none-any.whl.metadata (7.5 kB)
Train	Install dependencies	2026-08-21T17:04:47.4058615Z Collecting fastapi==0.111.0 (from -r requirements.txt (line 7))
Train	Install dependencies	2026-08-21T17:04:47.4272812Z   Downloading fastapi-0.111.0-py3-none-any.whl.metadata (25 kB)
Train	Install dependencies	2026-08-21T17:04:47.4770112Z Collecting uvicorn==0.29.0 (from -r requirements.txt (line 8))
Train	Install dependencies	2026-08-21T17:04:47.4995966Z   Downloading uvicorn-0.29.0-py3-none-any.whl.metadata (6.3 kB)
Train	Install dependencies	2026-08-21T17:04:47.5433464Z Collecting joblib==1.4.2 (from -r requirements.txt (line 9))
Train	Install dependencies	2026-08-21T17:04:47.5658409Z   Downloading joblib-1.4.2-py3-none-any.whl.metadata (5.4 kB)
Train	Install dependencies	2026-08-21T17:04:47.6155924Z Collecting google-cloud-storage==2.16.0 (from -r requirements.txt (line 10))
Train	Install dependencies	2026-08-21T17:04:47.6362256Z   Downloading google_cloud_storage-2.16.0-py2.py3-none-any.whl.metadata (6.1 kB)
Train	Install dependencies	2026-08-21T17:04:47.7359603Z Collecting pyyaml==6.0.1 (from -r requirements.txt (line 11))
Train	Install dependencies	2026-08-21T17:04:47.7575157Z   Downloading PyYAML-6.0.1-cp310-cp310-manylinux_2_17_x86_64.manylinux2014_x86_64.whl.metadata (2.1 kB)
Train	Install dependencies	2026-08-21T17:04:47.7945593Z Collecting Flask<4 (from mlflow==2.13.0->-r requirements.txt (line 1))
Train	Install dependencies	2026-08-21T17:04:47.8147239Z   Downloading flask-3.1.3-py3-none-any.whl.metadata (3.2 kB)
Train	Install dependencies	2026-08-21T17:04:47.8602826Z Collecting alembic!=1.10.0,<2 (from mlflow==2.13.0->-r requirements.txt (line 1))
Train	Install dependencies	2026-08-21T17:04:47.8804961Z   Downloading alembic-1.19.1-py3-none-any.whl.metadata (7.3 kB)
Train	Install dependencies	2026-08-21T17:04:47.9178094Z Collecting cachetools<6,>=5.0.0 (from mlflow==2.13.0->-r requirements.txt (line 1))
Train	Install dependencies	2026-08-21T17:04:47.9382247Z   Downloading cachetools-5.5.2-py3-none-any.whl.metadata (5.4 kB)
Train	Install dependencies	2026-08-21T17:04:47.9745830Z Collecting click<9,>=7.0 (from mlflow==2.13.0->-r requirements.txt (line 1))
Train	Install dependencies	2026-08-21T17:04:47.9945941Z   Downloading click-8.4.2-py3-none-any.whl.metadata (2.6 kB)
Train	Install dependencies	2026-08-21T17:04:48.0299496Z Collecting cloudpickle<4 (from mlflow==2.13.0->-r requirements.txt (line 1))
Train	Install dependencies	2026-08-21T17:04:48.0503794Z   Downloading cloudpickle-3.1.2-py3-none-any.whl.metadata (7.1 kB)
Train	Install dependencies	2026-08-21T17:04:48.0872990Z Collecting docker<8,>=4.0.0 (from mlflow==2.13.0->-r requirements.txt (line 1))
Train	Install dependencies	2026-08-21T17:04:48.1075248Z   Downloading docker-7.2.0-py3-none-any.whl.metadata (3.8 kB)
Train	Install dependencies	2026-08-21T17:04:48.1388290Z Collecting entrypoints<1 (from mlflow==2.13.0->-r requirements.txt (line 1))
Train	Install dependencies	2026-08-21T17:04:48.1587489Z   Downloading entrypoints-0.4-py3-none-any.whl.metadata (2.6 kB)
Train	Install dependencies	2026-08-21T17:04:48.2017215Z Collecting gitpython<4,>=3.1.9 (from mlflow==2.13.0->-r requirements.txt (line 1))
Train	Install dependencies	2026-08-21T17:04:48.2218057Z   Downloading gitpython-3.1.59-py3-none-any.whl.metadata (13 kB)
Train	Install dependencies	2026-08-21T17:04:48.2618179Z Collecting graphene<4 (from mlflow==2.13.0->-r requirements.txt (line 1))
Train	Install dependencies	2026-08-21T17:04:48.2820125Z   Downloading graphene-3.4.3-py2.py3-none-any.whl.metadata (6.9 kB)
Train	Install dependencies	2026-08-21T17:04:48.3316196Z Collecting importlib-metadata!=4.7.0,<8,>=3.7.0 (from mlflow==2.13.0->-r requirements.txt (line 1))
Train	Install dependencies	2026-08-21T17:04:48.3520016Z   Downloading importlib_metadata-7.2.1-py3-none-any.whl.metadata (4.6 kB)
Train	Install dependencies	2026-08-21T17:04:48.3909274Z Collecting markdown<4,>=3.3 (from mlflow==2.13.0->-r requirements.txt (line 1))
Train	Install dependencies	2026-08-21T17:04:48.4108269Z   Downloading markdown-3.10.3-py3-none-any.whl.metadata (5.1 kB)
Train	Install dependencies	2026-08-21T17:04:48.6047602Z Collecting matplotlib<4 (from mlflow==2.13.0->-r requirements.txt (line 1))
Train	Install dependencies	2026-08-21T17:04:48.6258487Z   Downloading matplotlib-3.10.9-cp310-cp310-manylinux2014_x86_64.manylinux_2_17_x86_64.whl.metadata (52 kB)
Train	Install dependencies	2026-08-21T17:04:48.9434293Z Collecting numpy<2 (from mlflow==2.13.0->-r requirements.txt (line 1))
Train	Install dependencies	2026-08-21T17:04:48.9654786Z   Downloading numpy-1.26.4-cp310-cp310-manylinux_2_17_x86_64.manylinux2014_x86_64.whl.metadata (61 kB)
Train	Install dependencies	2026-08-21T17:04:49.0135053Z Collecting opentelemetry-api<3,>=1.0.0 (from mlflow==2.13.0->-r requirements.txt (line 1))
Train	Install dependencies	2026-08-21T17:04:49.0349974Z   Downloading opentelemetry_api-1.44.0-py3-none-any.whl.metadata (1.4 kB)
Train	Install dependencies	2026-08-21T17:04:49.0803462Z Collecting opentelemetry-sdk<3,>=1.0.0 (from mlflow==2.13.0->-r requirements.txt (line 1))
Train	Install dependencies	2026-08-21T17:04:49.1011517Z   Downloading opentelemetry_sdk-1.44.0-py3-none-any.whl.metadata (1.6 kB)
Train	Install dependencies	2026-08-21T17:04:49.1385722Z Collecting packaging<25 (from mlflow==2.13.0->-r requirements.txt (line 1))
Train	Install dependencies	2026-08-21T17:04:49.1601406Z   Downloading packaging-24.2-py3-none-any.whl.metadata (3.2 kB)
Train	Install dependencies	2026-08-21T17:04:49.3790372Z Collecting protobuf<5,>=3.12.0 (from mlflow==2.13.0->-r requirements.txt (line 1))
Train	Install dependencies	2026-08-21T17:04:49.3994722Z   Downloading protobuf-4.25.9-cp37-abi3-manylinux2014_x86_64.whl.metadata (541 bytes)
Train	Install dependencies	2026-08-21T17:04:49.5235611Z Collecting pyarrow<16,>=4.0.0 (from mlflow==2.13.0->-r requirements.txt (line 1))
Train	Install dependencies	2026-08-21T17:04:49.5446632Z   Downloading pyarrow-15.0.2-cp310-cp310-manylinux_2_28_x86_64.whl.metadata (3.0 kB)
Train	Install dependencies	2026-08-21T17:04:49.6070008Z Collecting pytz<2025 (from mlflow==2.13.0->-r requirements.txt (line 1))
Train	Install dependencies	2026-08-21T17:04:49.6314871Z   Downloading pytz-2024.2-py2.py3-none-any.whl.metadata (22 kB)
Train	Install dependencies	2026-08-21T17:04:49.6624376Z Collecting querystring-parser<2 (from mlflow==2.13.0->-r requirements.txt (line 1))
Train	Install dependencies	2026-08-21T17:04:49.6832033Z   Downloading querystring_parser-1.2.4-py2.py3-none-any.whl.metadata (559 bytes)
Train	Install dependencies	2026-08-21T17:04:49.7272948Z Collecting requests<3,>=2.17.3 (from mlflow==2.13.0->-r requirements.txt (line 1))
Train	Install dependencies	2026-08-21T17:04:49.7475376Z   Downloading requests-2.34.2-py3-none-any.whl.metadata (4.8 kB)
Train	Install dependencies	2026-08-21T17:04:49.9684739Z Collecting scipy<2 (from mlflow==2.13.0->-r requirements.txt (line 1))
Train	Install dependencies	2026-08-21T17:04:49.9889407Z   Downloading scipy-1.15.3-cp310-cp310-manylinux_2_17_x86_64.manylinux2014_x86_64.whl.metadata (61 kB)
Train	Install dependencies	2026-08-21T17:04:50.3752477Z Collecting sqlalchemy<3,>=1.4.0 (from mlflow==2.13.0->-r requirements.txt (line 1))
Train	Install dependencies	2026-08-21T17:04:50.3959971Z   Downloading sqlalchemy-2.0.52-cp310-cp310-manylinux2014_x86_64.manylinux_2_17_x86_64.manylinux_2_28_x86_64.whl.metadata (9.6 kB)
Train	Install dependencies	2026-08-21T17:04:50.4364768Z Collecting sqlparse<1,>=0.4.0 (from mlflow==2.13.0->-r requirements.txt (line 1))
Train	Install dependencies	2026-08-21T17:04:50.4563465Z   Downloading sqlparse-0.6.0-py3-none-any.whl.metadata (6.0 kB)
Train	Install dependencies	2026-08-21T17:04:50.4896230Z Collecting Jinja2<4,>=2.11 (from mlflow==2.13.0->-r requirements.txt (line 1))
Train	Install dependencies	2026-08-21T17:04:50.5098084Z   Downloading jinja2-3.1.6-py3-none-any.whl.metadata (2.9 kB)
Train	Install dependencies	2026-08-21T17:04:50.5471881Z Collecting gunicorn<23 (from mlflow==2.13.0->-r requirements.txt (line 1))
Train	Install dependencies	2026-08-21T17:04:50.5674290Z   Downloading gunicorn-22.0.0-py3-none-any.whl.metadata (4.4 kB)
Train	Install dependencies	2026-08-21T17:04:50.6090600Z Collecting threadpoolctl>=2.0.0 (from scikit-learn==1.4.2->-r requirements.txt (line 2))
Train	Install dependencies	2026-08-21T17:04:50.6293848Z   Downloading threadpoolctl-3.6.0-py3-none-any.whl.metadata (13 kB)
Train	Install dependencies	2026-08-21T17:04:50.6653866Z Collecting python-dateutil>=2.8.2 (from pandas==2.2.2->-r requirements.txt (line 3))
Train	Install dependencies	2026-08-21T17:04:50.6853183Z   Downloading python_dateutil-2.9.0.post0-py2.py3-none-any.whl.metadata (8.4 kB)
Train	Install dependencies	2026-08-21T17:04:50.7210264Z Collecting tzdata>=2022.7 (from pandas==2.2.2->-r requirements.txt (line 3))
Train	Install dependencies	2026-08-21T17:04:50.7410297Z   Downloading tzdata-2026.3-py2.py3-none-any.whl.metadata (1.4 kB)
Train	Install dependencies	2026-08-21T17:04:50.7741586Z Collecting attrs>=22.2.0 (from dvc==3.50.1->dvc[gs]==3.50.1->-r requirements.txt (line 4))
Train	Install dependencies	2026-08-21T17:04:50.7940374Z   Downloading attrs-26.1.0-py3-none-any.whl.metadata (8.8 kB)
Train	Install dependencies	2026-08-21T17:04:50.8459307Z Collecting celery (from dvc==3.50.1->dvc[gs]==3.50.1->-r requirements.txt (line 4))
Train	Install dependencies	2026-08-21T17:04:50.8661916Z   Downloading celery-5.6.3-py3-none-any.whl.metadata (23 kB)
Train	Install dependencies	2026-08-21T17:04:50.9228888Z Collecting colorama>=0.3.9 (from dvc==3.50.1->dvc[gs]==3.50.1->-r requirements.txt (line 4))
Train	Install dependencies	2026-08-21T17:04:50.9429970Z   Downloading colorama-0.4.6-py2.py3-none-any.whl.metadata (17 kB)
Train	Install dependencies	2026-08-21T17:04:51.0061694Z Collecting configobj>=5.0.6 (from dvc==3.50.1->dvc[gs]==3.50.1->-r requirements.txt (line 4))
Train	Install dependencies	2026-08-21T17:04:51.0272648Z   Downloading configobj-5.0.9-py2.py3-none-any.whl.metadata (3.2 kB)
Train	Install dependencies	2026-08-21T17:04:51.0557196Z Collecting distro>=1.3 (from dvc==3.50.1->dvc[gs]==3.50.1->-r requirements.txt (line 4))
Train	Install dependencies	2026-08-21T17:04:51.0755167Z   Downloading distro-1.9.0-py3-none-any.whl.metadata (6.8 kB)
Train	Install dependencies	2026-08-21T17:04:51.1077855Z Collecting dpath<3,>=2.1.0 (from dvc==3.50.1->dvc[gs]==3.50.1->-r requirements.txt (line 4))
Train	Install dependencies	2026-08-21T17:04:51.1281316Z   Downloading dpath-2.2.0-py3-none-any.whl.metadata (15 kB)
Train	Install dependencies	2026-08-21T17:04:51.3457157Z Collecting dulwich (from dvc==3.50.1->dvc[gs]==3.50.1->-r requirements.txt (line 4))
Train	Install dependencies	2026-08-21T17:04:51.3670930Z   Downloading dulwich-1.2.12-cp310-cp310-manylinux_2_28_x86_64.whl.metadata (6.0 kB)
Train	Install dependencies	2026-08-21T17:04:51.4362898Z Collecting dvc-data<3.16,>=3.15 (from dvc==3.50.1->dvc[gs]==3.50.1->-r requirements.txt (line 4))
Train	Install dependencies	2026-08-21T17:04:51.4573516Z   Downloading dvc_data-3.15.2-py3-none-any.whl.metadata (5.0 kB)
Train	Install dependencies	2026-08-21T17:04:51.4902618Z Collecting dvc-http>=2.29.0 (from dvc==3.50.1->dvc[gs]==3.50.1->-r requirements.txt (line 4))
Train	Install dependencies	2026-08-21T17:04:51.5115313Z   Downloading dvc_http-2.32.0-py3-none-any.whl.metadata (1.3 kB)
Train	Install dependencies	2026-08-21T17:04:51.5621049Z Collecting dvc-objects (from dvc==3.50.1->dvc[gs]==3.50.1->-r requirements.txt (line 4))
Train	Install dependencies	2026-08-21T17:04:51.5835849Z   Downloading dvc_objects-5.2.0-py3-none-any.whl.metadata (3.9 kB)
Train	Install dependencies	2026-08-21T17:04:51.6195789Z Collecting dvc-render<2,>=1.0.1 (from dvc==3.50.1->dvc[gs]==3.50.1->-r requirements.txt (line 4))
Train	Install dependencies	2026-08-21T17:04:51.6408319Z   Downloading dvc_render-1.0.2-py3-none-any.whl.metadata (5.4 kB)
Train	Install dependencies	2026-08-21T17:04:51.6760480Z Collecting dvc-studio-client<1,>=0.20 (from dvc==3.50.1->dvc[gs]==3.50.1->-r requirements.txt (line 4))
Train	Install dependencies	2026-08-21T17:04:51.6966567Z   Downloading dvc_studio_client-0.23.0-py3-none-any.whl.metadata (4.4 kB)
Train	Install dependencies	2026-08-21T17:04:51.7293263Z Collecting dvc-task<1,>=0.3.0 (from dvc==3.50.1->dvc[gs]==3.50.1->-r requirements.txt (line 4))
Train	Install dependencies	2026-08-21T17:04:51.7507188Z   Downloading dvc_task-0.40.2-py3-none-any.whl.metadata (10.0 kB)
Train	Install dependencies	2026-08-21T17:04:51.7831851Z Collecting flatten-dict<1,>=0.4.1 (from dvc==3.50.1->dvc[gs]==3.50.1->-r requirements.txt (line 4))
Train	Install dependencies	2026-08-21T17:04:51.8044392Z   Downloading flatten_dict-0.5.0-py3-none-any.whl.metadata (8.9 kB)
Train	Install dependencies	2026-08-21T17:04:51.8356516Z Collecting flufl.lock<8,>=5 (from dvc==3.50.1->dvc[gs]==3.50.1->-r requirements.txt (line 4))
Train	Install dependencies	2026-08-21T17:04:51.8572538Z   Downloading flufl.lock-7.1.1-py3-none-any.whl.metadata (3.3 kB)
Train	Install dependencies	2026-08-21T17:04:51.9010261Z Collecting fsspec (from dvc==3.50.1->dvc[gs]==3.50.1->-r requirements.txt (line 4))
Train	Install dependencies	2026-08-21T17:04:51.9213324Z   Downloading fsspec-2026.7.0-py3-none-any.whl.metadata (10 kB)
Train	Install dependencies	2026-08-21T17:04:51.9818223Z Collecting funcy>=1.14 (from dvc==3.50.1->dvc[gs]==3.50.1->-r requirements.txt (line 4))
Train	Install dependencies	2026-08-21T17:04:52.0027041Z   Downloading funcy-2.0-py2.py3-none-any.whl.metadata (5.9 kB)
Train	Install dependencies	2026-08-21T17:04:52.0320375Z Collecting grandalf<1,>=0.7 (from dvc==3.50.1->dvc[gs]==3.50.1->-r requirements.txt (line 4))
Train	Install dependencies	2026-08-21T17:04:52.0529229Z   Downloading grandalf-0.8-py3-none-any.whl.metadata (1.7 kB)
Train	Install dependencies	2026-08-21T17:04:52.0927263Z Collecting gto<2,>=1.6.0 (from dvc==3.50.1->dvc[gs]==3.50.1->-r requirements.txt (line 4))
Train	Install dependencies	2026-08-21T17:04:52.1138697Z   Downloading gto-1.10.1-py3-none-any.whl.metadata (4.8 kB)
Train	Install dependencies	2026-08-21T17:04:52.1596108Z Collecting hydra-core>=1.1 (from dvc==3.50.1->dvc[gs]==3.50.1->-r requirements.txt (line 4))
Train	Install dependencies	2026-08-21T17:04:52.1841452Z   Downloading hydra_core-1.3.5-py3-none-any.whl.metadata (5.7 kB)
Train	Install dependencies	2026-08-21T17:04:52.2148665Z Collecting iterative-telemetry>=0.0.7 (from dvc==3.50.1->dvc[gs]==3.50.1->-r requirements.txt (line 4))
Train	Install dependencies	2026-08-21T17:04:52.2349947Z   Downloading iterative_telemetry-0.0.10-py3-none-any.whl.metadata (4.1 kB)
Train	Install dependencies	2026-08-21T17:04:52.2878015Z Collecting kombu (from dvc==3.50.1->dvc[gs]==3.50.1->-r requirements.txt (line 4))
Train	Install dependencies	2026-08-21T17:04:52.3079509Z   Downloading kombu-5.6.2-py3-none-any.whl.metadata (3.5 kB)
Train	Install dependencies	2026-08-21T17:04:52.3556606Z Collecting networkx>=2.5 (from dvc==3.50.1->dvc[gs]==3.50.1->-r requirements.txt (line 4))
Train	Install dependencies	2026-08-21T17:04:52.3758002Z   Downloading networkx-3.4.2-py3-none-any.whl.metadata (6.3 kB)
Train	Install dependencies	2026-08-21T17:04:52.4304314Z Collecting omegaconf (from dvc==3.50.1->dvc[gs]==3.50.1->-r requirements.txt (line 4))
Train	Install dependencies	2026-08-21T17:04:52.4507278Z   Downloading omegaconf-2.3.1-py3-none-any.whl.metadata (4.5 kB)
Train	Install dependencies	2026-08-21T17:04:52.4920786Z Collecting platformdirs<4,>=3.1.1 (from dvc==3.50.1->dvc[gs]==3.50.1->-r requirements.txt (line 4))
Train	Install dependencies	2026-08-21T17:04:52.5127957Z   Downloading platformdirs-3.11.0-py3-none-any.whl.metadata (11 kB)
Train	Install dependencies	2026-08-21T17:04:52.6150371Z Collecting psutil>=5.8 (from dvc==3.50.1->dvc[gs]==3.50.1->-r requirements.txt (line 4))
Train	Install dependencies	2026-08-21T17:04:52.6359340Z   Downloading psutil-7.2.2-cp36-abi3-manylinux2010_x86_64.manylinux_2_12_x86_64.manylinux_2_28_x86_64.whl.metadata (22 kB)
Train	Install dependencies	2026-08-21T17:04:52.6726381Z Collecting pydot>=1.2.4 (from dvc==3.50.1->dvc[gs]==3.50.1->-r requirements.txt (line 4))
Train	Install dependencies	2026-08-21T17:04:52.6944385Z   Downloading pydot-4.0.1-py3-none-any.whl.metadata (11 kB)
Train	Install dependencies	2026-08-21T17:04:52.7249200Z Collecting pygtrie>=2.3.2 (from dvc==3.50.1->dvc[gs]==3.50.1->-r requirements.txt (line 4))
Train	Install dependencies	2026-08-21T17:04:52.7453857Z   Downloading pygtrie-2.5.0-py3-none-any.whl.metadata (7.5 kB)
Train	Install dependencies	2026-08-21T17:04:52.8443586Z Collecting pyparsing>=2.4.7 (from dvc==3.50.1->dvc[gs]==3.50.1->-r requirements.txt (line 4))
Train	Install dependencies	2026-08-21T17:04:52.8648721Z   Downloading pyparsing-3.3.2-py3-none-any.whl.metadata (5.8 kB)
Train	Install dependencies	2026-08-21T17:04:52.9252238Z Collecting rich>=12 (from dvc==3.50.1->dvc[gs]==3.50.1->-r requirements.txt (line 4))
Train	Install dependencies	2026-08-21T17:04:52.9458022Z   Downloading rich-15.0.0-py3-none-any.whl.metadata (18 kB)
Train	Install dependencies	2026-08-21T17:04:53.1179014Z Collecting ruamel.yaml>=0.17.11 (from dvc==3.50.1->dvc[gs]==3.50.1->-r requirements.txt (line 4))
Train	Install dependencies	2026-08-21T17:04:53.1379964Z   Downloading ruamel_yaml-0.19.1-py3-none-any.whl.metadata (16 kB)
Train	Install dependencies	2026-08-21T17:04:53.1799997Z Collecting scmrepo<4,>=3.3.2 (from dvc==3.50.1->dvc[gs]==3.50.1->-r requirements.txt (line 4))
Train	Install dependencies	2026-08-21T17:04:53.2007240Z   Downloading scmrepo-3.6.2-py3-none-any.whl.metadata (4.8 kB)
Train	Install dependencies	2026-08-21T17:04:53.2342576Z Collecting shortuuid>=0.5 (from dvc==3.50.1->dvc[gs]==3.50.1->-r requirements.txt (line 4))
Train	Install dependencies	2026-08-21T17:04:53.2553519Z   Downloading shortuuid-1.0.13-py3-none-any.whl.metadata (5.8 kB)
Train	Install dependencies	2026-08-21T17:04:53.2941517Z Collecting shtab<2,>=1.3.4 (from dvc==3.50.1->dvc[gs]==3.50.1->-r requirements.txt (line 4))
Train	Install dependencies	2026-08-21T17:04:53.3148423Z   Downloading shtab-1.11.0-py3-none-any.whl.metadata (7.5 kB)
Train	Install dependencies	2026-08-21T17:04:53.3450857Z Collecting tabulate>=0.8.7 (from dvc==3.50.1->dvc[gs]==3.50.1->-r requirements.txt (line 4))
Train	Install dependencies	2026-08-21T17:04:53.3651792Z   Downloading tabulate-0.10.0-py3-none-any.whl.metadata (40 kB)
Train	Install dependencies	2026-08-21T17:04:53.4031474Z Collecting tomlkit>=0.11.1 (from dvc==3.50.1->dvc[gs]==3.50.1->-r requirements.txt (line 4))
Train	Install dependencies	2026-08-21T17:04:53.4237973Z   Downloading tomlkit-0.15.1-py3-none-any.whl.metadata (3.3 kB)
Train	Install dependencies	2026-08-21T17:04:53.4718160Z Collecting tqdm<5,>=4.63.1 (from dvc==3.50.1->dvc[gs]==3.50.1->-r requirements.txt (line 4))
Train	Install dependencies	2026-08-21T17:04:53.4920676Z   Downloading tqdm-4.70.0-py3-none-any.whl.metadata (57 kB)
Train	Install dependencies	2026-08-21T17:04:53.5303918Z Collecting voluptuous>=0.11.7 (from dvc==3.50.1->dvc[gs]==3.50.1->-r requirements.txt (line 4))
Train	Install dependencies	2026-08-21T17:04:53.5521187Z   Downloading voluptuous-0.16.0-py3-none-any.whl.metadata (20 kB)
Train	Install dependencies	2026-08-21T17:04:53.5831456Z Collecting zc.lockfile>=1.2.1 (from dvc==3.50.1->dvc[gs]==3.50.1->-r requirements.txt (line 4))
Train	Install dependencies	2026-08-21T17:04:53.6041740Z   Downloading zc_lockfile-4.0-py3-none-any.whl.metadata (6.6 kB)
Train	Install dependencies	2026-08-21T17:04:53.6342658Z Collecting iniconfig (from pytest==8.2.0->-r requirements.txt (line 6))
Train	Install dependencies	2026-08-21T17:04:53.6541580Z   Downloading iniconfig-2.3.0-py3-none-any.whl.metadata (2.5 kB)
Train	Install dependencies	2026-08-21T17:04:53.6833254Z Collecting pluggy<2.0,>=1.5 (from pytest==8.2.0->-r requirements.txt (line 6))
Train	Install dependencies	2026-08-21T17:04:53.7030446Z   Downloading pluggy-1.6.0-py3-none-any.whl.metadata (4.8 kB)
Train	Install dependencies	2026-08-21T17:04:53.7361179Z Collecting exceptiongroup>=1.0.0rc8 (from pytest==8.2.0->-r requirements.txt (line 6))
Train	Install dependencies	2026-08-21T17:04:53.7564834Z   Downloading exceptiongroup-1.3.1-py3-none-any.whl.metadata (6.7 kB)
Train	Install dependencies	2026-08-21T17:04:53.8016642Z Collecting tomli>=1 (from pytest==8.2.0->-r requirements.txt (line 6))
Train	Install dependencies	2026-08-21T17:04:53.8225234Z   Downloading tomli-2.4.1-py3-none-any.whl.metadata (10 kB)
Train	Install dependencies	2026-08-21T17:04:53.8677642Z Collecting starlette<0.38.0,>=0.37.2 (from fastapi==0.111.0->-r requirements.txt (line 7))
Train	Install dependencies	2026-08-21T17:04:53.8909614Z   Downloading starlette-0.37.2-py3-none-any.whl.metadata (5.9 kB)
Train	Install dependencies	2026-08-21T17:04:54.0525143Z Collecting pydantic!=1.8,!=1.8.1,!=2.0.0,!=2.0.1,!=2.1.0,<3.0.0,>=1.7.4 (from fastapi==0.111.0->-r requirements.txt (line 7))
Train	Install dependencies	2026-08-21T17:04:54.0730108Z   Downloading pydantic-2.13.4-py3-none-any.whl.metadata (109 kB)
Train	Install dependencies	2026-08-21T17:04:54.1166994Z Collecting typing-extensions>=4.8.0 (from fastapi==0.111.0->-r requirements.txt (line 7))
Train	Install dependencies	2026-08-21T17:04:54.1365952Z   Downloading typing_extensions-4.16.0-py3-none-any.whl.metadata (3.3 kB)
Train	Install dependencies	2026-08-21T17:04:54.1698898Z Collecting fastapi-cli>=0.0.2 (from fastapi==0.111.0->-r requirements.txt (line 7))
Train	Install dependencies	2026-08-21T17:04:54.1903762Z   Downloading fastapi_cli-0.0.32-py3-none-any.whl.metadata (6.7 kB)
Train	Install dependencies	2026-08-21T17:04:54.2282875Z Collecting httpx>=0.23.0 (from fastapi==0.111.0->-r requirements.txt (line 7))
Train	Install dependencies	2026-08-21T17:04:54.2484800Z   Downloading httpx-0.28.1-py3-none-any.whl.metadata (7.1 kB)
Train	Install dependencies	2026-08-21T17:04:54.2857467Z Collecting python-multipart>=0.0.7 (from fastapi==0.111.0->-r requirements.txt (line 7))
Train	Install dependencies	2026-08-21T17:04:54.3058777Z   Downloading python_multipart-0.0.32-py3-none-any.whl.metadata (2.1 kB)
Train	Install dependencies	2026-08-21T17:04:54.4682964Z Collecting ujson!=4.0.2,!=4.1.0,!=4.2.0,!=4.3.0,!=5.0.0,!=5.1.0,>=4.0.1 (from fastapi==0.111.0->-r requirements.txt (line 7))
Train	Install dependencies	2026-08-21T17:04:54.4893902Z   Downloading ujson-5.13.0-cp310-cp310-manylinux_2_24_x86_64.manylinux_2_28_x86_64.whl.metadata (10.0 kB)
Train	Install dependencies	2026-08-21T17:04:54.8341085Z Collecting orjson>=3.2.1 (from fastapi==0.111.0->-r requirements.txt (line 7))
Train	Install dependencies	2026-08-21T17:04:54.8547797Z   Downloading orjson-3.12.0-cp310-cp310-manylinux_2_17_x86_64.manylinux2014_x86_64.whl.metadata (41 kB)
Train	Install dependencies	2026-08-21T17:04:54.8891087Z Collecting email_validator>=2.0.0 (from fastapi==0.111.0->-r requirements.txt (line 7))
Train	Install dependencies	2026-08-21T17:04:54.9093865Z   Downloading email_validator-2.3.0-py3-none-any.whl.metadata (26 kB)
Train	Install dependencies	2026-08-21T17:04:54.9453080Z Collecting h11>=0.8 (from uvicorn==0.29.0->-r requirements.txt (line 8))
Train	Install dependencies	2026-08-21T17:04:54.9655095Z   Downloading h11-0.16.0-py3-none-any.whl.metadata (8.3 kB)
Train	Install dependencies	2026-08-21T17:04:55.0254324Z Collecting google-auth<3.0dev,>=2.26.1 (from google-cloud-storage==2.16.0->-r requirements.txt (line 10))
Train	Install dependencies	2026-08-21T17:04:55.0456465Z   Downloading google_auth-2.56.3-py3-none-any.whl.metadata (6.0 kB)
Train	Install dependencies	2026-08-21T17:04:55.1082144Z Collecting google-api-core<3.0.0dev,>=2.15.0 (from google-cloud-storage==2.16.0->-r requirements.txt (line 10))
Train	Install dependencies	2026-08-21T17:04:55.1289698Z   Downloading google_api_core-2.34.0-py3-none-any.whl.metadata (2.9 kB)
Train	Install dependencies	2026-08-21T17:04:55.1653268Z Collecting google-cloud-core<3.0dev,>=2.3.0 (from google-cloud-storage==2.16.0->-r requirements.txt (line 10))
Train	Install dependencies	2026-08-21T17:04:55.1855985Z   Downloading google_cloud_core-2.6.1-py3-none-any.whl.metadata (2.8 kB)
Train	Install dependencies	2026-08-21T17:04:55.2226727Z Collecting google-resumable-media>=2.6.0 (from google-cloud-storage==2.16.0->-r requirements.txt (line 10))
Train	Install dependencies	2026-08-21T17:04:55.2426097Z   Downloading google_resumable_media-2.10.1-py3-none-any.whl.metadata (2.2 kB)
Train	Install dependencies	2026-08-21T17:04:55.3241633Z Collecting google-crc32c<2.0dev,>=1.0 (from google-cloud-storage==2.16.0->-r requirements.txt (line 10))
Train	Install dependencies	2026-08-21T17:04:55.3448173Z   Downloading google_crc32c-1.8.0-cp310-cp310-manylinux1_x86_64.manylinux2014_x86_64.manylinux_2_17_x86_64.manylinux_2_5_x86_64.whl.metadata (1.7 kB)
Train	Install dependencies	2026-08-21T17:04:55.4482216Z Collecting dvc-gs<4,>=3 (from dvc[gs]==3.50.1->-r requirements.txt (line 4))
Train	Install dependencies	2026-08-21T17:04:55.4711417Z   Downloading dvc_gs-3.1.0-py3-none-any.whl.metadata (1.3 kB)
Train	Install dependencies	2026-08-21T17:04:55.5235372Z Collecting Mako (from alembic!=1.10.0,<2->mlflow==2.13.0->-r requirements.txt (line 1))
Train	Install dependencies	2026-08-21T17:04:55.5437125Z   Downloading mako-1.4.1-py3-none-any.whl.metadata (2.9 kB)
Train	Install dependencies	2026-08-21T17:04:55.5975625Z Collecting urllib3>=1.26.0 (from docker<8,>=4.0.0->mlflow==2.13.0->-r requirements.txt (line 1))
Train	Install dependencies	2026-08-21T17:04:55.6181326Z   Downloading urllib3-2.7.0-py3-none-any.whl.metadata (6.9 kB)
Train	Install dependencies	2026-08-21T17:04:55.6534417Z Collecting dictdiffer>=0.8.1 (from dvc-data<3.16,>=3.15->dvc==3.50.1->dvc[gs]==3.50.1->-r requirements.txt (line 4))
Train	Install dependencies	2026-08-21T17:04:55.6752988Z   Downloading dictdiffer-0.10.0-py3-none-any.whl.metadata (2.9 kB)
Train	Install dependencies	2026-08-21T17:04:55.7184291Z Collecting diskcache>=5.2.1 (from dvc-data<3.16,>=3.15->dvc==3.50.1->dvc[gs]==3.50.1->-r requirements.txt (line 4))
Train	Install dependencies	2026-08-21T17:04:55.7392840Z   Downloading diskcache-5.6.3-py3-none-any.whl.metadata (20 kB)
Train	Install dependencies	2026-08-21T17:04:55.7792797Z Collecting sqltrie<1,>=0.11.0 (from dvc-data<3.16,>=3.15->dvc==3.50.1->dvc[gs]==3.50.1->-r requirements.txt (line 4))
Train	Install dependencies	2026-08-21T17:04:55.8002598Z   Downloading sqltrie-0.11.2-py3-none-any.whl.metadata (3.3 kB)
Train	Install dependencies	2026-08-21T17:04:55.8423503Z Collecting gcsfs>=2022.11.0 (from dvc-gs<4,>=3->dvc[gs]==3.50.1->-r requirements.txt (line 4))
Train	Install dependencies	2026-08-21T17:04:55.8627942Z   Downloading gcsfs-2026.8.0-py3-none-any.whl.metadata (4.6 kB)
Train	Install dependencies	2026-08-21T17:04:55.9202625Z Collecting billiard<5.0,>=4.2.1 (from celery->dvc==3.50.1->dvc[gs]==3.50.1->-r requirements.txt (line 4))
Train	Install dependencies	2026-08-21T17:04:55.9408310Z   Downloading billiard-4.2.4-py3-none-any.whl.metadata (4.8 kB)
Train	Install dependencies	2026-08-21T17:04:55.9740076Z Collecting vine<6.0,>=5.1.0 (from celery->dvc==3.50.1->dvc[gs]==3.50.1->-r requirements.txt (line 4))
Train	Install dependencies	2026-08-21T17:04:55.9939400Z   Downloading vine-5.1.0-py3-none-any.whl.metadata (2.7 kB)
Train	Install dependencies	2026-08-21T17:04:56.0258497Z Collecting click-didyoumean>=0.3.0 (from celery->dvc==3.50.1->dvc[gs]==3.50.1->-r requirements.txt (line 4))
Train	Install dependencies	2026-08-21T17:04:56.0459581Z   Downloading click_didyoumean-0.3.1-py3-none-any.whl.metadata (3.9 kB)
Train	Install dependencies	2026-08-21T17:04:56.0747688Z Collecting click-repl>=0.2.0 (from celery->dvc==3.50.1->dvc[gs]==3.50.1->-r requirements.txt (line 4))
Train	Install dependencies	2026-08-21T17:04:56.0948369Z   Downloading click_repl-0.3.0-py3-none-any.whl.metadata (3.6 kB)
Train	Install dependencies	2026-08-21T17:04:56.1245813Z Collecting click-plugins>=1.1.1 (from celery->dvc==3.50.1->dvc[gs]==3.50.1->-r requirements.txt (line 4))
Train	Install dependencies	2026-08-21T17:04:56.1449260Z   Downloading click_plugins-1.1.1.2-py2.py3-none-any.whl.metadata (6.5 kB)
Train	Install dependencies	2026-08-21T17:04:56.1800277Z Collecting tzlocal (from celery->dvc==3.50.1->dvc[gs]==3.50.1->-r requirements.txt (line 4))
Train	Install dependencies	2026-08-21T17:04:56.2001328Z   Downloading tzlocal-5.4.4-py3-none-any.whl.metadata (7.7 kB)
Train	Install dependencies	2026-08-21T17:04:56.2938104Z Collecting blinker>=1.9.0 (from Flask<4->mlflow==2.13.0->-r requirements.txt (line 1))
Train	Install dependencies	2026-08-21T17:04:56.3210245Z   Downloading blinker-1.9.0-py3-none-any.whl.metadata (1.6 kB)
Train	Install dependencies	2026-08-21T17:04:56.3527683Z Collecting itsdangerous>=2.2.0 (from Flask<4->mlflow==2.13.0->-r requirements.txt (line 1))
Train	Install dependencies	2026-08-21T17:04:56.3727736Z   Downloading itsdangerous-2.2.0-py3-none-any.whl.metadata (1.9 kB)
Train	Install dependencies	2026-08-21T17:04:56.4508148Z Collecting markupsafe>=2.1.1 (from Flask<4->mlflow==2.13.0->-r requirements.txt (line 1))
Train	Install dependencies	2026-08-21T17:04:56.4709254Z   Downloading markupsafe-3.0.3-cp310-cp310-manylinux2014_x86_64.manylinux_2_17_x86_64.manylinux_2_28_x86_64.whl.metadata (2.7 kB)
Train	Install dependencies	2026-08-21T17:04:56.5100221Z Collecting werkzeug>=3.1.0 (from Flask<4->mlflow==2.13.0->-r requirements.txt (line 1))
Train	Install dependencies	2026-08-21T17:04:56.5307947Z   Downloading werkzeug-3.1.8-py3-none-any.whl.metadata (4.0 kB)
Train	Install dependencies	2026-08-21T17:04:56.5650939Z Collecting atpublic>=2.3 (from flufl.lock<8,>=5->dvc==3.50.1->dvc[gs]==3.50.1->-r requirements.txt (line 4))
Train	Install dependencies	2026-08-21T17:04:56.5857186Z   Downloading atpublic-7.0.0-py3-none-any.whl.metadata (2.0 kB)
Train	Install dependencies	2026-08-21T17:04:56.6191727Z Collecting gitdb<5,>=4.0.1 (from gitpython<4,>=3.1.9->mlflow==2.13.0->-r requirements.txt (line 1))
Train	Install dependencies	2026-08-21T17:04:56.6390308Z   Downloading gitdb-4.0.12-py3-none-any.whl.metadata (1.2 kB)
Train	Install dependencies	2026-08-21T17:04:56.6698754Z Collecting smmap<6,>=3.0.1 (from gitdb<5,>=4.0.1->gitpython<4,>=3.1.9->mlflow==2.13.0->-r requirements.txt (line 1))
Train	Install dependencies	2026-08-21T17:04:56.6899418Z   Downloading smmap-5.0.3-py3-none-any.whl.metadata (4.6 kB)
Train	Install dependencies	2026-08-21T17:04:56.7270990Z Collecting googleapis-common-protos<2.0.0,>=1.69.2 (from google-api-core<3.0.0dev,>=2.15.0->google-cloud-storage==2.16.0->-r requirements.txt (line 10))
Train	Install dependencies	2026-08-21T17:04:56.7474733Z   Downloading googleapis_common_protos-1.75.1-py3-none-any.whl.metadata (8.5 kB)
Train	Install dependencies	2026-08-21T17:04:56.7584433Z INFO: pip is looking at multiple versions of google-api-core to determine which version is compatible with other requirements. This could take a while.
Train	Install dependencies	2026-08-21T17:04:56.7593977Z Collecting google-api-core<3.0.0dev,>=2.15.0 (from google-cloud-storage==2.16.0->-r requirements.txt (line 10))
Train	Install dependencies	2026-08-21T17:04:56.7797357Z   Downloading google_api_core-2.33.0-py3-none-any.whl.metadata (3.2 kB)
Train	Install dependencies	2026-08-21T17:04:56.8160465Z   Downloading google_api_core-2.32.0-py3-none-any.whl.metadata (3.2 kB)
Train	Install dependencies	2026-08-21T17:04:56.8427655Z   Downloading google_api_core-2.31.0-py3-none-any.whl.metadata (3.2 kB)
Train	Install dependencies	2026-08-21T17:04:56.8695383Z   Downloading google_api_core-2.30.3-py3-none-any.whl.metadata (3.1 kB)
Train	Install dependencies	2026-08-21T17:04:56.9152673Z Collecting proto-plus<2.0.0,>=1.22.3 (from google-api-core<3.0.0dev,>=2.15.0->google-cloud-storage==2.16.0->-r requirements.txt (line 10))
Train	Install dependencies	2026-08-21T17:04:56.9354996Z   Downloading proto_plus-1.28.3-py3-none-any.whl.metadata (2.2 kB)
Train	Install dependencies	2026-08-21T17:04:56.9871520Z Collecting pyasn1-modules>=0.2.1 (from google-auth<3.0dev,>=2.26.1->google-cloud-storage==2.16.0->-r requirements.txt (line 10))
Train	Install dependencies	2026-08-21T17:04:57.0082913Z   Downloading pyasn1_modules-0.4.2-py3-none-any.whl.metadata (3.5 kB)
Train	Install dependencies	2026-08-21T17:04:57.2717740Z Collecting cryptography>=38.0.3 (from google-auth<3.0dev,>=2.26.1->google-cloud-storage==2.16.0->-r requirements.txt (line 10))
Train	Install dependencies	2026-08-21T17:04:57.2918682Z   Downloading cryptography-50.0.0-cp39-abi3-manylinux_2_34_x86_64.whl.metadata (4.3 kB)
Train	Install dependencies	2026-08-21T17:04:57.3198468Z INFO: pip is looking at multiple versions of googleapis-common-protos to determine which version is compatible with other requirements. This could take a while.
Train	Install dependencies	2026-08-21T17:04:57.3206379Z Collecting googleapis-common-protos<2.0.0,>=1.63.2 (from google-api-core<3.0.0dev,>=2.15.0->google-cloud-storage==2.16.0->-r requirements.txt (line 10))
Train	Install dependencies	2026-08-21T17:04:57.3406151Z   Downloading googleapis_common_protos-1.75.0-py3-none-any.whl.metadata (8.6 kB)
Train	Install dependencies	2026-08-21T17:04:57.3859829Z Collecting graphql-core<3.3,>=3.1 (from graphene<4->mlflow==2.13.0->-r requirements.txt (line 1))
Train	Install dependencies	2026-08-21T17:04:57.4073393Z   Downloading graphql_core-3.2.11-py3-none-any.whl.metadata (11 kB)
Train	Install dependencies	2026-08-21T17:04:57.4423451Z Collecting graphql-relay<3.3,>=3.1 (from graphene<4->mlflow==2.13.0->-r requirements.txt (line 1))
Train	Install dependencies	2026-08-21T17:04:57.4626748Z   Downloading graphql_relay-3.2.0-py3-none-any.whl.metadata (12 kB)
Train	Install dependencies	2026-08-21T17:04:57.5208439Z Collecting pydantic-settings>=2 (from gto<2,>=1.6.0->dvc==3.50.1->dvc[gs]==3.50.1->-r requirements.txt (line 4))
Train	Install dependencies	2026-08-21T17:04:57.5412293Z   Downloading pydantic_settings-2.15.0-py3-none-any.whl.metadata (3.9 kB)
Train	Install dependencies	2026-08-21T17:04:57.5765236Z Collecting semver>=2.13.0 (from gto<2,>=1.6.0->dvc==3.50.1->dvc[gs]==3.50.1->-r requirements.txt (line 4))
Train	Install dependencies	2026-08-21T17:04:57.5966406Z   Downloading semver-3.0.4-py3-none-any.whl.metadata (6.8 kB)
Train	Install dependencies	2026-08-21T17:04:57.6375912Z Collecting zipp>=0.5 (from importlib-metadata!=4.7.0,<8,>=3.7.0->mlflow==2.13.0->-r requirements.txt (line 1))
Train	Install dependencies	2026-08-21T17:04:57.6573928Z   Downloading zipp-4.1.0-py3-none-any.whl.metadata (3.6 kB)
Train	Install dependencies	2026-08-21T17:04:57.6982685Z Collecting amqp<6.0.0,>=5.1.1 (from kombu->dvc==3.50.1->dvc[gs]==3.50.1->-r requirements.txt (line 4))
Train	Install dependencies	2026-08-21T17:04:57.7185175Z   Downloading amqp-5.3.1-py3-none-any.whl.metadata (8.9 kB)
Train	Install dependencies	2026-08-21T17:04:57.8218728Z Collecting contourpy>=1.0.1 (from matplotlib<4->mlflow==2.13.0->-r requirements.txt (line 1))
Train	Install dependencies	2026-08-21T17:04:57.8421461Z   Downloading contourpy-1.3.2-cp310-cp310-manylinux_2_17_x86_64.manylinux2014_x86_64.whl.metadata (5.5 kB)
Train	Install dependencies	2026-08-21T17:04:57.8725504Z Collecting cycler>=0.10 (from matplotlib<4->mlflow==2.13.0->-r requirements.txt (line 1))
Train	Install dependencies	2026-08-21T17:04:57.8926026Z   Downloading cycler-0.12.1-py3-none-any.whl.metadata (3.8 kB)
Train	Install dependencies	2026-08-21T17:04:58.1764537Z Collecting fonttools>=4.22.0 (from matplotlib<4->mlflow==2.13.0->-r requirements.txt (line 1))
Train	Install dependencies	2026-08-21T17:04:58.1979670Z   Downloading fonttools-4.63.0-cp310-cp310-manylinux2014_x86_64.manylinux_2_17_x86_64.whl.metadata (118 kB)
Train	Install dependencies	2026-08-21T17:04:58.3040732Z Collecting kiwisolver>=1.3.1 (from matplotlib<4->mlflow==2.13.0->-r requirements.txt (line 1))
Train	Install dependencies	2026-08-21T17:04:58.3244874Z   Downloading kiwisolver-1.5.0-cp310-cp310-manylinux_2_12_x86_64.manylinux2010_x86_64.whl.metadata (5.1 kB)
Train	Install dependencies	2026-08-21T17:04:58.5640448Z Collecting pillow>=8 (from matplotlib<4->mlflow==2.13.0->-r requirements.txt (line 1))
Train	Install dependencies	2026-08-21T17:04:58.5844881Z   Downloading pillow-12.3.0-cp310-cp310-manylinux_2_27_x86_64.manylinux_2_28_x86_64.whl.metadata (9.1 kB)
Train	Install dependencies	2026-08-21T17:04:58.6359034Z Collecting opentelemetry-semantic-conventions==0.65b0 (from opentelemetry-sdk<3,>=1.0.0->mlflow==2.13.0->-r requirements.txt (line 1))
Train	Install dependencies	2026-08-21T17:04:58.6558155Z   Downloading opentelemetry_semantic_conventions-0.65b0-py3-none-any.whl.metadata (2.4 kB)
Train	Install dependencies	2026-08-21T17:04:58.6673154Z INFO: pip is looking at multiple versions of proto-plus to determine which version is compatible with other requirements. This could take a while.
Train	Install dependencies	2026-08-21T17:04:58.6681984Z Collecting proto-plus<2.0.0,>=1.22.3 (from google-api-core<3.0.0dev,>=2.15.0->google-cloud-storage==2.16.0->-r requirements.txt (line 10))
Train	Install dependencies	2026-08-21T17:04:58.6883457Z   Downloading proto_plus-1.28.2-py3-none-any.whl.metadata (2.2 kB)
Train	Install dependencies	2026-08-21T17:04:58.7236551Z Collecting annotated-types>=0.6.0 (from pydantic!=1.8,!=1.8.1,!=2.0.0,!=2.0.1,!=2.1.0,<3.0.0,>=1.7.4->fastapi==0.111.0->-r requirements.txt (line 7))
Train	Install dependencies	2026-08-21T17:04:58.7433991Z   Downloading annotated_types-0.8.0-py3-none-any.whl.metadata (15 kB)
Train	Install dependencies	2026-08-21T17:04:59.6955919Z Collecting pydantic-core==2.46.4 (from pydantic!=1.8,!=1.8.1,!=2.0.0,!=2.0.1,!=2.1.0,<3.0.0,>=1.7.4->fastapi==0.111.0->-r requirements.txt (line 7))
Train	Install dependencies	2026-08-21T17:04:59.7165952Z   Downloading pydantic_core-2.46.4-cp310-cp310-manylinux_2_17_x86_64.manylinux2014_x86_64.whl.metadata (6.6 kB)
Train	Install dependencies	2026-08-21T17:04:59.7478087Z Collecting typing-inspection>=0.4.2 (from pydantic!=1.8,!=1.8.1,!=2.0.0,!=2.0.1,!=2.1.0,<3.0.0,>=1.7.4->fastapi==0.111.0->-r requirements.txt (line 7))
Train	Install dependencies	2026-08-21T17:04:59.7688122Z   Downloading typing_inspection-0.4.4-py3-none-any.whl.metadata (2.6 kB)
Train	Install dependencies	2026-08-21T17:04:59.8048142Z Collecting six>=1.5 (from python-dateutil>=2.8.2->pandas==2.2.2->-r requirements.txt (line 3))
Train	Install dependencies	2026-08-21T17:04:59.8261386Z   Downloading six-1.17.0-py2.py3-none-any.whl.metadata (1.7 kB)
Train	Install dependencies	2026-08-21T17:05:00.0912435Z Collecting charset_normalizer<4,>=2 (from requests<3,>=2.17.3->mlflow==2.13.0->-r requirements.txt (line 1))
Train	Install dependencies	2026-08-21T17:05:00.1116371Z   Downloading charset_normalizer-3.5.1-cp310-cp310-manylinux2014_x86_64.manylinux_2_17_x86_64.manylinux_2_28_x86_64.whl.metadata (45 kB)
Train	Install dependencies	2026-08-21T17:05:00.1451802Z Collecting idna<4,>=2.5 (from requests<3,>=2.17.3->mlflow==2.13.0->-r requirements.txt (line 1))
Train	Install dependencies	2026-08-21T17:05:00.1653859Z   Downloading idna-3.19-py3-none-any.whl.metadata (9.2 kB)
Train	Install dependencies	2026-08-21T17:05:00.2064135Z Collecting certifi>=2023.5.7 (from requests<3,>=2.17.3->mlflow==2.13.0->-r requirements.txt (line 1))
Train	Install dependencies	2026-08-21T17:05:00.2267002Z   Downloading certifi-2026.7.22-py3-none-any.whl.metadata (2.5 kB)
Train	Install dependencies	2026-08-21T17:05:00.3595702Z Collecting pygit2>=1.14.0 (from scmrepo<4,>=3.3.2->dvc==3.50.1->dvc[gs]==3.50.1->-r requirements.txt (line 4))
Train	Install dependencies	2026-08-21T17:05:00.3800889Z   Downloading pygit2-1.18.2-cp310-cp310-manylinux_2_26_x86_64.manylinux_2_28_x86_64.whl.metadata (3.6 kB)
Train	Install dependencies	2026-08-21T17:05:00.4191281Z Collecting asyncssh<3,>=2.13.1 (from scmrepo<4,>=3.3.2->dvc==3.50.1->dvc[gs]==3.50.1->-r requirements.txt (line 4))
Train	Install dependencies	2026-08-21T17:05:00.4401222Z   Downloading asyncssh-2.24.0-py3-none-any.whl.metadata (9.8 kB)
Train	Install dependencies	2026-08-21T17:05:00.4737461Z Collecting aiohttp-retry>=2.5.0 (from scmrepo<4,>=3.3.2->dvc==3.50.1->dvc[gs]==3.50.1->-r requirements.txt (line 4))
Train	Install dependencies	2026-08-21T17:05:00.4939844Z   Downloading aiohttp_retry-2.9.1-py3-none-any.whl.metadata (8.8 kB)
Train	Install dependencies	2026-08-21T17:05:00.7142261Z Collecting greenlet>=1 (from sqlalchemy<3,>=1.4.0->mlflow==2.13.0->-r requirements.txt (line 1))
Train	Install dependencies	2026-08-21T17:05:00.7350599Z   Downloading greenlet-3.5.5-cp310-cp310-manylinux_2_24_x86_64.manylinux_2_28_x86_64.whl.metadata (3.8 kB)
Train	Install dependencies	2026-08-21T17:05:00.7789611Z Collecting anyio<5,>=3.4.0 (from starlette<0.38.0,>=0.37.2->fastapi==0.111.0->-r requirements.txt (line 7))
Train	Install dependencies	2026-08-21T17:05:00.7987670Z   Downloading anyio-4.14.2-py3-none-any.whl.metadata (4.6 kB)
Train	Install dependencies	2026-08-21T17:05:01.5719444Z Collecting aiohttp (from aiohttp-retry>=2.5.0->scmrepo<4,>=3.3.2->dvc==3.50.1->dvc[gs]==3.50.1->-r requirements.txt (line 4))
Train	Install dependencies	2026-08-21T17:05:01.5924296Z   Downloading aiohttp-3.14.3-cp310-cp310-manylinux2014_x86_64.manylinux_2_17_x86_64.manylinux_2_28_x86_64.whl.metadata (8.3 kB)
Train	Install dependencies	2026-08-21T17:05:01.6573682Z Collecting prompt-toolkit>=3.0.36 (from click-repl>=0.2.0->celery->dvc==3.50.1->dvc[gs]==3.50.1->-r requirements.txt (line 4))
Train	Install dependencies	2026-08-21T17:05:01.6781401Z   Downloading prompt_toolkit-3.0.53-py3-none-any.whl.metadata (6.4 kB)
Train	Install dependencies	2026-08-21T17:05:01.8367614Z Collecting cffi>=2.0.0 (from cryptography>=38.0.3->google-auth<3.0dev,>=2.26.1->google-cloud-storage==2.16.0->-r requirements.txt (line 10))
Train	Install dependencies	2026-08-21T17:05:01.8581766Z   Downloading cffi-2.1.1-cp310-cp310-manylinux2014_x86_64.manylinux_2_17_x86_64.whl.metadata (2.5 kB)
Train	Install dependencies	2026-08-21T17:05:01.8912995Z Collecting pycparser (from cffi>=2.0.0->cryptography>=38.0.3->google-auth<3.0dev,>=2.26.1->google-cloud-storage==2.16.0->-r requirements.txt (line 10))
Train	Install dependencies	2026-08-21T17:05:01.9112525Z   Downloading pycparser-3.0-py3-none-any.whl.metadata (8.2 kB)
Train	Install dependencies	2026-08-21T17:05:01.9520161Z Collecting dnspython>=2.0.0 (from email_validator>=2.0.0->fastapi==0.111.0->-r requirements.txt (line 7))
Train	Install dependencies	2026-08-21T17:05:01.9719281Z   Downloading dnspython-2.8.0-py3-none-any.whl.metadata (5.7 kB)
Train	Install dependencies	2026-08-21T17:05:02.0213636Z Collecting typer>=0.16.0 (from fastapi-cli>=0.0.2->fastapi==0.111.0->-r requirements.txt (line 7))
Train	Install dependencies	2026-08-21T17:05:02.0415119Z   Downloading typer-0.27.1-py3-none-any.whl.metadata (16 kB)
Train	Install dependencies	2026-08-21T17:05:02.0802435Z Collecting rich-toolkit>=0.14.8 (from fastapi-cli>=0.0.2->fastapi==0.111.0->-r requirements.txt (line 7))
Train	Install dependencies	2026-08-21T17:05:02.1004938Z   Downloading rich_toolkit-0.20.3-py3-none-any.whl.metadata (1.0 kB)
Train	Install dependencies	2026-08-21T17:05:02.1532687Z Collecting decorator>4.1.2 (from gcsfs>=2022.11.0->dvc-gs<4,>=3->dvc[gs]==3.50.1->-r requirements.txt (line 4))
Train	Install dependencies	2026-08-21T17:05:02.1900999Z   Downloading decorator-5.3.1-py3-none-any.whl.metadata (3.9 kB)
Train	Install dependencies	2026-08-21T17:05:02.2234320Z Collecting google-auth-oauthlib (from gcsfs>=2022.11.0->dvc-gs<4,>=3->dvc[gs]==3.50.1->-r requirements.txt (line 4))
Train	Install dependencies	2026-08-21T17:05:02.2439199Z   Downloading google_auth_oauthlib-1.4.0-py3-none-any.whl.metadata (2.6 kB)
Train	Install dependencies	2026-08-21T17:05:02.2875847Z Collecting google-cloud-storage-control (from gcsfs>=2022.11.0->dvc-gs<4,>=3->dvc[gs]==3.50.1->-r requirements.txt (line 4))
Train	Install dependencies	2026-08-21T17:05:02.3080168Z   Downloading google_cloud_storage_control-1.13.0-py3-none-any.whl.metadata (9.8 kB)
Train	Install dependencies	2026-08-21T17:05:02.3150000Z INFO: pip is looking at multiple versions of gcsfs to determine which version is compatible with other requirements. This could take a while.
Train	Install dependencies	2026-08-21T17:05:02.3158481Z Collecting gcsfs>=2022.11.0 (from dvc-gs<4,>=3->dvc[gs]==3.50.1->-r requirements.txt (line 4))
Train	Install dependencies	2026-08-21T17:05:02.3367495Z   Downloading gcsfs-2026.7.0-py3-none-any.whl.metadata (4.6 kB)
Train	Install dependencies	2026-08-21T17:05:02.3639864Z   Downloading gcsfs-2026.6.0-py3-none-any.whl.metadata (4.6 kB)
Train	Install dependencies	2026-08-21T17:05:02.3919029Z   Downloading gcsfs-2026.5.0-py3-none-any.whl.metadata (4.5 kB)
Train	Install dependencies	2026-08-21T17:05:02.4224540Z   Downloading gcsfs-2026.4.0-py3-none-any.whl.metadata (4.5 kB)
Train	Install dependencies	2026-08-21T17:05:02.4502023Z   Downloading gcsfs-2026.3.0-py3-none-any.whl.metadata (2.1 kB)
Train	Install dependencies	2026-08-21T17:05:02.4757312Z   Downloading gcsfs-2026.2.0-py3-none-any.whl.metadata (2.1 kB)
Train	Install dependencies	2026-08-21T17:05:02.5153687Z   Downloading gcsfs-2026.1.0-py3-none-any.whl.metadata (2.1 kB)
Train	Install dependencies	2026-08-21T17:05:02.5203845Z INFO: pip is still looking at multiple versions of gcsfs to determine which version is compatible with other requirements. This could take a while.
Train	Install dependencies	2026-08-21T17:05:02.5418679Z   Downloading gcsfs-2025.12.0-py3-none-any.whl.metadata (2.1 kB)
Train	Install dependencies	2026-08-21T17:05:02.5694038Z   Downloading gcsfs-2025.10.0-py2.py3-none-any.whl.metadata (2.1 kB)
Train	Install dependencies	2026-08-21T17:05:02.5952852Z   Downloading gcsfs-2025.9.0-py2.py3-none-any.whl.metadata (2.1 kB)
Train	Install dependencies	2026-08-21T17:05:02.6221068Z   Downloading gcsfs-2025.7.0-py2.py3-none-any.whl.metadata (2.1 kB)
Train	Install dependencies	2026-08-21T17:05:02.6488299Z   Downloading gcsfs-2025.5.1-py2.py3-none-any.whl.metadata (1.9 kB)
Train	Install dependencies	2026-08-21T17:05:02.6677647Z INFO: This is taking longer than usual. You might need to provide the dependency resolver with stricter constraints to reduce runtime. See https://pip.pypa.io/warnings/backtracking for guidance. If you want to abort this run, press Ctrl + C.
Train	Install dependencies	2026-08-21T17:05:02.6921796Z   Downloading gcsfs-2025.5.0.post1-py2.py3-none-any.whl.metadata (1.9 kB)
Train	Install dependencies	2026-08-21T17:05:02.7223468Z   Downloading gcsfs-2025.5.0-py2.py3-none-any.whl.metadata (1.9 kB)
Train	Install dependencies	2026-08-21T17:05:02.8738255Z   Downloading gcsfs-2025.3.2-py2.py3-none-any.whl.metadata (1.9 kB)
Train	Install dependencies	2026-08-21T17:05:02.9800788Z   Downloading gcsfs-2025.3.1-py2.py3-none-any.whl.metadata (1.9 kB)
Train	Install dependencies	2026-08-21T17:05:03.4718387Z   Downloading gcsfs-2025.3.0-py2.py3-none-any.whl.metadata (1.9 kB)
Train	Install dependencies	2026-08-21T17:05:03.6784120Z   Downloading gcsfs-2025.2.0-py2.py3-none-any.whl.metadata (1.9 kB)
Train	Install dependencies	2026-08-21T17:05:03.8249611Z   Downloading gcsfs-2024.12.0-py2.py3-none-any.whl.metadata (1.6 kB)
Train	Install dependencies	2026-08-21T17:05:03.8514672Z   Downloading gcsfs-2024.10.0-py2.py3-none-any.whl.metadata (1.6 kB)
Train	Install dependencies	2026-08-21T17:05:03.8781511Z   Downloading gcsfs-2024.9.0.post1-py2.py3-none-any.whl.metadata (1.6 kB)
Train	Install dependencies	2026-08-21T17:05:03.9045412Z   Downloading gcsfs-2024.6.1-py2.py3-none-any.whl.metadata (1.6 kB)
Train	Install dependencies	2026-08-21T17:05:03.9317752Z   Downloading gcsfs-2024.6.0-py2.py3-none-any.whl.metadata (1.6 kB)
Train	Install dependencies	2026-08-21T17:05:03.9582593Z   Downloading gcsfs-2024.5.0-py2.py3-none-any.whl.metadata (1.6 kB)
Train	Install dependencies	2026-08-21T17:05:03.9873495Z   Downloading gcsfs-2024.3.1-py2.py3-none-any.whl.metadata (1.6 kB)
Train	Install dependencies	2026-08-21T17:05:04.0133507Z   Downloading gcsfs-2024.2.0-py2.py3-none-any.whl.metadata (1.6 kB)
Train	Install dependencies	2026-08-21T17:05:04.0390333Z   Downloading gcsfs-2023.12.2.post1-py2.py3-none-any.whl.metadata (1.6 kB)
Train	Install dependencies	2026-08-21T17:05:04.0647339Z   Downloading gcsfs-2023.12.1-py2.py3-none-any.whl.metadata (1.6 kB)
Train	Install dependencies	2026-08-21T17:05:04.0912169Z   Downloading gcsfs-2023.12.0-py2.py3-none-any.whl.metadata (1.6 kB)
Train	Install dependencies	2026-08-21T17:05:04.1168361Z   Downloading gcsfs-2023.10.0-py2.py3-none-any.whl.metadata (1.6 kB)
Train	Install dependencies	2026-08-21T17:05:04.1432386Z   Downloading gcsfs-2023.9.2-py2.py3-none-any.whl.metadata (1.6 kB)
Train	Install dependencies	2026-08-21T17:05:04.1697921Z   Downloading gcsfs-2023.9.1-py2.py3-none-any.whl.metadata (1.6 kB)
Train	Install dependencies	2026-08-21T17:05:04.1951819Z   Downloading gcsfs-2023.9.0-py2.py3-none-any.whl.metadata (1.6 kB)
Train	Install dependencies	2026-08-21T17:05:04.2207546Z   Downloading gcsfs-2023.6.0-py2.py3-none-any.whl.metadata (1.6 kB)
Train	Install dependencies	2026-08-21T17:05:04.2477511Z   Downloading gcsfs-2023.5.0-py2.py3-none-any.whl.metadata (1.6 kB)
Train	Install dependencies	2026-08-21T17:05:04.2728681Z   Downloading gcsfs-2023.4.0-py2.py3-none-any.whl.metadata (1.6 kB)
Train	Install dependencies	2026-08-21T17:05:04.3027035Z   Downloading gcsfs-2023.3.0-py2.py3-none-any.whl.metadata (1.6 kB)
Train	Install dependencies	2026-08-21T17:05:04.3292610Z   Downloading gcsfs-2023.1.0-py2.py3-none-any.whl.metadata (1.6 kB)
Train	Install dependencies	2026-08-21T17:05:04.3552920Z   Downloading gcsfs-2022.11.0-py2.py3-none-any.whl.metadata (1.6 kB)
Train	Install dependencies	2026-08-21T17:05:04.3627976Z Collecting fsspec[tqdm]>=2024.2.0 (from scmrepo<4,>=3.3.2->dvc==3.50.1->dvc[gs]==3.50.1->-r requirements.txt (line 4))
Train	Install dependencies	2026-08-21T17:05:04.3838548Z   Downloading fsspec-2026.6.0-py3-none-any.whl.metadata (10 kB)
Train	Install dependencies	2026-08-21T17:05:04.4310087Z Collecting fsspec (from dvc==3.50.1->dvc[gs]==3.50.1->-r requirements.txt (line 4))
Train	Install dependencies	2026-08-21T17:05:04.4528051Z   Downloading fsspec-2026.3.0-py3-none-any.whl.metadata (10 kB)
Train	Install dependencies	2026-08-21T17:05:04.5063071Z   Downloading fsspec-2026.2.0-py3-none-any.whl.metadata (10 kB)
Train	Install dependencies	2026-08-21T17:05:04.5599007Z   Downloading fsspec-2026.1.0-py3-none-any.whl.metadata (10 kB)
Train	Install dependencies	2026-08-21T17:05:04.6154632Z   Downloading fsspec-2025.12.0-py3-none-any.whl.metadata (10 kB)
Train	Install dependencies	2026-08-21T17:05:04.6493602Z INFO: pip is looking at multiple versions of fsspec[tqdm] to determine which version is compatible with other requirements. This could take a while.
Train	Install dependencies	2026-08-21T17:05:04.6502735Z Collecting fsspec[tqdm]>=2024.2.0 (from scmrepo<4,>=3.3.2->dvc==3.50.1->dvc[gs]==3.50.1->-r requirements.txt (line 4))
Train	Install dependencies	2026-08-21T17:05:04.6721155Z   Downloading fsspec-2026.4.0-py3-none-any.whl.metadata (10 kB)
Train	Install dependencies	2026-08-21T17:05:04.7363903Z Collecting aiohappyeyeballs>=2.5.0 (from aiohttp->aiohttp-retry>=2.5.0->scmrepo<4,>=3.3.2->dvc==3.50.1->dvc[gs]==3.50.1->-r requirements.txt (line 4))
Train	Install dependencies	2026-08-21T17:05:04.7568972Z   Downloading aiohappyeyeballs-2.7.1-py3-none-any.whl.metadata (5.9 kB)
Train	Install dependencies	2026-08-21T17:05:04.7847023Z Collecting aiosignal>=1.4.0 (from aiohttp->aiohttp-retry>=2.5.0->scmrepo<4,>=3.3.2->dvc==3.50.1->dvc[gs]==3.50.1->-r requirements.txt (line 4))
Train	Install dependencies	2026-08-21T17:05:04.8057396Z   Downloading aiosignal-1.4.0-py3-none-any.whl.metadata (3.7 kB)
Train	Install dependencies	2026-08-21T17:05:04.8351619Z Collecting async-timeout<6.0,>=4.0 (from aiohttp->aiohttp-retry>=2.5.0->scmrepo<4,>=3.3.2->dvc==3.50.1->dvc[gs]==3.50.1->-r requirements.txt (line 4))
Train	Install dependencies	2026-08-21T17:05:04.8553563Z   Downloading async_timeout-5.0.1-py3-none-any.whl.metadata (5.1 kB)
Train	Install dependencies	2026-08-21T17:05:04.9578690Z Collecting frozenlist>=1.1.1 (from aiohttp->aiohttp-retry>=2.5.0->scmrepo<4,>=3.3.2->dvc==3.50.1->dvc[gs]==3.50.1->-r requirements.txt (line 4))
Train	Install dependencies	2026-08-21T17:05:04.9788668Z   Downloading frozenlist-1.8.0-cp310-cp310-manylinux1_x86_64.manylinux_2_28_x86_64.manylinux_2_5_x86_64.whl.metadata (20 kB)
Train	Install dependencies	2026-08-21T17:05:05.4161246Z Collecting multidict<7.0,>=4.5 (from aiohttp->aiohttp-retry>=2.5.0->scmrepo<4,>=3.3.2->dvc==3.50.1->dvc[gs]==3.50.1->-r requirements.txt (line 4))
Train	Install dependencies	2026-08-21T17:05:05.4367351Z   Downloading multidict-6.7.1-cp310-cp310-manylinux2014_x86_64.manylinux_2_17_x86_64.manylinux_2_28_x86_64.whl.metadata (5.3 kB)
Train	Install dependencies	2026-08-21T17:05:05.5240812Z Collecting propcache>=0.2.0 (from aiohttp->aiohttp-retry>=2.5.0->scmrepo<4,>=3.3.2->dvc==3.50.1->dvc[gs]==3.50.1->-r requirements.txt (line 4))
Train	Install dependencies	2026-08-21T17:05:05.5445227Z   Downloading propcache-0.5.2-cp310-cp310-manylinux2014_x86_64.manylinux_2_17_x86_64.manylinux_2_28_x86_64.whl.metadata (16 kB)
Train	Install dependencies	2026-08-21T17:05:05.8991493Z Collecting yarl<2.0,>=1.17.0 (from aiohttp->aiohttp-retry>=2.5.0->scmrepo<4,>=3.3.2->dvc==3.50.1->dvc[gs]==3.50.1->-r requirements.txt (line 4))
Train	Install dependencies	2026-08-21T17:05:05.9197111Z   Downloading yarl-1.24.5-cp310-cp310-manylinux2014_x86_64.manylinux_2_17_x86_64.manylinux_2_28_x86_64.whl.metadata (103 kB)
Train	Install dependencies	2026-08-21T17:05:06.0012666Z Collecting httpcore==1.* (from httpx>=0.23.0->fastapi==0.111.0->-r requirements.txt (line 7))
Train	Install dependencies	2026-08-21T17:05:06.0217274Z   Downloading httpcore-1.0.9-py3-none-any.whl.metadata (21 kB)
Train	Install dependencies	2026-08-21T17:05:06.0629853Z Collecting antlr4-python3-runtime==4.9.* (from hydra-core>=1.1->dvc==3.50.1->dvc[gs]==3.50.1->-r requirements.txt (line 4))
Train	Install dependencies	2026-08-21T17:05:06.0838414Z   Downloading antlr4-python3-runtime-4.9.3.tar.gz (117 kB)
Train	Install dependencies	2026-08-21T17:05:06.1185337Z   Installing build dependencies: started
Train	Install dependencies	2026-08-21T17:05:07.2081004Z   Installing build dependencies: finished with status 'done'
Train	Install dependencies	2026-08-21T17:05:07.2088504Z   Getting requirements to build wheel: started
Train	Install dependencies	2026-08-21T17:05:07.6003859Z   Getting requirements to build wheel: finished with status 'done'
Train	Install dependencies	2026-08-21T17:05:07.6014439Z   Preparing metadata (pyproject.toml): started
Train	Install dependencies	2026-08-21T17:05:07.7990734Z   Preparing metadata (pyproject.toml): finished with status 'done'
Train	Install dependencies	2026-08-21T17:05:07.8329347Z Collecting appdirs (from iterative-telemetry>=0.0.7->dvc==3.50.1->dvc[gs]==3.50.1->-r requirements.txt (line 4))
Train	Install dependencies	2026-08-21T17:05:07.8533995Z   Downloading appdirs-1.4.4-py2.py3-none-any.whl.metadata (9.0 kB)
Train	Install dependencies	2026-08-21T17:05:07.8960827Z Collecting filelock (from iterative-telemetry>=0.0.7->dvc==3.50.1->dvc[gs]==3.50.1->-r requirements.txt (line 4))
Train	Install dependencies	2026-08-21T17:05:07.9162393Z   Downloading filelock-3.32.3-py3-none-any.whl.metadata (2.0 kB)
Train	Install dependencies	2026-08-21T17:05:07.9639375Z Collecting wcwidth>=0.1.4 (from prompt-toolkit>=3.0.36->click-repl>=0.2.0->celery->dvc==3.50.1->dvc[gs]==3.50.1->-r requirements.txt (line 4))
Train	Install dependencies	2026-08-21T17:05:07.9844581Z   Downloading wcwidth-0.8.2-py3-none-any.whl.metadata (43 kB)
Train	Install dependencies	2026-08-21T17:05:08.0346396Z Collecting pyasn1<0.7.0,>=0.6.1 (from pyasn1-modules>=0.2.1->google-auth<3.0dev,>=2.26.1->google-cloud-storage==2.16.0->-r requirements.txt (line 10))
Train	Install dependencies	2026-08-21T17:05:08.0547770Z   Downloading pyasn1-0.6.4-py3-none-any.whl.metadata (8.4 kB)
Train	Install dependencies	2026-08-21T17:05:08.1014466Z Collecting python-dotenv>=0.21.0 (from pydantic-settings>=2->gto<2,>=1.6.0->dvc==3.50.1->dvc[gs]==3.50.1->-r requirements.txt (line 4))
Train	Install dependencies	2026-08-21T17:05:08.1220383Z   Downloading python_dotenv-1.2.3-py3-none-any.whl.metadata (29 kB)
Train	Install dependencies	2026-08-21T17:05:08.1754183Z Collecting markdown-it-py>=2.2.0 (from rich>=12->dvc==3.50.1->dvc[gs]==3.50.1->-r requirements.txt (line 4))
Train	Install dependencies	2026-08-21T17:05:08.1960800Z   Downloading markdown_it_py-4.2.0-py3-none-any.whl.metadata (7.4 kB)
Train	Install dependencies	2026-08-21T17:05:08.2375195Z Collecting pygments<3.0.0,>=2.13.0 (from rich>=12->dvc==3.50.1->dvc[gs]==3.50.1->-r requirements.txt (line 4))
Train	Install dependencies	2026-08-21T17:05:08.2576006Z   Downloading pygments-2.21.0-py3-none-any.whl.metadata (2.5 kB)
Train	Install dependencies	2026-08-21T17:05:08.2908204Z Collecting mdurl~=0.1 (from markdown-it-py>=2.2.0->rich>=12->dvc==3.50.1->dvc[gs]==3.50.1->-r requirements.txt (line 4))
Train	Install dependencies	2026-08-21T17:05:08.3114014Z   Downloading mdurl-0.1.2-py3-none-any.whl.metadata (1.6 kB)
Train	Install dependencies	2026-08-21T17:05:08.3710839Z Collecting shellingham>=1.3.0 (from typer>=0.16.0->fastapi-cli>=0.0.2->fastapi==0.111.0->-r requirements.txt (line 7))
Train	Install dependencies	2026-08-21T17:05:08.3906144Z   Downloading shellingham-1.5.4-py2.py3-none-any.whl.metadata (3.5 kB)
Train	Install dependencies	2026-08-21T17:05:08.4210324Z Collecting annotated-doc>=0.0.2 (from typer>=0.16.0->fastapi-cli>=0.0.2->fastapi==0.111.0->-r requirements.txt (line 7))
Train	Install dependencies	2026-08-21T17:05:08.4406170Z   Downloading annotated_doc-0.0.5-py3-none-any.whl.metadata (6.5 kB)
Train	Install dependencies	2026-08-21T17:05:08.5063128Z Collecting httptools>=0.5.0 (from uvicorn[standard]>=0.12.0->fastapi==0.111.0->-r requirements.txt (line 7))
Train	Install dependencies	2026-08-21T17:05:08.5262573Z   Downloading httptools-0.8.0-cp310-cp310-manylinux1_x86_64.manylinux_2_28_x86_64.manylinux_2_5_x86_64.whl.metadata (3.5 kB)
Train	Install dependencies	2026-08-21T17:05:08.5887579Z Collecting uvloop!=0.15.0,!=0.15.1,>=0.14.0 (from uvicorn[standard]>=0.12.0->fastapi==0.111.0->-r requirements.txt (line 7))
Train	Install dependencies	2026-08-21T17:05:08.6086656Z   Downloading uvloop-0.22.1-cp310-cp310-manylinux2014_x86_64.manylinux_2_17_x86_64.manylinux_2_28_x86_64.whl.metadata (4.9 kB)
Train	Install dependencies	2026-08-21T17:05:08.7201270Z Collecting watchfiles>=0.13 (from uvicorn[standard]>=0.12.0->fastapi==0.111.0->-r requirements.txt (line 7))
Train	Install dependencies	2026-08-21T17:05:08.7408022Z   Downloading watchfiles-1.2.0-cp310-cp310-manylinux_2_17_x86_64.manylinux2014_x86_64.whl.metadata (4.9 kB)
Train	Install dependencies	2026-08-21T17:05:08.8922672Z Collecting websockets>=10.4 (from uvicorn[standard]>=0.12.0->fastapi==0.111.0->-r requirements.txt (line 7))
Train	Install dependencies	2026-08-21T17:05:08.9129373Z   Downloading websockets-16.1.1-cp310-cp310-manylinux1_x86_64.manylinux_2_28_x86_64.manylinux_2_5_x86_64.whl.metadata (6.8 kB)
Train	Install dependencies	2026-08-21T17:05:08.9355625Z Requirement already satisfied: setuptools in /opt/hostedtoolcache/Python/3.10.21/x64/lib/python3.10/site-packages (from zc.lockfile>=1.2.1->dvc==3.50.1->dvc[gs]==3.50.1->-r requirements.txt (line 4)) (79.0.1)
Train	Install dependencies	2026-08-21T17:05:08.9427797Z INFO: pip is looking at multiple versions of fsspec[http] to determine which version is compatible with other requirements. This could take a while.
Train	Install dependencies	2026-08-21T17:05:08.9813102Z Collecting requests-oauthlib>=0.7.0 (from google-auth-oauthlib->gcsfs>=2022.11.0->dvc-gs<4,>=3->dvc[gs]==3.50.1->-r requirements.txt (line 4))
Train	Install dependencies	2026-08-21T17:05:09.0020032Z   Downloading requests_oauthlib-2.0.0-py2.py3-none-any.whl.metadata (11 kB)
Train	Install dependencies	2026-08-21T17:05:09.0365713Z Collecting oauthlib>=3.0.0 (from requests-oauthlib>=0.7.0->google-auth-oauthlib->gcsfs>=2022.11.0->dvc-gs<4,>=3->dvc[gs]==3.50.1->-r requirements.txt (line 4))
Train	Install dependencies	2026-08-21T17:05:09.0568424Z   Downloading oauthlib-3.3.1-py3-none-any.whl.metadata (7.9 kB)
Train	Install dependencies	2026-08-21T17:05:09.8700914Z Collecting grpcio<2.0.0,>=1.59.0 (from google-cloud-storage-control->gcsfs>=2022.11.0->dvc-gs<4,>=3->dvc[gs]==3.50.1->-r requirements.txt (line 4))
Train	Install dependencies	2026-08-21T17:05:09.8907500Z   Downloading grpcio-1.83.0-cp310-cp310-manylinux2014_x86_64.manylinux_2_17_x86_64.whl.metadata (3.7 kB)
Train	Install dependencies	2026-08-21T17:05:09.8977396Z INFO: pip is looking at multiple versions of google-cloud-storage-control to determine which version is compatible with other requirements. This could take a while.
Train	Install dependencies	2026-08-21T17:05:09.8985774Z Collecting google-cloud-storage-control (from gcsfs>=2022.11.0->dvc-gs<4,>=3->dvc[gs]==3.50.1->-r requirements.txt (line 4))
Train	Install dependencies	2026-08-21T17:05:09.9198196Z   Downloading google_cloud_storage_control-1.12.0-py3-none-any.whl.metadata (9.8 kB)
Train	Install dependencies	2026-08-21T17:05:09.9630770Z Collecting grpc-google-iam-v1<1.0.0,>=0.14.0 (from google-cloud-storage-control->gcsfs>=2022.11.0->dvc-gs<4,>=3->dvc[gs]==3.50.1->-r requirements.txt (line 4))
Train	Install dependencies	2026-08-21T17:05:09.9833968Z   Downloading grpc_google_iam_v1-0.14.5-py3-none-any.whl.metadata (8.8 kB)
Train	Install dependencies	2026-08-21T17:05:09.9933156Z INFO: pip is looking at multiple versions of google-api-core[grpc] to determine which version is compatible with other requirements. This could take a while.
Train	Install dependencies	2026-08-21T17:05:10.0679516Z Collecting grpcio-status<2.0.0,>=1.33.2 (from google-api-core[grpc]<3.0.0,>=2.17.1->google-cloud-storage-control->gcsfs>=2022.11.0->dvc-gs<4,>=3->dvc[gs]==3.50.1->-r requirements.txt (line 4))
Train	Install dependencies	2026-08-21T17:05:10.0885226Z   Downloading grpcio_status-1.83.0-py3-none-any.whl.metadata (1.2 kB)
Train	Install dependencies	2026-08-21T17:05:10.0966224Z INFO: pip is looking at multiple versions of grpc-google-iam-v1 to determine which version is compatible with other requirements. This could take a while.
Train	Install dependencies	2026-08-21T17:05:10.0975442Z Collecting grpc-google-iam-v1<1.0.0,>=0.14.0 (from google-cloud-storage-control->gcsfs>=2022.11.0->dvc-gs<4,>=3->dvc[gs]==3.50.1->-r requirements.txt (line 4))
Train	Install dependencies	2026-08-21T17:05:10.1181984Z   Downloading grpc_google_iam_v1-0.14.4-py3-none-any.whl.metadata (9.1 kB)
Train	Install dependencies	2026-08-21T17:05:10.1370106Z INFO: pip is looking at multiple versions of googleapis-common-protos[grpc] to determine which version is compatible with other requirements. This could take a while.
Train	Install dependencies	2026-08-21T17:05:10.1459761Z INFO: pip is looking at multiple versions of grpcio-status to determine which version is compatible with other requirements. This could take a while.
Train	Install dependencies	2026-08-21T17:05:10.1469284Z Collecting grpcio-status<2.0.0,>=1.33.2 (from google-api-core[grpc]<3.0.0,>=2.17.1->google-cloud-storage-control->gcsfs>=2022.11.0->dvc-gs<4,>=3->dvc[gs]==3.50.1->-r requirements.txt (line 4))
Train	Install dependencies	2026-08-21T17:05:10.1683921Z   Downloading grpcio_status-1.82.1-py3-none-any.whl.metadata (1.2 kB)
Train	Install dependencies	2026-08-21T17:05:10.2004973Z   Downloading grpcio_status-1.81.1-py3-none-any.whl.metadata (1.2 kB)
Train	Install dependencies	2026-08-21T17:05:10.2252173Z   Downloading grpcio_status-1.81.0-py3-none-any.whl.metadata (1.2 kB)
Train	Install dependencies	2026-08-21T17:05:10.2511205Z   Downloading grpcio_status-1.80.0-py3-none-any.whl.metadata (1.3 kB)
Train	Install dependencies	2026-08-21T17:05:10.2925561Z   Downloading grpcio_status-1.78.0-py3-none-any.whl.metadata (1.3 kB)
Train	Install dependencies	2026-08-21T17:05:10.3176429Z   Downloading grpcio_status-1.76.0-py3-none-any.whl.metadata (1.1 kB)
Train	Install dependencies	2026-08-21T17:05:10.3424246Z   Downloading grpcio_status-1.75.1-py3-none-any.whl.metadata (1.1 kB)
Train	Install dependencies	2026-08-21T17:05:10.3463503Z INFO: pip is still looking at multiple versions of grpcio-status to determine which version is compatible with other requirements. This could take a while.
Train	Install dependencies	2026-08-21T17:05:10.3670182Z   Downloading grpcio_status-1.75.0-py3-none-any.whl.metadata (1.1 kB)
Train	Install dependencies	2026-08-21T17:05:10.3915629Z   Downloading grpcio_status-1.74.0-py3-none-any.whl.metadata (1.1 kB)
Train	Install dependencies	2026-08-21T17:05:10.4163721Z   Downloading grpcio_status-1.73.1-py3-none-any.whl.metadata (1.1 kB)
Train	Install dependencies	2026-08-21T17:05:10.4486067Z   Downloading grpcio_status-1.73.0-py3-none-any.whl.metadata (1.1 kB)
Train	Install dependencies	2026-08-21T17:05:10.4735341Z   Downloading grpcio_status-1.72.2-py3-none-any.whl.metadata (1.1 kB)
Train	Install dependencies	2026-08-21T17:05:10.4777909Z INFO: This is taking longer than usual. You might need to provide the dependency resolver with stricter constraints to reduce runtime. See https://pip.pypa.io/warnings/backtracking for guidance. If you want to abort this run, press Ctrl + C.
Train	Install dependencies	2026-08-21T17:05:10.4989349Z   Downloading grpcio_status-1.72.1-py3-none-any.whl.metadata (1.1 kB)
Train	Install dependencies	2026-08-21T17:05:10.5237818Z   Downloading grpcio_status-1.71.2-py3-none-any.whl.metadata (1.1 kB)
Train	Install dependencies	2026-08-21T17:05:10.5572013Z   Downloading grpcio_status-1.71.0-py3-none-any.whl.metadata (1.1 kB)
Train	Install dependencies	2026-08-21T17:05:10.5829813Z   Downloading grpcio_status-1.70.0-py3-none-any.whl.metadata (1.1 kB)
Train	Install dependencies	2026-08-21T17:05:10.6082134Z   Downloading grpcio_status-1.69.0-py3-none-any.whl.metadata (1.1 kB)
Train	Install dependencies	2026-08-21T17:05:10.6331763Z   Downloading grpcio_status-1.68.1-py3-none-any.whl.metadata (1.1 kB)
Train	Install dependencies	2026-08-21T17:05:10.6581320Z   Downloading grpcio_status-1.68.0-py3-none-any.whl.metadata (1.1 kB)
Train	Install dependencies	2026-08-21T17:05:10.6831854Z   Downloading grpcio_status-1.67.1-py3-none-any.whl.metadata (1.1 kB)
Train	Install dependencies	2026-08-21T17:05:10.7082319Z   Downloading grpcio_status-1.67.0-py3-none-any.whl.metadata (1.1 kB)
Train	Install dependencies	2026-08-21T17:05:10.7332471Z   Downloading grpcio_status-1.66.2-py3-none-any.whl.metadata (1.1 kB)
Train	Install dependencies	2026-08-21T17:05:10.7582225Z   Downloading grpcio_status-1.66.1-py3-none-any.whl.metadata (1.1 kB)
Train	Install dependencies	2026-08-21T17:05:10.7833003Z   Downloading grpcio_status-1.66.0-py3-none-any.whl.metadata (1.1 kB)
Train	Install dependencies	2026-08-21T17:05:10.8085458Z   Downloading grpcio_status-1.65.5-py3-none-any.whl.metadata (1.1 kB)
Train	Install dependencies	2026-08-21T17:05:10.8335656Z   Downloading grpcio_status-1.65.4-py3-none-any.whl.metadata (1.1 kB)
Train	Install dependencies	2026-08-21T17:05:10.8584327Z   Downloading grpcio_status-1.65.2-py3-none-any.whl.metadata (1.1 kB)
Train	Install dependencies	2026-08-21T17:05:10.8834851Z   Downloading grpcio_status-1.65.1-py3-none-any.whl.metadata (1.1 kB)
Train	Install dependencies	2026-08-21T17:05:10.9115125Z   Downloading grpcio_status-1.64.3-py3-none-any.whl.metadata (1.1 kB)
Train	Install dependencies	2026-08-21T17:05:10.9367631Z   Downloading grpcio_status-1.64.1-py3-none-any.whl.metadata (1.1 kB)
Train	Install dependencies	2026-08-21T17:05:10.9621041Z   Downloading grpcio_status-1.64.0-py3-none-any.whl.metadata (1.1 kB)
Train	Install dependencies	2026-08-21T17:05:10.9887794Z   Downloading grpcio_status-1.63.2-py3-none-any.whl.metadata (1.1 kB)
Train	Install dependencies	2026-08-21T17:05:11.0134791Z   Downloading grpcio_status-1.63.0-py3-none-any.whl.metadata (1.1 kB)
Train	Install dependencies	2026-08-21T17:05:11.0382461Z   Downloading grpcio_status-1.62.3-py3-none-any.whl.metadata (1.3 kB)
Train	Install dependencies	2026-08-21T17:05:11.1042880Z Downloading mlflow-2.13.0-py3-none-any.whl (25.0 MB)
Train	Install dependencies	2026-08-21T17:05:11.3394601Z    ━━━━━━━━━━━━━━━━━━━━━━━━━━━━━━━━━━━━━━━━ 25.0/25.0 MB 115.5 MB/s  0:00:00
Train	Install dependencies	2026-08-21T17:05:11.3648750Z Downloading scikit_learn-1.4.2-cp310-cp310-manylinux_2_17_x86_64.manylinux2014_x86_64.whl (12.1 MB)
Train	Install dependencies	2026-08-21T17:05:11.4359234Z    ━━━━━━━━━━━━━━━━━━━━━━━━━━━━━━━━━━━━━━━━ 12.1/12.1 MB 175.8 MB/s  0:00:00
Train	Install dependencies	2026-08-21T17:05:11.4563909Z Downloading pandas-2.2.2-cp310-cp310-manylinux_2_17_x86_64.manylinux2014_x86_64.whl (13.0 MB)
Train	Install dependencies	2026-08-21T17:05:11.5264772Z    ━━━━━━━━━━━━━━━━━━━━━━━━━━━━━━━━━━━━━━━━ 13.0/13.0 MB 191.5 MB/s  0:00:00
Train	Install dependencies	2026-08-21T17:05:11.5494540Z Downloading PyYAML-6.0.1-cp310-cp310-manylinux_2_17_x86_64.manylinux2014_x86_64.whl (705 kB)
Train	Install dependencies	2026-08-21T17:05:11.5558296Z    ━━━━━━━━━━━━━━━━━━━━━━━━━━━━━━━━━━━━━━━━ 705.5/705.5 kB 120.5 MB/s  0:00:00
Train	Install dependencies	2026-08-21T17:05:11.5768278Z Downloading dvc-3.50.1-py3-none-any.whl (451 kB)
Train	Install dependencies	2026-08-21T17:05:11.6019731Z Downloading pathspec-0.11.2-py3-none-any.whl (29 kB)
Train	Install dependencies	2026-08-21T17:05:11.6238680Z Downloading pytest-8.2.0-py3-none-any.whl (339 kB)
Train	Install dependencies	2026-08-21T17:05:11.6465560Z Downloading fastapi-0.111.0-py3-none-any.whl (91 kB)
Train	Install dependencies	2026-08-21T17:05:11.6685645Z Downloading uvicorn-0.29.0-py3-none-any.whl (60 kB)
Train	Install dependencies	2026-08-21T17:05:11.6913476Z Downloading joblib-1.4.2-py3-none-any.whl (301 kB)
Train	Install dependencies	2026-08-21T17:05:11.7145250Z Downloading google_cloud_storage-2.16.0-py2.py3-none-any.whl (125 kB)
Train	Install dependencies	2026-08-21T17:05:11.7373873Z Downloading alembic-1.19.1-py3-none-any.whl (265 kB)
Train	Install dependencies	2026-08-21T17:05:11.7597962Z Downloading cachetools-5.5.2-py3-none-any.whl (10 kB)
Train	Install dependencies	2026-08-21T17:05:11.7833739Z Downloading click-8.4.2-py3-none-any.whl (119 kB)
Train	Install dependencies	2026-08-21T17:05:11.8071175Z Downloading cloudpickle-3.1.2-py3-none-any.whl (22 kB)
Train	Install dependencies	2026-08-21T17:05:11.8293688Z Downloading docker-7.2.0-py3-none-any.whl (148 kB)
Train	Install dependencies	2026-08-21T17:05:11.8515736Z Downloading dpath-2.2.0-py3-none-any.whl (17 kB)
Train	Install dependencies	2026-08-21T17:05:11.8756076Z Downloading dvc_data-3.15.2-py3-none-any.whl (71 kB)
Train	Install dependencies	2026-08-21T17:05:11.9225456Z Downloading dvc_gs-3.1.0-py3-none-any.whl (11 kB)
Train	Install dependencies	2026-08-21T17:05:11.9459324Z Downloading dvc_objects-5.2.0-py3-none-any.whl (33 kB)
Train	Install dependencies	2026-08-21T17:05:11.9710895Z Downloading dvc_render-1.0.2-py3-none-any.whl (22 kB)
Train	Install dependencies	2026-08-21T17:05:11.9965807Z Downloading dvc_studio_client-0.23.0-py3-none-any.whl (16 kB)
Train	Install dependencies	2026-08-21T17:05:12.0274876Z Downloading dvc_task-0.40.2-py3-none-any.whl (21 kB)
Train	Install dependencies	2026-08-21T17:05:12.0561154Z Downloading celery-5.6.3-py3-none-any.whl (451 kB)
Train	Install dependencies	2026-08-21T17:05:12.0859090Z Downloading billiard-4.2.4-py3-none-any.whl (87 kB)
Train	Install dependencies	2026-08-21T17:05:12.1128889Z Downloading entrypoints-0.4-py3-none-any.whl (5.3 kB)
Train	Install dependencies	2026-08-21T17:05:12.1401877Z Downloading flask-3.1.3-py3-none-any.whl (103 kB)
Train	Install dependencies	2026-08-21T17:05:12.1683806Z Downloading flatten_dict-0.5.0-py3-none-any.whl (9.9 kB)
Train	Install dependencies	2026-08-21T17:05:12.1954511Z Downloading flufl.lock-7.1.1-py3-none-any.whl (11 kB)
Train	Install dependencies	2026-08-21T17:05:12.2306467Z Downloading gitpython-3.1.59-py3-none-any.whl (220 kB)
Train	Install dependencies	2026-08-21T17:05:12.2546478Z Downloading gitdb-4.0.12-py3-none-any.whl (62 kB)
Train	Install dependencies	2026-08-21T17:05:12.2837908Z Downloading google_api_core-2.30.3-py3-none-any.whl (173 kB)
Train	Install dependencies	2026-08-21T17:05:12.3103503Z Downloading google_auth-2.56.3-py3-none-any.whl (259 kB)
Train	Install dependencies	2026-08-21T17:05:12.3334852Z Downloading google_cloud_core-2.6.1-py3-none-any.whl (29 kB)
Train	Install dependencies	2026-08-21T17:05:12.3555975Z Downloading google_crc32c-1.8.0-cp310-cp310-manylinux1_x86_64.manylinux2014_x86_64.manylinux_2_17_x86_64.manylinux_2_5_x86_64.whl (33 kB)
Train	Install dependencies	2026-08-21T17:05:12.3774095Z Downloading googleapis_common_protos-1.75.0-py3-none-any.whl (300 kB)
Train	Install dependencies	2026-08-21T17:05:12.4011254Z Downloading grandalf-0.8-py3-none-any.whl (41 kB)
Train	Install dependencies	2026-08-21T17:05:12.4233980Z Downloading graphene-3.4.3-py2.py3-none-any.whl (114 kB)
Train	Install dependencies	2026-08-21T17:05:12.4457907Z Downloading graphql_core-3.2.11-py3-none-any.whl (214 kB)
Train	Install dependencies	2026-08-21T17:05:12.4682286Z Downloading graphql_relay-3.2.0-py3-none-any.whl (16 kB)
Train	Install dependencies	2026-08-21T17:05:12.4914082Z Downloading gto-1.10.1-py3-none-any.whl (45 kB)
Train	Install dependencies	2026-08-21T17:05:12.5168123Z Downloading gunicorn-22.0.0-py3-none-any.whl (84 kB)
Train	Install dependencies	2026-08-21T17:05:12.5451388Z Downloading importlib_metadata-7.2.1-py3-none-any.whl (25 kB)
Train	Install dependencies	2026-08-21T17:05:12.5680276Z Downloading jinja2-3.1.6-py3-none-any.whl (134 kB)
Train	Install dependencies	2026-08-21T17:05:12.5988730Z Downloading kombu-5.6.2-py3-none-any.whl (214 kB)
Train	Install dependencies	2026-08-21T17:05:12.6310298Z Downloading vine-5.1.0-py3-none-any.whl (9.6 kB)
Train	Install dependencies	2026-08-21T17:05:12.6555878Z Downloading amqp-5.3.1-py3-none-any.whl (50 kB)
Train	Install dependencies	2026-08-21T17:05:12.6776816Z Downloading markdown-3.10.3-py3-none-any.whl (110 kB)
Train	Install dependencies	2026-08-21T17:05:12.6998688Z Downloading matplotlib-3.10.9-cp310-cp310-manylinux2014_x86_64.manylinux_2_17_x86_64.whl (8.8 MB)
Train	Install dependencies	2026-08-21T17:05:12.7274902Z    ━━━━━━━━━━━━━━━━━━━━━━━━━━━━━━━━━━━━━━━━ 8.8/8.8 MB 345.3 MB/s  0:00:00
Train	Install dependencies	2026-08-21T17:05:12.7477926Z Downloading numpy-1.26.4-cp310-cp310-manylinux_2_17_x86_64.manylinux2014_x86_64.whl (18.2 MB)
Train	Install dependencies	2026-08-21T17:05:12.8395885Z    ━━━━━━━━━━━━━━━━━━━━━━━━━━━━━━━━━━━━━━━━ 18.2/18.2 MB 203.5 MB/s  0:00:00
Train	Install dependencies	2026-08-21T17:05:12.8598518Z Downloading opentelemetry_api-1.44.0-py3-none-any.whl (60 kB)
Train	Install dependencies	2026-08-21T17:05:12.8822400Z Downloading opentelemetry_sdk-1.44.0-py3-none-any.whl (137 kB)
Train	Install dependencies	2026-08-21T17:05:12.9058063Z Downloading opentelemetry_semantic_conventions-0.65b0-py3-none-any.whl (204 kB)
Train	Install dependencies	2026-08-21T17:05:12.9291288Z Downloading packaging-24.2-py3-none-any.whl (65 kB)
Train	Install dependencies	2026-08-21T17:05:12.9511051Z Downloading platformdirs-3.11.0-py3-none-any.whl (17 kB)
Train	Install dependencies	2026-08-21T17:05:12.9726262Z Downloading pluggy-1.6.0-py3-none-any.whl (20 kB)
Train	Install dependencies	2026-08-21T17:05:12.9941077Z Downloading proto_plus-1.28.2-py3-none-any.whl (50 kB)
Train	Install dependencies	2026-08-21T17:05:13.0157961Z Downloading protobuf-4.25.9-cp37-abi3-manylinux2014_x86_64.whl (295 kB)
Train	Install dependencies	2026-08-21T17:05:13.0409558Z Downloading pyarrow-15.0.2-cp310-cp310-manylinux_2_28_x86_64.whl (38.3 MB)
Train	Install dependencies	2026-08-21T17:05:13.2120250Z    ━━━━━━━━━━━━━━━━━━━━━━━━━━━━━━━━━━━━━━━━ 38.3/38.3 MB 227.2 MB/s  0:00:00
Train	Install dependencies	2026-08-21T17:05:13.2320079Z Downloading pydantic-2.13.4-py3-none-any.whl (472 kB)
Train	Install dependencies	2026-08-21T17:05:13.2554342Z Downloading pydantic_core-2.46.4-cp310-cp310-manylinux_2_17_x86_64.manylinux2014_x86_64.whl (2.1 MB)
Train	Install dependencies	2026-08-21T17:05:13.2648851Z    ━━━━━━━━━━━━━━━━━━━━━━━━━━━━━━━━━━━━━━━━ 2.1/2.1 MB 274.5 MB/s  0:00:00
Train	Install dependencies	2026-08-21T17:05:13.2906471Z Downloading python_dateutil-2.9.0.post0-py2.py3-none-any.whl (229 kB)
Train	Install dependencies	2026-08-21T17:05:13.3136571Z Downloading pytz-2024.2-py2.py3-none-any.whl (508 kB)
Train	Install dependencies	2026-08-21T17:05:13.3394152Z Downloading querystring_parser-1.2.4-py2.py3-none-any.whl (7.9 kB)
Train	Install dependencies	2026-08-21T17:05:13.3609783Z Downloading requests-2.34.2-py3-none-any.whl (73 kB)
Train	Install dependencies	2026-08-21T17:05:13.3831890Z Downloading charset_normalizer-3.5.1-cp310-cp310-manylinux2014_x86_64.manylinux_2_17_x86_64.manylinux_2_28_x86_64.whl (261 kB)
Train	Install dependencies	2026-08-21T17:05:13.4054315Z Downloading idna-3.19-py3-none-any.whl (68 kB)
Train	Install dependencies	2026-08-21T17:05:13.4273503Z Downloading scipy-1.15.3-cp310-cp310-manylinux_2_17_x86_64.manylinux2014_x86_64.whl (37.7 MB)
Train	Install dependencies	2026-08-21T17:05:13.5817602Z    ━━━━━━━━━━━━━━━━━━━━━━━━━━━━━━━━━━━━━━━━ 37.7/37.7 MB 247.6 MB/s  0:00:00
Train	Install dependencies	2026-08-21T17:05:13.6042445Z Downloading scmrepo-3.6.2-py3-none-any.whl (74 kB)
Train	Install dependencies	2026-08-21T17:05:13.6264535Z Downloading asyncssh-2.24.0-py3-none-any.whl (381 kB)
Train	Install dependencies	2026-08-21T17:05:13.6541616Z Downloading dulwich-1.2.12-cp310-cp310-manylinux_2_28_x86_64.whl (1.5 MB)
Train	Install dependencies	2026-08-21T17:05:13.6624285Z    ━━━━━━━━━━━━━━━━━━━━━━━━━━━━━━━━━━━━━━━━ 1.5/1.5 MB 220.5 MB/s  0:00:00
Train	Install dependencies	2026-08-21T17:05:13.6825154Z Downloading shtab-1.11.0-py3-none-any.whl (17 kB)
Train	Install dependencies	2026-08-21T17:05:13.7056717Z Downloading smmap-5.0.3-py3-none-any.whl (24 kB)
Train	Install dependencies	2026-08-21T17:05:13.7277654Z Downloading sqlalchemy-2.0.52-cp310-cp310-manylinux2014_x86_64.manylinux_2_17_x86_64.manylinux_2_28_x86_64.whl (3.3 MB)
Train	Install dependencies	2026-08-21T17:05:13.7409801Z    ━━━━━━━━━━━━━━━━━━━━━━━━━━━━━━━━━━━━━━━━ 3.3/3.3 MB 293.2 MB/s  0:00:00
Train	Install dependencies	2026-08-21T17:05:13.7608305Z Downloading sqlparse-0.6.0-py3-none-any.whl (50 kB)
Train	Install dependencies	2026-08-21T17:05:13.7848952Z Downloading sqltrie-0.11.2-py3-none-any.whl (17 kB)
Train	Install dependencies	2026-08-21T17:05:13.8071933Z Downloading starlette-0.37.2-py3-none-any.whl (71 kB)
Train	Install dependencies	2026-08-21T17:05:13.8303334Z Downloading anyio-4.14.2-py3-none-any.whl (125 kB)
Train	Install dependencies	2026-08-21T17:05:13.8524380Z Downloading tqdm-4.70.0-py3-none-any.whl (80 kB)
Train	Install dependencies	2026-08-21T17:05:13.8747768Z Downloading typing_extensions-4.16.0-py3-none-any.whl (45 kB)
Train	Install dependencies	2026-08-21T17:05:13.8977059Z Downloading urllib3-2.7.0-py3-none-any.whl (131 kB)
Train	Install dependencies	2026-08-21T17:05:13.9205584Z Downloading aiohttp_retry-2.9.1-py3-none-any.whl (10.0 kB)
Train	Install dependencies	2026-08-21T17:05:13.9424810Z Downloading annotated_types-0.8.0-py3-none-any.whl (13 kB)
Train	Install dependencies	2026-08-21T17:05:13.9660604Z Downloading atpublic-7.0.0-py3-none-any.whl (6.4 kB)
Train	Install dependencies	2026-08-21T17:05:13.9878685Z Downloading attrs-26.1.0-py3-none-any.whl (67 kB)
Train	Install dependencies	2026-08-21T17:05:14.0103087Z Downloading blinker-1.9.0-py3-none-any.whl (8.5 kB)
Train	Install dependencies	2026-08-21T17:05:14.0323404Z Downloading certifi-2026.7.22-py3-none-any.whl (136 kB)
Train	Install dependencies	2026-08-21T17:05:14.0545088Z Downloading click_didyoumean-0.3.1-py3-none-any.whl (3.6 kB)
Train	Install dependencies	2026-08-21T17:05:14.0762326Z Downloading click_plugins-1.1.1.2-py2.py3-none-any.whl (11 kB)
Train	Install dependencies	2026-08-21T17:05:14.0979453Z Downloading click_repl-0.3.0-py3-none-any.whl (10 kB)
Train	Install dependencies	2026-08-21T17:05:14.1199716Z Downloading colorama-0.4.6-py2.py3-none-any.whl (25 kB)
Train	Install dependencies	2026-08-21T17:05:14.1450639Z Downloading configobj-5.0.9-py2.py3-none-any.whl (35 kB)
Train	Install dependencies	2026-08-21T17:05:14.1671887Z Downloading contourpy-1.3.2-cp310-cp310-manylinux_2_17_x86_64.manylinux2014_x86_64.whl (325 kB)
Train	Install dependencies	2026-08-21T17:05:14.1911935Z Downloading cryptography-50.0.0-cp39-abi3-manylinux_2_34_x86_64.whl (4.8 MB)
Train	Install dependencies	2026-08-21T17:05:14.2102575Z    ━━━━━━━━━━━━━━━━━━━━━━━━━━━━━━━━━━━━━━━━ 4.8/4.8 MB 304.0 MB/s  0:00:00
Train	Install dependencies	2026-08-21T17:05:14.2300950Z Downloading cffi-2.1.1-cp310-cp310-manylinux2014_x86_64.manylinux_2_17_x86_64.whl (218 kB)
Train	Install dependencies	2026-08-21T17:05:14.2529321Z Downloading cycler-0.12.1-py3-none-any.whl (8.3 kB)
Train	Install dependencies	2026-08-21T17:05:14.2754341Z Downloading dictdiffer-0.10.0-py3-none-any.whl (16 kB)
Train	Install dependencies	2026-08-21T17:05:14.2976342Z Downloading diskcache-5.6.3-py3-none-any.whl (45 kB)
Train	Install dependencies	2026-08-21T17:05:14.3196849Z Downloading distro-1.9.0-py3-none-any.whl (20 kB)
Train	Install dependencies	2026-08-21T17:05:14.3419649Z Downloading dvc_http-2.32.0-py3-none-any.whl (12 kB)
Train	Install dependencies	2026-08-21T17:05:14.3635978Z Downloading email_validator-2.3.0-py3-none-any.whl (35 kB)
Train	Install dependencies	2026-08-21T17:05:14.3853442Z Downloading dnspython-2.8.0-py3-none-any.whl (331 kB)
Train	Install dependencies	2026-08-21T17:05:14.4076458Z Downloading exceptiongroup-1.3.1-py3-none-any.whl (16 kB)
Train	Install dependencies	2026-08-21T17:05:14.4291087Z Downloading fastapi_cli-0.0.32-py3-none-any.whl (14 kB)
Train	Install dependencies	2026-08-21T17:05:14.4514947Z Downloading fonttools-4.63.0-cp310-cp310-manylinux2014_x86_64.manylinux_2_17_x86_64.whl (4.9 MB)
Train	Install dependencies	2026-08-21T17:05:14.4724102Z    ━━━━━━━━━━━━━━━━━━━━━━━━━━━━━━━━━━━━━━━━ 4.9/4.9 MB 259.6 MB/s  0:00:00
Train	Install dependencies	2026-08-21T17:05:14.4940067Z Downloading gcsfs-2025.12.0-py3-none-any.whl (41 kB)
Train	Install dependencies	2026-08-21T17:05:14.5158700Z Downloading fsspec-2025.12.0-py3-none-any.whl (201 kB)
Train	Install dependencies	2026-08-21T17:05:14.5391421Z Downloading aiohttp-3.14.3-cp310-cp310-manylinux2014_x86_64.manylinux_2_17_x86_64.manylinux_2_28_x86_64.whl (1.7 MB)
Train	Install dependencies	2026-08-21T17:05:14.5483780Z    ━━━━━━━━━━━━━━━━━━━━━━━━━━━━━━━━━━━━━━━━ 1.7/1.7 MB 243.1 MB/s  0:00:00
Train	Install dependencies	2026-08-21T17:05:14.5685252Z Downloading async_timeout-5.0.1-py3-none-any.whl (6.2 kB)
Train	Install dependencies	2026-08-21T17:05:14.5916345Z Downloading multidict-6.7.1-cp310-cp310-manylinux2014_x86_64.manylinux_2_17_x86_64.manylinux_2_28_x86_64.whl (243 kB)
Train	Install dependencies	2026-08-21T17:05:14.6147119Z Downloading yarl-1.24.5-cp310-cp310-manylinux2014_x86_64.manylinux_2_17_x86_64.manylinux_2_28_x86_64.whl (110 kB)
Train	Install dependencies	2026-08-21T17:05:14.6369859Z Downloading aiohappyeyeballs-2.7.1-py3-none-any.whl (15 kB)
Train	Install dependencies	2026-08-21T17:05:14.6597291Z Downloading aiosignal-1.4.0-py3-none-any.whl (7.5 kB)
Train	Install dependencies	2026-08-21T17:05:14.6821565Z Downloading decorator-5.3.1-py3-none-any.whl (10 kB)
Train	Install dependencies	2026-08-21T17:05:14.7051352Z Downloading frozenlist-1.8.0-cp310-cp310-manylinux1_x86_64.manylinux_2_28_x86_64.manylinux_2_5_x86_64.whl (219 kB)
Train	Install dependencies	2026-08-21T17:05:14.7279778Z Downloading funcy-2.0-py2.py3-none-any.whl (30 kB)
Train	Install dependencies	2026-08-21T17:05:14.7507328Z Downloading google_resumable_media-2.10.1-py3-none-any.whl (81 kB)
Train	Install dependencies	2026-08-21T17:05:14.7734062Z Downloading greenlet-3.5.5-cp310-cp310-manylinux_2_24_x86_64.manylinux_2_28_x86_64.whl (622 kB)
Train	Install dependencies	2026-08-21T17:05:14.7814747Z    ━━━━━━━━━━━━━━━━━━━━━━━━━━━━━━━━━━━━━━━━ 622.8/622.8 kB 73.9 MB/s  0:00:00
Train	Install dependencies	2026-08-21T17:05:14.8013994Z Downloading h11-0.16.0-py3-none-any.whl (37 kB)
Train	Install dependencies	2026-08-21T17:05:14.8267330Z Downloading httpx-0.28.1-py3-none-any.whl (73 kB)
Train	Install dependencies	2026-08-21T17:05:14.8506131Z Downloading httpcore-1.0.9-py3-none-any.whl (78 kB)
Train	Install dependencies	2026-08-21T17:05:14.8742649Z Downloading hydra_core-1.3.5-py3-none-any.whl (155 kB)
Train	Install dependencies	2026-08-21T17:05:14.8964166Z Downloading omegaconf-2.3.1-py3-none-any.whl (79 kB)
Train	Install dependencies	2026-08-21T17:05:14.9194945Z Downloading iterative_telemetry-0.0.10-py3-none-any.whl (10 kB)
Train	Install dependencies	2026-08-21T17:05:14.9437208Z Downloading itsdangerous-2.2.0-py3-none-any.whl (16 kB)
Train	Install dependencies	2026-08-21T17:05:14.9658194Z Downloading kiwisolver-1.5.0-cp310-cp310-manylinux_2_12_x86_64.manylinux2010_x86_64.whl (1.6 MB)
Train	Install dependencies	2026-08-21T17:05:14.9764545Z    ━━━━━━━━━━━━━━━━━━━━━━━━━━━━━━━━━━━━━━━━ 1.6/1.6 MB 177.7 MB/s  0:00:00
Train	Install dependencies	2026-08-21T17:05:14.9963713Z Downloading markupsafe-3.0.3-cp310-cp310-manylinux2014_x86_64.manylinux_2_17_x86_64.manylinux_2_28_x86_64.whl (20 kB)
Train	Install dependencies	2026-08-21T17:05:15.0181137Z Downloading networkx-3.4.2-py3-none-any.whl (1.7 MB)
Train	Install dependencies	2026-08-21T17:05:15.0264494Z    ━━━━━━━━━━━━━━━━━━━━━━━━━━━━━━━━━━━━━━━━ 1.7/1.7 MB 260.0 MB/s  0:00:00
Train	Install dependencies	2026-08-21T17:05:15.0479809Z Downloading orjson-3.12.0-cp310-cp310-manylinux_2_17_x86_64.manylinux2014_x86_64.whl (131 kB)
Train	Install dependencies	2026-08-21T17:05:15.0703169Z Downloading pillow-12.3.0-cp310-cp310-manylinux_2_27_x86_64.manylinux_2_28_x86_64.whl (6.9 MB)
Train	Install dependencies	2026-08-21T17:05:15.0963218Z    ━━━━━━━━━━━━━━━━━━━━━━━━━━━━━━━━━━━━━━━━ 6.9/6.9 MB 290.5 MB/s  0:00:00
Train	Install dependencies	2026-08-21T17:05:15.1161849Z Downloading prompt_toolkit-3.0.53-py3-none-any.whl (392 kB)
Train	Install dependencies	2026-08-21T17:05:15.1394510Z Downloading propcache-0.5.2-cp310-cp310-manylinux2014_x86_64.manylinux_2_17_x86_64.manylinux_2_28_x86_64.whl (60 kB)
Train	Install dependencies	2026-08-21T17:05:15.1615022Z Downloading psutil-7.2.2-cp36-abi3-manylinux2010_x86_64.manylinux_2_12_x86_64.manylinux_2_28_x86_64.whl (155 kB)
Train	Install dependencies	2026-08-21T17:05:15.1848824Z Downloading pyasn1_modules-0.4.2-py3-none-any.whl (181 kB)
Train	Install dependencies	2026-08-21T17:05:15.2075414Z Downloading pyasn1-0.6.4-py3-none-any.whl (84 kB)
Train	Install dependencies	2026-08-21T17:05:15.2303980Z Downloading pydantic_settings-2.15.0-py3-none-any.whl (69 kB)
Train	Install dependencies	2026-08-21T17:05:15.2529255Z Downloading pydot-4.0.1-py3-none-any.whl (37 kB)
Train	Install dependencies	2026-08-21T17:05:15.2782154Z Downloading pygit2-1.18.2-cp310-cp310-manylinux_2_26_x86_64.manylinux_2_28_x86_64.whl (5.5 MB)
Train	Install dependencies	2026-08-21T17:05:15.3085287Z    ━━━━━━━━━━━━━━━━━━━━━━━━━━━━━━━━━━━━━━━━ 5.5/5.5 MB 192.0 MB/s  0:00:00
Train	Install dependencies	2026-08-21T17:05:15.3285140Z Downloading pygtrie-2.5.0-py3-none-any.whl (25 kB)
Train	Install dependencies	2026-08-21T17:05:15.3506418Z Downloading pyparsing-3.3.2-py3-none-any.whl (122 kB)
Train	Install dependencies	2026-08-21T17:05:15.3730271Z Downloading python_dotenv-1.2.3-py3-none-any.whl (22 kB)
Train	Install dependencies	2026-08-21T17:05:15.3954789Z Downloading python_multipart-0.0.32-py3-none-any.whl (30 kB)
Train	Install dependencies	2026-08-21T17:05:15.4220483Z Downloading rich-15.0.0-py3-none-any.whl (310 kB)
Train	Install dependencies	2026-08-21T17:05:15.4458605Z Downloading pygments-2.21.0-py3-none-any.whl (1.3 MB)
Train	Install dependencies	2026-08-21T17:05:15.4531869Z    ━━━━━━━━━━━━━━━━━━━━━━━━━━━━━━━━━━━━━━━━ 1.3/1.3 MB 214.5 MB/s  0:00:00
Train	Install dependencies	2026-08-21T17:05:15.4738016Z Downloading markdown_it_py-4.2.0-py3-none-any.whl (91 kB)
Train	Install dependencies	2026-08-21T17:05:15.4967980Z Downloading mdurl-0.1.2-py3-none-any.whl (10.0 kB)
Train	Install dependencies	2026-08-21T17:05:15.5192260Z Downloading rich_toolkit-0.20.3-py3-none-any.whl (36 kB)
Train	Install dependencies	2026-08-21T17:05:15.5423420Z Downloading ruamel_yaml-0.19.1-py3-none-any.whl (118 kB)
Train	Install dependencies	2026-08-21T17:05:15.5645389Z Downloading semver-3.0.4-py3-none-any.whl (17 kB)
Train	Install dependencies	2026-08-21T17:05:15.5866079Z Downloading shortuuid-1.0.13-py3-none-any.whl (10 kB)
Train	Install dependencies	2026-08-21T17:05:15.6090941Z Downloading six-1.17.0-py2.py3-none-any.whl (11 kB)
Train	Install dependencies	2026-08-21T17:05:15.6311611Z Downloading tabulate-0.10.0-py3-none-any.whl (39 kB)
Train	Install dependencies	2026-08-21T17:05:15.6537727Z Downloading threadpoolctl-3.6.0-py3-none-any.whl (18 kB)
Train	Install dependencies	2026-08-21T17:05:15.6760905Z Downloading tomli-2.4.1-py3-none-any.whl (14 kB)
Train	Install dependencies	2026-08-21T17:05:15.6983905Z Downloading tomlkit-0.15.1-py3-none-any.whl (49 kB)
Train	Install dependencies	2026-08-21T17:05:15.7206787Z Downloading typer-0.27.1-py3-none-any.whl (122 kB)
Train	Install dependencies	2026-08-21T17:05:15.7437935Z Downloading annotated_doc-0.0.5-py3-none-any.whl (5.3 kB)
Train	Install dependencies	2026-08-21T17:05:15.7660290Z Downloading shellingham-1.5.4-py2.py3-none-any.whl (9.8 kB)
Train	Install dependencies	2026-08-21T17:05:15.7884563Z Downloading typing_inspection-0.4.4-py3-none-any.whl (14 kB)
Train	Install dependencies	2026-08-21T17:05:15.8120650Z Downloading tzdata-2026.3-py2.py3-none-any.whl (348 kB)
Train	Install dependencies	2026-08-21T17:05:15.8362970Z Downloading ujson-5.13.0-cp310-cp310-manylinux_2_24_x86_64.manylinux_2_28_x86_64.whl (57 kB)
Train	Install dependencies	2026-08-21T17:05:15.8599437Z Downloading httptools-0.8.0-cp310-cp310-manylinux1_x86_64.manylinux_2_28_x86_64.manylinux_2_5_x86_64.whl (450 kB)
Train	Install dependencies	2026-08-21T17:05:15.8827006Z Downloading uvloop-0.22.1-cp310-cp310-manylinux2014_x86_64.manylinux_2_17_x86_64.manylinux_2_28_x86_64.whl (3.7 MB)
Train	Install dependencies	2026-08-21T17:05:15.9044546Z    ━━━━━━━━━━━━━━━━━━━━━━━━━━━━━━━━━━━━━━━━ 3.7/3.7 MB 186.6 MB/s  0:00:00
Train	Install dependencies	2026-08-21T17:05:15.9250371Z Downloading voluptuous-0.16.0-py3-none-any.whl (31 kB)
Train	Install dependencies	2026-08-21T17:05:15.9475543Z Downloading watchfiles-1.2.0-cp310-cp310-manylinux_2_17_x86_64.manylinux2014_x86_64.whl (457 kB)
Train	Install dependencies	2026-08-21T17:05:15.9706191Z Downloading wcwidth-0.8.2-py3-none-any.whl (323 kB)
Train	Install dependencies	2026-08-21T17:05:15.9936118Z Downloading websockets-16.1.1-cp310-cp310-manylinux1_x86_64.manylinux_2_28_x86_64.manylinux_2_5_x86_64.whl (186 kB)
Train	Install dependencies	2026-08-21T17:05:16.0170797Z Downloading werkzeug-3.1.8-py3-none-any.whl (226 kB)
Train	Install dependencies	2026-08-21T17:05:16.0400486Z Downloading zc_lockfile-4.0-py3-none-any.whl (9.1 kB)
Train	Install dependencies	2026-08-21T17:05:16.0628376Z Downloading zipp-4.1.0-py3-none-any.whl (10 kB)
Train	Install dependencies	2026-08-21T17:05:16.0852237Z Downloading appdirs-1.4.4-py2.py3-none-any.whl (9.6 kB)
Train	Install dependencies	2026-08-21T17:05:16.1080038Z Downloading filelock-3.32.3-py3-none-any.whl (98 kB)
Train	Install dependencies	2026-08-21T17:05:16.1313926Z Downloading google_auth_oauthlib-1.4.0-py3-none-any.whl (19 kB)
Train	Install dependencies	2026-08-21T17:05:16.1540852Z Downloading requests_oauthlib-2.0.0-py2.py3-none-any.whl (24 kB)
Train	Install dependencies	2026-08-21T17:05:16.1768836Z Downloading oauthlib-3.3.1-py3-none-any.whl (160 kB)
Train	Install dependencies	2026-08-21T17:05:16.2003837Z Downloading google_cloud_storage_control-1.12.0-py3-none-any.whl (102 kB)
Train	Install dependencies	2026-08-21T17:05:16.2240436Z Downloading grpc_google_iam_v1-0.14.4-py3-none-any.whl (32 kB)
Train	Install dependencies	2026-08-21T17:05:16.2464230Z Downloading grpcio-1.83.0-cp310-cp310-manylinux2014_x86_64.manylinux_2_17_x86_64.whl (7.1 MB)
Train	Install dependencies	2026-08-21T17:05:16.2696527Z    ━━━━━━━━━━━━━━━━━━━━━━━━━━━━━━━━━━━━━━━━ 7.1/7.1 MB 334.0 MB/s  0:00:00
Train	Install dependencies	2026-08-21T17:05:16.2927929Z Downloading grpcio_status-1.62.3-py3-none-any.whl (14 kB)
Train	Install dependencies	2026-08-21T17:05:16.3151892Z Downloading iniconfig-2.3.0-py3-none-any.whl (7.5 kB)
Train	Install dependencies	2026-08-21T17:05:16.3374799Z Downloading mako-1.4.1-py3-none-any.whl (80 kB)
Train	Install dependencies	2026-08-21T17:05:16.3615626Z Downloading pycparser-3.0-py3-none-any.whl (48 kB)
Train	Install dependencies	2026-08-21T17:05:16.3841534Z Downloading tzlocal-5.4.4-py3-none-any.whl (18 kB)
Train	Install dependencies	2026-08-21T17:05:17.3614120Z Building wheels for collected packages: antlr4-python3-runtime
Train	Install dependencies	2026-08-21T17:05:17.3624680Z   Building wheel for antlr4-python3-runtime (pyproject.toml): started
Train	Install dependencies	2026-08-21T17:05:17.6267336Z   Building wheel for antlr4-python3-runtime (pyproject.toml): finished with status 'done'
Train	Install dependencies	2026-08-21T17:05:17.6275566Z   Created wheel for antlr4-python3-runtime: filename=antlr4_python3_runtime-4.9.3-py3-none-any.whl size=144590 sha256=a9755f9c6657a59d2f7c8b4786dca3cfc1bb994020195e3403a54a80504700b0
Train	Install dependencies	2026-08-21T17:05:17.6278023Z   Stored in directory: /home/runner/.cache/pip/wheels/12/93/dd/1f6a127edc45659556564c5730f6d4e300888f4bca2d4c5a88
Train	Install dependencies	2026-08-21T17:05:17.6296583Z Successfully built antlr4-python3-runtime
Train	Install dependencies	2026-08-21T17:05:18.1146655Z Installing collected packages: pytz, pygtrie, funcy, appdirs, antlr4-python3-runtime, zipp, zc.lockfile, websockets, wcwidth, voluptuous, vine, uvloop, urllib3, ujson, tzlocal, tzdata, typing-extensions, tqdm, tomlkit, tomli, threadpoolctl, tabulate, sqlparse, smmap, six, shtab, shortuuid, shellingham, semver, ruamel.yaml, pyyaml, python-multipart, python-dotenv, pyparsing, pygments, pycparser, pyasn1, psutil, protobuf, propcache, pluggy, platformdirs, pillow, pathspec, packaging, orjson, oauthlib, numpy, networkx, mdurl, markupsafe, markdown, kiwisolver, joblib, itsdangerous, iniconfig, idna, httptools, h11, greenlet, graphql-core, google-crc32c, fsspec, frozenlist, fonttools, flatten-dict, filelock, entrypoints, dvc-render, dpath, dnspython, distro, diskcache, dictdiffer, decorator, cycler, configobj, colorama, cloudpickle, click, charset_normalizer, certifi, cachetools, blinker, billiard, attrs, atpublic, async-timeout, annotated-types, annotated-doc, aiohappyeyeballs, werkzeug, uvicorn, typing-inspection, sqltrie, sqlalchemy, scipy, requests, querystring-parser, python-dateutil, pydot, pydantic-core, pyasn1-modules, pyarrow, proto-plus, prompt-toolkit, opentelemetry-api, omegaconf, multidict, markdown-it-py, Mako, Jinja2, importlib-metadata, httpcore, gunicorn, grpcio, graphql-relay, grandalf, googleapis-common-protos, google-resumable-media, gitdb, flufl.lock, exceptiongroup, email_validator, dvc-objects, dulwich, contourpy, click-plugins, click-didyoumean, cffi, amqp, aiosignal, yarl, scikit-learn, rich, requests-oauthlib, pytest, pygit2, pydantic, pandas, opentelemetry-semantic-conventions, matplotlib, kombu, iterative-telemetry, hydra-core, grpcio-status, graphene, gitpython, Flask, dvc-studio-client, dvc-data, docker, cryptography, click-repl, anyio, alembic, watchfiles, typer, starlette, rich-toolkit, pydantic-settings, opentelemetry-sdk, httpx, grpc-google-iam-v1, google-auth, celery, asyncssh, aiohttp, mlflow, google-auth-oauthlib, google-api-core, dvc-task, aiohttp-retry, scmrepo, google-cloud-core, fastapi-cli, dvc-http, gto, google-cloud-storage-control, google-cloud-storage, fastapi, gcsfs, dvc, dvc-gs
Train	Install dependencies	2026-08-21T17:05:46.8637780Z 
Train	Install dependencies	2026-08-21T17:05:46.8919806Z Successfully installed Flask-3.1.3 Jinja2-3.1.6 Mako-1.4.1 aiohappyeyeballs-2.7.1 aiohttp-3.14.3 aiohttp-retry-2.9.1 aiosignal-1.4.0 alembic-1.19.1 amqp-5.3.1 annotated-doc-0.0.5 annotated-types-0.8.0 antlr4-python3-runtime-4.9.3 anyio-4.14.2 appdirs-1.4.4 async-timeout-5.0.1 asyncssh-2.24.0 atpublic-7.0.0 attrs-26.1.0 billiard-4.2.4 blinker-1.9.0 cachetools-5.5.2 celery-5.6.3 certifi-2026.7.22 cffi-2.1.1 charset_normalizer-3.5.1 click-8.4.2 click-didyoumean-0.3.1 click-plugins-1.1.1.2 click-repl-0.3.0 cloudpickle-3.1.2 colorama-0.4.6 configobj-5.0.9 contourpy-1.3.2 cryptography-50.0.0 cycler-0.12.1 decorator-5.3.1 dictdiffer-0.10.0 diskcache-5.6.3 distro-1.9.0 dnspython-2.8.0 docker-7.2.0 dpath-2.2.0 dulwich-1.2.12 dvc-3.50.1 dvc-data-3.15.2 dvc-gs-3.1.0 dvc-http-2.32.0 dvc-objects-5.2.0 dvc-render-1.0.2 dvc-studio-client-0.23.0 dvc-task-0.40.2 email_validator-2.3.0 entrypoints-0.4 exceptiongroup-1.3.1 fastapi-0.111.0 fastapi-cli-0.0.32 filelock-3.32.3 flatten-dict-0.5.0 flufl.lock-7.1.1 fonttools-4.63.0 frozenlist-1.8.0 fsspec-2025.12.0 funcy-2.0 gcsfs-2025.12.0 gitdb-4.0.12 gitpython-3.1.59 google-api-core-2.30.3 google-auth-2.56.3 google-auth-oauthlib-1.4.0 google-cloud-core-2.6.1 google-cloud-storage-2.16.0 google-cloud-storage-control-1.12.0 google-crc32c-1.8.0 google-resumable-media-2.10.1 googleapis-common-protos-1.75.0 grandalf-0.8 graphene-3.4.3 graphql-core-3.2.11 graphql-relay-3.2.0 greenlet-3.5.5 grpc-google-iam-v1-0.14.4 grpcio-1.83.0 grpcio-status-1.62.3 gto-1.10.1 gunicorn-22.0.0 h11-0.16.0 httpcore-1.0.9 httptools-0.8.0 httpx-0.28.1 hydra-core-1.3.5 idna-3.19 importlib-metadata-7.2.1 iniconfig-2.3.0 iterative-telemetry-0.0.10 itsdangerous-2.2.0 joblib-1.4.2 kiwisolver-1.5.0 kombu-5.6.2 markdown-3.10.3 markdown-it-py-4.2.0 markupsafe-3.0.3 matplotlib-3.10.9 mdurl-0.1.2 mlflow-2.13.0 multidict-6.7.1 networkx-3.4.2 numpy-1.26.4 oauthlib-3.3.1 omegaconf-2.3.1 opentelemetry-api-1.44.0 opentelemetry-sdk-1.44.0 opentelemetry-semantic-conventions-0.65b0 orjson-3.12.0 packaging-24.2 pandas-2.2.2 pathspec-0.11.2 pillow-12.3.0 platformdirs-3.11.0 pluggy-1.6.0 prompt-toolkit-3.0.53 propcache-0.5.2 proto-plus-1.28.2 protobuf-4.25.9 psutil-7.2.2 pyarrow-15.0.2 pyasn1-0.6.4 pyasn1-modules-0.4.2 pycparser-3.0 pydantic-2.13.4 pydantic-core-2.46.4 pydantic-settings-2.15.0 pydot-4.0.1 pygit2-1.18.2 pygments-2.21.0 pygtrie-2.5.0 pyparsing-3.3.2 pytest-8.2.0 python-dateutil-2.9.0.post0 python-dotenv-1.2.3 python-multipart-0.0.32 pytz-2024.2 pyyaml-6.0.1 querystring-parser-1.2.4 requests-2.34.2 requests-oauthlib-2.0.0 rich-15.0.0 rich-toolkit-0.20.3 ruamel.yaml-0.19.1 scikit-learn-1.4.2 scipy-1.15.3 scmrepo-3.6.2 semver-3.0.4 shellingham-1.5.4 shortuuid-1.0.13 shtab-1.11.0 six-1.17.0 smmap-5.0.3 sqlalchemy-2.0.52 sqlparse-0.6.0 sqltrie-0.11.2 starlette-0.37.2 tabulate-0.10.0 threadpoolctl-3.6.0 tomli-2.4.1 tomlkit-0.15.1 tqdm-4.70.0 typer-0.27.1 typing-extensions-4.16.0 typing-inspection-0.4.4 tzdata-2026.3 tzlocal-5.4.4 ujson-5.13.0 urllib3-2.7.0 uvicorn-0.29.0 uvloop-0.22.1 vine-5.1.0 voluptuous-0.16.0 watchfiles-1.2.0 wcwidth-0.8.2 websockets-16.1.1 werkzeug-3.1.8 yarl-1.24.5 zc.lockfile-4.0 zipp-4.1.0
Train	Set MLflow remote tracking env (Bonus 1 - DagsHub, tuy chon)	﻿2026-08-21T17:05:47.7478590Z ##[group]Run if [ -n "***" ]; then
Train	Set MLflow remote tracking env (Bonus 1 - DagsHub, tuy chon)	2026-08-21T17:05:47.7479314Z ^[[36;1mif [ -n "***" ]; then^[[0m
Train	Set MLflow remote tracking env (Bonus 1 - DagsHub, tuy chon)	2026-08-21T17:05:47.7480005Z ^[[36;1m  echo "MLFLOW_TRACKING_URI=***" >> $GITHUB_ENV^[[0m
Train	Set MLflow remote tracking env (Bonus 1 - DagsHub, tuy chon)	2026-08-21T17:05:47.7480704Z ^[[36;1m  echo "MLFLOW_TRACKING_USERNAME=***" >> $GITHUB_ENV^[[0m
Train	Set MLflow remote tracking env (Bonus 1 - DagsHub, tuy chon)	2026-08-21T17:05:47.7481332Z ^[[36;1m  echo "MLFLOW_TRACKING_PASSWORD=***" >> $GITHUB_ENV^[[0m
Train	Set MLflow remote tracking env (Bonus 1 - DagsHub, tuy chon)	2026-08-21T17:05:47.7481829Z ^[[36;1m  echo "Da cau hinh MLflow tracking remote (DagsHub)."^[[0m
Train	Set MLflow remote tracking env (Bonus 1 - DagsHub, tuy chon)	2026-08-21T17:05:47.7482235Z ^[[36;1melse^[[0m
Train	Set MLflow remote tracking env (Bonus 1 - DagsHub, tuy chon)	2026-08-21T17:05:47.7482634Z ^[[36;1m  echo "Chua co secret DagsHub, dung MLflow tracking local mac dinh."^[[0m
Train	Set MLflow remote tracking env (Bonus 1 - DagsHub, tuy chon)	2026-08-21T17:05:47.7495929Z ^[[36;1mfi^[[0m
Train	Set MLflow remote tracking env (Bonus 1 - DagsHub, tuy chon)	2026-08-21T17:05:47.7537690Z shell: /usr/bin/bash -e ***0***
Train	Set MLflow remote tracking env (Bonus 1 - DagsHub, tuy chon)	2026-08-21T17:05:47.7538067Z env:
Train	Set MLflow remote tracking env (Bonus 1 - DagsHub, tuy chon)	2026-08-21T17:05:47.7538445Z   pythonLocation: /opt/hostedtoolcache/Python/3.10.21/x64
Train	Set MLflow remote tracking env (Bonus 1 - DagsHub, tuy chon)	2026-08-21T17:05:47.7538994Z   PKG_CONFIG_PATH: /opt/hostedtoolcache/Python/3.10.21/x64/lib/pkgconfig
Train	Set MLflow remote tracking env (Bonus 1 - DagsHub, tuy chon)	2026-08-21T17:05:47.7539530Z   Python_ROOT_DIR: /opt/hostedtoolcache/Python/3.10.21/x64
Train	Set MLflow remote tracking env (Bonus 1 - DagsHub, tuy chon)	2026-08-21T17:05:47.7540084Z   Python2_ROOT_DIR: /opt/hostedtoolcache/Python/3.10.21/x64
Train	Set MLflow remote tracking env (Bonus 1 - DagsHub, tuy chon)	2026-08-21T17:05:47.7540558Z   Python3_ROOT_DIR: /opt/hostedtoolcache/Python/3.10.21/x64
Train	Set MLflow remote tracking env (Bonus 1 - DagsHub, tuy chon)	2026-08-21T17:05:47.7541043Z   LD_LIBRARY_PATH: /opt/hostedtoolcache/Python/3.10.21/x64/lib
Train	Set MLflow remote tracking env (Bonus 1 - DagsHub, tuy chon)	2026-08-21T17:05:47.7541456Z ##[endgroup]
Train	Set MLflow remote tracking env (Bonus 1 - DagsHub, tuy chon)	2026-08-21T17:05:47.7611636Z Da cau hinh MLflow tracking remote (DagsHub).
Train	Authenticate to Cloud Storage	﻿2026-08-21T17:05:47.7649939Z ##[group]Run echo '***
Train	Authenticate to Cloud Storage	2026-08-21T17:05:47.7650376Z ^[[36;1mecho '***^[[0m
Train	Authenticate to Cloud Storage	2026-08-21T17:05:47.7650722Z ^[[36;1m  ***^[[0m
Train	Authenticate to Cloud Storage	2026-08-21T17:05:47.7651057Z ^[[36;1m  ***^[[0m
Train	Authenticate to Cloud Storage	2026-08-21T17:05:47.7651450Z ^[[36;1m  ***^[[0m
Train	Authenticate to Cloud Storage	2026-08-21T17:05:47.7658996Z ^[[36;1m  ***^[[0m
Train	Authenticate to Cloud Storage	2026-08-21T17:05:47.7659455Z ^[[36;1m  ***^[[0m
Train	Authenticate to Cloud Storage	2026-08-21T17:05:47.7659764Z ^[[36;1m  ***^[[0m
Train	Authenticate to Cloud Storage	2026-08-21T17:05:47.7660188Z ^[[36;1m  ***^[[0m
Train	Authenticate to Cloud Storage	2026-08-21T17:05:47.7660545Z ^[[36;1m  ***^[[0m
Train	Authenticate to Cloud Storage	2026-08-21T17:05:47.7660974Z ^[[36;1m  ***^[[0m
Train	Authenticate to Cloud Storage	2026-08-21T17:05:47.7661612Z ^[[36;1m  ***^[[0m
Train	Authenticate to Cloud Storage	2026-08-21T17:05:47.7661931Z ^[[36;1m  ***^[[0m
Train	Authenticate to Cloud Storage	2026-08-21T17:05:47.7662223Z ^[[36;1m***' > /tmp/sa-key.json^[[0m
Train	Authenticate to Cloud Storage	2026-08-21T17:05:47.7662812Z ^[[36;1mecho "GOOGLE_APPLICATION_CREDENTIALS=/tmp/sa-key.json" >> $GITHUB_ENV^[[0m
Train	Authenticate to Cloud Storage	2026-08-21T17:05:47.7703557Z shell: /usr/bin/bash -e ***0***
Train	Authenticate to Cloud Storage	2026-08-21T17:05:47.7703927Z env:
Train	Authenticate to Cloud Storage	2026-08-21T17:05:47.7704310Z   pythonLocation: /opt/hostedtoolcache/Python/3.10.21/x64
Train	Authenticate to Cloud Storage	2026-08-21T17:05:47.7704850Z   PKG_CONFIG_PATH: /opt/hostedtoolcache/Python/3.10.21/x64/lib/pkgconfig
Train	Authenticate to Cloud Storage	2026-08-21T17:05:47.7705442Z   Python_ROOT_DIR: /opt/hostedtoolcache/Python/3.10.21/x64
Train	Authenticate to Cloud Storage	2026-08-21T17:05:47.7705914Z   Python2_ROOT_DIR: /opt/hostedtoolcache/Python/3.10.21/x64
Train	Authenticate to Cloud Storage	2026-08-21T17:05:47.7706386Z   Python3_ROOT_DIR: /opt/hostedtoolcache/Python/3.10.21/x64
Train	Authenticate to Cloud Storage	2026-08-21T17:05:47.7707127Z   LD_LIBRARY_PATH: /opt/hostedtoolcache/Python/3.10.21/x64/lib
Train	Authenticate to Cloud Storage	2026-08-21T17:05:47.7707830Z   MLFLOW_TRACKING_URI: ***
Train	Authenticate to Cloud Storage	2026-08-21T17:05:47.7708174Z   MLFLOW_TRACKING_USERNAME: ***
Train	Authenticate to Cloud Storage	2026-08-21T17:05:47.7708613Z   MLFLOW_TRACKING_PASSWORD: ***
Train	Authenticate to Cloud Storage	2026-08-21T17:05:47.7708940Z ##[endgroup]
Train	Pull data with DVC	﻿2026-08-21T17:05:47.7815304Z ##[group]Run dvc pull data/train_phase1.csv.dvc data/eval.csv.dvc
Train	Pull data with DVC	2026-08-21T17:05:47.7815920Z ^[[36;1mdvc pull data/train_phase1.csv.dvc data/eval.csv.dvc^[[0m
Train	Pull data with DVC	2026-08-21T17:05:47.7856887Z shell: /usr/bin/bash -e ***0***
Train	Pull data with DVC	2026-08-21T17:05:47.7857255Z env:
Train	Pull data with DVC	2026-08-21T17:05:47.7857623Z   pythonLocation: /opt/hostedtoolcache/Python/3.10.21/x64
Train	Pull data with DVC	2026-08-21T17:05:47.7858160Z   PKG_CONFIG_PATH: /opt/hostedtoolcache/Python/3.10.21/x64/lib/pkgconfig
Train	Pull data with DVC	2026-08-21T17:05:47.7858689Z   Python_ROOT_DIR: /opt/hostedtoolcache/Python/3.10.21/x64
Train	Pull data with DVC	2026-08-21T17:05:47.7859174Z   Python2_ROOT_DIR: /opt/hostedtoolcache/Python/3.10.21/x64
Train	Pull data with DVC	2026-08-21T17:05:47.7859645Z   Python3_ROOT_DIR: /opt/hostedtoolcache/Python/3.10.21/x64
Train	Pull data with DVC	2026-08-21T17:05:47.7860136Z   LD_LIBRARY_PATH: /opt/hostedtoolcache/Python/3.10.21/x64/lib
Train	Pull data with DVC	2026-08-21T17:05:47.7860821Z   MLFLOW_TRACKING_URI: ***
Train	Pull data with DVC	2026-08-21T17:05:47.7861191Z   MLFLOW_TRACKING_USERNAME: ***
Train	Pull data with DVC	2026-08-21T17:05:47.7861633Z   MLFLOW_TRACKING_PASSWORD: ***
Train	Pull data with DVC	2026-08-21T17:05:47.7862005Z   GOOGLE_APPLICATION_CREDENTIALS: /tmp/sa-key.json
Train	Pull data with DVC	2026-08-21T17:05:47.7862445Z ##[endgroup]
Train	Pull data with DVC	2026-08-21T17:05:50.1073884Z A       data/eval.csv
Train	Pull data with DVC	2026-08-21T17:05:50.1078278Z A       data/train_phase1.csv
Train	Pull data with DVC	2026-08-21T17:05:50.1094104Z 2 files added and 2 files fetched
Train	Train model	﻿2026-08-21T17:05:50.3557907Z ##[group]Run python src/train.py
Train	Train model	2026-08-21T17:05:50.3558349Z ^[[36;1mpython src/train.py^[[0m
Train	Train model	2026-08-21T17:05:50.3597254Z shell: /usr/bin/bash -e ***0***
Train	Train model	2026-08-21T17:05:50.3597624Z env:
Train	Train model	2026-08-21T17:05:50.3597992Z   pythonLocation: /opt/hostedtoolcache/Python/3.10.21/x64
Train	Train model	2026-08-21T17:05:50.3598541Z   PKG_CONFIG_PATH: /opt/hostedtoolcache/Python/3.10.21/x64/lib/pkgconfig
Train	Train model	2026-08-21T17:05:50.3599072Z   Python_ROOT_DIR: /opt/hostedtoolcache/Python/3.10.21/x64
Train	Train model	2026-08-21T17:05:50.3599570Z   Python2_ROOT_DIR: /opt/hostedtoolcache/Python/3.10.21/x64
Train	Train model	2026-08-21T17:05:50.3600052Z   Python3_ROOT_DIR: /opt/hostedtoolcache/Python/3.10.21/x64
Train	Train model	2026-08-21T17:05:50.3600548Z   LD_LIBRARY_PATH: /opt/hostedtoolcache/Python/3.10.21/x64/lib
Train	Train model	2026-08-21T17:05:50.3601211Z   MLFLOW_TRACKING_URI: ***
Train	Train model	2026-08-21T17:05:50.3601550Z   MLFLOW_TRACKING_USERNAME: ***
Train	Train model	2026-08-21T17:05:50.3602004Z   MLFLOW_TRACKING_PASSWORD: ***
Train	Train model	2026-08-21T17:05:50.3602392Z   GOOGLE_APPLICATION_CREDENTIALS: /tmp/sa-key.json
Train	Train model	2026-08-21T17:05:50.3602788Z ##[endgroup]
Train	Train model	2026-08-21T17:06:02.5687125Z Accuracy: 0.7460 | F1: 0.7449
Train	Read metrics	﻿2026-08-21T17:06:02.8624470Z ##[group]Run ACC=$(python -c "import json; d=json.load(open('outputs/metrics.json')); print(d['accuracy'])")
Train	Read metrics	2026-08-21T17:06:02.8625354Z ^[[36;1mACC=$(python -c "import json; d=json.load(open('outputs/metrics.json')); print(d['accuracy'])")^[[0m
Train	Read metrics	2026-08-21T17:06:02.8625950Z ^[[36;1mecho "accuracy=$ACC" >> $GITHUB_OUTPUT^[[0m
Train	Read metrics	2026-08-21T17:06:02.8626359Z ^[[36;1mecho "Accuracy vua doc duoc: $ACC"^[[0m
Train	Read metrics	2026-08-21T17:06:02.8665614Z shell: /usr/bin/bash -e ***0***
Train	Read metrics	2026-08-21T17:06:02.8665970Z env:
Train	Read metrics	2026-08-21T17:06:02.8666336Z   pythonLocation: /opt/hostedtoolcache/Python/3.10.21/x64
Train	Read metrics	2026-08-21T17:06:02.8667160Z   PKG_CONFIG_PATH: /opt/hostedtoolcache/Python/3.10.21/x64/lib/pkgconfig
Train	Read metrics	2026-08-21T17:06:02.8667718Z   Python_ROOT_DIR: /opt/hostedtoolcache/Python/3.10.21/x64
Train	Read metrics	2026-08-21T17:06:02.8668219Z   Python2_ROOT_DIR: /opt/hostedtoolcache/Python/3.10.21/x64
Train	Read metrics	2026-08-21T17:06:02.8668690Z   Python3_ROOT_DIR: /opt/hostedtoolcache/Python/3.10.21/x64
Train	Read metrics	2026-08-21T17:06:02.8669194Z   LD_LIBRARY_PATH: /opt/hostedtoolcache/Python/3.10.21/x64/lib
Train	Read metrics	2026-08-21T17:06:02.8669909Z   MLFLOW_TRACKING_URI: ***
Train	Read metrics	2026-08-21T17:06:02.8670244Z   MLFLOW_TRACKING_USERNAME: ***
Train	Read metrics	2026-08-21T17:06:02.8670675Z   MLFLOW_TRACKING_PASSWORD: ***
Train	Read metrics	2026-08-21T17:06:02.8671061Z   GOOGLE_APPLICATION_CREDENTIALS: /tmp/sa-key.json
Train	Read metrics	2026-08-21T17:06:02.8671451Z ##[endgroup]
Train	Read metrics	2026-08-21T17:06:02.8937044Z Accuracy vua doc duoc: 0.746
Train	Compare with previous deployed model (Bonus 4 - rollback an toan)	﻿2026-08-21T17:06:02.9004415Z ##[group]Run python - <<'EOF'
Train	Compare with previous deployed model (Bonus 4 - rollback an toan)	2026-08-21T17:06:02.9004894Z ^[[36;1mpython - <<'EOF'^[[0m
Train	Compare with previous deployed model (Bonus 4 - rollback an toan)	2026-08-21T17:06:02.9005248Z ^[[36;1mimport json, os^[[0m
Train	Compare with previous deployed model (Bonus 4 - rollback an toan)	2026-08-21T17:06:02.9005608Z ^[[36;1mfrom google.cloud import storage^[[0m
Train	Compare with previous deployed model (Bonus 4 - rollback an toan)	2026-08-21T17:06:02.9005986Z ^[[36;1m^[[0m
Train	Compare with previous deployed model (Bonus 4 - rollback an toan)	2026-08-21T17:06:02.9006314Z ^[[36;1mbucket_name = os.environ["CLOUD_BUCKET"]^[[0m
Train	Compare with previous deployed model (Bonus 4 - rollback an toan)	2026-08-21T17:06:02.9007027Z ^[[36;1mclient = storage.Client()^[[0m
Train	Compare with previous deployed model (Bonus 4 - rollback an toan)	2026-08-21T17:06:02.9007467Z ^[[36;1mbucket = client.bucket(bucket_name)^[[0m
Train	Compare with previous deployed model (Bonus 4 - rollback an toan)	2026-08-21T17:06:02.9007835Z ^[[36;1m^[[0m
Train	Compare with previous deployed model (Bonus 4 - rollback an toan)	2026-08-21T17:06:02.9008213Z ^[[36;1mnew_acc = json.load(open("outputs/metrics.json"))["accuracy"]^[[0m
Train	Compare with previous deployed model (Bonus 4 - rollback an toan)	2026-08-21T17:06:02.9008753Z ^[[36;1mold_blob = bucket.blob("models/latest/metrics.json")^[[0m
Train	Compare with previous deployed model (Bonus 4 - rollback an toan)	2026-08-21T17:06:02.9009171Z ^[[36;1m^[[0m
Train	Compare with previous deployed model (Bonus 4 - rollback an toan)	2026-08-21T17:06:02.9009452Z ^[[36;1mif old_blob.exists():^[[0m
Train	Compare with previous deployed model (Bonus 4 - rollback an toan)	2026-08-21T17:06:02.9009876Z ^[[36;1m    old_metrics = json.loads(old_blob.download_as_text())^[[0m
Train	Compare with previous deployed model (Bonus 4 - rollback an toan)	2026-08-21T17:06:02.9010358Z ^[[36;1m    old_acc = old_metrics.get("accuracy", 0.0)^[[0m
Train	Compare with previous deployed model (Bonus 4 - rollback an toan)	2026-08-21T17:06:02.9011051Z ^[[36;1m    print(f"Model dang chay: accuracy=***old_acc:.4f*** | Model moi vua train: accuracy=***new_acc:.4f***")^[[0m
Train	Compare with previous deployed model (Bonus 4 - rollback an toan)	2026-08-21T17:06:02.9011670Z ^[[36;1m    should_deploy = new_acc >= old_acc^[[0m
Train	Compare with previous deployed model (Bonus 4 - rollback an toan)	2026-08-21T17:06:02.9012043Z ^[[36;1melse:^[[0m
Train	Compare with previous deployed model (Bonus 4 - rollback an toan)	2026-08-21T17:06:02.9012544Z ^[[36;1m    print(f"Chua co model nao tren GCS. Model moi: accuracy=***new_acc:.4f*** -> cho phep deploy.")^[[0m
Train	Compare with previous deployed model (Bonus 4 - rollback an toan)	2026-08-21T17:06:02.9013312Z ^[[36;1m    should_deploy = True^[[0m
Train	Compare with previous deployed model (Bonus 4 - rollback an toan)	2026-08-21T17:06:02.9013645Z ^[[36;1m^[[0m
Train	Compare with previous deployed model (Bonus 4 - rollback an toan)	2026-08-21T17:06:02.9013965Z ^[[36;1mprint(f"should_deploy=***should_deploy***")^[[0m
Train	Compare with previous deployed model (Bonus 4 - rollback an toan)	2026-08-21T17:06:02.9014422Z ^[[36;1mwith open(os.environ["GITHUB_OUTPUT"], "a") as f:^[[0m
Train	Compare with previous deployed model (Bonus 4 - rollback an toan)	2026-08-21T17:06:02.9014952Z ^[[36;1m    f.write(f"should_deploy=***'true' if should_deploy else 'false'***\n")^[[0m
Train	Compare with previous deployed model (Bonus 4 - rollback an toan)	2026-08-21T17:06:02.9015418Z ^[[36;1mEOF^[[0m
Train	Compare with previous deployed model (Bonus 4 - rollback an toan)	2026-08-21T17:06:02.9050988Z shell: /usr/bin/bash -e ***0***
Train	Compare with previous deployed model (Bonus 4 - rollback an toan)	2026-08-21T17:06:02.9051337Z env:
Train	Compare with previous deployed model (Bonus 4 - rollback an toan)	2026-08-21T17:06:02.9051692Z   pythonLocation: /opt/hostedtoolcache/Python/3.10.21/x64
Train	Compare with previous deployed model (Bonus 4 - rollback an toan)	2026-08-21T17:06:02.9052244Z   PKG_CONFIG_PATH: /opt/hostedtoolcache/Python/3.10.21/x64/lib/pkgconfig
Train	Compare with previous deployed model (Bonus 4 - rollback an toan)	2026-08-21T17:06:02.9052781Z   Python_ROOT_DIR: /opt/hostedtoolcache/Python/3.10.21/x64
Train	Compare with previous deployed model (Bonus 4 - rollback an toan)	2026-08-21T17:06:02.9053256Z   Python2_ROOT_DIR: /opt/hostedtoolcache/Python/3.10.21/x64
Train	Compare with previous deployed model (Bonus 4 - rollback an toan)	2026-08-21T17:06:02.9053734Z   Python3_ROOT_DIR: /opt/hostedtoolcache/Python/3.10.21/x64
Train	Compare with previous deployed model (Bonus 4 - rollback an toan)	2026-08-21T17:06:02.9054242Z   LD_LIBRARY_PATH: /opt/hostedtoolcache/Python/3.10.21/x64/lib
Train	Compare with previous deployed model (Bonus 4 - rollback an toan)	2026-08-21T17:06:02.9054910Z   MLFLOW_TRACKING_URI: ***
Train	Compare with previous deployed model (Bonus 4 - rollback an toan)	2026-08-21T17:06:02.9055244Z   MLFLOW_TRACKING_USERNAME: ***
Train	Compare with previous deployed model (Bonus 4 - rollback an toan)	2026-08-21T17:06:02.9055690Z   MLFLOW_TRACKING_PASSWORD: ***
Train	Compare with previous deployed model (Bonus 4 - rollback an toan)	2026-08-21T17:06:02.9056076Z   GOOGLE_APPLICATION_CREDENTIALS: /tmp/sa-key.json
Train	Compare with previous deployed model (Bonus 4 - rollback an toan)	2026-08-21T17:06:02.9056503Z   CLOUD_BUCKET: ***
Train	Compare with previous deployed model (Bonus 4 - rollback an toan)	2026-08-21T17:06:02.9057042Z ##[endgroup]
Train	Compare with previous deployed model (Bonus 4 - rollback an toan)	2026-08-21T17:06:03.1822012Z /opt/hostedtoolcache/Python/3.10.21/x64/lib/python3.10/site-packages/google/api_core/_python_version_support.py:273: FutureWarning: You are using a Python version (3.10.21) which Google will stop supporting in new releases of google.api_core once it reaches its end of life (2026-10-04). Please upgrade to the latest Python version, or at least Python 3.11, to continue receiving updates for google.api_core past that date.
Train	Compare with previous deployed model (Bonus 4 - rollback an toan)	2026-08-21T17:06:03.1825474Z   warnings.warn(message, FutureWarning)
Train	Compare with previous deployed model (Bonus 4 - rollback an toan)	2026-08-21T17:06:03.7791870Z Model dang chay: accuracy=0.7460 | Model moi vua train: accuracy=0.7460
Train	Compare with previous deployed model (Bonus 4 - rollback an toan)	2026-08-21T17:06:03.7792526Z should_deploy=True
Train	Upload model to Cloud Storage	﻿2026-08-21T17:06:03.8235019Z ##[group]Run python - <<'EOF'
Train	Upload model to Cloud Storage	2026-08-21T17:06:03.8235428Z ^[[36;1mpython - <<'EOF'^[[0m
Train	Upload model to Cloud Storage	2026-08-21T17:06:03.8235736Z ^[[36;1mimport os^[[0m
Train	Upload model to Cloud Storage	2026-08-21T17:06:03.8236051Z ^[[36;1mfrom google.cloud import storage^[[0m
Train	Upload model to Cloud Storage	2026-08-21T17:06:03.8236413Z ^[[36;1m^[[0m
Train	Upload model to Cloud Storage	2026-08-21T17:06:03.8236726Z ^[[36;1mbucket_name = os.environ["CLOUD_BUCKET"]^[[0m
Train	Upload model to Cloud Storage	2026-08-21T17:06:03.8237486Z ^[[36;1mclient = storage.Client()^[[0m
Train	Upload model to Cloud Storage	2026-08-21T17:06:03.8237858Z ^[[36;1mbucket = client.bucket(bucket_name)^[[0m
Train	Upload model to Cloud Storage	2026-08-21T17:06:03.8238217Z ^[[36;1m^[[0m
Train	Upload model to Cloud Storage	2026-08-21T17:06:03.8238558Z ^[[36;1mmodel_blob = bucket.blob("models/latest/model.pkl")^[[0m
Train	Upload model to Cloud Storage	2026-08-21T17:06:03.8239045Z ^[[36;1mmodel_blob.upload_from_filename("models/model.pkl")^[[0m
Train	Upload model to Cloud Storage	2026-08-21T17:06:03.8239683Z ^[[36;1mprint(f"Da upload models/model.pkl len gs://***bucket_name***/models/latest/model.pkl")^[[0m
Train	Upload model to Cloud Storage	2026-08-21T17:06:03.8240240Z ^[[36;1m^[[0m
Train	Upload model to Cloud Storage	2026-08-21T17:06:03.8240596Z ^[[36;1mmetrics_blob = bucket.blob("models/latest/metrics.json")^[[0m
Train	Upload model to Cloud Storage	2026-08-21T17:06:03.8241139Z ^[[36;1mmetrics_blob.upload_from_filename("outputs/metrics.json")^[[0m
Train	Upload model to Cloud Storage	2026-08-21T17:06:03.8241818Z ^[[36;1mprint(f"Da upload outputs/metrics.json len gs://***bucket_name***/models/latest/metrics.json")^[[0m
Train	Upload model to Cloud Storage	2026-08-21T17:06:03.8242362Z ^[[36;1mEOF^[[0m
Train	Upload model to Cloud Storage	2026-08-21T17:06:03.8279969Z shell: /usr/bin/bash -e ***0***
Train	Upload model to Cloud Storage	2026-08-21T17:06:03.8280325Z env:
Train	Upload model to Cloud Storage	2026-08-21T17:06:03.8280678Z   pythonLocation: /opt/hostedtoolcache/Python/3.10.21/x64
Train	Upload model to Cloud Storage	2026-08-21T17:06:03.8281220Z   PKG_CONFIG_PATH: /opt/hostedtoolcache/Python/3.10.21/x64/lib/pkgconfig
Train	Upload model to Cloud Storage	2026-08-21T17:06:03.8281752Z   Python_ROOT_DIR: /opt/hostedtoolcache/Python/3.10.21/x64
Train	Upload model to Cloud Storage	2026-08-21T17:06:03.8282218Z   Python2_ROOT_DIR: /opt/hostedtoolcache/Python/3.10.21/x64
Train	Upload model to Cloud Storage	2026-08-21T17:06:03.8282686Z   Python3_ROOT_DIR: /opt/hostedtoolcache/Python/3.10.21/x64
Train	Upload model to Cloud Storage	2026-08-21T17:06:03.8283165Z   LD_LIBRARY_PATH: /opt/hostedtoolcache/Python/3.10.21/x64/lib
Train	Upload model to Cloud Storage	2026-08-21T17:06:03.8283801Z   MLFLOW_TRACKING_URI: ***
Train	Upload model to Cloud Storage	2026-08-21T17:06:03.8284314Z   MLFLOW_TRACKING_USERNAME: ***
Train	Upload model to Cloud Storage	2026-08-21T17:06:03.8284746Z   MLFLOW_TRACKING_PASSWORD: ***
Train	Upload model to Cloud Storage	2026-08-21T17:06:03.8285119Z   GOOGLE_APPLICATION_CREDENTIALS: /tmp/sa-key.json
Train	Upload model to Cloud Storage	2026-08-21T17:06:03.8285535Z   CLOUD_BUCKET: ***
Train	Upload model to Cloud Storage	2026-08-21T17:06:03.8285826Z ##[endgroup]
Train	Upload model to Cloud Storage	2026-08-21T17:06:04.0877620Z /opt/hostedtoolcache/Python/3.10.21/x64/lib/python3.10/site-packages/google/api_core/_python_version_support.py:273: FutureWarning: You are using a Python version (3.10.21) which Google will stop supporting in new releases of google.api_core once it reaches its end of life (2026-10-04). Please upgrade to the latest Python version, or at least Python 3.11, to continue receiving updates for google.api_core past that date.
Train	Upload model to Cloud Storage	2026-08-21T17:06:04.0880753Z   warnings.warn(message, FutureWarning)
Train	Upload model to Cloud Storage	2026-08-21T17:06:05.4090975Z Da upload models/model.pkl len gs://***/models/latest/model.pkl
Train	Upload model to Cloud Storage	2026-08-21T17:06:05.4092145Z Da upload outputs/metrics.json len gs://***/models/latest/metrics.json
Train	Save metrics as artifact	﻿2026-08-21T17:06:05.4547883Z Node 20 is being deprecated. This workflow is running with Node 24 by default. If you need to temporarily use Node 20, you can set the ACTIONS_ALLOW_USE_UNSECURE_NODE_VERSION=true environment variable. For more information see: https://github.blog/changelog/2025-09-19-deprecation-of-node-20-on-github-actions-runners/
Train	Save metrics as artifact	2026-08-21T17:06:05.4549316Z ##[group]Run actions/upload-artifact@v4
Train	Save metrics as artifact	2026-08-21T17:06:05.4549677Z with:
Train	Save metrics as artifact	2026-08-21T17:06:05.4549958Z   name: metrics
Train	Save metrics as artifact	2026-08-21T17:06:05.4550250Z   path: outputs/metrics.json
Train	Save metrics as artifact	2026-08-21T17:06:05.4550588Z   if-no-files-found: warn
Train	Save metrics as artifact	2026-08-21T17:06:05.4550904Z   compression-level: 6
Train	Save metrics as artifact	2026-08-21T17:06:05.4551208Z   overwrite: false
Train	Save metrics as artifact	2026-08-21T17:06:05.4551508Z   include-hidden-files: false
Train	Save metrics as artifact	2026-08-21T17:06:05.4551830Z env:
Train	Save metrics as artifact	2026-08-21T17:06:05.4552160Z   pythonLocation: /opt/hostedtoolcache/Python/3.10.21/x64
Train	Save metrics as artifact	2026-08-21T17:06:05.4552703Z   PKG_CONFIG_PATH: /opt/hostedtoolcache/Python/3.10.21/x64/lib/pkgconfig
Train	Save metrics as artifact	2026-08-21T17:06:05.4553243Z   Python_ROOT_DIR: /opt/hostedtoolcache/Python/3.10.21/x64
Train	Save metrics as artifact	2026-08-21T17:06:05.4553789Z   Python2_ROOT_DIR: /opt/hostedtoolcache/Python/3.10.21/x64
Train	Save metrics as artifact	2026-08-21T17:06:05.4554253Z   Python3_ROOT_DIR: /opt/hostedtoolcache/Python/3.10.21/x64
Train	Save metrics as artifact	2026-08-21T17:06:05.4554727Z   LD_LIBRARY_PATH: /opt/hostedtoolcache/Python/3.10.21/x64/lib
Train	Save metrics as artifact	2026-08-21T17:06:05.4555386Z   MLFLOW_TRACKING_URI: ***
Train	Save metrics as artifact	2026-08-21T17:06:05.4555723Z   MLFLOW_TRACKING_USERNAME: ***
Train	Save metrics as artifact	2026-08-21T17:06:05.4556159Z   MLFLOW_TRACKING_PASSWORD: ***
Train	Save metrics as artifact	2026-08-21T17:06:05.4556531Z   GOOGLE_APPLICATION_CREDENTIALS: /tmp/sa-key.json
Train	Save metrics as artifact	2026-08-21T17:06:05.4557308Z ##[endgroup]
Train	Save metrics as artifact	2026-08-21T17:06:05.6257423Z (node:2462) [DEP0040] DeprecationWarning: The `punycode` module is deprecated. Please use a userland alternative instead.
Train	Save metrics as artifact	2026-08-21T17:06:05.6258969Z (Use `node --trace-deprecation ...` to show where the warning was created)
Train	Save metrics as artifact	2026-08-21T17:06:05.6308156Z With the provided path, there will be 1 file uploaded
Train	Save metrics as artifact	2026-08-21T17:06:05.6326344Z Artifact name is valid!
Train	Save metrics as artifact	2026-08-21T17:06:05.6327195Z Root directory input is valid!
Train	Save metrics as artifact	2026-08-21T17:06:05.9304120Z Beginning upload of artifact content to blob storage
Train	Save metrics as artifact	2026-08-21T17:06:05.9493464Z (node:2462) [DEP0169] DeprecationWarning: `url.parse()` behavior is not standardized and prone to errors that have security implications. Use the WHATWG URL API instead. CVEs are not issued for `url.parse()` vulnerabilities.
Train	Save metrics as artifact	2026-08-21T17:06:06.1608877Z Uploaded bytes 536
Train	Save metrics as artifact	2026-08-21T17:06:06.2334637Z Finished uploading artifact content to blob storage!
Train	Save metrics as artifact	2026-08-21T17:06:06.2335758Z SHA256 digest of uploaded artifact zip is f71557ad083b7a9c1b809095f89465e7b68b211aebdc3a67e848be54177a1826
Train	Save metrics as artifact	2026-08-21T17:06:06.2338087Z Finalizing artifact upload
Train	Save metrics as artifact	2026-08-21T17:06:06.4742446Z Artifact metrics.zip successfully finalized. Artifact ID 9455389232
Train	Save metrics as artifact	2026-08-21T17:06:06.4744245Z Artifact metrics has been successfully uploaded! Final size is 536 bytes. Artifact ID is 9455389232
Train	Save metrics as artifact	2026-08-21T17:06:06.4753427Z Artifact download URL: https://github.com/***/TRACK2-DAY21-2A202601155-TRANNGUYENTHENHAT/actions/runs/32506147588/artifacts/9455389232
Train	Post Run actions/setup-python@v5	﻿2026-08-21T17:06:06.4960292Z Node 20 is being deprecated. This workflow is running with Node 24 by default. If you need to temporarily use Node 20, you can set the ACTIONS_ALLOW_USE_UNSECURE_NODE_VERSION=true environment variable. For more information see: https://github.blog/changelog/2025-09-19-deprecation-of-node-20-on-github-actions-runners/
Train	Post Run actions/setup-python@v5	2026-08-21T17:06:06.4961692Z Post job cleanup.
Train	Post Run actions/setup-python@v5	2026-08-21T17:06:06.6145616Z (node:2474) [DEP0040] DeprecationWarning: The `punycode` module is deprecated. Please use a userland alternative instead.
Train	Post Run actions/setup-python@v5	2026-08-21T17:06:06.6146954Z (Use `node --trace-deprecation ...` to show where the warning was created)
Train	Post Run actions/checkout@v4	﻿2026-08-21T17:06:06.6311364Z Node 20 is being deprecated. This workflow is running with Node 24 by default. If you need to temporarily use Node 20, you can set the ACTIONS_ALLOW_USE_UNSECURE_NODE_VERSION=true environment variable. For more information see: https://github.blog/changelog/2025-09-19-deprecation-of-node-20-on-github-actions-runners/
Train	Post Run actions/checkout@v4	2026-08-21T17:06:06.6312741Z Post job cleanup.
Train	Post Run actions/checkout@v4	2026-08-21T17:06:06.7237461Z [command]/usr/bin/git version
Train	Post Run actions/checkout@v4	2026-08-21T17:06:06.7277647Z git version 2.55.0
Train	Post Run actions/checkout@v4	2026-08-21T17:06:06.7317294Z Temporarily overriding HOME='/home/runner/work/_temp/cdb84bf9-9dd6-47c8-9c30-ac85ba61790a' before making global git config changes
Train	Post Run actions/checkout@v4	2026-08-21T17:06:06.7318832Z Adding repository directory to the temporary git global config as a safe directory
Train	Post Run actions/checkout@v4	2026-08-21T17:06:06.7323486Z [command]/usr/bin/git config --global --add safe.directory /home/runner/work/TRACK2-DAY21-2A202601155-TRANNGUYENTHENHAT/TRACK2-DAY21-2A202601155-TRANNGUYENTHENHAT
Train	Post Run actions/checkout@v4	2026-08-21T17:06:06.7364915Z [command]/usr/bin/git config --local --name-only --get-regexp core\.sshCommand
Train	Post Run actions/checkout@v4	2026-08-21T17:06:06.7401837Z [command]/usr/bin/git submodule foreach --recursive sh -c "git config --local --name-only --get-regexp 'core\.sshCommand' && git config --local --unset-all 'core.sshCommand' || :"
Train	Post Run actions/checkout@v4	2026-08-21T17:06:06.7672871Z [command]/usr/bin/git config --local --name-only --get-regexp http\.https\:\/\/github\.com\/\.extraheader
Train	Post Run actions/checkout@v4	2026-08-21T17:06:06.7698159Z http.https://github.com/.extraheader
Train	Post Run actions/checkout@v4	2026-08-21T17:06:06.7710541Z [command]/usr/bin/git config --local --unset-all http.https://github.com/.extraheader
Train	Post Run actions/checkout@v4	2026-08-21T17:06:06.7745709Z [command]/usr/bin/git submodule foreach --recursive sh -c "git config --local --name-only --get-regexp 'http\.https\:\/\/github\.com\/\.extraheader' && git config --local --unset-all 'http.https://github.com/.extraheader' || :"
Train	Post Run actions/checkout@v4	2026-08-21T17:06:06.8045659Z [command]/usr/bin/git config --local --name-only --get-regexp ^includeIf\.gitdir:
Train	Post Run actions/checkout@v4	2026-08-21T17:06:06.8095021Z [command]/usr/bin/git submodule foreach --recursive git config --local --show-origin --name-only --get-regexp remote.origin.url
Train	Complete job	﻿2026-08-21T17:06:06.8610075Z Evaluate and set job outputs
Train	Complete job	2026-08-21T17:06:06.8615597Z Set output 'accuracy'
Train	Complete job	2026-08-21T17:06:06.8617683Z Set output 'should_deploy'
Train	Complete job	2026-08-21T17:06:06.8618836Z Cleaning up orphan processes
Train	Complete job	2026-08-21T17:06:06.9029265Z ##[warning]Node.js 20 is deprecated. The following actions target Node.js 20 but are being forced to run on Node.js 24: actions/checkout@v4, actions/setup-python@v5, actions/upload-artifact@v4. For more information see: https://github.blog/changelog/2025-09-19-deprecation-of-node-20-on-github-actions-runners/
Eval	Set up job	﻿2026-08-21T17:06:12.4838274Z Current runner version: '2.336.0'
Eval	Set up job	2026-08-21T17:06:12.4864385Z ##[group]Runner Image Provisioner
Eval	Set up job	2026-08-21T17:06:12.4865324Z Hosted Compute Agent
Eval	Set up job	2026-08-21T17:06:12.4865886Z Version: 20260729.566
Eval	Set up job	2026-08-21T17:06:12.4866571Z Commit: cf7153fe6e25b664e8693c24944bf2b00355d109
Eval	Set up job	2026-08-21T17:06:12.4867323Z Build Date: 2026-07-29T19:17:02Z
Eval	Set up job	2026-08-21T17:06:12.4868058Z Worker ID: {39b70470-c2f1-44a1-a7f3-52bf4b62a2bb}
Eval	Set up job	2026-08-21T17:06:12.4868751Z Azure Region: westus3
Eval	Set up job	2026-08-21T17:06:12.4869292Z ##[endgroup]
Eval	Set up job	2026-08-21T17:06:12.4871198Z ##[group]Operating System
Eval	Set up job	2026-08-21T17:06:12.4871944Z Ubuntu
Eval	Set up job	2026-08-21T17:06:12.4872506Z 24.04.4
Eval	Set up job	2026-08-21T17:06:12.4873030Z LTS
Eval	Set up job	2026-08-21T17:06:12.4873537Z ##[endgroup]
Eval	Set up job	2026-08-21T17:06:12.4874104Z ##[group]Runner Image
Eval	Set up job	2026-08-21T17:06:12.4874723Z Image: ubuntu-24.04
Eval	Set up job	2026-08-21T17:06:12.4875305Z Version: 20260816.277.1
Eval	Set up job	2026-08-21T17:06:12.4876432Z Included Software: https://github.com/actions/runner-images/blob/ubuntu24/20260816.277/images/ubuntu/Ubuntu2404-Readme.md
Eval	Set up job	2026-08-21T17:06:12.4878625Z Image Release: https://github.com/actions/runner-images/releases/tag/ubuntu24%2F20260816.277
Eval	Set up job	2026-08-21T17:06:12.4879616Z ##[endgroup]
Eval	Set up job	2026-08-21T17:06:12.4881198Z ##[group]GITHUB_TOKEN Permissions
Eval	Set up job	2026-08-21T17:06:12.4884046Z Contents: read
Eval	Set up job	2026-08-21T17:06:12.4884957Z Metadata: read
Eval	Set up job	2026-08-21T17:06:12.4885651Z Packages: read
Eval	Set up job	2026-08-21T17:06:12.4886201Z ##[endgroup]
Eval	Set up job	2026-08-21T17:06:12.4888566Z Secret source: Actions
Eval	Set up job	2026-08-21T17:06:12.4889679Z Prepare workflow directory
Eval	Set up job	2026-08-21T17:06:12.5229191Z Prepare all required actions
Eval	Set up job	2026-08-21T17:06:12.5336638Z Complete job name: Eval
Eval	Check eval gate	﻿2026-08-21T17:06:12.6049438Z ##[group]Run python - <<'EOF'
Eval	Check eval gate	2026-08-21T17:06:12.6050609Z ^[[36;1mpython - <<'EOF'^[[0m
Eval	Check eval gate	2026-08-21T17:06:12.6051293Z ^[[36;1macc = float("0.746")^[[0m
Eval	Check eval gate	2026-08-21T17:06:12.6051954Z ^[[36;1mthreshold = float("0.70")^[[0m
Eval	Check eval gate	2026-08-21T17:06:12.6053005Z ^[[36;1mshould_deploy = "true" == "true"^[[0m
Eval	Check eval gate	2026-08-21T17:06:12.6053702Z ^[[36;1m^[[0m
Eval	Check eval gate	2026-08-21T17:06:12.6054201Z ^[[36;1mif acc < threshold:^[[0m
Eval	Check eval gate	2026-08-21T17:06:12.6055122Z ^[[36;1m    raise SystemExit(f"FAILED: accuracy {acc:.4f} < {threshold:.4f}. Huy deploy.")^[[0m
Eval	Check eval gate	2026-08-21T17:06:12.6056030Z ^[[36;1mif not should_deploy:^[[0m
Eval	Check eval gate	2026-08-21T17:06:12.6056656Z ^[[36;1m    raise SystemExit(^[[0m
Eval	Check eval gate	2026-08-21T17:06:12.6057526Z ^[[36;1m        f"BLOCKED: accuracy {acc:.4f} >= nguong {threshold:.4f} nhung khong tot hon "^[[0m
Eval	Check eval gate	2026-08-21T17:06:12.6058555Z ^[[36;1m        "model dang chay (Bonus 4 rollback safety). Huy deploy."^[[0m
Eval	Check eval gate	2026-08-21T17:06:12.6059332Z ^[[36;1m    )^[[0m
Eval	Check eval gate	2026-08-21T17:06:12.6060420Z ^[[36;1mprint(f"PASSED: accuracy {acc:.4f} >= {threshold:.4f} va tot hon model cu. Dang trien khai model.")^[[0m
Eval	Check eval gate	2026-08-21T17:06:12.6061516Z ^[[36;1mEOF^[[0m
Eval	Check eval gate	2026-08-21T17:06:12.6922839Z shell: /usr/bin/bash -e {0}
Eval	Check eval gate	2026-08-21T17:06:12.6924035Z ##[endgroup]
Eval	Check eval gate	2026-08-21T17:06:12.7277231Z PASSED: accuracy 0.7460 >= 0.7000 va tot hon model cu. Dang trien khai model.
Eval	Complete job	﻿2026-08-21T17:06:12.7447535Z Cleaning up orphan processes
Deploy	Set up job	﻿2026-08-21T17:06:17.7283315Z Current runner version: '2.336.0'
Deploy	Set up job	2026-08-21T17:06:17.7319851Z ##[group]Runner Image Provisioner
Deploy	Set up job	2026-08-21T17:06:17.7321582Z Hosted Compute Agent
Deploy	Set up job	2026-08-21T17:06:17.7322588Z Version: 20260729.566
Deploy	Set up job	2026-08-21T17:06:17.7323845Z Commit: cf7153fe6e25b664e8693c24944bf2b00355d109
Deploy	Set up job	2026-08-21T17:06:17.7325544Z Build Date: 2026-07-29T19:17:02Z
Deploy	Set up job	2026-08-21T17:06:17.7326829Z Worker ID: {d4a9c6ac-3e18-4f6d-bd19-27a7f9e7f3ed}
Deploy	Set up job	2026-08-21T17:06:17.7328218Z Azure Region: eastus
Deploy	Set up job	2026-08-21T17:06:17.7329307Z ##[endgroup]
Deploy	Set up job	2026-08-21T17:06:17.7331563Z ##[group]Operating System
Deploy	Set up job	2026-08-21T17:06:17.7332789Z Ubuntu
Deploy	Set up job	2026-08-21T17:06:17.7333821Z 24.04.4
Deploy	Set up job	2026-08-21T17:06:17.7335004Z LTS
Deploy	Set up job	2026-08-21T17:06:17.7336108Z ##[endgroup]
Deploy	Set up job	2026-08-21T17:06:17.7337149Z ##[group]Runner Image
Deploy	Set up job	2026-08-21T17:06:17.7338283Z Image: ubuntu-24.04
Deploy	Set up job	2026-08-21T17:06:17.7339313Z Version: 20260816.277.1
Deploy	Set up job	2026-08-21T17:06:17.7341304Z Included Software: https://github.com/actions/runner-images/blob/ubuntu24/20260816.277/images/ubuntu/Ubuntu2404-Readme.md
Deploy	Set up job	2026-08-21T17:06:17.7344420Z Image Release: https://github.com/actions/runner-images/releases/tag/ubuntu24%2F20260816.277
Deploy	Set up job	2026-08-21T17:06:17.7346427Z ##[endgroup]
Deploy	Set up job	2026-08-21T17:06:17.7348736Z ##[group]GITHUB_TOKEN Permissions
Deploy	Set up job	2026-08-21T17:06:17.7351727Z Contents: read
Deploy	Set up job	2026-08-21T17:06:17.7352913Z Metadata: read
Deploy	Set up job	2026-08-21T17:06:17.7353942Z Packages: read
Deploy	Set up job	2026-08-21T17:06:17.7355291Z ##[endgroup]
Deploy	Set up job	2026-08-21T17:06:17.7358311Z Secret source: Actions
Deploy	Set up job	2026-08-21T17:06:17.7360289Z Prepare workflow directory
Deploy	Set up job	2026-08-21T17:06:17.7813220Z Prepare all required actions
Deploy	Set up job	2026-08-21T17:06:17.7882124Z Getting action download info
Deploy	Set up job	2026-08-21T17:06:17.9750232Z Download action repository 'appleboy/ssh-action@v1.0.3' (SHA:029f5b4aeeeb58fdfe1410a5d17f967dacf36262)
Deploy	Set up job	2026-08-21T17:06:18.2408109Z Complete job name: Deploy
Deploy	Build appleboy/ssh-action@v1.0.3	﻿2026-08-21T17:06:18.2944144Z ##[group]Build container for action use: '/home/runner/work/_actions/appleboy/ssh-action/v1.0.3/Dockerfile'.
Deploy	Build appleboy/ssh-action@v1.0.3	2026-08-21T17:06:18.3009168Z ##[command]/usr/bin/docker build -t 4d12ed:9773c92b892f43b5af574867596e77be -f "/home/runner/work/_actions/appleboy/ssh-action/v1.0.3/Dockerfile" "/home/runner/work/_actions/appleboy/ssh-action/v1.0.3"
Deploy	Build appleboy/ssh-action@v1.0.3	2026-08-21T17:06:18.7319816Z #0 building with "default" instance using docker driver
Deploy	Build appleboy/ssh-action@v1.0.3	2026-08-21T17:06:18.7320529Z 
Deploy	Build appleboy/ssh-action@v1.0.3	2026-08-21T17:06:18.7320882Z #1 [internal] load build definition from Dockerfile
Deploy	Build appleboy/ssh-action@v1.0.3	2026-08-21T17:06:18.7321665Z #1 transferring dockerfile: 149B done
Deploy	Build appleboy/ssh-action@v1.0.3	2026-08-21T17:06:18.7322340Z #1 DONE 0.0s
Deploy	Build appleboy/ssh-action@v1.0.3	2026-08-21T17:06:18.7322653Z 
Deploy	Build appleboy/ssh-action@v1.0.3	2026-08-21T17:06:18.7323060Z #2 [internal] load metadata for ghcr.io/appleboy/drone-ssh:1.7.3
Deploy	Build appleboy/ssh-action@v1.0.3	2026-08-21T17:06:18.8623561Z #2 DONE 0.3s
Deploy	Build appleboy/ssh-action@v1.0.3	2026-08-21T17:06:18.9757049Z 
Deploy	Build appleboy/ssh-action@v1.0.3	2026-08-21T17:06:18.9758983Z #3 [internal] load .dockerignore
Deploy	Build appleboy/ssh-action@v1.0.3	2026-08-21T17:06:18.9762130Z #3 transferring context: 2B done
Deploy	Build appleboy/ssh-action@v1.0.3	2026-08-21T17:06:18.9763430Z #3 DONE 0.0s
Deploy	Build appleboy/ssh-action@v1.0.3	2026-08-21T17:06:18.9764053Z 
Deploy	Build appleboy/ssh-action@v1.0.3	2026-08-21T17:06:18.9764498Z #4 [internal] load build context
Deploy	Build appleboy/ssh-action@v1.0.3	2026-08-21T17:06:18.9766499Z #4 transferring context: 108B done
Deploy	Build appleboy/ssh-action@v1.0.3	2026-08-21T17:06:18.9768470Z #4 DONE 0.0s
Deploy	Build appleboy/ssh-action@v1.0.3	2026-08-21T17:06:18.9768856Z 
Deploy	Build appleboy/ssh-action@v1.0.3	2026-08-21T17:06:18.9770703Z #5 [1/2] FROM ghcr.io/appleboy/drone-ssh:1.7.3@sha256:179cbd253771007f2ebcaf7a3860afe059207351de1f3378efafac93bd310158
Deploy	Build appleboy/ssh-action@v1.0.3	2026-08-21T17:06:18.9773510Z #5 resolve ghcr.io/appleboy/drone-ssh:1.7.3@sha256:179cbd253771007f2ebcaf7a3860afe059207351de1f3378efafac93bd310158 done
Deploy	Build appleboy/ssh-action@v1.0.3	2026-08-21T17:06:18.9778029Z #5 extracting sha256:1207c741d8c9b028d98c4006013f9de959da3c55f85b91ed5e4583438a0112ca
Deploy	Build appleboy/ssh-action@v1.0.3	2026-08-21T17:06:18.9780102Z #5 sha256:c4781b8d012b16b6c7468dc9104fad0a63f2a8815b2af8b7176bb544253ea8c7 3.86kB / 3.86kB done
Deploy	Build appleboy/ssh-action@v1.0.3	2026-08-21T17:06:18.9782334Z #5 sha256:1207c741d8c9b028d98c4006013f9de959da3c55f85b91ed5e4583438a0112ca 3.38MB / 3.38MB 0.0s done
Deploy	Build appleboy/ssh-action@v1.0.3	2026-08-21T17:06:18.9785158Z #5 sha256:654aaee5654be60f81172539ecd74485cf8bbe2e9137bab0d429862c31c676f6 284.83kB / 284.83kB 0.0s done
Deploy	Build appleboy/ssh-action@v1.0.3	2026-08-21T17:06:18.9787198Z #5 sha256:7e20f48a19643465f486f59127b8f4e0f4114bedc8bd5260fb4f92d5fda95f1c 1.20kB / 1.20kB 0.1s done
Deploy	Build appleboy/ssh-action@v1.0.3	2026-08-21T17:06:18.9789325Z #5 sha256:066e5b821e26d8313055e0314c056e6c297847bcf963e5df10e7aa03107f2246 125B / 125B 0.1s done
Deploy	Build appleboy/ssh-action@v1.0.3	2026-08-21T17:06:18.9792059Z #5 sha256:47353a6f9201a145b687290e5ae0278ac269faf4bb61bee3e9246c37a8d74277 2.44MB / 2.44MB 0.1s done
Deploy	Build appleboy/ssh-action@v1.0.3	2026-08-21T17:06:18.9794266Z #5 sha256:179cbd253771007f2ebcaf7a3860afe059207351de1f3378efafac93bd310158 2.38kB / 2.38kB done
Deploy	Build appleboy/ssh-action@v1.0.3	2026-08-21T17:06:18.9796396Z #5 sha256:1a52f94820e830bc9734623deb03bbafa6a248fba19cdc2e5605c70d90d91441 1.24kB / 1.24kB done
Deploy	Build appleboy/ssh-action@v1.0.3	2026-08-21T17:06:19.1261832Z #5 extracting sha256:1207c741d8c9b028d98c4006013f9de959da3c55f85b91ed5e4583438a0112ca 0.1s done
Deploy	Build appleboy/ssh-action@v1.0.3	2026-08-21T17:06:19.1266070Z #5 extracting sha256:654aaee5654be60f81172539ecd74485cf8bbe2e9137bab0d429862c31c676f6 0.0s done
Deploy	Build appleboy/ssh-action@v1.0.3	2026-08-21T17:06:19.1269051Z #5 extracting sha256:7e20f48a19643465f486f59127b8f4e0f4114bedc8bd5260fb4f92d5fda95f1c
Deploy	Build appleboy/ssh-action@v1.0.3	2026-08-21T17:06:19.3536942Z #5 extracting sha256:7e20f48a19643465f486f59127b8f4e0f4114bedc8bd5260fb4f92d5fda95f1c done
Deploy	Build appleboy/ssh-action@v1.0.3	2026-08-21T17:06:19.3540002Z #5 extracting sha256:066e5b821e26d8313055e0314c056e6c297847bcf963e5df10e7aa03107f2246 done
Deploy	Build appleboy/ssh-action@v1.0.3	2026-08-21T17:06:19.3542365Z #5 extracting sha256:47353a6f9201a145b687290e5ae0278ac269faf4bb61bee3e9246c37a8d74277 0.0s done
Deploy	Build appleboy/ssh-action@v1.0.3	2026-08-21T17:06:19.3544207Z #5 DONE 0.3s
Deploy	Build appleboy/ssh-action@v1.0.3	2026-08-21T17:06:19.3544709Z 
Deploy	Build appleboy/ssh-action@v1.0.3	2026-08-21T17:06:19.3545418Z #6 [2/2] COPY entrypoint.sh /bin/entrypoint.sh
Deploy	Build appleboy/ssh-action@v1.0.3	2026-08-21T17:06:19.3546651Z #6 DONE 0.0s
Deploy	Build appleboy/ssh-action@v1.0.3	2026-08-21T17:06:19.3547126Z 
Deploy	Build appleboy/ssh-action@v1.0.3	2026-08-21T17:06:19.3547665Z #7 exporting to image
Deploy	Build appleboy/ssh-action@v1.0.3	2026-08-21T17:06:19.3549283Z #7 exporting layers
Deploy	Build appleboy/ssh-action@v1.0.3	2026-08-21T17:06:20.0049763Z #7 exporting layers 0.8s done
Deploy	Build appleboy/ssh-action@v1.0.3	2026-08-21T17:06:20.0193742Z #7 writing image sha256:b56eac2bb5f006e8106f87a62e4f40395993c243c0b150a1771d131a37ed8902 done
Deploy	Build appleboy/ssh-action@v1.0.3	2026-08-21T17:06:20.0194563Z #7 naming to docker.io/library/4d12ed:9773c92b892f43b5af574867596e77be done
Deploy	Build appleboy/ssh-action@v1.0.3	2026-08-21T17:06:20.0195752Z #7 DONE 0.8s
Deploy	Build appleboy/ssh-action@v1.0.3	2026-08-21T17:06:20.0302673Z ##[endgroup]
Deploy	SSH deploy to VM	﻿2026-08-21T17:06:20.0613981Z ##[group]Run appleboy/ssh-action@v1.0.3
Deploy	SSH deploy to VM	2026-08-21T17:06:20.0614698Z with:
Deploy	SSH deploy to VM	2026-08-21T17:06:20.0615526Z   host: ***
Deploy	SSH deploy to VM	2026-08-21T17:06:20.0615856Z   username: ***
Deploy	SSH deploy to VM	2026-08-21T17:06:20.0617940Z   key: ***
Deploy	SSH deploy to VM	2026-08-21T17:06:20.0620179Z   script: # TODO 7: Restart service mlops-serve tren VM.
Deploy	SSH deploy to VM	# TODO 8: Cho server san sang roi goi curl /health de xac nhan.
Deploy	SSH deploy to VM	#         Neu health check that bai sau nhieu lan thu, thoat voi exit 1.
Deploy	SSH deploy to VM	#
Deploy	SSH deploy to VM	# Goi y:
Deploy	SSH deploy to VM	#   sudo systemctl restart mlops-serve
Deploy	SSH deploy to VM	#   sleep 5
Deploy	SSH deploy to VM	#   curl -sf http://localhost:8000/health && echo "Health check passed." || exit 1
Deploy	SSH deploy to VM	sudo systemctl restart mlops-serve
Deploy	SSH deploy to VM	for i in 1 2 3 4 5 6; do
Deploy	SSH deploy to VM	  sleep 5
Deploy	SSH deploy to VM	  if curl -sf http://localhost:8000/health; then
Deploy	SSH deploy to VM	    echo "Health check passed."
Deploy	SSH deploy to VM	    exit 0
Deploy	SSH deploy to VM	  fi
Deploy	SSH deploy to VM	  echo "Health check lan $i chua san sang, thu lai..."
Deploy	SSH deploy to VM	done
Deploy	SSH deploy to VM	echo "Health check that bai sau nhieu lan thu."
Deploy	SSH deploy to VM	exit 1
Deploy	SSH deploy to VM	
Deploy	SSH deploy to VM	2026-08-21T17:06:20.0622345Z   port: 22
Deploy	SSH deploy to VM	2026-08-21T17:06:20.0622662Z   timeout: 30s
Deploy	SSH deploy to VM	2026-08-21T17:06:20.0622983Z   command_timeout: 10m
Deploy	SSH deploy to VM	2026-08-21T17:06:20.0623322Z   proxy_port: 22
Deploy	SSH deploy to VM	2026-08-21T17:06:20.0623711Z   proxy_timeout: 30s
Deploy	SSH deploy to VM	2026-08-21T17:06:20.0624261Z ##[endgroup]
Deploy	SSH deploy to VM	2026-08-21T17:06:20.0756406Z ##[command]/usr/bin/docker run --name d12ed9773c92b892f43b5af574867596e77be_da7677 --label 4d12ed --workdir /github/workspace --rm -e "INPUT_HOST" -e "INPUT_USERNAME" -e "INPUT_KEY" -e "INPUT_SCRIPT" -e "INPUT_PORT" -e "INPUT_PASSPHRASE" -e "INPUT_PASSWORD" -e "INPUT_SYNC" -e "INPUT_USE_INSECURE_CIPHER" -e "INPUT_CIPHER" -e "INPUT_TIMEOUT" -e "INPUT_COMMAND_TIMEOUT" -e "INPUT_KEY_PATH" -e "INPUT_FINGERPRINT" -e "INPUT_PROXY_HOST" -e "INPUT_PROXY_PORT" -e "INPUT_PROXY_USERNAME" -e "INPUT_PROXY_PASSWORD" -e "INPUT_PROXY_PASSPHRASE" -e "INPUT_PROXY_TIMEOUT" -e "INPUT_PROXY_KEY" -e "INPUT_PROXY_KEY_PATH" -e "INPUT_PROXY_FINGERPRINT" -e "INPUT_PROXY_CIPHER" -e "INPUT_PROXY_USE_INSECURE_CIPHER" -e "INPUT_SCRIPT_STOP" -e "INPUT_ENVS" -e "INPUT_ENVS_FORMAT" -e "INPUT_DEBUG" -e "INPUT_ALLENVS" -e "INPUT_REQUEST_PTY" -e "HOME" -e "GITHUB_JOB" -e "GITHUB_REF" -e "GITHUB_SHA" -e "GITHUB_REPOSITORY" -e "GITHUB_REPOSITORY_OWNER" -e "GITHUB_REPOSITORY_OWNER_ID" -e "GITHUB_RUN_ID" -e "GITHUB_RUN_NUMBER" -e "GITHUB_RETENTION_DAYS" -e "GITHUB_RUN_ATTEMPT" -e "GITHUB_ACTOR_ID" -e "GITHUB_ACTOR" -e "GITHUB_WORKFLOW" -e "GITHUB_HEAD_REF" -e "GITHUB_BASE_REF" -e "GITHUB_EVENT_NAME" -e "GITHUB_SERVER_URL" -e "GITHUB_API_URL" -e "GITHUB_GRAPHQL_URL" -e "GITHUB_REF_NAME" -e "GITHUB_REF_PROTECTED" -e "GITHUB_REF_TYPE" -e "GITHUB_WORKFLOW_REF" -e "GITHUB_WORKFLOW_SHA" -e "GITHUB_REPOSITORY_ID" -e "GITHUB_TRIGGERING_ACTOR" -e "GITHUB_WORKSPACE" -e "GITHUB_ACTION" -e "GITHUB_EVENT_PATH" -e "GITHUB_ACTION_REPOSITORY" -e "GITHUB_ACTION_REF" -e "GITHUB_PATH" -e "GITHUB_ENV" -e "GITHUB_STEP_SUMMARY" -e "GITHUB_STATE" -e "GITHUB_OUTPUT" -e "GITHUB_ARTIFACTS" -e "GITHUB_ARTIFACTS_LIST" -e "RUNNER_OS" -e "RUNNER_ARCH" -e "RUNNER_NAME" -e "RUNNER_ENVIRONMENT" -e "RUNNER_TOOL_CACHE" -e "RUNNER_TEMP" -e "RUNNER_WORKSPACE" -e "ACTIONS_RUNTIME_URL" -e "ACTIONS_RUNTIME_TOKEN" -e "ACTIONS_CACHE_URL" -e "ACTIONS_RESULTS_URL" -e "ACTIONS_ORCHESTRATION_ID" -e GITHUB_ACTIONS=true -e CI=true -v "/var/run/docker.sock":"/var/run/docker.sock" -v "/home/runner/work/_temp":"/github/runner_temp" -v "/home/runner/work/_temp/_github_home":"/github/home" -v "/home/runner/work/_temp/_github_workflow":"/github/workflow" -v "/home/runner/work/_temp/_runner_file_commands":"/github/file_commands" -v "/home/runner/work/TRACK2-DAY21-2A202601155-TRANNGUYENTHENHAT/TRACK2-DAY21-2A202601155-TRANNGUYENTHENHAT":"/github/workspace" 4d12ed:9773c92b892f43b5af574867596e77be
Deploy	SSH deploy to VM	2026-08-21T17:06:20.2606494Z ======CMD======
Deploy	SSH deploy to VM	2026-08-21T17:06:20.2606989Z # TODO 7: Restart service mlops-serve tren VM.
Deploy	SSH deploy to VM	2026-08-21T17:06:20.2607453Z # TODO 8: Cho server san sang roi goi curl /health de xac nhan.
Deploy	SSH deploy to VM	2026-08-21T17:06:20.2607958Z #         Neu health check that bai sau nhieu lan thu, thoat voi exit 1.
Deploy	SSH deploy to VM	2026-08-21T17:06:20.2608365Z #
Deploy	SSH deploy to VM	2026-08-21T17:06:20.2608590Z # Goi y:
Deploy	SSH deploy to VM	2026-08-21T17:06:20.2608846Z #   sudo systemctl restart mlops-serve
Deploy	SSH deploy to VM	2026-08-21T17:06:20.2609174Z #   sleep 5
Deploy	SSH deploy to VM	2026-08-21T17:06:20.2610068Z #   curl -sf http://localhost:8000/health && echo "Health check passed." || exit 1
Deploy	SSH deploy to VM	2026-08-21T17:06:20.2610546Z sudo systemctl restart mlops-serve
Deploy	SSH deploy to VM	2026-08-21T17:06:20.2610899Z for i in 1 2 3 4 5 6; do
Deploy	SSH deploy to VM	2026-08-21T17:06:20.2611194Z   sleep 5
Deploy	SSH deploy to VM	2026-08-21T17:06:20.2611525Z   if curl -sf http://localhost:8000/health; then
Deploy	SSH deploy to VM	2026-08-21T17:06:20.2611919Z     echo "Health check passed."
Deploy	SSH deploy to VM	2026-08-21T17:06:20.2612210Z     exit 0
Deploy	SSH deploy to VM	2026-08-21T17:06:20.2612447Z   fi
Deploy	SSH deploy to VM	2026-08-21T17:06:20.2612740Z   echo "Health check lan $i chua san sang, thu lai..."
Deploy	SSH deploy to VM	2026-08-21T17:06:20.2613086Z done
Deploy	SSH deploy to VM	2026-08-21T17:06:20.2613349Z echo "Health check that bai sau nhieu lan thu."
Deploy	SSH deploy to VM	2026-08-21T17:06:20.2613680Z exit 1
Deploy	SSH deploy to VM	2026-08-21T17:06:20.2613810Z 
Deploy	SSH deploy to VM	2026-08-21T17:06:20.2613966Z ======END======
Deploy	SSH deploy to VM	2026-08-21T17:06:27.2492301Z out: Health check lan 1 chua san sang, thu lai...
Deploy	SSH deploy to VM	2026-08-21T17:06:32.2602389Z out: Health check lan 2 chua san sang, thu lai...
Deploy	SSH deploy to VM	2026-08-21T17:06:37.2893487Z out: {"status":"ok"}Health check passed.
Deploy	SSH deploy to VM	2026-08-21T17:06:37.2895192Z ==============================================
Deploy	SSH deploy to VM	2026-08-21T17:06:37.3006955Z ✅ Successfully executed commands to all host.
Deploy	SSH deploy to VM	2026-08-21T17:06:37.3007991Z ==============================================
Deploy	Complete job	﻿2026-08-21T17:06:37.3798941Z Cleaning up orphan processes
