Unit Test	Set up job	﻿2026-08-21T17:00:17.2494594Z Current runner version: '2.336.0'
Unit Test	Set up job	2026-08-21T17:00:17.2532198Z ##[group]Runner Image Provisioner
Unit Test	Set up job	2026-08-21T17:00:17.2533531Z Hosted Compute Agent
Unit Test	Set up job	2026-08-21T17:00:17.2534436Z Version: 20260729.566
Unit Test	Set up job	2026-08-21T17:00:17.2535448Z Commit: cf7153fe6e25b664e8693c24944bf2b00355d109
Unit Test	Set up job	2026-08-21T17:00:17.2536854Z Build Date: 2026-07-29T19:17:02Z
Unit Test	Set up job	2026-08-21T17:00:17.2537907Z Worker ID: {237b99a9-812e-448f-b24d-769facd8e936}
Unit Test	Set up job	2026-08-21T17:00:17.2539089Z Azure Region: eastus2
Unit Test	Set up job	2026-08-21T17:00:17.2539934Z ##[endgroup]
Unit Test	Set up job	2026-08-21T17:00:17.2542544Z ##[group]Operating System
Unit Test	Set up job	2026-08-21T17:00:17.2543640Z Ubuntu
Unit Test	Set up job	2026-08-21T17:00:17.2544411Z 24.04.4
Unit Test	Set up job	2026-08-21T17:00:17.2545258Z LTS
Unit Test	Set up job	2026-08-21T17:00:17.2546234Z ##[endgroup]
Unit Test	Set up job	2026-08-21T17:00:17.2547186Z ##[group]Runner Image
Unit Test	Set up job	2026-08-21T17:00:17.2548188Z Image: ubuntu-24.04
Unit Test	Set up job	2026-08-21T17:00:17.2549030Z Version: 20260816.277.1
Unit Test	Set up job	2026-08-21T17:00:17.2550817Z Included Software: https://github.com/actions/runner-images/blob/ubuntu24/20260816.277/images/ubuntu/Ubuntu2404-Readme.md
Unit Test	Set up job	2026-08-21T17:00:17.2553756Z Image Release: https://github.com/actions/runner-images/releases/tag/ubuntu24%2F20260816.277
Unit Test	Set up job	2026-08-21T17:00:17.2555392Z ##[endgroup]
Unit Test	Set up job	2026-08-21T17:00:17.2557482Z ##[group]GITHUB_TOKEN Permissions
Unit Test	Set up job	2026-08-21T17:00:17.2560560Z Contents: read
Unit Test	Set up job	2026-08-21T17:00:17.2561928Z Metadata: read
Unit Test	Set up job	2026-08-21T17:00:17.2562852Z Packages: read
Unit Test	Set up job	2026-08-21T17:00:17.2563684Z ##[endgroup]
Unit Test	Set up job	2026-08-21T17:00:17.2566902Z Secret source: Actions
Unit Test	Set up job	2026-08-21T17:00:17.2568885Z Prepare workflow directory
Unit Test	Set up job	2026-08-21T17:00:17.3071436Z Prepare all required actions
Unit Test	Set up job	2026-08-21T17:00:17.3139560Z Getting action download info
Unit Test	Set up job	2026-08-21T17:00:17.4986489Z Download action repository 'actions/checkout@v4' (SHA:11d5960a326750d5838078e36cf38b85af677262)
Unit Test	Set up job	2026-08-21T17:00:18.2311219Z Download action repository 'actions/setup-python@v5' (SHA:a26af69be951a213d495a4c3e4e4022e16d87065)
Unit Test	Set up job	2026-08-21T17:00:18.7820161Z Complete job name: Unit Test
Unit Test	Run actions/checkout@v4	﻿2026-08-21T17:00:18.8732817Z Node 20 is being deprecated. This workflow is running with Node 24 by default. If you need to temporarily use Node 20, you can set the ACTIONS_ALLOW_USE_UNSECURE_NODE_VERSION=true environment variable. For more information see: https://github.blog/changelog/2025-09-19-deprecation-of-node-20-on-github-actions-runners/
Unit Test	Run actions/checkout@v4	2026-08-21T17:00:18.8744353Z ##[group]Run actions/checkout@v4
Unit Test	Run actions/checkout@v4	2026-08-21T17:00:18.8745698Z with:
Unit Test	Run actions/checkout@v4	2026-08-21T17:00:18.8747100Z   repository: NhtJm/TRACK2-DAY21-2A202601155-TRANNGUYENTHENHAT
Unit Test	Run actions/checkout@v4	2026-08-21T17:00:18.8756323Z   token: ***
Unit Test	Run actions/checkout@v4	2026-08-21T17:00:18.8757230Z   ssh-strict: true
Unit Test	Run actions/checkout@v4	2026-08-21T17:00:18.8758162Z   ssh-user: git
Unit Test	Run actions/checkout@v4	2026-08-21T17:00:18.8759093Z   persist-credentials: true
Unit Test	Run actions/checkout@v4	2026-08-21T17:00:18.8760109Z   clean: true
Unit Test	Run actions/checkout@v4	2026-08-21T17:00:18.8761044Z   sparse-checkout-cone-mode: true
Unit Test	Run actions/checkout@v4	2026-08-21T17:00:18.8762145Z   fetch-depth: 1
Unit Test	Run actions/checkout@v4	2026-08-21T17:00:18.8763049Z   fetch-tags: false
Unit Test	Run actions/checkout@v4	2026-08-21T17:00:18.8763981Z   show-progress: true
Unit Test	Run actions/checkout@v4	2026-08-21T17:00:18.8764945Z   lfs: false
Unit Test	Run actions/checkout@v4	2026-08-21T17:00:18.8765922Z   submodules: false
Unit Test	Run actions/checkout@v4	2026-08-21T17:00:18.8766946Z   set-safe-directory: true
Unit Test	Run actions/checkout@v4	2026-08-21T17:00:18.8768016Z   allow-unsafe-pr-checkout: false
Unit Test	Run actions/checkout@v4	2026-08-21T17:00:18.8769373Z ##[endgroup]
Unit Test	Run actions/checkout@v4	2026-08-21T17:00:18.9818856Z Syncing repository: NhtJm/TRACK2-DAY21-2A202601155-TRANNGUYENTHENHAT
Unit Test	Run actions/checkout@v4	2026-08-21T17:00:18.9822087Z ##[group]Getting Git version info
Unit Test	Run actions/checkout@v4	2026-08-21T17:00:18.9824416Z Working directory is '/home/runner/work/TRACK2-DAY21-2A202601155-TRANNGUYENTHENHAT/TRACK2-DAY21-2A202601155-TRANNGUYENTHENHAT'
Unit Test	Run actions/checkout@v4	2026-08-21T17:00:18.9827748Z [command]/usr/bin/git version
Unit Test	Run actions/checkout@v4	2026-08-21T17:00:18.9877715Z git version 2.55.0
Unit Test	Run actions/checkout@v4	2026-08-21T17:00:18.9942813Z ##[endgroup]
Unit Test	Run actions/checkout@v4	2026-08-21T17:00:18.9954123Z Temporarily overriding HOME='/home/runner/work/_temp/de9bf37e-bda4-461b-a63a-ead1b0b5fb63' before making global git config changes
Unit Test	Run actions/checkout@v4	2026-08-21T17:00:18.9959043Z Adding repository directory to the temporary git global config as a safe directory
Unit Test	Run actions/checkout@v4	2026-08-21T17:00:18.9964474Z [command]/usr/bin/git config --global --add safe.directory /home/runner/work/TRACK2-DAY21-2A202601155-TRANNGUYENTHENHAT/TRACK2-DAY21-2A202601155-TRANNGUYENTHENHAT
Unit Test	Run actions/checkout@v4	2026-08-21T17:00:19.0008777Z Deleting the contents of '/home/runner/work/TRACK2-DAY21-2A202601155-TRANNGUYENTHENHAT/TRACK2-DAY21-2A202601155-TRANNGUYENTHENHAT'
Unit Test	Run actions/checkout@v4	2026-08-21T17:00:19.0014241Z ##[group]Initializing the repository
Unit Test	Run actions/checkout@v4	2026-08-21T17:00:19.0018280Z [command]/usr/bin/git init /home/runner/work/TRACK2-DAY21-2A202601155-TRANNGUYENTHENHAT/TRACK2-DAY21-2A202601155-TRANNGUYENTHENHAT
Unit Test	Run actions/checkout@v4	2026-08-21T17:00:19.0093545Z hint: Using 'master' as the name for the initial branch. This default branch name
Unit Test	Run actions/checkout@v4	2026-08-21T17:00:19.0096025Z hint: will change to "main" in Git 3.0. To configure the initial branch name
Unit Test	Run actions/checkout@v4	2026-08-21T17:00:19.0098215Z hint: to use in all of your new repositories, which will suppress this warning,
Unit Test	Run actions/checkout@v4	2026-08-21T17:00:19.0100367Z hint: call:
Unit Test	Run actions/checkout@v4	2026-08-21T17:00:19.0101565Z hint:
Unit Test	Run actions/checkout@v4	2026-08-21T17:00:19.0103071Z hint: 	git config --global init.defaultBranch <name>
Unit Test	Run actions/checkout@v4	2026-08-21T17:00:19.0104874Z hint:
Unit Test	Run actions/checkout@v4	2026-08-21T17:00:19.0106807Z hint: Names commonly chosen instead of 'master' are 'main', 'trunk' and
Unit Test	Run actions/checkout@v4	2026-08-21T17:00:19.0109804Z hint: 'development'. The just-created branch can be renamed via this command:
Unit Test	Run actions/checkout@v4	2026-08-21T17:00:19.0112109Z hint:
Unit Test	Run actions/checkout@v4	2026-08-21T17:00:19.0113321Z hint: 	git branch -m <name>
Unit Test	Run actions/checkout@v4	2026-08-21T17:00:19.0114753Z hint:
Unit Test	Run actions/checkout@v4	2026-08-21T17:00:19.0117286Z hint: Disable this message with "git config set advice.defaultBranchName false"
Unit Test	Run actions/checkout@v4	2026-08-21T17:00:19.0120491Z Initialized empty Git repository in /home/runner/work/TRACK2-DAY21-2A202601155-TRANNGUYENTHENHAT/TRACK2-DAY21-2A202601155-TRANNGUYENTHENHAT/.git/
Unit Test	Run actions/checkout@v4	2026-08-21T17:00:19.0125227Z [command]/usr/bin/git remote add origin https://github.com/NhtJm/TRACK2-DAY21-2A202601155-TRANNGUYENTHENHAT
Unit Test	Run actions/checkout@v4	2026-08-21T17:00:19.0177510Z ##[endgroup]
Unit Test	Run actions/checkout@v4	2026-08-21T17:00:19.0180020Z ##[group]Disabling automatic garbage collection
Unit Test	Run actions/checkout@v4	2026-08-21T17:00:19.0182652Z [command]/usr/bin/git config --local gc.auto 0
Unit Test	Run actions/checkout@v4	2026-08-21T17:00:19.0217853Z ##[endgroup]
Unit Test	Run actions/checkout@v4	2026-08-21T17:00:19.0220261Z ##[group]Setting up auth
Unit Test	Run actions/checkout@v4	2026-08-21T17:00:19.0226892Z [command]/usr/bin/git config --local --name-only --get-regexp core\.sshCommand
Unit Test	Run actions/checkout@v4	2026-08-21T17:00:19.0276099Z [command]/usr/bin/git submodule foreach --recursive sh -c "git config --local --name-only --get-regexp 'core\.sshCommand' && git config --local --unset-all 'core.sshCommand' || :"
Unit Test	Run actions/checkout@v4	2026-08-21T17:00:19.0635145Z [command]/usr/bin/git config --local --name-only --get-regexp http\.https\:\/\/github\.com\/\.extraheader
Unit Test	Run actions/checkout@v4	2026-08-21T17:00:19.0681137Z [command]/usr/bin/git submodule foreach --recursive sh -c "git config --local --name-only --get-regexp 'http\.https\:\/\/github\.com\/\.extraheader' && git config --local --unset-all 'http.https://github.com/.extraheader' || :"
Unit Test	Run actions/checkout@v4	2026-08-21T17:00:19.0947417Z [command]/usr/bin/git config --local --name-only --get-regexp ^includeIf\.gitdir:
Unit Test	Run actions/checkout@v4	2026-08-21T17:00:19.0986729Z [command]/usr/bin/git submodule foreach --recursive git config --local --show-origin --name-only --get-regexp remote.origin.url
Unit Test	Run actions/checkout@v4	2026-08-21T17:00:19.1234332Z [command]/usr/bin/git config --local http.https://github.com/.extraheader AUTHORIZATION: basic ***
Unit Test	Run actions/checkout@v4	2026-08-21T17:00:19.1277129Z ##[endgroup]
Unit Test	Run actions/checkout@v4	2026-08-21T17:00:19.1278729Z ##[group]Fetching the repository
Unit Test	Run actions/checkout@v4	2026-08-21T17:00:19.1288045Z [command]/usr/bin/git -c protocol.version=2 fetch --no-tags --prune --no-recurse-submodules --depth=1 origin +cc08d97e8cb3fdc1baf54e62668c02a9d4e94964:refs/remotes/origin/main
Unit Test	Run actions/checkout@v4	2026-08-21T17:00:20.2857907Z From https://github.com/NhtJm/TRACK2-DAY21-2A202601155-TRANNGUYENTHENHAT
Unit Test	Run actions/checkout@v4	2026-08-21T17:00:20.2860509Z  * [new ref]         cc08d97e8cb3fdc1baf54e62668c02a9d4e94964 -> origin/main
Unit Test	Run actions/checkout@v4	2026-08-21T17:00:20.2863383Z ##[endgroup]
Unit Test	Run actions/checkout@v4	2026-08-21T17:00:20.2864148Z ##[group]Determining the checkout info
Unit Test	Run actions/checkout@v4	2026-08-21T17:00:20.2865137Z ##[endgroup]
Unit Test	Run actions/checkout@v4	2026-08-21T17:00:20.2871468Z [command]/usr/bin/git sparse-checkout disable
Unit Test	Run actions/checkout@v4	2026-08-21T17:00:20.2925351Z [command]/usr/bin/git config --local --unset-all extensions.worktreeConfig
Unit Test	Run actions/checkout@v4	2026-08-21T17:00:20.2959907Z ##[group]Checking out the ref
Unit Test	Run actions/checkout@v4	2026-08-21T17:00:20.2964230Z [command]/usr/bin/git checkout --progress --force -B main refs/remotes/origin/main
Unit Test	Run actions/checkout@v4	2026-08-21T17:00:20.3851242Z Switched to a new branch 'main'
Unit Test	Run actions/checkout@v4	2026-08-21T17:00:20.3853795Z branch 'main' set up to track 'origin/main'.
Unit Test	Run actions/checkout@v4	2026-08-21T17:00:20.3861167Z ##[endgroup]
Unit Test	Run actions/checkout@v4	2026-08-21T17:00:20.3912405Z [command]/usr/bin/git log -1 --format=%H
Unit Test	Run actions/checkout@v4	2026-08-21T17:00:20.3942366Z cc08d97e8cb3fdc1baf54e62668c02a9d4e94964
Unit Test	Run actions/setup-python@v5	﻿2026-08-21T17:00:20.4226660Z Node 20 is being deprecated. This workflow is running with Node 24 by default. If you need to temporarily use Node 20, you can set the ACTIONS_ALLOW_USE_UNSECURE_NODE_VERSION=true environment variable. For more information see: https://github.blog/changelog/2025-09-19-deprecation-of-node-20-on-github-actions-runners/
Unit Test	Run actions/setup-python@v5	2026-08-21T17:00:20.4228589Z ##[group]Run actions/setup-python@v5
Unit Test	Run actions/setup-python@v5	2026-08-21T17:00:20.4228927Z with:
Unit Test	Run actions/setup-python@v5	2026-08-21T17:00:20.4229198Z   python-version: 3.10
Unit Test	Run actions/setup-python@v5	2026-08-21T17:00:20.4229495Z   check-latest: false
Unit Test	Run actions/setup-python@v5	2026-08-21T17:00:20.4232047Z   token: ***
Unit Test	Run actions/setup-python@v5	2026-08-21T17:00:20.4232326Z   update-environment: true
Unit Test	Run actions/setup-python@v5	2026-08-21T17:00:20.4232643Z   allow-prereleases: false
Unit Test	Run actions/setup-python@v5	2026-08-21T17:00:20.4232960Z   freethreaded: false
Unit Test	Run actions/setup-python@v5	2026-08-21T17:00:20.4233238Z ##[endgroup]
Unit Test	Run actions/setup-python@v5	2026-08-21T17:00:20.5572191Z ##[group]Installed versions
Unit Test	Run actions/setup-python@v5	2026-08-21T17:00:20.5656372Z (node:2176) [DEP0040] DeprecationWarning: The `punycode` module is deprecated. Please use a userland alternative instead.
Unit Test	Run actions/setup-python@v5	2026-08-21T17:00:20.5657553Z (Use `node --trace-deprecation ...` to show where the warning was created)
Unit Test	Run actions/setup-python@v5	2026-08-21T17:00:20.5658487Z Successfully set up CPython (3.10.21)
Unit Test	Run actions/setup-python@v5	2026-08-21T17:00:20.5659153Z ##[endgroup]
Unit Test	Install dependencies	﻿2026-08-21T17:00:20.5838853Z ##[group]Run pip install -r requirements.txt
Unit Test	Install dependencies	2026-08-21T17:00:20.5839455Z ^[[36;1mpip install -r requirements.txt^[[0m
Unit Test	Install dependencies	2026-08-21T17:00:20.5963363Z shell: /usr/bin/bash -e {0}
Unit Test	Install dependencies	2026-08-21T17:00:20.5964147Z env:
Unit Test	Install dependencies	2026-08-21T17:00:20.5964771Z   pythonLocation: /opt/hostedtoolcache/Python/3.10.21/x64
Unit Test	Install dependencies	2026-08-21T17:00:20.5966446Z   PKG_CONFIG_PATH: /opt/hostedtoolcache/Python/3.10.21/x64/lib/pkgconfig
Unit Test	Install dependencies	2026-08-21T17:00:20.5967661Z   Python_ROOT_DIR: /opt/hostedtoolcache/Python/3.10.21/x64
Unit Test	Install dependencies	2026-08-21T17:00:20.5968662Z   Python2_ROOT_DIR: /opt/hostedtoolcache/Python/3.10.21/x64
Unit Test	Install dependencies	2026-08-21T17:00:20.5969503Z   Python3_ROOT_DIR: /opt/hostedtoolcache/Python/3.10.21/x64
Unit Test	Install dependencies	2026-08-21T17:00:20.5970389Z   LD_LIBRARY_PATH: /opt/hostedtoolcache/Python/3.10.21/x64/lib
Unit Test	Install dependencies	2026-08-21T17:00:20.5971258Z ##[endgroup]
Unit Test	Install dependencies	2026-08-21T17:00:23.0978944Z Collecting mlflow==2.13.0 (from -r requirements.txt (line 1))
Unit Test	Install dependencies	2026-08-21T17:00:23.1569339Z   Downloading mlflow-2.13.0-py3-none-any.whl.metadata (29 kB)
Unit Test	Install dependencies	2026-08-21T17:00:23.2719471Z Collecting scikit-learn==1.4.2 (from -r requirements.txt (line 2))
Unit Test	Install dependencies	2026-08-21T17:00:23.2820846Z   Downloading scikit_learn-1.4.2-cp310-cp310-manylinux_2_17_x86_64.manylinux2014_x86_64.whl.metadata (11 kB)
Unit Test	Install dependencies	2026-08-21T17:00:23.4182496Z Collecting pandas==2.2.2 (from -r requirements.txt (line 3))
Unit Test	Install dependencies	2026-08-21T17:00:23.4279631Z   Downloading pandas-2.2.2-cp310-cp310-manylinux_2_17_x86_64.manylinux2014_x86_64.whl.metadata (19 kB)
Unit Test	Install dependencies	2026-08-21T17:00:23.5183286Z Collecting dvc==3.50.1 (from dvc[gs]==3.50.1->-r requirements.txt (line 4))
Unit Test	Install dependencies	2026-08-21T17:00:23.5274305Z   Downloading dvc-3.50.1-py3-none-any.whl.metadata (17 kB)
Unit Test	Install dependencies	2026-08-21T17:00:23.5564820Z Collecting pathspec==0.11.2 (from -r requirements.txt (line 5))
Unit Test	Install dependencies	2026-08-21T17:00:23.5658166Z   Downloading pathspec-0.11.2-py3-none-any.whl.metadata (19 kB)
Unit Test	Install dependencies	2026-08-21T17:00:23.5977308Z Collecting pytest==8.2.0 (from -r requirements.txt (line 6))
Unit Test	Install dependencies	2026-08-21T17:00:23.6073231Z   Downloading pytest-8.2.0-py3-none-any.whl.metadata (7.5 kB)
Unit Test	Install dependencies	2026-08-21T17:00:23.6540754Z Collecting fastapi==0.111.0 (from -r requirements.txt (line 7))
Unit Test	Install dependencies	2026-08-21T17:00:23.6620635Z   Downloading fastapi-0.111.0-py3-none-any.whl.metadata (25 kB)
Unit Test	Install dependencies	2026-08-21T17:00:23.6940934Z Collecting uvicorn==0.29.0 (from -r requirements.txt (line 8))
Unit Test	Install dependencies	2026-08-21T17:00:23.7017989Z   Downloading uvicorn-0.29.0-py3-none-any.whl.metadata (6.3 kB)
Unit Test	Install dependencies	2026-08-21T17:00:23.7261270Z Collecting joblib==1.4.2 (from -r requirements.txt (line 9))
Unit Test	Install dependencies	2026-08-21T17:00:23.7374393Z   Downloading joblib-1.4.2-py3-none-any.whl.metadata (5.4 kB)
Unit Test	Install dependencies	2026-08-21T17:00:23.7638352Z Collecting google-cloud-storage==2.16.0 (from -r requirements.txt (line 10))
Unit Test	Install dependencies	2026-08-21T17:00:23.7716892Z   Downloading google_cloud_storage-2.16.0-py2.py3-none-any.whl.metadata (6.1 kB)
Unit Test	Install dependencies	2026-08-21T17:00:23.8332088Z Collecting pyyaml==6.0.1 (from -r requirements.txt (line 11))
Unit Test	Install dependencies	2026-08-21T17:00:23.8424884Z   Downloading PyYAML-6.0.1-cp310-cp310-manylinux_2_17_x86_64.manylinux2014_x86_64.whl.metadata (2.1 kB)
Unit Test	Install dependencies	2026-08-21T17:00:23.8651566Z Collecting Flask<4 (from mlflow==2.13.0->-r requirements.txt (line 1))
Unit Test	Install dependencies	2026-08-21T17:00:23.8733962Z   Downloading flask-3.1.3-py3-none-any.whl.metadata (3.2 kB)
Unit Test	Install dependencies	2026-08-21T17:00:23.9032904Z Collecting alembic!=1.10.0,<2 (from mlflow==2.13.0->-r requirements.txt (line 1))
Unit Test	Install dependencies	2026-08-21T17:00:23.9111524Z   Downloading alembic-1.19.1-py3-none-any.whl.metadata (7.3 kB)
Unit Test	Install dependencies	2026-08-21T17:00:23.9339630Z Collecting cachetools<6,>=5.0.0 (from mlflow==2.13.0->-r requirements.txt (line 1))
Unit Test	Install dependencies	2026-08-21T17:00:23.9426197Z   Downloading cachetools-5.5.2-py3-none-any.whl.metadata (5.4 kB)
Unit Test	Install dependencies	2026-08-21T17:00:23.9643877Z Collecting click<9,>=7.0 (from mlflow==2.13.0->-r requirements.txt (line 1))
Unit Test	Install dependencies	2026-08-21T17:00:23.9722503Z   Downloading click-8.4.2-py3-none-any.whl.metadata (2.6 kB)
Unit Test	Install dependencies	2026-08-21T17:00:23.9927216Z Collecting cloudpickle<4 (from mlflow==2.13.0->-r requirements.txt (line 1))
Unit Test	Install dependencies	2026-08-21T17:00:24.0011403Z   Downloading cloudpickle-3.1.2-py3-none-any.whl.metadata (7.1 kB)
Unit Test	Install dependencies	2026-08-21T17:00:24.0232660Z Collecting docker<8,>=4.0.0 (from mlflow==2.13.0->-r requirements.txt (line 1))
Unit Test	Install dependencies	2026-08-21T17:00:24.0309632Z   Downloading docker-7.2.0-py3-none-any.whl.metadata (3.8 kB)
Unit Test	Install dependencies	2026-08-21T17:00:24.0475003Z Collecting entrypoints<1 (from mlflow==2.13.0->-r requirements.txt (line 1))
Unit Test	Install dependencies	2026-08-21T17:00:24.0549123Z   Downloading entrypoints-0.4-py3-none-any.whl.metadata (2.6 kB)
Unit Test	Install dependencies	2026-08-21T17:00:24.0819177Z Collecting gitpython<4,>=3.1.9 (from mlflow==2.13.0->-r requirements.txt (line 1))
Unit Test	Install dependencies	2026-08-21T17:00:24.0894034Z   Downloading gitpython-3.1.59-py3-none-any.whl.metadata (13 kB)
Unit Test	Install dependencies	2026-08-21T17:00:24.1151538Z Collecting graphene<4 (from mlflow==2.13.0->-r requirements.txt (line 1))
Unit Test	Install dependencies	2026-08-21T17:00:24.1230870Z   Downloading graphene-3.4.3-py2.py3-none-any.whl.metadata (6.9 kB)
Unit Test	Install dependencies	2026-08-21T17:00:24.1571091Z Collecting importlib-metadata!=4.7.0,<8,>=3.7.0 (from mlflow==2.13.0->-r requirements.txt (line 1))
Unit Test	Install dependencies	2026-08-21T17:00:24.1650335Z   Downloading importlib_metadata-7.2.1-py3-none-any.whl.metadata (4.6 kB)
Unit Test	Install dependencies	2026-08-21T17:00:24.1895927Z Collecting markdown<4,>=3.3 (from mlflow==2.13.0->-r requirements.txt (line 1))
Unit Test	Install dependencies	2026-08-21T17:00:24.1979363Z   Downloading markdown-3.10.3-py3-none-any.whl.metadata (5.1 kB)
Unit Test	Install dependencies	2026-08-21T17:00:24.3601629Z Collecting matplotlib<4 (from mlflow==2.13.0->-r requirements.txt (line 1))
Unit Test	Install dependencies	2026-08-21T17:00:24.3688173Z   Downloading matplotlib-3.10.9-cp310-cp310-manylinux2014_x86_64.manylinux_2_17_x86_64.whl.metadata (52 kB)
Unit Test	Install dependencies	2026-08-21T17:00:24.6277882Z Collecting numpy<2 (from mlflow==2.13.0->-r requirements.txt (line 1))
Unit Test	Install dependencies	2026-08-21T17:00:24.6354308Z   Downloading numpy-1.26.4-cp310-cp310-manylinux_2_17_x86_64.manylinux2014_x86_64.whl.metadata (61 kB)
Unit Test	Install dependencies	2026-08-21T17:00:24.6809042Z Collecting opentelemetry-api<3,>=1.0.0 (from mlflow==2.13.0->-r requirements.txt (line 1))
Unit Test	Install dependencies	2026-08-21T17:00:24.6886755Z   Downloading opentelemetry_api-1.44.0-py3-none-any.whl.metadata (1.4 kB)
Unit Test	Install dependencies	2026-08-21T17:00:24.7147346Z Collecting opentelemetry-sdk<3,>=1.0.0 (from mlflow==2.13.0->-r requirements.txt (line 1))
Unit Test	Install dependencies	2026-08-21T17:00:24.7226113Z   Downloading opentelemetry_sdk-1.44.0-py3-none-any.whl.metadata (1.6 kB)
Unit Test	Install dependencies	2026-08-21T17:00:24.7463357Z Collecting packaging<25 (from mlflow==2.13.0->-r requirements.txt (line 1))
Unit Test	Install dependencies	2026-08-21T17:00:24.7539030Z   Downloading packaging-24.2-py3-none-any.whl.metadata (3.2 kB)
Unit Test	Install dependencies	2026-08-21T17:00:24.9222350Z Collecting protobuf<5,>=3.12.0 (from mlflow==2.13.0->-r requirements.txt (line 1))
Unit Test	Install dependencies	2026-08-21T17:00:24.9302180Z   Downloading protobuf-4.25.9-cp37-abi3-manylinux2014_x86_64.whl.metadata (541 bytes)
Unit Test	Install dependencies	2026-08-21T17:00:25.0244640Z Collecting pyarrow<16,>=4.0.0 (from mlflow==2.13.0->-r requirements.txt (line 1))
Unit Test	Install dependencies	2026-08-21T17:00:25.0339704Z   Downloading pyarrow-15.0.2-cp310-cp310-manylinux_2_28_x86_64.whl.metadata (3.0 kB)
Unit Test	Install dependencies	2026-08-21T17:00:25.0772693Z Collecting pytz<2025 (from mlflow==2.13.0->-r requirements.txt (line 1))
Unit Test	Install dependencies	2026-08-21T17:00:25.0850862Z   Downloading pytz-2024.2-py2.py3-none-any.whl.metadata (22 kB)
Unit Test	Install dependencies	2026-08-21T17:00:25.1009098Z Collecting querystring-parser<2 (from mlflow==2.13.0->-r requirements.txt (line 1))
Unit Test	Install dependencies	2026-08-21T17:00:25.1083378Z   Downloading querystring_parser-1.2.4-py2.py3-none-any.whl.metadata (559 bytes)
Unit Test	Install dependencies	2026-08-21T17:00:25.1358171Z Collecting requests<3,>=2.17.3 (from mlflow==2.13.0->-r requirements.txt (line 1))
Unit Test	Install dependencies	2026-08-21T17:00:25.1435493Z   Downloading requests-2.34.2-py3-none-any.whl.metadata (4.8 kB)
Unit Test	Install dependencies	2026-08-21T17:00:25.3167125Z Collecting scipy<2 (from mlflow==2.13.0->-r requirements.txt (line 1))
Unit Test	Install dependencies	2026-08-21T17:00:25.3249295Z   Downloading scipy-1.15.3-cp310-cp310-manylinux_2_17_x86_64.manylinux2014_x86_64.whl.metadata (61 kB)
Unit Test	Install dependencies	2026-08-21T17:00:25.6347668Z Collecting sqlalchemy<3,>=1.4.0 (from mlflow==2.13.0->-r requirements.txt (line 1))
Unit Test	Install dependencies	2026-08-21T17:00:25.6427879Z   Downloading sqlalchemy-2.0.52-cp310-cp310-manylinux2014_x86_64.manylinux_2_17_x86_64.manylinux_2_28_x86_64.whl.metadata (9.6 kB)
Unit Test	Install dependencies	2026-08-21T17:00:25.6681357Z Collecting sqlparse<1,>=0.4.0 (from mlflow==2.13.0->-r requirements.txt (line 1))
Unit Test	Install dependencies	2026-08-21T17:00:25.6755666Z   Downloading sqlparse-0.6.0-py3-none-any.whl.metadata (6.0 kB)
Unit Test	Install dependencies	2026-08-21T17:00:25.6955060Z Collecting Jinja2<4,>=2.11 (from mlflow==2.13.0->-r requirements.txt (line 1))
Unit Test	Install dependencies	2026-08-21T17:00:25.7034777Z   Downloading jinja2-3.1.6-py3-none-any.whl.metadata (2.9 kB)
Unit Test	Install dependencies	2026-08-21T17:00:25.7265292Z Collecting gunicorn<23 (from mlflow==2.13.0->-r requirements.txt (line 1))
Unit Test	Install dependencies	2026-08-21T17:00:25.7343939Z   Downloading gunicorn-22.0.0-py3-none-any.whl.metadata (4.4 kB)
Unit Test	Install dependencies	2026-08-21T17:00:25.7625577Z Collecting threadpoolctl>=2.0.0 (from scikit-learn==1.4.2->-r requirements.txt (line 2))
Unit Test	Install dependencies	2026-08-21T17:00:25.7704296Z   Downloading threadpoolctl-3.6.0-py3-none-any.whl.metadata (13 kB)
Unit Test	Install dependencies	2026-08-21T17:00:25.7922636Z Collecting python-dateutil>=2.8.2 (from pandas==2.2.2->-r requirements.txt (line 3))
Unit Test	Install dependencies	2026-08-21T17:00:25.7998280Z   Downloading python_dateutil-2.9.0.post0-py2.py3-none-any.whl.metadata (8.4 kB)
Unit Test	Install dependencies	2026-08-21T17:00:25.8210772Z Collecting tzdata>=2022.7 (from pandas==2.2.2->-r requirements.txt (line 3))
Unit Test	Install dependencies	2026-08-21T17:00:25.8286633Z   Downloading tzdata-2026.3-py2.py3-none-any.whl.metadata (1.4 kB)
Unit Test	Install dependencies	2026-08-21T17:00:25.8469421Z Collecting attrs>=22.2.0 (from dvc==3.50.1->dvc[gs]==3.50.1->-r requirements.txt (line 4))
Unit Test	Install dependencies	2026-08-21T17:00:25.8545937Z   Downloading attrs-26.1.0-py3-none-any.whl.metadata (8.8 kB)
Unit Test	Install dependencies	2026-08-21T17:00:25.8901418Z Collecting celery (from dvc==3.50.1->dvc[gs]==3.50.1->-r requirements.txt (line 4))
Unit Test	Install dependencies	2026-08-21T17:00:25.8979417Z   Downloading celery-5.6.3-py3-none-any.whl.metadata (23 kB)
Unit Test	Install dependencies	2026-08-21T17:00:25.9361622Z Collecting colorama>=0.3.9 (from dvc==3.50.1->dvc[gs]==3.50.1->-r requirements.txt (line 4))
Unit Test	Install dependencies	2026-08-21T17:00:25.9440256Z   Downloading colorama-0.4.6-py2.py3-none-any.whl.metadata (17 kB)
Unit Test	Install dependencies	2026-08-21T17:00:25.9992294Z Collecting configobj>=5.0.6 (from dvc==3.50.1->dvc[gs]==3.50.1->-r requirements.txt (line 4))
Unit Test	Install dependencies	2026-08-21T17:00:26.0087714Z   Downloading configobj-5.0.9-py2.py3-none-any.whl.metadata (3.2 kB)
Unit Test	Install dependencies	2026-08-21T17:00:26.0242343Z Collecting distro>=1.3 (from dvc==3.50.1->dvc[gs]==3.50.1->-r requirements.txt (line 4))
Unit Test	Install dependencies	2026-08-21T17:00:26.0317090Z   Downloading distro-1.9.0-py3-none-any.whl.metadata (6.8 kB)
Unit Test	Install dependencies	2026-08-21T17:00:26.0491271Z Collecting dpath<3,>=2.1.0 (from dvc==3.50.1->dvc[gs]==3.50.1->-r requirements.txt (line 4))
Unit Test	Install dependencies	2026-08-21T17:00:26.0580259Z   Downloading dpath-2.2.0-py3-none-any.whl.metadata (15 kB)
Unit Test	Install dependencies	2026-08-21T17:00:26.2207968Z Collecting dulwich (from dvc==3.50.1->dvc[gs]==3.50.1->-r requirements.txt (line 4))
Unit Test	Install dependencies	2026-08-21T17:00:26.2289977Z   Downloading dulwich-1.2.12-cp310-cp310-manylinux_2_28_x86_64.whl.metadata (6.0 kB)
Unit Test	Install dependencies	2026-08-21T17:00:26.2769757Z Collecting dvc-data<3.16,>=3.15 (from dvc==3.50.1->dvc[gs]==3.50.1->-r requirements.txt (line 4))
Unit Test	Install dependencies	2026-08-21T17:00:26.2869148Z   Downloading dvc_data-3.15.2-py3-none-any.whl.metadata (5.0 kB)
Unit Test	Install dependencies	2026-08-21T17:00:26.3041961Z Collecting dvc-http>=2.29.0 (from dvc==3.50.1->dvc[gs]==3.50.1->-r requirements.txt (line 4))
Unit Test	Install dependencies	2026-08-21T17:00:26.3191482Z   Downloading dvc_http-2.32.0-py3-none-any.whl.metadata (1.3 kB)
Unit Test	Install dependencies	2026-08-21T17:00:26.3505100Z Collecting dvc-objects (from dvc==3.50.1->dvc[gs]==3.50.1->-r requirements.txt (line 4))
Unit Test	Install dependencies	2026-08-21T17:00:26.3599242Z   Downloading dvc_objects-5.2.0-py3-none-any.whl.metadata (3.9 kB)
Unit Test	Install dependencies	2026-08-21T17:00:26.3791358Z Collecting dvc-render<2,>=1.0.1 (from dvc==3.50.1->dvc[gs]==3.50.1->-r requirements.txt (line 4))
Unit Test	Install dependencies	2026-08-21T17:00:26.3878878Z   Downloading dvc_render-1.0.2-py3-none-any.whl.metadata (5.4 kB)
Unit Test	Install dependencies	2026-08-21T17:00:26.4066838Z Collecting dvc-studio-client<1,>=0.20 (from dvc==3.50.1->dvc[gs]==3.50.1->-r requirements.txt (line 4))
Unit Test	Install dependencies	2026-08-21T17:00:26.4170301Z   Downloading dvc_studio_client-0.23.0-py3-none-any.whl.metadata (4.4 kB)
Unit Test	Install dependencies	2026-08-21T17:00:26.4344888Z Collecting dvc-task<1,>=0.3.0 (from dvc==3.50.1->dvc[gs]==3.50.1->-r requirements.txt (line 4))
Unit Test	Install dependencies	2026-08-21T17:00:26.4429473Z   Downloading dvc_task-0.40.2-py3-none-any.whl.metadata (10.0 kB)
Unit Test	Install dependencies	2026-08-21T17:00:26.4610902Z Collecting flatten-dict<1,>=0.4.1 (from dvc==3.50.1->dvc[gs]==3.50.1->-r requirements.txt (line 4))
Unit Test	Install dependencies	2026-08-21T17:00:26.4699289Z   Downloading flatten_dict-0.5.0-py3-none-any.whl.metadata (8.9 kB)
Unit Test	Install dependencies	2026-08-21T17:00:26.4857304Z Collecting flufl.lock<8,>=5 (from dvc==3.50.1->dvc[gs]==3.50.1->-r requirements.txt (line 4))
Unit Test	Install dependencies	2026-08-21T17:00:26.4936559Z   Downloading flufl.lock-7.1.1-py3-none-any.whl.metadata (3.3 kB)
Unit Test	Install dependencies	2026-08-21T17:00:26.5186444Z Collecting fsspec (from dvc==3.50.1->dvc[gs]==3.50.1->-r requirements.txt (line 4))
Unit Test	Install dependencies	2026-08-21T17:00:26.5261317Z   Downloading fsspec-2026.7.0-py3-none-any.whl.metadata (10 kB)
Unit Test	Install dependencies	2026-08-21T17:00:26.5681988Z Collecting funcy>=1.14 (from dvc==3.50.1->dvc[gs]==3.50.1->-r requirements.txt (line 4))
Unit Test	Install dependencies	2026-08-21T17:00:26.5769602Z   Downloading funcy-2.0-py2.py3-none-any.whl.metadata (5.9 kB)
Unit Test	Install dependencies	2026-08-21T17:00:26.5906077Z Collecting grandalf<1,>=0.7 (from dvc==3.50.1->dvc[gs]==3.50.1->-r requirements.txt (line 4))
Unit Test	Install dependencies	2026-08-21T17:00:26.5989685Z   Downloading grandalf-0.8-py3-none-any.whl.metadata (1.7 kB)
Unit Test	Install dependencies	2026-08-21T17:00:26.6186310Z Collecting gto<2,>=1.6.0 (from dvc==3.50.1->dvc[gs]==3.50.1->-r requirements.txt (line 4))
Unit Test	Install dependencies	2026-08-21T17:00:26.6273223Z   Downloading gto-1.10.1-py3-none-any.whl.metadata (4.8 kB)
Unit Test	Install dependencies	2026-08-21T17:00:26.6498780Z Collecting hydra-core>=1.1 (from dvc==3.50.1->dvc[gs]==3.50.1->-r requirements.txt (line 4))
Unit Test	Install dependencies	2026-08-21T17:00:26.6583070Z   Downloading hydra_core-1.3.5-py3-none-any.whl.metadata (5.7 kB)
Unit Test	Install dependencies	2026-08-21T17:00:26.6730592Z Collecting iterative-telemetry>=0.0.7 (from dvc==3.50.1->dvc[gs]==3.50.1->-r requirements.txt (line 4))
Unit Test	Install dependencies	2026-08-21T17:00:26.6819643Z   Downloading iterative_telemetry-0.0.10-py3-none-any.whl.metadata (4.1 kB)
Unit Test	Install dependencies	2026-08-21T17:00:26.7160741Z Collecting kombu (from dvc==3.50.1->dvc[gs]==3.50.1->-r requirements.txt (line 4))
Unit Test	Install dependencies	2026-08-21T17:00:26.7238496Z   Downloading kombu-5.6.2-py3-none-any.whl.metadata (3.5 kB)
Unit Test	Install dependencies	2026-08-21T17:00:26.7572075Z Collecting networkx>=2.5 (from dvc==3.50.1->dvc[gs]==3.50.1->-r requirements.txt (line 4))
Unit Test	Install dependencies	2026-08-21T17:00:26.7650752Z   Downloading networkx-3.4.2-py3-none-any.whl.metadata (6.3 kB)
Unit Test	Install dependencies	2026-08-21T17:00:26.8014784Z Collecting omegaconf (from dvc==3.50.1->dvc[gs]==3.50.1->-r requirements.txt (line 4))
Unit Test	Install dependencies	2026-08-21T17:00:26.8097967Z   Downloading omegaconf-2.3.1-py3-none-any.whl.metadata (4.5 kB)
Unit Test	Install dependencies	2026-08-21T17:00:26.8364537Z Collecting platformdirs<4,>=3.1.1 (from dvc==3.50.1->dvc[gs]==3.50.1->-r requirements.txt (line 4))
Unit Test	Install dependencies	2026-08-21T17:00:26.8442350Z   Downloading platformdirs-3.11.0-py3-none-any.whl.metadata (11 kB)
Unit Test	Install dependencies	2026-08-21T17:00:26.9215105Z Collecting psutil>=5.8 (from dvc==3.50.1->dvc[gs]==3.50.1->-r requirements.txt (line 4))
Unit Test	Install dependencies	2026-08-21T17:00:26.9299284Z   Downloading psutil-7.2.2-cp36-abi3-manylinux2010_x86_64.manylinux_2_12_x86_64.manylinux_2_28_x86_64.whl.metadata (22 kB)
Unit Test	Install dependencies	2026-08-21T17:00:26.9508106Z Collecting pydot>=1.2.4 (from dvc==3.50.1->dvc[gs]==3.50.1->-r requirements.txt (line 4))
Unit Test	Install dependencies	2026-08-21T17:00:26.9602142Z   Downloading pydot-4.0.1-py3-none-any.whl.metadata (11 kB)
Unit Test	Install dependencies	2026-08-21T17:00:26.9773206Z Collecting pygtrie>=2.3.2 (from dvc==3.50.1->dvc[gs]==3.50.1->-r requirements.txt (line 4))
Unit Test	Install dependencies	2026-08-21T17:00:26.9850358Z   Downloading pygtrie-2.5.0-py3-none-any.whl.metadata (7.5 kB)
Unit Test	Install dependencies	2026-08-21T17:00:27.0713712Z Collecting pyparsing>=2.4.7 (from dvc==3.50.1->dvc[gs]==3.50.1->-r requirements.txt (line 4))
Unit Test	Install dependencies	2026-08-21T17:00:27.0794561Z   Downloading pyparsing-3.3.2-py3-none-any.whl.metadata (5.8 kB)
Unit Test	Install dependencies	2026-08-21T17:00:27.1203602Z Collecting rich>=12 (from dvc==3.50.1->dvc[gs]==3.50.1->-r requirements.txt (line 4))
Unit Test	Install dependencies	2026-08-21T17:00:27.1279857Z   Downloading rich-15.0.0-py3-none-any.whl.metadata (18 kB)
Unit Test	Install dependencies	2026-08-21T17:00:27.2593818Z Collecting ruamel.yaml>=0.17.11 (from dvc==3.50.1->dvc[gs]==3.50.1->-r requirements.txt (line 4))
Unit Test	Install dependencies	2026-08-21T17:00:27.2673278Z   Downloading ruamel_yaml-0.19.1-py3-none-any.whl.metadata (16 kB)
Unit Test	Install dependencies	2026-08-21T17:00:27.2951064Z Collecting scmrepo<4,>=3.3.2 (from dvc==3.50.1->dvc[gs]==3.50.1->-r requirements.txt (line 4))
Unit Test	Install dependencies	2026-08-21T17:00:27.3133102Z   Downloading scmrepo-3.6.2-py3-none-any.whl.metadata (4.8 kB)
Unit Test	Install dependencies	2026-08-21T17:00:27.3339160Z Collecting shortuuid>=0.5 (from dvc==3.50.1->dvc[gs]==3.50.1->-r requirements.txt (line 4))
Unit Test	Install dependencies	2026-08-21T17:00:27.3416907Z   Downloading shortuuid-1.0.13-py3-none-any.whl.metadata (5.8 kB)
Unit Test	Install dependencies	2026-08-21T17:00:27.3635024Z Collecting shtab<2,>=1.3.4 (from dvc==3.50.1->dvc[gs]==3.50.1->-r requirements.txt (line 4))
Unit Test	Install dependencies	2026-08-21T17:00:27.3729033Z   Downloading shtab-1.11.0-py3-none-any.whl.metadata (7.5 kB)
Unit Test	Install dependencies	2026-08-21T17:00:27.3893352Z Collecting tabulate>=0.8.7 (from dvc==3.50.1->dvc[gs]==3.50.1->-r requirements.txt (line 4))
Unit Test	Install dependencies	2026-08-21T17:00:27.3974473Z   Downloading tabulate-0.10.0-py3-none-any.whl.metadata (40 kB)
Unit Test	Install dependencies	2026-08-21T17:00:27.4203288Z Collecting tomlkit>=0.11.1 (from dvc==3.50.1->dvc[gs]==3.50.1->-r requirements.txt (line 4))
Unit Test	Install dependencies	2026-08-21T17:00:27.4286226Z   Downloading tomlkit-0.15.1-py3-none-any.whl.metadata (3.3 kB)
Unit Test	Install dependencies	2026-08-21T17:00:27.4609758Z Collecting tqdm<5,>=4.63.1 (from dvc==3.50.1->dvc[gs]==3.50.1->-r requirements.txt (line 4))
Unit Test	Install dependencies	2026-08-21T17:00:27.4686934Z   Downloading tqdm-4.70.0-py3-none-any.whl.metadata (57 kB)
Unit Test	Install dependencies	2026-08-21T17:00:27.4903522Z Collecting voluptuous>=0.11.7 (from dvc==3.50.1->dvc[gs]==3.50.1->-r requirements.txt (line 4))
Unit Test	Install dependencies	2026-08-21T17:00:27.4980152Z   Downloading voluptuous-0.16.0-py3-none-any.whl.metadata (20 kB)
Unit Test	Install dependencies	2026-08-21T17:00:27.5131652Z Collecting zc.lockfile>=1.2.1 (from dvc==3.50.1->dvc[gs]==3.50.1->-r requirements.txt (line 4))
Unit Test	Install dependencies	2026-08-21T17:00:27.5224383Z   Downloading zc_lockfile-4.0-py3-none-any.whl.metadata (6.6 kB)
Unit Test	Install dependencies	2026-08-21T17:00:27.5392127Z Collecting iniconfig (from pytest==8.2.0->-r requirements.txt (line 6))
Unit Test	Install dependencies	2026-08-21T17:00:27.5468625Z   Downloading iniconfig-2.3.0-py3-none-any.whl.metadata (2.5 kB)
Unit Test	Install dependencies	2026-08-21T17:00:27.5637712Z Collecting pluggy<2.0,>=1.5 (from pytest==8.2.0->-r requirements.txt (line 6))
Unit Test	Install dependencies	2026-08-21T17:00:27.5712910Z   Downloading pluggy-1.6.0-py3-none-any.whl.metadata (4.8 kB)
Unit Test	Install dependencies	2026-08-21T17:00:27.5912570Z Collecting exceptiongroup>=1.0.0rc8 (from pytest==8.2.0->-r requirements.txt (line 6))
Unit Test	Install dependencies	2026-08-21T17:00:27.5987039Z   Downloading exceptiongroup-1.3.1-py3-none-any.whl.metadata (6.7 kB)
Unit Test	Install dependencies	2026-08-21T17:00:27.6267329Z Collecting tomli>=1 (from pytest==8.2.0->-r requirements.txt (line 6))
Unit Test	Install dependencies	2026-08-21T17:00:27.6342806Z   Downloading tomli-2.4.1-py3-none-any.whl.metadata (10 kB)
Unit Test	Install dependencies	2026-08-21T17:00:27.6658501Z Collecting starlette<0.38.0,>=0.37.2 (from fastapi==0.111.0->-r requirements.txt (line 7))
Unit Test	Install dependencies	2026-08-21T17:00:27.6733271Z   Downloading starlette-0.37.2-py3-none-any.whl.metadata (5.9 kB)
Unit Test	Install dependencies	2026-08-21T17:00:27.7959562Z Collecting pydantic!=1.8,!=1.8.1,!=2.0.0,!=2.0.1,!=2.1.0,<3.0.0,>=1.7.4 (from fastapi==0.111.0->-r requirements.txt (line 7))
Unit Test	Install dependencies	2026-08-21T17:00:27.8037860Z   Downloading pydantic-2.13.4-py3-none-any.whl.metadata (109 kB)
Unit Test	Install dependencies	2026-08-21T17:00:27.8339131Z Collecting typing-extensions>=4.8.0 (from fastapi==0.111.0->-r requirements.txt (line 7))
Unit Test	Install dependencies	2026-08-21T17:00:27.8412762Z   Downloading typing_extensions-4.16.0-py3-none-any.whl.metadata (3.3 kB)
Unit Test	Install dependencies	2026-08-21T17:00:27.8594491Z Collecting fastapi-cli>=0.0.2 (from fastapi==0.111.0->-r requirements.txt (line 7))
Unit Test	Install dependencies	2026-08-21T17:00:27.8670195Z   Downloading fastapi_cli-0.0.32-py3-none-any.whl.metadata (6.7 kB)
Unit Test	Install dependencies	2026-08-21T17:00:27.8896483Z Collecting httpx>=0.23.0 (from fastapi==0.111.0->-r requirements.txt (line 7))
Unit Test	Install dependencies	2026-08-21T17:00:27.8977262Z   Downloading httpx-0.28.1-py3-none-any.whl.metadata (7.1 kB)
Unit Test	Install dependencies	2026-08-21T17:00:27.9185125Z Collecting python-multipart>=0.0.7 (from fastapi==0.111.0->-r requirements.txt (line 7))
Unit Test	Install dependencies	2026-08-21T17:00:27.9258144Z   Downloading python_multipart-0.0.32-py3-none-any.whl.metadata (2.1 kB)
Unit Test	Install dependencies	2026-08-21T17:00:28.0622285Z Collecting ujson!=4.0.2,!=4.1.0,!=4.2.0,!=4.3.0,!=5.0.0,!=5.1.0,>=4.0.1 (from fastapi==0.111.0->-r requirements.txt (line 7))
Unit Test	Install dependencies	2026-08-21T17:00:28.0707897Z   Downloading ujson-5.13.0-cp310-cp310-manylinux_2_24_x86_64.manylinux_2_28_x86_64.whl.metadata (10.0 kB)
Unit Test	Install dependencies	2026-08-21T17:00:28.3317043Z Collecting orjson>=3.2.1 (from fastapi==0.111.0->-r requirements.txt (line 7))
Unit Test	Install dependencies	2026-08-21T17:00:28.3395603Z   Downloading orjson-3.12.0-cp310-cp310-manylinux_2_17_x86_64.manylinux2014_x86_64.whl.metadata (41 kB)
Unit Test	Install dependencies	2026-08-21T17:00:28.3588907Z Collecting email_validator>=2.0.0 (from fastapi==0.111.0->-r requirements.txt (line 7))
Unit Test	Install dependencies	2026-08-21T17:00:28.3667611Z   Downloading email_validator-2.3.0-py3-none-any.whl.metadata (26 kB)
Unit Test	Install dependencies	2026-08-21T17:00:28.3865665Z Collecting h11>=0.8 (from uvicorn==0.29.0->-r requirements.txt (line 8))
Unit Test	Install dependencies	2026-08-21T17:00:28.3944451Z   Downloading h11-0.16.0-py3-none-any.whl.metadata (8.3 kB)
Unit Test	Install dependencies	2026-08-21T17:00:28.4344085Z Collecting google-auth<3.0dev,>=2.26.1 (from google-cloud-storage==2.16.0->-r requirements.txt (line 10))
Unit Test	Install dependencies	2026-08-21T17:00:28.4428235Z   Downloading google_auth-2.56.3-py3-none-any.whl.metadata (6.0 kB)
Unit Test	Install dependencies	2026-08-21T17:00:28.4841193Z Collecting google-api-core<3.0.0dev,>=2.15.0 (from google-cloud-storage==2.16.0->-r requirements.txt (line 10))
Unit Test	Install dependencies	2026-08-21T17:00:28.4916922Z   Downloading google_api_core-2.34.0-py3-none-any.whl.metadata (2.9 kB)
Unit Test	Install dependencies	2026-08-21T17:00:28.5129396Z Collecting google-cloud-core<3.0dev,>=2.3.0 (from google-cloud-storage==2.16.0->-r requirements.txt (line 10))
Unit Test	Install dependencies	2026-08-21T17:00:28.5204340Z   Downloading google_cloud_core-2.6.1-py3-none-any.whl.metadata (2.8 kB)
Unit Test	Install dependencies	2026-08-21T17:00:28.5405951Z Collecting google-resumable-media>=2.6.0 (from google-cloud-storage==2.16.0->-r requirements.txt (line 10))
Unit Test	Install dependencies	2026-08-21T17:00:28.5486127Z   Downloading google_resumable_media-2.10.1-py3-none-any.whl.metadata (2.2 kB)
Unit Test	Install dependencies	2026-08-21T17:00:28.6054490Z Collecting google-crc32c<2.0dev,>=1.0 (from google-cloud-storage==2.16.0->-r requirements.txt (line 10))
Unit Test	Install dependencies	2026-08-21T17:00:28.6146669Z   Downloading google_crc32c-1.8.0-cp310-cp310-manylinux1_x86_64.manylinux2014_x86_64.manylinux_2_17_x86_64.manylinux_2_5_x86_64.whl.metadata (1.7 kB)
Unit Test	Install dependencies	2026-08-21T17:00:28.7025394Z Collecting dvc-gs<4,>=3 (from dvc[gs]==3.50.1->-r requirements.txt (line 4))
Unit Test	Install dependencies	2026-08-21T17:00:28.7138055Z   Downloading dvc_gs-3.1.0-py3-none-any.whl.metadata (1.3 kB)
Unit Test	Install dependencies	2026-08-21T17:00:28.7524381Z Collecting Mako (from alembic!=1.10.0,<2->mlflow==2.13.0->-r requirements.txt (line 1))
Unit Test	Install dependencies	2026-08-21T17:00:28.7602802Z   Downloading mako-1.4.1-py3-none-any.whl.metadata (2.9 kB)
Unit Test	Install dependencies	2026-08-21T17:00:28.7965597Z Collecting urllib3>=1.26.0 (from docker<8,>=4.0.0->mlflow==2.13.0->-r requirements.txt (line 1))
Unit Test	Install dependencies	2026-08-21T17:00:28.8041300Z   Downloading urllib3-2.7.0-py3-none-any.whl.metadata (6.9 kB)
Unit Test	Install dependencies	2026-08-21T17:00:28.8327054Z Collecting dictdiffer>=0.8.1 (from dvc-data<3.16,>=3.15->dvc==3.50.1->dvc[gs]==3.50.1->-r requirements.txt (line 4))
Unit Test	Install dependencies	2026-08-21T17:00:28.8423188Z   Downloading dictdiffer-0.10.0-py3-none-any.whl.metadata (2.9 kB)
Unit Test	Install dependencies	2026-08-21T17:00:28.8636124Z Collecting diskcache>=5.2.1 (from dvc-data<3.16,>=3.15->dvc==3.50.1->dvc[gs]==3.50.1->-r requirements.txt (line 4))
Unit Test	Install dependencies	2026-08-21T17:00:28.8736279Z   Downloading diskcache-5.6.3-py3-none-any.whl.metadata (20 kB)
Unit Test	Install dependencies	2026-08-21T17:00:28.8973535Z Collecting sqltrie<1,>=0.11.0 (from dvc-data<3.16,>=3.15->dvc==3.50.1->dvc[gs]==3.50.1->-r requirements.txt (line 4))
Unit Test	Install dependencies	2026-08-21T17:00:28.9056667Z   Downloading sqltrie-0.11.2-py3-none-any.whl.metadata (3.3 kB)
Unit Test	Install dependencies	2026-08-21T17:00:28.9326043Z Collecting gcsfs>=2022.11.0 (from dvc-gs<4,>=3->dvc[gs]==3.50.1->-r requirements.txt (line 4))
Unit Test	Install dependencies	2026-08-21T17:00:28.9403621Z   Downloading gcsfs-2026.8.0-py3-none-any.whl.metadata (4.6 kB)
Unit Test	Install dependencies	2026-08-21T17:00:28.9813817Z Collecting billiard<5.0,>=4.2.1 (from celery->dvc==3.50.1->dvc[gs]==3.50.1->-r requirements.txt (line 4))
Unit Test	Install dependencies	2026-08-21T17:00:28.9890985Z   Downloading billiard-4.2.4-py3-none-any.whl.metadata (4.8 kB)
Unit Test	Install dependencies	2026-08-21T17:00:29.0073044Z Collecting vine<6.0,>=5.1.0 (from celery->dvc==3.50.1->dvc[gs]==3.50.1->-r requirements.txt (line 4))
Unit Test	Install dependencies	2026-08-21T17:00:29.0148781Z   Downloading vine-5.1.0-py3-none-any.whl.metadata (2.7 kB)
Unit Test	Install dependencies	2026-08-21T17:00:29.0314684Z Collecting click-didyoumean>=0.3.0 (from celery->dvc==3.50.1->dvc[gs]==3.50.1->-r requirements.txt (line 4))
Unit Test	Install dependencies	2026-08-21T17:00:29.0392717Z   Downloading click_didyoumean-0.3.1-py3-none-any.whl.metadata (3.9 kB)
Unit Test	Install dependencies	2026-08-21T17:00:29.0540207Z Collecting click-repl>=0.2.0 (from celery->dvc==3.50.1->dvc[gs]==3.50.1->-r requirements.txt (line 4))
Unit Test	Install dependencies	2026-08-21T17:00:29.0618020Z   Downloading click_repl-0.3.0-py3-none-any.whl.metadata (3.6 kB)
Unit Test	Install dependencies	2026-08-21T17:00:29.0765475Z Collecting click-plugins>=1.1.1 (from celery->dvc==3.50.1->dvc[gs]==3.50.1->-r requirements.txt (line 4))
Unit Test	Install dependencies	2026-08-21T17:00:29.0839927Z   Downloading click_plugins-1.1.1.2-py2.py3-none-any.whl.metadata (6.5 kB)
Unit Test	Install dependencies	2026-08-21T17:00:29.1447256Z Collecting tzlocal (from celery->dvc==3.50.1->dvc[gs]==3.50.1->-r requirements.txt (line 4))
Unit Test	Install dependencies	2026-08-21T17:00:29.1522905Z   Downloading tzlocal-5.4.4-py3-none-any.whl.metadata (7.7 kB)
Unit Test	Install dependencies	2026-08-21T17:00:29.1729053Z Collecting blinker>=1.9.0 (from Flask<4->mlflow==2.13.0->-r requirements.txt (line 1))
Unit Test	Install dependencies	2026-08-21T17:00:29.1805595Z   Downloading blinker-1.9.0-py3-none-any.whl.metadata (1.6 kB)
Unit Test	Install dependencies	2026-08-21T17:00:29.1979169Z Collecting itsdangerous>=2.2.0 (from Flask<4->mlflow==2.13.0->-r requirements.txt (line 1))
Unit Test	Install dependencies	2026-08-21T17:00:29.2054914Z   Downloading itsdangerous-2.2.0-py3-none-any.whl.metadata (1.9 kB)
Unit Test	Install dependencies	2026-08-21T17:00:29.2626324Z Collecting markupsafe>=2.1.1 (from Flask<4->mlflow==2.13.0->-r requirements.txt (line 1))
Unit Test	Install dependencies	2026-08-21T17:00:29.2708668Z   Downloading markupsafe-3.0.3-cp310-cp310-manylinux2014_x86_64.manylinux_2_17_x86_64.manylinux_2_28_x86_64.whl.metadata (2.7 kB)
Unit Test	Install dependencies	2026-08-21T17:00:29.2938478Z Collecting werkzeug>=3.1.0 (from Flask<4->mlflow==2.13.0->-r requirements.txt (line 1))
Unit Test	Install dependencies	2026-08-21T17:00:29.3028301Z   Downloading werkzeug-3.1.8-py3-none-any.whl.metadata (4.0 kB)
Unit Test	Install dependencies	2026-08-21T17:00:29.3225224Z Collecting atpublic>=2.3 (from flufl.lock<8,>=5->dvc==3.50.1->dvc[gs]==3.50.1->-r requirements.txt (line 4))
Unit Test	Install dependencies	2026-08-21T17:00:29.3319966Z   Downloading atpublic-7.0.0-py3-none-any.whl.metadata (2.0 kB)
Unit Test	Install dependencies	2026-08-21T17:00:29.3518056Z Collecting gitdb<5,>=4.0.1 (from gitpython<4,>=3.1.9->mlflow==2.13.0->-r requirements.txt (line 1))
Unit Test	Install dependencies	2026-08-21T17:00:29.3594111Z   Downloading gitdb-4.0.12-py3-none-any.whl.metadata (1.2 kB)
Unit Test	Install dependencies	2026-08-21T17:00:29.3762956Z Collecting smmap<6,>=3.0.1 (from gitdb<5,>=4.0.1->gitpython<4,>=3.1.9->mlflow==2.13.0->-r requirements.txt (line 1))
Unit Test	Install dependencies	2026-08-21T17:00:29.3839904Z   Downloading smmap-5.0.3-py3-none-any.whl.metadata (4.6 kB)
Unit Test	Install dependencies	2026-08-21T17:00:29.4061160Z Collecting googleapis-common-protos<2.0.0,>=1.69.2 (from google-api-core<3.0.0dev,>=2.15.0->google-cloud-storage==2.16.0->-r requirements.txt (line 10))
Unit Test	Install dependencies	2026-08-21T17:00:29.4151035Z   Downloading googleapis_common_protos-1.75.1-py3-none-any.whl.metadata (8.5 kB)
Unit Test	Install dependencies	2026-08-21T17:00:29.4249503Z INFO: pip is looking at multiple versions of google-api-core to determine which version is compatible with other requirements. This could take a while.
Unit Test	Install dependencies	2026-08-21T17:00:29.4257181Z Collecting google-api-core<3.0.0dev,>=2.15.0 (from google-cloud-storage==2.16.0->-r requirements.txt (line 10))
Unit Test	Install dependencies	2026-08-21T17:00:29.4338534Z   Downloading google_api_core-2.33.0-py3-none-any.whl.metadata (3.2 kB)
Unit Test	Install dependencies	2026-08-21T17:00:29.4567941Z   Downloading google_api_core-2.32.0-py3-none-any.whl.metadata (3.2 kB)
Unit Test	Install dependencies	2026-08-21T17:00:29.4692282Z   Downloading google_api_core-2.31.0-py3-none-any.whl.metadata (3.2 kB)
Unit Test	Install dependencies	2026-08-21T17:00:29.4817378Z   Downloading google_api_core-2.30.3-py3-none-any.whl.metadata (3.1 kB)
Unit Test	Install dependencies	2026-08-21T17:00:29.5117179Z Collecting proto-plus<2.0.0,>=1.22.3 (from google-api-core<3.0.0dev,>=2.15.0->google-cloud-storage==2.16.0->-r requirements.txt (line 10))
Unit Test	Install dependencies	2026-08-21T17:00:29.5196548Z   Downloading proto_plus-1.28.3-py3-none-any.whl.metadata (2.2 kB)
Unit Test	Install dependencies	2026-08-21T17:00:29.5573680Z Collecting pyasn1-modules>=0.2.1 (from google-auth<3.0dev,>=2.26.1->google-cloud-storage==2.16.0->-r requirements.txt (line 10))
Unit Test	Install dependencies	2026-08-21T17:00:29.5653064Z   Downloading pyasn1_modules-0.4.2-py3-none-any.whl.metadata (3.5 kB)
Unit Test	Install dependencies	2026-08-21T17:00:29.7525702Z Collecting cryptography>=38.0.3 (from google-auth<3.0dev,>=2.26.1->google-cloud-storage==2.16.0->-r requirements.txt (line 10))
Unit Test	Install dependencies	2026-08-21T17:00:29.7604198Z   Downloading cryptography-50.0.0-cp39-abi3-manylinux_2_34_x86_64.whl.metadata (4.3 kB)
Unit Test	Install dependencies	2026-08-21T17:00:29.7858555Z INFO: pip is looking at multiple versions of googleapis-common-protos to determine which version is compatible with other requirements. This could take a while.
Unit Test	Install dependencies	2026-08-21T17:00:29.7866628Z Collecting googleapis-common-protos<2.0.0,>=1.63.2 (from google-api-core<3.0.0dev,>=2.15.0->google-cloud-storage==2.16.0->-r requirements.txt (line 10))
Unit Test	Install dependencies	2026-08-21T17:00:29.7967970Z   Downloading googleapis_common_protos-1.75.0-py3-none-any.whl.metadata (8.6 kB)
Unit Test	Install dependencies	2026-08-21T17:00:29.8246933Z Collecting graphql-core<3.3,>=3.1 (from graphene<4->mlflow==2.13.0->-r requirements.txt (line 1))
Unit Test	Install dependencies	2026-08-21T17:00:29.8323069Z   Downloading graphql_core-3.2.11-py3-none-any.whl.metadata (11 kB)
Unit Test	Install dependencies	2026-08-21T17:00:29.8476749Z Collecting graphql-relay<3.3,>=3.1 (from graphene<4->mlflow==2.13.0->-r requirements.txt (line 1))
Unit Test	Install dependencies	2026-08-21T17:00:29.8551671Z   Downloading graphql_relay-3.2.0-py3-none-any.whl.metadata (12 kB)
Unit Test	Install dependencies	2026-08-21T17:00:29.8963783Z Collecting pydantic-settings>=2 (from gto<2,>=1.6.0->dvc==3.50.1->dvc[gs]==3.50.1->-r requirements.txt (line 4))
Unit Test	Install dependencies	2026-08-21T17:00:29.9039322Z   Downloading pydantic_settings-2.15.0-py3-none-any.whl.metadata (3.9 kB)
Unit Test	Install dependencies	2026-08-21T17:00:29.9268393Z Collecting semver>=2.13.0 (from gto<2,>=1.6.0->dvc==3.50.1->dvc[gs]==3.50.1->-r requirements.txt (line 4))
Unit Test	Install dependencies	2026-08-21T17:00:29.9344006Z   Downloading semver-3.0.4-py3-none-any.whl.metadata (6.8 kB)
Unit Test	Install dependencies	2026-08-21T17:00:29.9601498Z Collecting zipp>=0.5 (from importlib-metadata!=4.7.0,<8,>=3.7.0->mlflow==2.13.0->-r requirements.txt (line 1))
Unit Test	Install dependencies	2026-08-21T17:00:29.9676627Z   Downloading zipp-4.1.0-py3-none-any.whl.metadata (3.6 kB)
Unit Test	Install dependencies	2026-08-21T17:00:29.9948189Z Collecting amqp<6.0.0,>=5.1.1 (from kombu->dvc==3.50.1->dvc[gs]==3.50.1->-r requirements.txt (line 4))
Unit Test	Install dependencies	2026-08-21T17:00:30.0022330Z   Downloading amqp-5.3.1-py3-none-any.whl.metadata (8.9 kB)
Unit Test	Install dependencies	2026-08-21T17:00:30.0770967Z Collecting contourpy>=1.0.1 (from matplotlib<4->mlflow==2.13.0->-r requirements.txt (line 1))
Unit Test	Install dependencies	2026-08-21T17:00:30.0855317Z   Downloading contourpy-1.3.2-cp310-cp310-manylinux_2_17_x86_64.manylinux2014_x86_64.whl.metadata (5.5 kB)
Unit Test	Install dependencies	2026-08-21T17:00:30.1013511Z Collecting cycler>=0.10 (from matplotlib<4->mlflow==2.13.0->-r requirements.txt (line 1))
Unit Test	Install dependencies	2026-08-21T17:00:30.1084391Z   Downloading cycler-0.12.1-py3-none-any.whl.metadata (3.8 kB)
Unit Test	Install dependencies	2026-08-21T17:00:30.3488964Z Collecting fonttools>=4.22.0 (from matplotlib<4->mlflow==2.13.0->-r requirements.txt (line 1))
Unit Test	Install dependencies	2026-08-21T17:00:30.3570205Z   Downloading fonttools-4.63.0-cp310-cp310-manylinux2014_x86_64.manylinux_2_17_x86_64.whl.metadata (118 kB)
Unit Test	Install dependencies	2026-08-21T17:00:30.4397483Z Collecting kiwisolver>=1.3.1 (from matplotlib<4->mlflow==2.13.0->-r requirements.txt (line 1))
Unit Test	Install dependencies	2026-08-21T17:00:30.4475574Z   Downloading kiwisolver-1.5.0-cp310-cp310-manylinux_2_12_x86_64.manylinux2010_x86_64.whl.metadata (5.1 kB)
Unit Test	Install dependencies	2026-08-21T17:00:30.6351660Z Collecting pillow>=8 (from matplotlib<4->mlflow==2.13.0->-r requirements.txt (line 1))
Unit Test	Install dependencies	2026-08-21T17:00:30.6432564Z   Downloading pillow-12.3.0-cp310-cp310-manylinux_2_27_x86_64.manylinux_2_28_x86_64.whl.metadata (9.1 kB)
Unit Test	Install dependencies	2026-08-21T17:00:30.6792887Z Collecting opentelemetry-semantic-conventions==0.65b0 (from opentelemetry-sdk<3,>=1.0.0->mlflow==2.13.0->-r requirements.txt (line 1))
Unit Test	Install dependencies	2026-08-21T17:00:30.6874245Z   Downloading opentelemetry_semantic_conventions-0.65b0-py3-none-any.whl.metadata (2.4 kB)
Unit Test	Install dependencies	2026-08-21T17:00:30.6977042Z INFO: pip is looking at multiple versions of proto-plus to determine which version is compatible with other requirements. This could take a while.
Unit Test	Install dependencies	2026-08-21T17:00:30.6984356Z Collecting proto-plus<2.0.0,>=1.22.3 (from google-api-core<3.0.0dev,>=2.15.0->google-cloud-storage==2.16.0->-r requirements.txt (line 10))
Unit Test	Install dependencies	2026-08-21T17:00:30.7057997Z   Downloading proto_plus-1.28.2-py3-none-any.whl.metadata (2.2 kB)
Unit Test	Install dependencies	2026-08-21T17:00:30.7272390Z Collecting annotated-types>=0.6.0 (from pydantic!=1.8,!=1.8.1,!=2.0.0,!=2.0.1,!=2.1.0,<3.0.0,>=1.7.4->fastapi==0.111.0->-r requirements.txt (line 7))
Unit Test	Install dependencies	2026-08-21T17:00:30.7346006Z   Downloading annotated_types-0.8.0-py3-none-any.whl.metadata (15 kB)
Unit Test	Install dependencies	2026-08-21T17:00:31.5104008Z Collecting pydantic-core==2.46.4 (from pydantic!=1.8,!=1.8.1,!=2.0.0,!=2.0.1,!=2.1.0,<3.0.0,>=1.7.4->fastapi==0.111.0->-r requirements.txt (line 7))
Unit Test	Install dependencies	2026-08-21T17:00:31.5198477Z   Downloading pydantic_core-2.46.4-cp310-cp310-manylinux_2_17_x86_64.manylinux2014_x86_64.whl.metadata (6.6 kB)
Unit Test	Install dependencies	2026-08-21T17:00:31.5364982Z Collecting typing-inspection>=0.4.2 (from pydantic!=1.8,!=1.8.1,!=2.0.0,!=2.0.1,!=2.1.0,<3.0.0,>=1.7.4->fastapi==0.111.0->-r requirements.txt (line 7))
Unit Test	Install dependencies	2026-08-21T17:00:31.5439662Z   Downloading typing_inspection-0.4.4-py3-none-any.whl.metadata (2.6 kB)
Unit Test	Install dependencies	2026-08-21T17:00:31.5639768Z Collecting six>=1.5 (from python-dateutil>=2.8.2->pandas==2.2.2->-r requirements.txt (line 3))
Unit Test	Install dependencies	2026-08-21T17:00:31.5715307Z   Downloading six-1.17.0-py2.py3-none-any.whl.metadata (1.7 kB)
Unit Test	Install dependencies	2026-08-21T17:00:31.8016320Z Collecting charset_normalizer<4,>=2 (from requests<3,>=2.17.3->mlflow==2.13.0->-r requirements.txt (line 1))
Unit Test	Install dependencies	2026-08-21T17:00:31.8096004Z   Downloading charset_normalizer-3.5.1-cp310-cp310-manylinux2014_x86_64.manylinux_2_17_x86_64.manylinux_2_28_x86_64.whl.metadata (45 kB)
Unit Test	Install dependencies	2026-08-21T17:00:31.8306242Z Collecting idna<4,>=2.5 (from requests<3,>=2.17.3->mlflow==2.13.0->-r requirements.txt (line 1))
Unit Test	Install dependencies	2026-08-21T17:00:31.8386187Z   Downloading idna-3.19-py3-none-any.whl.metadata (9.2 kB)
Unit Test	Install dependencies	2026-08-21T17:00:31.8658358Z Collecting certifi>=2023.5.7 (from requests<3,>=2.17.3->mlflow==2.13.0->-r requirements.txt (line 1))
Unit Test	Install dependencies	2026-08-21T17:00:31.8737943Z   Downloading certifi-2026.7.22-py3-none-any.whl.metadata (2.5 kB)
Unit Test	Install dependencies	2026-08-21T17:00:31.9784109Z Collecting pygit2>=1.14.0 (from scmrepo<4,>=3.3.2->dvc==3.50.1->dvc[gs]==3.50.1->-r requirements.txt (line 4))
Unit Test	Install dependencies	2026-08-21T17:00:31.9876812Z   Downloading pygit2-1.18.2-cp310-cp310-manylinux_2_26_x86_64.manylinux_2_28_x86_64.whl.metadata (3.6 kB)
Unit Test	Install dependencies	2026-08-21T17:00:32.0116805Z Collecting asyncssh<3,>=2.13.1 (from scmrepo<4,>=3.3.2->dvc==3.50.1->dvc[gs]==3.50.1->-r requirements.txt (line 4))
Unit Test	Install dependencies	2026-08-21T17:00:32.0205439Z   Downloading asyncssh-2.24.0-py3-none-any.whl.metadata (9.8 kB)
Unit Test	Install dependencies	2026-08-21T17:00:32.0387244Z Collecting aiohttp-retry>=2.5.0 (from scmrepo<4,>=3.3.2->dvc==3.50.1->dvc[gs]==3.50.1->-r requirements.txt (line 4))
Unit Test	Install dependencies	2026-08-21T17:00:32.0461122Z   Downloading aiohttp_retry-2.9.1-py3-none-any.whl.metadata (8.8 kB)
Unit Test	Install dependencies	2026-08-21T17:00:32.2144601Z Collecting greenlet>=1 (from sqlalchemy<3,>=1.4.0->mlflow==2.13.0->-r requirements.txt (line 1))
Unit Test	Install dependencies	2026-08-21T17:00:32.2226567Z   Downloading greenlet-3.5.5-cp310-cp310-manylinux_2_24_x86_64.manylinux_2_28_x86_64.whl.metadata (3.8 kB)
Unit Test	Install dependencies	2026-08-21T17:00:32.2511339Z Collecting anyio<5,>=3.4.0 (from starlette<0.38.0,>=0.37.2->fastapi==0.111.0->-r requirements.txt (line 7))
Unit Test	Install dependencies	2026-08-21T17:00:32.2588102Z   Downloading anyio-4.14.2-py3-none-any.whl.metadata (4.6 kB)
Unit Test	Install dependencies	2026-08-21T17:00:32.9117213Z Collecting aiohttp (from aiohttp-retry>=2.5.0->scmrepo<4,>=3.3.2->dvc==3.50.1->dvc[gs]==3.50.1->-r requirements.txt (line 4))
Unit Test	Install dependencies	2026-08-21T17:00:32.9204915Z   Downloading aiohttp-3.14.3-cp310-cp310-manylinux2014_x86_64.manylinux_2_17_x86_64.manylinux_2_28_x86_64.whl.metadata (8.3 kB)
Unit Test	Install dependencies	2026-08-21T17:00:32.9660387Z Collecting prompt-toolkit>=3.0.36 (from click-repl>=0.2.0->celery->dvc==3.50.1->dvc[gs]==3.50.1->-r requirements.txt (line 4))
Unit Test	Install dependencies	2026-08-21T17:00:32.9746095Z   Downloading prompt_toolkit-3.0.53-py3-none-any.whl.metadata (6.4 kB)
Unit Test	Install dependencies	2026-08-21T17:00:33.0935333Z Collecting cffi>=2.0.0 (from cryptography>=38.0.3->google-auth<3.0dev,>=2.26.1->google-cloud-storage==2.16.0->-r requirements.txt (line 10))
Unit Test	Install dependencies	2026-08-21T17:00:33.1031815Z   Downloading cffi-2.1.1-cp310-cp310-manylinux2014_x86_64.manylinux_2_17_x86_64.whl.metadata (2.5 kB)
Unit Test	Install dependencies	2026-08-21T17:00:33.1228313Z Collecting pycparser (from cffi>=2.0.0->cryptography>=38.0.3->google-auth<3.0dev,>=2.26.1->google-cloud-storage==2.16.0->-r requirements.txt (line 10))
Unit Test	Install dependencies	2026-08-21T17:00:33.1304900Z   Downloading pycparser-3.0-py3-none-any.whl.metadata (8.2 kB)
Unit Test	Install dependencies	2026-08-21T17:00:33.1566650Z Collecting dnspython>=2.0.0 (from email_validator>=2.0.0->fastapi==0.111.0->-r requirements.txt (line 7))
Unit Test	Install dependencies	2026-08-21T17:00:33.1645306Z   Downloading dnspython-2.8.0-py3-none-any.whl.metadata (5.7 kB)
Unit Test	Install dependencies	2026-08-21T17:00:33.1985268Z Collecting typer>=0.16.0 (from fastapi-cli>=0.0.2->fastapi==0.111.0->-r requirements.txt (line 7))
Unit Test	Install dependencies	2026-08-21T17:00:33.2058770Z   Downloading typer-0.27.1-py3-none-any.whl.metadata (16 kB)
Unit Test	Install dependencies	2026-08-21T17:00:33.2295641Z Collecting rich-toolkit>=0.14.8 (from fastapi-cli>=0.0.2->fastapi==0.111.0->-r requirements.txt (line 7))
Unit Test	Install dependencies	2026-08-21T17:00:33.2370576Z   Downloading rich_toolkit-0.20.3-py3-none-any.whl.metadata (1.0 kB)
Unit Test	Install dependencies	2026-08-21T17:00:33.2724387Z Collecting decorator>4.1.2 (from gcsfs>=2022.11.0->dvc-gs<4,>=3->dvc[gs]==3.50.1->-r requirements.txt (line 4))
Unit Test	Install dependencies	2026-08-21T17:00:33.2798042Z   Downloading decorator-5.3.1-py3-none-any.whl.metadata (3.9 kB)
Unit Test	Install dependencies	2026-08-21T17:00:33.2974444Z Collecting google-auth-oauthlib (from gcsfs>=2022.11.0->dvc-gs<4,>=3->dvc[gs]==3.50.1->-r requirements.txt (line 4))
Unit Test	Install dependencies	2026-08-21T17:00:33.3048455Z   Downloading google_auth_oauthlib-1.4.0-py3-none-any.whl.metadata (2.6 kB)
Unit Test	Install dependencies	2026-08-21T17:00:33.3295687Z Collecting google-cloud-storage-control (from gcsfs>=2022.11.0->dvc-gs<4,>=3->dvc[gs]==3.50.1->-r requirements.txt (line 4))
Unit Test	Install dependencies	2026-08-21T17:00:33.3370478Z   Downloading google_cloud_storage_control-1.13.0-py3-none-any.whl.metadata (9.8 kB)
Unit Test	Install dependencies	2026-08-21T17:00:33.3429152Z INFO: pip is looking at multiple versions of gcsfs to determine which version is compatible with other requirements. This could take a while.
Unit Test	Install dependencies	2026-08-21T17:00:33.3435614Z Collecting gcsfs>=2022.11.0 (from dvc-gs<4,>=3->dvc[gs]==3.50.1->-r requirements.txt (line 4))
Unit Test	Install dependencies	2026-08-21T17:00:33.3523381Z   Downloading gcsfs-2026.7.0-py3-none-any.whl.metadata (4.6 kB)
Unit Test	Install dependencies	2026-08-21T17:00:33.3671231Z   Downloading gcsfs-2026.6.0-py3-none-any.whl.metadata (4.6 kB)
Unit Test	Install dependencies	2026-08-21T17:00:33.3821576Z   Downloading gcsfs-2026.5.0-py3-none-any.whl.metadata (4.5 kB)
Unit Test	Install dependencies	2026-08-21T17:00:33.3989865Z   Downloading gcsfs-2026.4.0-py3-none-any.whl.metadata (4.5 kB)
Unit Test	Install dependencies	2026-08-21T17:00:33.4148835Z   Downloading gcsfs-2026.3.0-py3-none-any.whl.metadata (2.1 kB)
Unit Test	Install dependencies	2026-08-21T17:00:33.4278793Z   Downloading gcsfs-2026.2.0-py3-none-any.whl.metadata (2.1 kB)
Unit Test	Install dependencies	2026-08-21T17:00:33.4568062Z   Downloading gcsfs-2026.1.0-py3-none-any.whl.metadata (2.1 kB)
Unit Test	Install dependencies	2026-08-21T17:00:33.4607111Z INFO: pip is still looking at multiple versions of gcsfs to determine which version is compatible with other requirements. This could take a while.
Unit Test	Install dependencies	2026-08-21T17:00:33.4702768Z   Downloading gcsfs-2025.12.0-py3-none-any.whl.metadata (2.1 kB)
Unit Test	Install dependencies	2026-08-21T17:00:33.4832835Z   Downloading gcsfs-2025.10.0-py2.py3-none-any.whl.metadata (2.1 kB)
Unit Test	Install dependencies	2026-08-21T17:00:33.5215107Z   Downloading gcsfs-2025.9.0-py2.py3-none-any.whl.metadata (2.1 kB)
Unit Test	Install dependencies	2026-08-21T17:00:33.5350503Z   Downloading gcsfs-2025.7.0-py2.py3-none-any.whl.metadata (2.1 kB)
Unit Test	Install dependencies	2026-08-21T17:00:33.5486814Z   Downloading gcsfs-2025.5.1-py2.py3-none-any.whl.metadata (1.9 kB)
Unit Test	Install dependencies	2026-08-21T17:00:33.5527056Z INFO: This is taking longer than usual. You might need to provide the dependency resolver with stricter constraints to reduce runtime. See https://pip.pypa.io/warnings/backtracking for guidance. If you want to abort this run, press Ctrl + C.
Unit Test	Install dependencies	2026-08-21T17:00:33.5619873Z   Downloading gcsfs-2025.5.0.post1-py2.py3-none-any.whl.metadata (1.9 kB)
Unit Test	Install dependencies	2026-08-21T17:00:33.5753693Z   Downloading gcsfs-2025.5.0-py2.py3-none-any.whl.metadata (1.9 kB)
Unit Test	Install dependencies	2026-08-21T17:00:33.5886065Z   Downloading gcsfs-2025.3.2-py2.py3-none-any.whl.metadata (1.9 kB)
Unit Test	Install dependencies	2026-08-21T17:00:33.6034802Z   Downloading gcsfs-2025.3.1-py2.py3-none-any.whl.metadata (1.9 kB)
Unit Test	Install dependencies	2026-08-21T17:00:33.6171536Z   Downloading gcsfs-2025.3.0-py2.py3-none-any.whl.metadata (1.9 kB)
Unit Test	Install dependencies	2026-08-21T17:00:33.6297666Z   Downloading gcsfs-2025.2.0-py2.py3-none-any.whl.metadata (1.9 kB)
Unit Test	Install dependencies	2026-08-21T17:00:33.6415682Z   Downloading gcsfs-2024.12.0-py2.py3-none-any.whl.metadata (1.6 kB)
Unit Test	Install dependencies	2026-08-21T17:00:33.6554237Z   Downloading gcsfs-2024.10.0-py2.py3-none-any.whl.metadata (1.6 kB)
Unit Test	Install dependencies	2026-08-21T17:00:33.6693744Z   Downloading gcsfs-2024.9.0.post1-py2.py3-none-any.whl.metadata (1.6 kB)
Unit Test	Install dependencies	2026-08-21T17:00:33.6815698Z   Downloading gcsfs-2024.6.1-py2.py3-none-any.whl.metadata (1.6 kB)
Unit Test	Install dependencies	2026-08-21T17:00:33.6950089Z   Downloading gcsfs-2024.6.0-py2.py3-none-any.whl.metadata (1.6 kB)
Unit Test	Install dependencies	2026-08-21T17:00:33.7070091Z   Downloading gcsfs-2024.5.0-py2.py3-none-any.whl.metadata (1.6 kB)
Unit Test	Install dependencies	2026-08-21T17:00:33.7200985Z   Downloading gcsfs-2024.3.1-py2.py3-none-any.whl.metadata (1.6 kB)
Unit Test	Install dependencies	2026-08-21T17:00:33.7327602Z   Downloading gcsfs-2024.2.0-py2.py3-none-any.whl.metadata (1.6 kB)
Unit Test	Install dependencies	2026-08-21T17:00:33.7448236Z   Downloading gcsfs-2023.12.2.post1-py2.py3-none-any.whl.metadata (1.6 kB)
Unit Test	Install dependencies	2026-08-21T17:00:33.7573483Z   Downloading gcsfs-2023.12.1-py2.py3-none-any.whl.metadata (1.6 kB)
Unit Test	Install dependencies	2026-08-21T17:00:33.7701016Z   Downloading gcsfs-2023.12.0-py2.py3-none-any.whl.metadata (1.6 kB)
Unit Test	Install dependencies	2026-08-21T17:00:33.7832407Z   Downloading gcsfs-2023.10.0-py2.py3-none-any.whl.metadata (1.6 kB)
Unit Test	Install dependencies	2026-08-21T17:00:33.7953454Z   Downloading gcsfs-2023.9.2-py2.py3-none-any.whl.metadata (1.6 kB)
Unit Test	Install dependencies	2026-08-21T17:00:33.8088849Z   Downloading gcsfs-2023.9.1-py2.py3-none-any.whl.metadata (1.6 kB)
Unit Test	Install dependencies	2026-08-21T17:00:33.8254896Z   Downloading gcsfs-2023.9.0-py2.py3-none-any.whl.metadata (1.6 kB)
Unit Test	Install dependencies	2026-08-21T17:00:33.8388350Z   Downloading gcsfs-2023.6.0-py2.py3-none-any.whl.metadata (1.6 kB)
Unit Test	Install dependencies	2026-08-21T17:00:33.8520539Z   Downloading gcsfs-2023.5.0-py2.py3-none-any.whl.metadata (1.6 kB)
Unit Test	Install dependencies	2026-08-21T17:00:33.8656640Z   Downloading gcsfs-2023.4.0-py2.py3-none-any.whl.metadata (1.6 kB)
Unit Test	Install dependencies	2026-08-21T17:00:33.8783517Z   Downloading gcsfs-2023.3.0-py2.py3-none-any.whl.metadata (1.6 kB)
Unit Test	Install dependencies	2026-08-21T17:00:33.8928616Z   Downloading gcsfs-2023.1.0-py2.py3-none-any.whl.metadata (1.6 kB)
Unit Test	Install dependencies	2026-08-21T17:00:33.9057615Z   Downloading gcsfs-2022.11.0-py2.py3-none-any.whl.metadata (1.6 kB)
Unit Test	Install dependencies	2026-08-21T17:00:33.9126423Z Collecting fsspec[tqdm]>=2024.2.0 (from scmrepo<4,>=3.3.2->dvc==3.50.1->dvc[gs]==3.50.1->-r requirements.txt (line 4))
Unit Test	Install dependencies	2026-08-21T17:00:33.9201268Z   Downloading fsspec-2026.6.0-py3-none-any.whl.metadata (10 kB)
Unit Test	Install dependencies	2026-08-21T17:00:33.9654937Z Collecting fsspec (from dvc==3.50.1->dvc[gs]==3.50.1->-r requirements.txt (line 4))
Unit Test	Install dependencies	2026-08-21T17:00:33.9758141Z   Downloading fsspec-2026.3.0-py3-none-any.whl.metadata (10 kB)
Unit Test	Install dependencies	2026-08-21T17:00:34.0144264Z   Downloading fsspec-2026.2.0-py3-none-any.whl.metadata (10 kB)
Unit Test	Install dependencies	2026-08-21T17:00:34.0538069Z   Downloading fsspec-2026.1.0-py3-none-any.whl.metadata (10 kB)
Unit Test	Install dependencies	2026-08-21T17:00:34.0980137Z   Downloading fsspec-2025.12.0-py3-none-any.whl.metadata (10 kB)
Unit Test	Install dependencies	2026-08-21T17:00:34.1289284Z INFO: pip is looking at multiple versions of fsspec[tqdm] to determine which version is compatible with other requirements. This could take a while.
Unit Test	Install dependencies	2026-08-21T17:00:34.1297239Z Collecting fsspec[tqdm]>=2024.2.0 (from scmrepo<4,>=3.3.2->dvc==3.50.1->dvc[gs]==3.50.1->-r requirements.txt (line 4))
Unit Test	Install dependencies	2026-08-21T17:00:34.1389309Z   Downloading fsspec-2026.4.0-py3-none-any.whl.metadata (10 kB)
Unit Test	Install dependencies	2026-08-21T17:00:34.1858355Z Collecting aiohappyeyeballs>=2.5.0 (from aiohttp->aiohttp-retry>=2.5.0->scmrepo<4,>=3.3.2->dvc==3.50.1->dvc[gs]==3.50.1->-r requirements.txt (line 4))
Unit Test	Install dependencies	2026-08-21T17:00:34.1937900Z   Downloading aiohappyeyeballs-2.7.1-py3-none-any.whl.metadata (5.9 kB)
Unit Test	Install dependencies	2026-08-21T17:00:34.2093452Z Collecting aiosignal>=1.4.0 (from aiohttp->aiohttp-retry>=2.5.0->scmrepo<4,>=3.3.2->dvc==3.50.1->dvc[gs]==3.50.1->-r requirements.txt (line 4))
Unit Test	Install dependencies	2026-08-21T17:00:34.2170059Z   Downloading aiosignal-1.4.0-py3-none-any.whl.metadata (3.7 kB)
Unit Test	Install dependencies	2026-08-21T17:00:34.2336762Z Collecting async-timeout<6.0,>=4.0 (from aiohttp->aiohttp-retry>=2.5.0->scmrepo<4,>=3.3.2->dvc==3.50.1->dvc[gs]==3.50.1->-r requirements.txt (line 4))
Unit Test	Install dependencies	2026-08-21T17:00:34.2415959Z   Downloading async_timeout-5.0.1-py3-none-any.whl.metadata (5.1 kB)
Unit Test	Install dependencies	2026-08-21T17:00:34.3164890Z Collecting frozenlist>=1.1.1 (from aiohttp->aiohttp-retry>=2.5.0->scmrepo<4,>=3.3.2->dvc==3.50.1->dvc[gs]==3.50.1->-r requirements.txt (line 4))
Unit Test	Install dependencies	2026-08-21T17:00:34.3246903Z   Downloading frozenlist-1.8.0-cp310-cp310-manylinux1_x86_64.manylinux_2_28_x86_64.manylinux_2_5_x86_64.whl.metadata (20 kB)
Unit Test	Install dependencies	2026-08-21T17:00:34.7036368Z Collecting multidict<7.0,>=4.5 (from aiohttp->aiohttp-retry>=2.5.0->scmrepo<4,>=3.3.2->dvc==3.50.1->dvc[gs]==3.50.1->-r requirements.txt (line 4))
Unit Test	Install dependencies	2026-08-21T17:00:34.7120503Z   Downloading multidict-6.7.1-cp310-cp310-manylinux2014_x86_64.manylinux_2_17_x86_64.manylinux_2_28_x86_64.whl.metadata (5.3 kB)
Unit Test	Install dependencies	2026-08-21T17:00:34.7781517Z Collecting propcache>=0.2.0 (from aiohttp->aiohttp-retry>=2.5.0->scmrepo<4,>=3.3.2->dvc==3.50.1->dvc[gs]==3.50.1->-r requirements.txt (line 4))
Unit Test	Install dependencies	2026-08-21T17:00:34.7866665Z   Downloading propcache-0.5.2-cp310-cp310-manylinux2014_x86_64.manylinux_2_17_x86_64.manylinux_2_28_x86_64.whl.metadata (16 kB)
Unit Test	Install dependencies	2026-08-21T17:00:35.0600934Z Collecting yarl<2.0,>=1.17.0 (from aiohttp->aiohttp-retry>=2.5.0->scmrepo<4,>=3.3.2->dvc==3.50.1->dvc[gs]==3.50.1->-r requirements.txt (line 4))
Unit Test	Install dependencies	2026-08-21T17:00:35.0679080Z   Downloading yarl-1.24.5-cp310-cp310-manylinux2014_x86_64.manylinux_2_17_x86_64.manylinux_2_28_x86_64.whl.metadata (103 kB)
Unit Test	Install dependencies	2026-08-21T17:00:35.1338439Z Collecting httpcore==1.* (from httpx>=0.23.0->fastapi==0.111.0->-r requirements.txt (line 7))
Unit Test	Install dependencies	2026-08-21T17:00:35.1418746Z   Downloading httpcore-1.0.9-py3-none-any.whl.metadata (21 kB)
Unit Test	Install dependencies	2026-08-21T17:00:35.1705150Z Collecting antlr4-python3-runtime==4.9.* (from hydra-core>=1.1->dvc==3.50.1->dvc[gs]==3.50.1->-r requirements.txt (line 4))
Unit Test	Install dependencies	2026-08-21T17:00:35.1781470Z   Downloading antlr4-python3-runtime-4.9.3.tar.gz (117 kB)
Unit Test	Install dependencies	2026-08-21T17:00:35.2110159Z   Installing build dependencies: started
Unit Test	Install dependencies	2026-08-21T17:00:36.0502607Z   Installing build dependencies: finished with status 'done'
Unit Test	Install dependencies	2026-08-21T17:00:36.0510254Z   Getting requirements to build wheel: started
Unit Test	Install dependencies	2026-08-21T17:00:36.4370864Z   Getting requirements to build wheel: finished with status 'done'
Unit Test	Install dependencies	2026-08-21T17:00:36.4381345Z   Preparing metadata (pyproject.toml): started
Unit Test	Install dependencies	2026-08-21T17:00:36.6366944Z   Preparing metadata (pyproject.toml): finished with status 'done'
Unit Test	Install dependencies	2026-08-21T17:00:36.6569071Z Collecting appdirs (from iterative-telemetry>=0.0.7->dvc==3.50.1->dvc[gs]==3.50.1->-r requirements.txt (line 4))
Unit Test	Install dependencies	2026-08-21T17:00:36.6642439Z   Downloading appdirs-1.4.4-py2.py3-none-any.whl.metadata (9.0 kB)
Unit Test	Install dependencies	2026-08-21T17:00:36.6900757Z Collecting filelock (from iterative-telemetry>=0.0.7->dvc==3.50.1->dvc[gs]==3.50.1->-r requirements.txt (line 4))
Unit Test	Install dependencies	2026-08-21T17:00:36.6974925Z   Downloading filelock-3.32.3-py3-none-any.whl.metadata (2.0 kB)
Unit Test	Install dependencies	2026-08-21T17:00:36.7280951Z Collecting wcwidth>=0.1.4 (from prompt-toolkit>=3.0.36->click-repl>=0.2.0->celery->dvc==3.50.1->dvc[gs]==3.50.1->-r requirements.txt (line 4))
Unit Test	Install dependencies	2026-08-21T17:00:36.7354962Z   Downloading wcwidth-0.8.2-py3-none-any.whl.metadata (43 kB)
Unit Test	Install dependencies	2026-08-21T17:00:36.7663734Z Collecting pyasn1<0.7.0,>=0.6.1 (from pyasn1-modules>=0.2.1->google-auth<3.0dev,>=2.26.1->google-cloud-storage==2.16.0->-r requirements.txt (line 10))
Unit Test	Install dependencies	2026-08-21T17:00:36.7735262Z   Downloading pyasn1-0.6.4-py3-none-any.whl.metadata (8.4 kB)
Unit Test	Install dependencies	2026-08-21T17:00:36.8062349Z Collecting python-dotenv>=0.21.0 (from pydantic-settings>=2->gto<2,>=1.6.0->dvc==3.50.1->dvc[gs]==3.50.1->-r requirements.txt (line 4))
Unit Test	Install dependencies	2026-08-21T17:00:36.8143563Z   Downloading python_dotenv-1.2.3-py3-none-any.whl.metadata (29 kB)
Unit Test	Install dependencies	2026-08-21T17:00:36.8484464Z Collecting markdown-it-py>=2.2.0 (from rich>=12->dvc==3.50.1->dvc[gs]==3.50.1->-r requirements.txt (line 4))
Unit Test	Install dependencies	2026-08-21T17:00:36.8558829Z   Downloading markdown_it_py-4.2.0-py3-none-any.whl.metadata (7.4 kB)
Unit Test	Install dependencies	2026-08-21T17:00:36.8806855Z Collecting pygments<3.0.0,>=2.13.0 (from rich>=12->dvc==3.50.1->dvc[gs]==3.50.1->-r requirements.txt (line 4))
Unit Test	Install dependencies	2026-08-21T17:00:36.8879870Z   Downloading pygments-2.21.0-py3-none-any.whl.metadata (2.5 kB)
Unit Test	Install dependencies	2026-08-21T17:00:36.9060354Z Collecting mdurl~=0.1 (from markdown-it-py>=2.2.0->rich>=12->dvc==3.50.1->dvc[gs]==3.50.1->-r requirements.txt (line 4))
Unit Test	Install dependencies	2026-08-21T17:00:36.9135607Z   Downloading mdurl-0.1.2-py3-none-any.whl.metadata (1.6 kB)
Unit Test	Install dependencies	2026-08-21T17:00:36.9557051Z Collecting shellingham>=1.3.0 (from typer>=0.16.0->fastapi-cli>=0.0.2->fastapi==0.111.0->-r requirements.txt (line 7))
Unit Test	Install dependencies	2026-08-21T17:00:36.9635539Z   Downloading shellingham-1.5.4-py2.py3-none-any.whl.metadata (3.5 kB)
Unit Test	Install dependencies	2026-08-21T17:00:36.9819027Z Collecting annotated-doc>=0.0.2 (from typer>=0.16.0->fastapi-cli>=0.0.2->fastapi==0.111.0->-r requirements.txt (line 7))
Unit Test	Install dependencies	2026-08-21T17:00:36.9891351Z   Downloading annotated_doc-0.0.5-py3-none-any.whl.metadata (6.5 kB)
Unit Test	Install dependencies	2026-08-21T17:00:37.0364589Z Collecting httptools>=0.5.0 (from uvicorn[standard]>=0.12.0->fastapi==0.111.0->-r requirements.txt (line 7))
Unit Test	Install dependencies	2026-08-21T17:00:37.0458566Z   Downloading httptools-0.8.0-cp310-cp310-manylinux1_x86_64.manylinux_2_28_x86_64.manylinux_2_5_x86_64.whl.metadata (3.5 kB)
Unit Test	Install dependencies	2026-08-21T17:00:37.0890419Z Collecting uvloop!=0.15.0,!=0.15.1,>=0.14.0 (from uvicorn[standard]>=0.12.0->fastapi==0.111.0->-r requirements.txt (line 7))
Unit Test	Install dependencies	2026-08-21T17:00:37.0986798Z   Downloading uvloop-0.22.1-cp310-cp310-manylinux2014_x86_64.manylinux_2_17_x86_64.manylinux_2_28_x86_64.whl.metadata (4.9 kB)
Unit Test	Install dependencies	2026-08-21T17:00:37.1815483Z Collecting watchfiles>=0.13 (from uvicorn[standard]>=0.12.0->fastapi==0.111.0->-r requirements.txt (line 7))
Unit Test	Install dependencies	2026-08-21T17:00:37.1898971Z   Downloading watchfiles-1.2.0-cp310-cp310-manylinux_2_17_x86_64.manylinux2014_x86_64.whl.metadata (4.9 kB)
Unit Test	Install dependencies	2026-08-21T17:00:37.3007147Z Collecting websockets>=10.4 (from uvicorn[standard]>=0.12.0->fastapi==0.111.0->-r requirements.txt (line 7))
Unit Test	Install dependencies	2026-08-21T17:00:37.3087583Z   Downloading websockets-16.1.1-cp310-cp310-manylinux1_x86_64.manylinux_2_28_x86_64.manylinux_2_5_x86_64.whl.metadata (6.8 kB)
Unit Test	Install dependencies	2026-08-21T17:00:37.3292578Z Requirement already satisfied: setuptools in /opt/hostedtoolcache/Python/3.10.21/x64/lib/python3.10/site-packages (from zc.lockfile>=1.2.1->dvc==3.50.1->dvc[gs]==3.50.1->-r requirements.txt (line 4)) (79.0.1)
Unit Test	Install dependencies	2026-08-21T17:00:37.3356812Z INFO: pip is looking at multiple versions of fsspec[http] to determine which version is compatible with other requirements. This could take a while.
Unit Test	Install dependencies	2026-08-21T17:00:37.3599885Z Collecting requests-oauthlib>=0.7.0 (from google-auth-oauthlib->gcsfs>=2022.11.0->dvc-gs<4,>=3->dvc[gs]==3.50.1->-r requirements.txt (line 4))
Unit Test	Install dependencies	2026-08-21T17:00:37.3675901Z   Downloading requests_oauthlib-2.0.0-py2.py3-none-any.whl.metadata (11 kB)
Unit Test	Install dependencies	2026-08-21T17:00:37.3869116Z Collecting oauthlib>=3.0.0 (from requests-oauthlib>=0.7.0->google-auth-oauthlib->gcsfs>=2022.11.0->dvc-gs<4,>=3->dvc[gs]==3.50.1->-r requirements.txt (line 4))
Unit Test	Install dependencies	2026-08-21T17:00:37.3955161Z   Downloading oauthlib-3.3.1-py3-none-any.whl.metadata (7.9 kB)
Unit Test	Install dependencies	2026-08-21T17:00:38.0585589Z Collecting grpcio<2.0.0,>=1.59.0 (from google-cloud-storage-control->gcsfs>=2022.11.0->dvc-gs<4,>=3->dvc[gs]==3.50.1->-r requirements.txt (line 4))
Unit Test	Install dependencies	2026-08-21T17:00:38.0668492Z   Downloading grpcio-1.83.0-cp310-cp310-manylinux2014_x86_64.manylinux_2_17_x86_64.whl.metadata (3.7 kB)
Unit Test	Install dependencies	2026-08-21T17:00:38.0726961Z INFO: pip is looking at multiple versions of google-cloud-storage-control to determine which version is compatible with other requirements. This could take a while.
Unit Test	Install dependencies	2026-08-21T17:00:38.0735150Z Collecting google-cloud-storage-control (from gcsfs>=2022.11.0->dvc-gs<4,>=3->dvc[gs]==3.50.1->-r requirements.txt (line 4))
Unit Test	Install dependencies	2026-08-21T17:00:38.0817788Z   Downloading google_cloud_storage_control-1.12.0-py3-none-any.whl.metadata (9.8 kB)
Unit Test	Install dependencies	2026-08-21T17:00:38.1035349Z Collecting grpc-google-iam-v1<1.0.0,>=0.14.0 (from google-cloud-storage-control->gcsfs>=2022.11.0->dvc-gs<4,>=3->dvc[gs]==3.50.1->-r requirements.txt (line 4))
Unit Test	Install dependencies	2026-08-21T17:00:38.1111504Z   Downloading grpc_google_iam_v1-0.14.5-py3-none-any.whl.metadata (8.8 kB)
Unit Test	Install dependencies	2026-08-21T17:00:38.1191053Z INFO: pip is looking at multiple versions of google-api-core[grpc] to determine which version is compatible with other requirements. This could take a while.
Unit Test	Install dependencies	2026-08-21T17:00:38.1718645Z Collecting grpcio-status<2.0.0,>=1.33.2 (from google-api-core[grpc]<3.0.0,>=2.17.1->google-cloud-storage-control->gcsfs>=2022.11.0->dvc-gs<4,>=3->dvc[gs]==3.50.1->-r requirements.txt (line 4))
Unit Test	Install dependencies	2026-08-21T17:00:38.1793870Z   Downloading grpcio_status-1.83.0-py3-none-any.whl.metadata (1.2 kB)
Unit Test	Install dependencies	2026-08-21T17:00:38.1857727Z INFO: pip is looking at multiple versions of grpc-google-iam-v1 to determine which version is compatible with other requirements. This could take a while.
Unit Test	Install dependencies	2026-08-21T17:00:38.1865592Z Collecting grpc-google-iam-v1<1.0.0,>=0.14.0 (from google-cloud-storage-control->gcsfs>=2022.11.0->dvc-gs<4,>=3->dvc[gs]==3.50.1->-r requirements.txt (line 4))
Unit Test	Install dependencies	2026-08-21T17:00:38.1939644Z   Downloading grpc_google_iam_v1-0.14.4-py3-none-any.whl.metadata (9.1 kB)
Unit Test	Install dependencies	2026-08-21T17:00:38.2091415Z INFO: pip is looking at multiple versions of googleapis-common-protos[grpc] to determine which version is compatible with other requirements. This could take a while.
Unit Test	Install dependencies	2026-08-21T17:00:38.2164118Z INFO: pip is looking at multiple versions of grpcio-status to determine which version is compatible with other requirements. This could take a while.
Unit Test	Install dependencies	2026-08-21T17:00:38.2173163Z Collecting grpcio-status<2.0.0,>=1.33.2 (from google-api-core[grpc]<3.0.0,>=2.17.1->google-cloud-storage-control->gcsfs>=2022.11.0->dvc-gs<4,>=3->dvc[gs]==3.50.1->-r requirements.txt (line 4))
Unit Test	Install dependencies	2026-08-21T17:00:38.2250094Z   Downloading grpcio_status-1.82.1-py3-none-any.whl.metadata (1.2 kB)
Unit Test	Install dependencies	2026-08-21T17:00:38.2622039Z   Downloading grpcio_status-1.81.1-py3-none-any.whl.metadata (1.2 kB)
Unit Test	Install dependencies	2026-08-21T17:00:38.2740879Z   Downloading grpcio_status-1.81.0-py3-none-any.whl.metadata (1.2 kB)
Unit Test	Install dependencies	2026-08-21T17:00:38.2849942Z   Downloading grpcio_status-1.80.0-py3-none-any.whl.metadata (1.3 kB)
Unit Test	Install dependencies	2026-08-21T17:00:38.3035694Z   Downloading grpcio_status-1.78.0-py3-none-any.whl.metadata (1.3 kB)
Unit Test	Install dependencies	2026-08-21T17:00:38.3166869Z   Downloading grpcio_status-1.76.0-py3-none-any.whl.metadata (1.1 kB)
Unit Test	Install dependencies	2026-08-21T17:00:38.3318137Z   Downloading grpcio_status-1.75.1-py3-none-any.whl.metadata (1.1 kB)
Unit Test	Install dependencies	2026-08-21T17:00:38.3352454Z INFO: pip is still looking at multiple versions of grpcio-status to determine which version is compatible with other requirements. This could take a while.
Unit Test	Install dependencies	2026-08-21T17:00:38.3436754Z   Downloading grpcio_status-1.75.0-py3-none-any.whl.metadata (1.1 kB)
Unit Test	Install dependencies	2026-08-21T17:00:38.3542797Z   Downloading grpcio_status-1.74.0-py3-none-any.whl.metadata (1.1 kB)
Unit Test	Install dependencies	2026-08-21T17:00:38.3650246Z   Downloading grpcio_status-1.73.1-py3-none-any.whl.metadata (1.1 kB)
Unit Test	Install dependencies	2026-08-21T17:00:38.3844580Z   Downloading grpcio_status-1.73.0-py3-none-any.whl.metadata (1.1 kB)
Unit Test	Install dependencies	2026-08-21T17:00:38.3966097Z   Downloading grpcio_status-1.72.2-py3-none-any.whl.metadata (1.1 kB)
Unit Test	Install dependencies	2026-08-21T17:00:38.4000205Z INFO: This is taking longer than usual. You might need to provide the dependency resolver with stricter constraints to reduce runtime. See https://pip.pypa.io/warnings/backtracking for guidance. If you want to abort this run, press Ctrl + C.
Unit Test	Install dependencies	2026-08-21T17:00:38.4118785Z   Downloading grpcio_status-1.72.1-py3-none-any.whl.metadata (1.1 kB)
Unit Test	Install dependencies	2026-08-21T17:00:38.4234117Z   Downloading grpcio_status-1.71.2-py3-none-any.whl.metadata (1.1 kB)
Unit Test	Install dependencies	2026-08-21T17:00:38.4416307Z   Downloading grpcio_status-1.71.0-py3-none-any.whl.metadata (1.1 kB)
Unit Test	Install dependencies	2026-08-21T17:00:38.4530501Z   Downloading grpcio_status-1.70.0-py3-none-any.whl.metadata (1.1 kB)
Unit Test	Install dependencies	2026-08-21T17:00:38.4645471Z   Downloading grpcio_status-1.69.0-py3-none-any.whl.metadata (1.1 kB)
Unit Test	Install dependencies	2026-08-21T17:00:38.4753529Z   Downloading grpcio_status-1.68.1-py3-none-any.whl.metadata (1.1 kB)
Unit Test	Install dependencies	2026-08-21T17:00:38.4865298Z   Downloading grpcio_status-1.68.0-py3-none-any.whl.metadata (1.1 kB)
Unit Test	Install dependencies	2026-08-21T17:00:38.4975323Z   Downloading grpcio_status-1.67.1-py3-none-any.whl.metadata (1.1 kB)
Unit Test	Install dependencies	2026-08-21T17:00:38.5081828Z   Downloading grpcio_status-1.67.0-py3-none-any.whl.metadata (1.1 kB)
Unit Test	Install dependencies	2026-08-21T17:00:38.5192376Z   Downloading grpcio_status-1.66.2-py3-none-any.whl.metadata (1.1 kB)
Unit Test	Install dependencies	2026-08-21T17:00:38.5305188Z   Downloading grpcio_status-1.66.1-py3-none-any.whl.metadata (1.1 kB)
Unit Test	Install dependencies	2026-08-21T17:00:38.5417927Z   Downloading grpcio_status-1.66.0-py3-none-any.whl.metadata (1.1 kB)
Unit Test	Install dependencies	2026-08-21T17:00:38.5524650Z   Downloading grpcio_status-1.65.5-py3-none-any.whl.metadata (1.1 kB)
Unit Test	Install dependencies	2026-08-21T17:00:38.5637851Z   Downloading grpcio_status-1.65.4-py3-none-any.whl.metadata (1.1 kB)
Unit Test	Install dependencies	2026-08-21T17:00:38.5744961Z   Downloading grpcio_status-1.65.2-py3-none-any.whl.metadata (1.1 kB)
Unit Test	Install dependencies	2026-08-21T17:00:38.5854930Z   Downloading grpcio_status-1.65.1-py3-none-any.whl.metadata (1.1 kB)
Unit Test	Install dependencies	2026-08-21T17:00:38.5963841Z   Downloading grpcio_status-1.64.3-py3-none-any.whl.metadata (1.1 kB)
Unit Test	Install dependencies	2026-08-21T17:00:38.6070142Z   Downloading grpcio_status-1.64.1-py3-none-any.whl.metadata (1.1 kB)
Unit Test	Install dependencies	2026-08-21T17:00:38.6177012Z   Downloading grpcio_status-1.64.0-py3-none-any.whl.metadata (1.1 kB)
Unit Test	Install dependencies	2026-08-21T17:00:38.6294704Z   Downloading grpcio_status-1.63.2-py3-none-any.whl.metadata (1.1 kB)
Unit Test	Install dependencies	2026-08-21T17:00:38.6403699Z   Downloading grpcio_status-1.63.0-py3-none-any.whl.metadata (1.1 kB)
Unit Test	Install dependencies	2026-08-21T17:00:38.6517429Z   Downloading grpcio_status-1.62.3-py3-none-any.whl.metadata (1.3 kB)
Unit Test	Install dependencies	2026-08-21T17:00:38.7014835Z Downloading mlflow-2.13.0-py3-none-any.whl (25.0 MB)
Unit Test	Install dependencies	2026-08-21T17:00:39.0437160Z    ━━━━━━━━━━━━━━━━━━━━━━━━━━━━━━━━━━━━━━━━ 25.0/25.0 MB 76.2 MB/s  0:00:00
Unit Test	Install dependencies	2026-08-21T17:00:39.0558454Z Downloading scikit_learn-1.4.2-cp310-cp310-manylinux_2_17_x86_64.manylinux2014_x86_64.whl (12.1 MB)
Unit Test	Install dependencies	2026-08-21T17:00:39.1268833Z    ━━━━━━━━━━━━━━━━━━━━━━━━━━━━━━━━━━━━━━━━ 12.1/12.1 MB 175.3 MB/s  0:00:00
Unit Test	Install dependencies	2026-08-21T17:00:39.1377767Z Downloading pandas-2.2.2-cp310-cp310-manylinux_2_17_x86_64.manylinux2014_x86_64.whl (13.0 MB)
Unit Test	Install dependencies	2026-08-21T17:00:39.2286237Z    ━━━━━━━━━━━━━━━━━━━━━━━━━━━━━━━━━━━━━━━━ 13.0/13.0 MB 145.4 MB/s  0:00:00
Unit Test	Install dependencies	2026-08-21T17:00:39.2523413Z Downloading PyYAML-6.0.1-cp310-cp310-manylinux_2_17_x86_64.manylinux2014_x86_64.whl (705 kB)
Unit Test	Install dependencies	2026-08-21T17:00:39.2642753Z    ━━━━━━━━━━━━━━━━━━━━━━━━━━━━━━━━━━━━━━━━ 705.5/705.5 kB 46.4 MB/s  0:00:00
Unit Test	Install dependencies	2026-08-21T17:00:39.2722110Z Downloading dvc-3.50.1-py3-none-any.whl (451 kB)
Unit Test	Install dependencies	2026-08-21T17:00:39.2847781Z Downloading pathspec-0.11.2-py3-none-any.whl (29 kB)
Unit Test	Install dependencies	2026-08-21T17:00:39.2941664Z Downloading pytest-8.2.0-py3-none-any.whl (339 kB)
Unit Test	Install dependencies	2026-08-21T17:00:39.3072074Z Downloading fastapi-0.111.0-py3-none-any.whl (91 kB)
Unit Test	Install dependencies	2026-08-21T17:00:39.3196660Z Downloading uvicorn-0.29.0-py3-none-any.whl (60 kB)
Unit Test	Install dependencies	2026-08-21T17:00:39.3324302Z Downloading joblib-1.4.2-py3-none-any.whl (301 kB)
Unit Test	Install dependencies	2026-08-21T17:00:39.3489007Z Downloading google_cloud_storage-2.16.0-py2.py3-none-any.whl (125 kB)
Unit Test	Install dependencies	2026-08-21T17:00:39.3780417Z Downloading alembic-1.19.1-py3-none-any.whl (265 kB)
Unit Test	Install dependencies	2026-08-21T17:00:39.3983906Z Downloading cachetools-5.5.2-py3-none-any.whl (10 kB)
Unit Test	Install dependencies	2026-08-21T17:00:39.4785511Z Downloading click-8.4.2-py3-none-any.whl (119 kB)
Unit Test	Install dependencies	2026-08-21T17:00:39.4881658Z Downloading cloudpickle-3.1.2-py3-none-any.whl (22 kB)
Unit Test	Install dependencies	2026-08-21T17:00:39.4973642Z Downloading docker-7.2.0-py3-none-any.whl (148 kB)
Unit Test	Install dependencies	2026-08-21T17:00:39.5067839Z Downloading dpath-2.2.0-py3-none-any.whl (17 kB)
Unit Test	Install dependencies	2026-08-21T17:00:39.5172946Z Downloading dvc_data-3.15.2-py3-none-any.whl (71 kB)
Unit Test	Install dependencies	2026-08-21T17:00:39.5276542Z Downloading dvc_gs-3.1.0-py3-none-any.whl (11 kB)
Unit Test	Install dependencies	2026-08-21T17:00:39.5369825Z Downloading dvc_objects-5.2.0-py3-none-any.whl (33 kB)
Unit Test	Install dependencies	2026-08-21T17:00:39.5461669Z Downloading dvc_render-1.0.2-py3-none-any.whl (22 kB)
Unit Test	Install dependencies	2026-08-21T17:00:39.5553300Z Downloading dvc_studio_client-0.23.0-py3-none-any.whl (16 kB)
Unit Test	Install dependencies	2026-08-21T17:00:39.5649202Z Downloading dvc_task-0.40.2-py3-none-any.whl (21 kB)
Unit Test	Install dependencies	2026-08-21T17:00:39.5747713Z Downloading celery-5.6.3-py3-none-any.whl (451 kB)
Unit Test	Install dependencies	2026-08-21T17:00:39.5849264Z Downloading billiard-4.2.4-py3-none-any.whl (87 kB)
Unit Test	Install dependencies	2026-08-21T17:00:39.5944689Z Downloading entrypoints-0.4-py3-none-any.whl (5.3 kB)
Unit Test	Install dependencies	2026-08-21T17:00:39.6044817Z Downloading flask-3.1.3-py3-none-any.whl (103 kB)
Unit Test	Install dependencies	2026-08-21T17:00:39.6138361Z Downloading flatten_dict-0.5.0-py3-none-any.whl (9.9 kB)
Unit Test	Install dependencies	2026-08-21T17:00:39.6238425Z Downloading flufl.lock-7.1.1-py3-none-any.whl (11 kB)
Unit Test	Install dependencies	2026-08-21T17:00:39.6331915Z Downloading gitpython-3.1.59-py3-none-any.whl (220 kB)
Unit Test	Install dependencies	2026-08-21T17:00:39.6430290Z Downloading gitdb-4.0.12-py3-none-any.whl (62 kB)
Unit Test	Install dependencies	2026-08-21T17:00:39.6525503Z Downloading google_api_core-2.30.3-py3-none-any.whl (173 kB)
Unit Test	Install dependencies	2026-08-21T17:00:39.6624760Z Downloading google_auth-2.56.3-py3-none-any.whl (259 kB)
Unit Test	Install dependencies	2026-08-21T17:00:39.6724067Z Downloading google_cloud_core-2.6.1-py3-none-any.whl (29 kB)
Unit Test	Install dependencies	2026-08-21T17:00:39.6815208Z Downloading google_crc32c-1.8.0-cp310-cp310-manylinux1_x86_64.manylinux2014_x86_64.manylinux_2_17_x86_64.manylinux_2_5_x86_64.whl (33 kB)
Unit Test	Install dependencies	2026-08-21T17:00:39.6906088Z Downloading googleapis_common_protos-1.75.0-py3-none-any.whl (300 kB)
Unit Test	Install dependencies	2026-08-21T17:00:39.7004499Z Downloading grandalf-0.8-py3-none-any.whl (41 kB)
Unit Test	Install dependencies	2026-08-21T17:00:39.7097457Z Downloading graphene-3.4.3-py2.py3-none-any.whl (114 kB)
Unit Test	Install dependencies	2026-08-21T17:00:39.7206592Z Downloading graphql_core-3.2.11-py3-none-any.whl (214 kB)
Unit Test	Install dependencies	2026-08-21T17:00:39.7309276Z Downloading graphql_relay-3.2.0-py3-none-any.whl (16 kB)
Unit Test	Install dependencies	2026-08-21T17:00:39.7399171Z Downloading gto-1.10.1-py3-none-any.whl (45 kB)
Unit Test	Install dependencies	2026-08-21T17:00:39.7490669Z Downloading gunicorn-22.0.0-py3-none-any.whl (84 kB)
Unit Test	Install dependencies	2026-08-21T17:00:39.7599037Z Downloading importlib_metadata-7.2.1-py3-none-any.whl (25 kB)
Unit Test	Install dependencies	2026-08-21T17:00:39.7692996Z Downloading jinja2-3.1.6-py3-none-any.whl (134 kB)
Unit Test	Install dependencies	2026-08-21T17:00:39.7786633Z Downloading kombu-5.6.2-py3-none-any.whl (214 kB)
Unit Test	Install dependencies	2026-08-21T17:00:39.7882376Z Downloading vine-5.1.0-py3-none-any.whl (9.6 kB)
Unit Test	Install dependencies	2026-08-21T17:00:39.7984875Z Downloading amqp-5.3.1-py3-none-any.whl (50 kB)
Unit Test	Install dependencies	2026-08-21T17:00:39.8084904Z Downloading markdown-3.10.3-py3-none-any.whl (110 kB)
Unit Test	Install dependencies	2026-08-21T17:00:39.8186479Z Downloading matplotlib-3.10.9-cp310-cp310-manylinux2014_x86_64.manylinux_2_17_x86_64.whl (8.8 MB)
Unit Test	Install dependencies	2026-08-21T17:00:39.8543150Z    ━━━━━━━━━━━━━━━━━━━━━━━━━━━━━━━━━━━━━━━━ 8.8/8.8 MB 266.0 MB/s  0:00:00
Unit Test	Install dependencies	2026-08-21T17:00:39.8630143Z Downloading numpy-1.26.4-cp310-cp310-manylinux_2_17_x86_64.manylinux2014_x86_64.whl (18.2 MB)
Unit Test	Install dependencies	2026-08-21T17:00:39.9852985Z    ━━━━━━━━━━━━━━━━━━━━━━━━━━━━━━━━━━━━━━━━ 18.2/18.2 MB 150.7 MB/s  0:00:00
Unit Test	Install dependencies	2026-08-21T17:00:39.9929214Z Downloading opentelemetry_api-1.44.0-py3-none-any.whl (60 kB)
Unit Test	Install dependencies	2026-08-21T17:00:40.0029751Z Downloading opentelemetry_sdk-1.44.0-py3-none-any.whl (137 kB)
Unit Test	Install dependencies	2026-08-21T17:00:40.0128217Z Downloading opentelemetry_semantic_conventions-0.65b0-py3-none-any.whl (204 kB)
Unit Test	Install dependencies	2026-08-21T17:00:40.0225030Z Downloading packaging-24.2-py3-none-any.whl (65 kB)
Unit Test	Install dependencies	2026-08-21T17:00:40.0317435Z Downloading platformdirs-3.11.0-py3-none-any.whl (17 kB)
Unit Test	Install dependencies	2026-08-21T17:00:40.0414340Z Downloading pluggy-1.6.0-py3-none-any.whl (20 kB)
Unit Test	Install dependencies	2026-08-21T17:00:40.0509024Z Downloading proto_plus-1.28.2-py3-none-any.whl (50 kB)
Unit Test	Install dependencies	2026-08-21T17:00:40.0607180Z Downloading protobuf-4.25.9-cp37-abi3-manylinux2014_x86_64.whl (295 kB)
Unit Test	Install dependencies	2026-08-21T17:00:40.0768474Z Downloading pyarrow-15.0.2-cp310-cp310-manylinux_2_28_x86_64.whl (38.3 MB)
Unit Test	Install dependencies	2026-08-21T17:00:40.3457244Z    ━━━━━━━━━━━━━━━━━━━━━━━━━━━━━━━━━━━━━━━━ 38.3/38.3 MB 143.1 MB/s  0:00:00
Unit Test	Install dependencies	2026-08-21T17:00:40.3533547Z Downloading pydantic-2.13.4-py3-none-any.whl (472 kB)
Unit Test	Install dependencies	2026-08-21T17:00:40.3640930Z Downloading pydantic_core-2.46.4-cp310-cp310-manylinux_2_17_x86_64.manylinux2014_x86_64.whl (2.1 MB)
Unit Test	Install dependencies	2026-08-21T17:00:40.3726790Z    ━━━━━━━━━━━━━━━━━━━━━━━━━━━━━━━━━━━━━━━━ 2.1/2.1 MB 296.0 MB/s  0:00:00
Unit Test	Install dependencies	2026-08-21T17:00:40.3799295Z Downloading python_dateutil-2.9.0.post0-py2.py3-none-any.whl (229 kB)
Unit Test	Install dependencies	2026-08-21T17:00:40.3900961Z Downloading pytz-2024.2-py2.py3-none-any.whl (508 kB)
Unit Test	Install dependencies	2026-08-21T17:00:40.4005425Z Downloading querystring_parser-1.2.4-py2.py3-none-any.whl (7.9 kB)
Unit Test	Install dependencies	2026-08-21T17:00:40.4096601Z Downloading requests-2.34.2-py3-none-any.whl (73 kB)
Unit Test	Install dependencies	2026-08-21T17:00:40.4189514Z Downloading charset_normalizer-3.5.1-cp310-cp310-manylinux2014_x86_64.manylinux_2_17_x86_64.manylinux_2_28_x86_64.whl (261 kB)
Unit Test	Install dependencies	2026-08-21T17:00:40.4312882Z Downloading idna-3.19-py3-none-any.whl (68 kB)
Unit Test	Install dependencies	2026-08-21T17:00:40.4404099Z Downloading scipy-1.15.3-cp310-cp310-manylinux_2_17_x86_64.manylinux2014_x86_64.whl (37.7 MB)
Unit Test	Install dependencies	2026-08-21T17:00:40.5563541Z    ━━━━━━━━━━━━━━━━━━━━━━━━━━━━━━━━━━━━━━━━ 37.7/37.7 MB 331.3 MB/s  0:00:00
Unit Test	Install dependencies	2026-08-21T17:00:40.5639826Z Downloading scmrepo-3.6.2-py3-none-any.whl (74 kB)
Unit Test	Install dependencies	2026-08-21T17:00:40.5740474Z Downloading asyncssh-2.24.0-py3-none-any.whl (381 kB)
Unit Test	Install dependencies	2026-08-21T17:00:40.5904035Z Downloading dulwich-1.2.12-cp310-cp310-manylinux_2_28_x86_64.whl (1.5 MB)
Unit Test	Install dependencies	2026-08-21T17:00:40.5995077Z    ━━━━━━━━━━━━━━━━━━━━━━━━━━━━━━━━━━━━━━━━ 1.5/1.5 MB 180.7 MB/s  0:00:00
Unit Test	Install dependencies	2026-08-21T17:00:40.6087435Z Downloading shtab-1.11.0-py3-none-any.whl (17 kB)
Unit Test	Install dependencies	2026-08-21T17:00:40.6178383Z Downloading smmap-5.0.3-py3-none-any.whl (24 kB)
Unit Test	Install dependencies	2026-08-21T17:00:40.6272939Z Downloading sqlalchemy-2.0.52-cp310-cp310-manylinux2014_x86_64.manylinux_2_17_x86_64.manylinux_2_28_x86_64.whl (3.3 MB)
Unit Test	Install dependencies	2026-08-21T17:00:40.6551233Z    ━━━━━━━━━━━━━━━━━━━━━━━━━━━━━━━━━━━━━━━━ 3.3/3.3 MB 118.4 MB/s  0:00:00
Unit Test	Install dependencies	2026-08-21T17:00:40.6628984Z Downloading sqlparse-0.6.0-py3-none-any.whl (50 kB)
Unit Test	Install dependencies	2026-08-21T17:00:40.6724821Z Downloading sqltrie-0.11.2-py3-none-any.whl (17 kB)
Unit Test	Install dependencies	2026-08-21T17:00:40.6839279Z Downloading starlette-0.37.2-py3-none-any.whl (71 kB)
Unit Test	Install dependencies	2026-08-21T17:00:40.6930039Z Downloading anyio-4.14.2-py3-none-any.whl (125 kB)
Unit Test	Install dependencies	2026-08-21T17:00:40.7023106Z Downloading tqdm-4.70.0-py3-none-any.whl (80 kB)
Unit Test	Install dependencies	2026-08-21T17:00:40.7123554Z Downloading typing_extensions-4.16.0-py3-none-any.whl (45 kB)
Unit Test	Install dependencies	2026-08-21T17:00:40.7217733Z Downloading urllib3-2.7.0-py3-none-any.whl (131 kB)
Unit Test	Install dependencies	2026-08-21T17:00:40.7317300Z Downloading aiohttp_retry-2.9.1-py3-none-any.whl (10.0 kB)
Unit Test	Install dependencies	2026-08-21T17:00:40.7416117Z Downloading annotated_types-0.8.0-py3-none-any.whl (13 kB)
Unit Test	Install dependencies	2026-08-21T17:00:40.7510629Z Downloading atpublic-7.0.0-py3-none-any.whl (6.4 kB)
Unit Test	Install dependencies	2026-08-21T17:00:40.7618497Z Downloading attrs-26.1.0-py3-none-any.whl (67 kB)
Unit Test	Install dependencies	2026-08-21T17:00:40.7715902Z Downloading blinker-1.9.0-py3-none-any.whl (8.5 kB)
Unit Test	Install dependencies	2026-08-21T17:00:40.7806238Z Downloading certifi-2026.7.22-py3-none-any.whl (136 kB)
Unit Test	Install dependencies	2026-08-21T17:00:40.7897149Z Downloading click_didyoumean-0.3.1-py3-none-any.whl (3.6 kB)
Unit Test	Install dependencies	2026-08-21T17:00:40.7984851Z Downloading click_plugins-1.1.1.2-py2.py3-none-any.whl (11 kB)
Unit Test	Install dependencies	2026-08-21T17:00:40.8074068Z Downloading click_repl-0.3.0-py3-none-any.whl (10 kB)
Unit Test	Install dependencies	2026-08-21T17:00:40.8186544Z Downloading colorama-0.4.6-py2.py3-none-any.whl (25 kB)
Unit Test	Install dependencies	2026-08-21T17:00:40.8282411Z Downloading configobj-5.0.9-py2.py3-none-any.whl (35 kB)
Unit Test	Install dependencies	2026-08-21T17:00:40.8377934Z Downloading contourpy-1.3.2-cp310-cp310-manylinux_2_17_x86_64.manylinux2014_x86_64.whl (325 kB)
Unit Test	Install dependencies	2026-08-21T17:00:40.8511987Z Downloading cryptography-50.0.0-cp39-abi3-manylinux_2_34_x86_64.whl (4.8 MB)
Unit Test	Install dependencies	2026-08-21T17:00:40.8659451Z    ━━━━━━━━━━━━━━━━━━━━━━━━━━━━━━━━━━━━━━━━ 4.8/4.8 MB 366.7 MB/s  0:00:00
Unit Test	Install dependencies	2026-08-21T17:00:40.8742780Z Downloading cffi-2.1.1-cp310-cp310-manylinux2014_x86_64.manylinux_2_17_x86_64.whl (218 kB)
Unit Test	Install dependencies	2026-08-21T17:00:40.8838577Z Downloading cycler-0.12.1-py3-none-any.whl (8.3 kB)
Unit Test	Install dependencies	2026-08-21T17:00:40.8930145Z Downloading dictdiffer-0.10.0-py3-none-any.whl (16 kB)
Unit Test	Install dependencies	2026-08-21T17:00:40.9034260Z Downloading diskcache-5.6.3-py3-none-any.whl (45 kB)
Unit Test	Install dependencies	2026-08-21T17:00:40.9126503Z Downloading distro-1.9.0-py3-none-any.whl (20 kB)
Unit Test	Install dependencies	2026-08-21T17:00:40.9218429Z Downloading dvc_http-2.32.0-py3-none-any.whl (12 kB)
Unit Test	Install dependencies	2026-08-21T17:00:40.9328260Z Downloading email_validator-2.3.0-py3-none-any.whl (35 kB)
Unit Test	Install dependencies	2026-08-21T17:00:40.9417017Z Downloading dnspython-2.8.0-py3-none-any.whl (331 kB)
Unit Test	Install dependencies	2026-08-21T17:00:40.9515500Z Downloading exceptiongroup-1.3.1-py3-none-any.whl (16 kB)
Unit Test	Install dependencies	2026-08-21T17:00:40.9605188Z Downloading fastapi_cli-0.0.32-py3-none-any.whl (14 kB)
Unit Test	Install dependencies	2026-08-21T17:00:40.9696930Z Downloading fonttools-4.63.0-cp310-cp310-manylinux2014_x86_64.manylinux_2_17_x86_64.whl (4.9 MB)
Unit Test	Install dependencies	2026-08-21T17:00:40.9901746Z    ━━━━━━━━━━━━━━━━━━━━━━━━━━━━━━━━━━━━━━━━ 4.9/4.9 MB 260.7 MB/s  0:00:00
Unit Test	Install dependencies	2026-08-21T17:00:40.9980424Z Downloading gcsfs-2025.12.0-py3-none-any.whl (41 kB)
Unit Test	Install dependencies	2026-08-21T17:00:41.0084954Z Downloading fsspec-2025.12.0-py3-none-any.whl (201 kB)
Unit Test	Install dependencies	2026-08-21T17:00:41.0207785Z Downloading aiohttp-3.14.3-cp310-cp310-manylinux2014_x86_64.manylinux_2_17_x86_64.manylinux_2_28_x86_64.whl (1.7 MB)
Unit Test	Install dependencies	2026-08-21T17:00:41.0283813Z    ━━━━━━━━━━━━━━━━━━━━━━━━━━━━━━━━━━━━━━━━ 1.7/1.7 MB 288.1 MB/s  0:00:00
Unit Test	Install dependencies	2026-08-21T17:00:41.0356197Z Downloading async_timeout-5.0.1-py3-none-any.whl (6.2 kB)
Unit Test	Install dependencies	2026-08-21T17:00:41.0445637Z Downloading multidict-6.7.1-cp310-cp310-manylinux2014_x86_64.manylinux_2_17_x86_64.manylinux_2_28_x86_64.whl (243 kB)
Unit Test	Install dependencies	2026-08-21T17:00:41.0542145Z Downloading yarl-1.24.5-cp310-cp310-manylinux2014_x86_64.manylinux_2_17_x86_64.manylinux_2_28_x86_64.whl (110 kB)
Unit Test	Install dependencies	2026-08-21T17:00:41.0634408Z Downloading aiohappyeyeballs-2.7.1-py3-none-any.whl (15 kB)
Unit Test	Install dependencies	2026-08-21T17:00:41.0727049Z Downloading aiosignal-1.4.0-py3-none-any.whl (7.5 kB)
Unit Test	Install dependencies	2026-08-21T17:00:41.0827774Z Downloading decorator-5.3.1-py3-none-any.whl (10 kB)
Unit Test	Install dependencies	2026-08-21T17:00:41.0919182Z Downloading frozenlist-1.8.0-cp310-cp310-manylinux1_x86_64.manylinux_2_28_x86_64.manylinux_2_5_x86_64.whl (219 kB)
Unit Test	Install dependencies	2026-08-21T17:00:41.1016365Z Downloading funcy-2.0-py2.py3-none-any.whl (30 kB)
Unit Test	Install dependencies	2026-08-21T17:00:41.1115942Z Downloading google_resumable_media-2.10.1-py3-none-any.whl (81 kB)
Unit Test	Install dependencies	2026-08-21T17:00:41.1212128Z Downloading greenlet-3.5.5-cp310-cp310-manylinux_2_24_x86_64.manylinux_2_28_x86_64.whl (622 kB)
Unit Test	Install dependencies	2026-08-21T17:00:41.1261051Z    ━━━━━━━━━━━━━━━━━━━━━━━━━━━━━━━━━━━━━━━━ 622.8/622.8 kB 142.2 MB/s  0:00:00
Unit Test	Install dependencies	2026-08-21T17:00:41.1349606Z Downloading h11-0.16.0-py3-none-any.whl (37 kB)
Unit Test	Install dependencies	2026-08-21T17:00:41.1445292Z Downloading httpx-0.28.1-py3-none-any.whl (73 kB)
Unit Test	Install dependencies	2026-08-21T17:00:41.1545595Z Downloading httpcore-1.0.9-py3-none-any.whl (78 kB)
Unit Test	Install dependencies	2026-08-21T17:00:41.1645301Z Downloading hydra_core-1.3.5-py3-none-any.whl (155 kB)
Unit Test	Install dependencies	2026-08-21T17:00:41.1747985Z Downloading omegaconf-2.3.1-py3-none-any.whl (79 kB)
Unit Test	Install dependencies	2026-08-21T17:00:41.1843609Z Downloading iterative_telemetry-0.0.10-py3-none-any.whl (10 kB)
Unit Test	Install dependencies	2026-08-21T17:00:41.1961542Z Downloading itsdangerous-2.2.0-py3-none-any.whl (16 kB)
Unit Test	Install dependencies	2026-08-21T17:00:41.2055355Z Downloading kiwisolver-1.5.0-cp310-cp310-manylinux_2_12_x86_64.manylinux2010_x86_64.whl (1.6 MB)
Unit Test	Install dependencies	2026-08-21T17:00:41.2154352Z    ━━━━━━━━━━━━━━━━━━━━━━━━━━━━━━━━━━━━━━━━ 1.6/1.6 MB 182.2 MB/s  0:00:00
Unit Test	Install dependencies	2026-08-21T17:00:41.2440411Z Downloading markupsafe-3.0.3-cp310-cp310-manylinux2014_x86_64.manylinux_2_17_x86_64.manylinux_2_28_x86_64.whl (20 kB)
Unit Test	Install dependencies	2026-08-21T17:00:41.2540232Z Downloading networkx-3.4.2-py3-none-any.whl (1.7 MB)
Unit Test	Install dependencies	2026-08-21T17:00:41.2614875Z    ━━━━━━━━━━━━━━━━━━━━━━━━━━━━━━━━━━━━━━━━ 1.7/1.7 MB 284.8 MB/s  0:00:00
Unit Test	Install dependencies	2026-08-21T17:00:41.2703266Z Downloading orjson-3.12.0-cp310-cp310-manylinux_2_17_x86_64.manylinux2014_x86_64.whl (131 kB)
Unit Test	Install dependencies	2026-08-21T17:00:41.2809059Z Downloading pillow-12.3.0-cp310-cp310-manylinux_2_27_x86_64.manylinux_2_28_x86_64.whl (6.9 MB)
Unit Test	Install dependencies	2026-08-21T17:00:41.3130710Z    ━━━━━━━━━━━━━━━━━━━━━━━━━━━━━━━━━━━━━━━━ 6.9/6.9 MB 225.2 MB/s  0:00:00
Unit Test	Install dependencies	2026-08-21T17:00:41.3204831Z Downloading prompt_toolkit-3.0.53-py3-none-any.whl (392 kB)
Unit Test	Install dependencies	2026-08-21T17:00:41.3307042Z Downloading propcache-0.5.2-cp310-cp310-manylinux2014_x86_64.manylinux_2_17_x86_64.manylinux_2_28_x86_64.whl (60 kB)
Unit Test	Install dependencies	2026-08-21T17:00:41.3404480Z Downloading psutil-7.2.2-cp36-abi3-manylinux2010_x86_64.manylinux_2_12_x86_64.manylinux_2_28_x86_64.whl (155 kB)
Unit Test	Install dependencies	2026-08-21T17:00:41.3501264Z Downloading pyasn1_modules-0.4.2-py3-none-any.whl (181 kB)
Unit Test	Install dependencies	2026-08-21T17:00:41.3608434Z Downloading pyasn1-0.6.4-py3-none-any.whl (84 kB)
Unit Test	Install dependencies	2026-08-21T17:00:41.3703709Z Downloading pydantic_settings-2.15.0-py3-none-any.whl (69 kB)
Unit Test	Install dependencies	2026-08-21T17:00:41.3795212Z Downloading pydot-4.0.1-py3-none-any.whl (37 kB)
Unit Test	Install dependencies	2026-08-21T17:00:41.3918775Z Downloading pygit2-1.18.2-cp310-cp310-manylinux_2_26_x86_64.manylinux_2_28_x86_64.whl (5.5 MB)
Unit Test	Install dependencies	2026-08-21T17:00:41.4296303Z    ━━━━━━━━━━━━━━━━━━━━━━━━━━━━━━━━━━━━━━━━ 5.5/5.5 MB 150.0 MB/s  0:00:00
Unit Test	Install dependencies	2026-08-21T17:00:41.4372581Z Downloading pygtrie-2.5.0-py3-none-any.whl (25 kB)
Unit Test	Install dependencies	2026-08-21T17:00:41.4470790Z Downloading pyparsing-3.3.2-py3-none-any.whl (122 kB)
Unit Test	Install dependencies	2026-08-21T17:00:41.4562418Z Downloading python_dotenv-1.2.3-py3-none-any.whl (22 kB)
Unit Test	Install dependencies	2026-08-21T17:00:41.4658953Z Downloading python_multipart-0.0.32-py3-none-any.whl (30 kB)
Unit Test	Install dependencies	2026-08-21T17:00:41.4750704Z Downloading rich-15.0.0-py3-none-any.whl (310 kB)
Unit Test	Install dependencies	2026-08-21T17:00:41.4852024Z Downloading pygments-2.21.0-py3-none-any.whl (1.3 MB)
Unit Test	Install dependencies	2026-08-21T17:00:41.4916064Z    ━━━━━━━━━━━━━━━━━━━━━━━━━━━━━━━━━━━━━━━━ 1.3/1.3 MB 253.2 MB/s  0:00:00
Unit Test	Install dependencies	2026-08-21T17:00:41.4998203Z Downloading markdown_it_py-4.2.0-py3-none-any.whl (91 kB)
Unit Test	Install dependencies	2026-08-21T17:00:41.5092212Z Downloading mdurl-0.1.2-py3-none-any.whl (10.0 kB)
Unit Test	Install dependencies	2026-08-21T17:00:41.5185214Z Downloading rich_toolkit-0.20.3-py3-none-any.whl (36 kB)
Unit Test	Install dependencies	2026-08-21T17:00:41.5306524Z Downloading ruamel_yaml-0.19.1-py3-none-any.whl (118 kB)
Unit Test	Install dependencies	2026-08-21T17:00:41.5404838Z Downloading semver-3.0.4-py3-none-any.whl (17 kB)
Unit Test	Install dependencies	2026-08-21T17:00:41.5493624Z Downloading shortuuid-1.0.13-py3-none-any.whl (10 kB)
Unit Test	Install dependencies	2026-08-21T17:00:41.5581915Z Downloading six-1.17.0-py2.py3-none-any.whl (11 kB)
Unit Test	Install dependencies	2026-08-21T17:00:41.5682678Z Downloading tabulate-0.10.0-py3-none-any.whl (39 kB)
Unit Test	Install dependencies	2026-08-21T17:00:41.5780731Z Downloading threadpoolctl-3.6.0-py3-none-any.whl (18 kB)
Unit Test	Install dependencies	2026-08-21T17:00:41.5875353Z Downloading tomli-2.4.1-py3-none-any.whl (14 kB)
Unit Test	Install dependencies	2026-08-21T17:00:41.5968755Z Downloading tomlkit-0.15.1-py3-none-any.whl (49 kB)
Unit Test	Install dependencies	2026-08-21T17:00:41.6057445Z Downloading typer-0.27.1-py3-none-any.whl (122 kB)
Unit Test	Install dependencies	2026-08-21T17:00:41.6150031Z Downloading annotated_doc-0.0.5-py3-none-any.whl (5.3 kB)
Unit Test	Install dependencies	2026-08-21T17:00:41.6237668Z Downloading shellingham-1.5.4-py2.py3-none-any.whl (9.8 kB)
Unit Test	Install dependencies	2026-08-21T17:00:41.6327427Z Downloading typing_inspection-0.4.4-py3-none-any.whl (14 kB)
Unit Test	Install dependencies	2026-08-21T17:00:41.6418419Z Downloading tzdata-2026.3-py2.py3-none-any.whl (348 kB)
Unit Test	Install dependencies	2026-08-21T17:00:41.6520278Z Downloading ujson-5.13.0-cp310-cp310-manylinux_2_24_x86_64.manylinux_2_28_x86_64.whl (57 kB)
Unit Test	Install dependencies	2026-08-21T17:00:41.6616209Z Downloading httptools-0.8.0-cp310-cp310-manylinux1_x86_64.manylinux_2_28_x86_64.manylinux_2_5_x86_64.whl (450 kB)
Unit Test	Install dependencies	2026-08-21T17:00:41.6738505Z Downloading uvloop-0.22.1-cp310-cp310-manylinux2014_x86_64.manylinux_2_17_x86_64.manylinux_2_28_x86_64.whl (3.7 MB)
Unit Test	Install dependencies	2026-08-21T17:00:41.6866256Z    ━━━━━━━━━━━━━━━━━━━━━━━━━━━━━━━━━━━━━━━━ 3.7/3.7 MB 354.5 MB/s  0:00:00
Unit Test	Install dependencies	2026-08-21T17:00:41.6944420Z Downloading voluptuous-0.16.0-py3-none-any.whl (31 kB)
Unit Test	Install dependencies	2026-08-21T17:00:41.7035624Z Downloading watchfiles-1.2.0-cp310-cp310-manylinux_2_17_x86_64.manylinux2014_x86_64.whl (457 kB)
Unit Test	Install dependencies	2026-08-21T17:00:41.7154662Z Downloading wcwidth-0.8.2-py3-none-any.whl (323 kB)
Unit Test	Install dependencies	2026-08-21T17:00:41.7252913Z Downloading websockets-16.1.1-cp310-cp310-manylinux1_x86_64.manylinux_2_28_x86_64.manylinux_2_5_x86_64.whl (186 kB)
Unit Test	Install dependencies	2026-08-21T17:00:41.7345911Z Downloading werkzeug-3.1.8-py3-none-any.whl (226 kB)
Unit Test	Install dependencies	2026-08-21T17:00:41.7443081Z Downloading zc_lockfile-4.0-py3-none-any.whl (9.1 kB)
Unit Test	Install dependencies	2026-08-21T17:00:41.7531899Z Downloading zipp-4.1.0-py3-none-any.whl (10 kB)
Unit Test	Install dependencies	2026-08-21T17:00:41.7626907Z Downloading appdirs-1.4.4-py2.py3-none-any.whl (9.6 kB)
Unit Test	Install dependencies	2026-08-21T17:00:41.7721885Z Downloading filelock-3.32.3-py3-none-any.whl (98 kB)
Unit Test	Install dependencies	2026-08-21T17:00:41.7813710Z Downloading google_auth_oauthlib-1.4.0-py3-none-any.whl (19 kB)
Unit Test	Install dependencies	2026-08-21T17:00:41.7901947Z Downloading requests_oauthlib-2.0.0-py2.py3-none-any.whl (24 kB)
Unit Test	Install dependencies	2026-08-21T17:00:41.8000039Z Downloading oauthlib-3.3.1-py3-none-any.whl (160 kB)
Unit Test	Install dependencies	2026-08-21T17:00:41.8092561Z Downloading google_cloud_storage_control-1.12.0-py3-none-any.whl (102 kB)
Unit Test	Install dependencies	2026-08-21T17:00:41.8184406Z Downloading grpc_google_iam_v1-0.14.4-py3-none-any.whl (32 kB)
Unit Test	Install dependencies	2026-08-21T17:00:41.8281011Z Downloading grpcio-1.83.0-cp310-cp310-manylinux2014_x86_64.manylinux_2_17_x86_64.whl (7.1 MB)
Unit Test	Install dependencies	2026-08-21T17:00:41.8495590Z    ━━━━━━━━━━━━━━━━━━━━━━━━━━━━━━━━━━━━━━━━ 7.1/7.1 MB 361.1 MB/s  0:00:00
Unit Test	Install dependencies	2026-08-21T17:00:41.8568358Z Downloading grpcio_status-1.62.3-py3-none-any.whl (14 kB)
Unit Test	Install dependencies	2026-08-21T17:00:41.8663039Z Downloading iniconfig-2.3.0-py3-none-any.whl (7.5 kB)
Unit Test	Install dependencies	2026-08-21T17:00:41.8758382Z Downloading mako-1.4.1-py3-none-any.whl (80 kB)
Unit Test	Install dependencies	2026-08-21T17:00:41.8860124Z Downloading pycparser-3.0-py3-none-any.whl (48 kB)
Unit Test	Install dependencies	2026-08-21T17:00:41.8960782Z Downloading tzlocal-5.4.4-py3-none-any.whl (18 kB)
Unit Test	Install dependencies	2026-08-21T17:00:42.8030924Z Building wheels for collected packages: antlr4-python3-runtime
Unit Test	Install dependencies	2026-08-21T17:00:42.8040361Z   Building wheel for antlr4-python3-runtime (pyproject.toml): started
Unit Test	Install dependencies	2026-08-21T17:00:43.0500162Z   Building wheel for antlr4-python3-runtime (pyproject.toml): finished with status 'done'
Unit Test	Install dependencies	2026-08-21T17:00:43.0507162Z   Created wheel for antlr4-python3-runtime: filename=antlr4_python3_runtime-4.9.3-py3-none-any.whl size=144590 sha256=05c1fb35292228b3e8892b8aab68d19584f710fbc30349da9db81d04c4625555
Unit Test	Install dependencies	2026-08-21T17:00:43.0508551Z   Stored in directory: /home/runner/.cache/pip/wheels/12/93/dd/1f6a127edc45659556564c5730f6d4e300888f4bca2d4c5a88
Unit Test	Install dependencies	2026-08-21T17:00:43.0525953Z Successfully built antlr4-python3-runtime
Unit Test	Install dependencies	2026-08-21T17:00:43.4876618Z Installing collected packages: pytz, pygtrie, funcy, appdirs, antlr4-python3-runtime, zipp, zc.lockfile, websockets, wcwidth, voluptuous, vine, uvloop, urllib3, ujson, tzlocal, tzdata, typing-extensions, tqdm, tomlkit, tomli, threadpoolctl, tabulate, sqlparse, smmap, six, shtab, shortuuid, shellingham, semver, ruamel.yaml, pyyaml, python-multipart, python-dotenv, pyparsing, pygments, pycparser, pyasn1, psutil, protobuf, propcache, pluggy, platformdirs, pillow, pathspec, packaging, orjson, oauthlib, numpy, networkx, mdurl, markupsafe, markdown, kiwisolver, joblib, itsdangerous, iniconfig, idna, httptools, h11, greenlet, graphql-core, google-crc32c, fsspec, frozenlist, fonttools, flatten-dict, filelock, entrypoints, dvc-render, dpath, dnspython, distro, diskcache, dictdiffer, decorator, cycler, configobj, colorama, cloudpickle, click, charset_normalizer, certifi, cachetools, blinker, billiard, attrs, atpublic, async-timeout, annotated-types, annotated-doc, aiohappyeyeballs, werkzeug, uvicorn, typing-inspection, sqltrie, sqlalchemy, scipy, requests, querystring-parser, python-dateutil, pydot, pydantic-core, pyasn1-modules, pyarrow, proto-plus, prompt-toolkit, opentelemetry-api, omegaconf, multidict, markdown-it-py, Mako, Jinja2, importlib-metadata, httpcore, gunicorn, grpcio, graphql-relay, grandalf, googleapis-common-protos, google-resumable-media, gitdb, flufl.lock, exceptiongroup, email_validator, dvc-objects, dulwich, contourpy, click-plugins, click-didyoumean, cffi, amqp, aiosignal, yarl, scikit-learn, rich, requests-oauthlib, pytest, pygit2, pydantic, pandas, opentelemetry-semantic-conventions, matplotlib, kombu, iterative-telemetry, hydra-core, grpcio-status, graphene, gitpython, Flask, dvc-studio-client, dvc-data, docker, cryptography, click-repl, anyio, alembic, watchfiles, typer, starlette, rich-toolkit, pydantic-settings, opentelemetry-sdk, httpx, grpc-google-iam-v1, google-auth, celery, asyncssh, aiohttp, mlflow, google-auth-oauthlib, google-api-core, dvc-task, aiohttp-retry, scmrepo, google-cloud-core, fastapi-cli, dvc-http, gto, google-cloud-storage-control, google-cloud-storage, fastapi, gcsfs, dvc, dvc-gs
Unit Test	Install dependencies	2026-08-21T17:01:11.9539592Z 
Unit Test	Install dependencies	2026-08-21T17:01:11.9746231Z Successfully installed Flask-3.1.3 Jinja2-3.1.6 Mako-1.4.1 aiohappyeyeballs-2.7.1 aiohttp-3.14.3 aiohttp-retry-2.9.1 aiosignal-1.4.0 alembic-1.19.1 amqp-5.3.1 annotated-doc-0.0.5 annotated-types-0.8.0 antlr4-python3-runtime-4.9.3 anyio-4.14.2 appdirs-1.4.4 async-timeout-5.0.1 asyncssh-2.24.0 atpublic-7.0.0 attrs-26.1.0 billiard-4.2.4 blinker-1.9.0 cachetools-5.5.2 celery-5.6.3 certifi-2026.7.22 cffi-2.1.1 charset_normalizer-3.5.1 click-8.4.2 click-didyoumean-0.3.1 click-plugins-1.1.1.2 click-repl-0.3.0 cloudpickle-3.1.2 colorama-0.4.6 configobj-5.0.9 contourpy-1.3.2 cryptography-50.0.0 cycler-0.12.1 decorator-5.3.1 dictdiffer-0.10.0 diskcache-5.6.3 distro-1.9.0 dnspython-2.8.0 docker-7.2.0 dpath-2.2.0 dulwich-1.2.12 dvc-3.50.1 dvc-data-3.15.2 dvc-gs-3.1.0 dvc-http-2.32.0 dvc-objects-5.2.0 dvc-render-1.0.2 dvc-studio-client-0.23.0 dvc-task-0.40.2 email_validator-2.3.0 entrypoints-0.4 exceptiongroup-1.3.1 fastapi-0.111.0 fastapi-cli-0.0.32 filelock-3.32.3 flatten-dict-0.5.0 flufl.lock-7.1.1 fonttools-4.63.0 frozenlist-1.8.0 fsspec-2025.12.0 funcy-2.0 gcsfs-2025.12.0 gitdb-4.0.12 gitpython-3.1.59 google-api-core-2.30.3 google-auth-2.56.3 google-auth-oauthlib-1.4.0 google-cloud-core-2.6.1 google-cloud-storage-2.16.0 google-cloud-storage-control-1.12.0 google-crc32c-1.8.0 google-resumable-media-2.10.1 googleapis-common-protos-1.75.0 grandalf-0.8 graphene-3.4.3 graphql-core-3.2.11 graphql-relay-3.2.0 greenlet-3.5.5 grpc-google-iam-v1-0.14.4 grpcio-1.83.0 grpcio-status-1.62.3 gto-1.10.1 gunicorn-22.0.0 h11-0.16.0 httpcore-1.0.9 httptools-0.8.0 httpx-0.28.1 hydra-core-1.3.5 idna-3.19 importlib-metadata-7.2.1 iniconfig-2.3.0 iterative-telemetry-0.0.10 itsdangerous-2.2.0 joblib-1.4.2 kiwisolver-1.5.0 kombu-5.6.2 markdown-3.10.3 markdown-it-py-4.2.0 markupsafe-3.0.3 matplotlib-3.10.9 mdurl-0.1.2 mlflow-2.13.0 multidict-6.7.1 networkx-3.4.2 numpy-1.26.4 oauthlib-3.3.1 omegaconf-2.3.1 opentelemetry-api-1.44.0 opentelemetry-sdk-1.44.0 opentelemetry-semantic-conventions-0.65b0 orjson-3.12.0 packaging-24.2 pandas-2.2.2 pathspec-0.11.2 pillow-12.3.0 platformdirs-3.11.0 pluggy-1.6.0 prompt-toolkit-3.0.53 propcache-0.5.2 proto-plus-1.28.2 protobuf-4.25.9 psutil-7.2.2 pyarrow-15.0.2 pyasn1-0.6.4 pyasn1-modules-0.4.2 pycparser-3.0 pydantic-2.13.4 pydantic-core-2.46.4 pydantic-settings-2.15.0 pydot-4.0.1 pygit2-1.18.2 pygments-2.21.0 pygtrie-2.5.0 pyparsing-3.3.2 pytest-8.2.0 python-dateutil-2.9.0.post0 python-dotenv-1.2.3 python-multipart-0.0.32 pytz-2024.2 pyyaml-6.0.1 querystring-parser-1.2.4 requests-2.34.2 requests-oauthlib-2.0.0 rich-15.0.0 rich-toolkit-0.20.3 ruamel.yaml-0.19.1 scikit-learn-1.4.2 scipy-1.15.3 scmrepo-3.6.2 semver-3.0.4 shellingham-1.5.4 shortuuid-1.0.13 shtab-1.11.0 six-1.17.0 smmap-5.0.3 sqlalchemy-2.0.52 sqlparse-0.6.0 sqltrie-0.11.2 starlette-0.37.2 tabulate-0.10.0 threadpoolctl-3.6.0 tomli-2.4.1 tomlkit-0.15.1 tqdm-4.70.0 typer-0.27.1 typing-extensions-4.16.0 typing-inspection-0.4.4 tzdata-2026.3 tzlocal-5.4.4 ujson-5.13.0 urllib3-2.7.0 uvicorn-0.29.0 uvloop-0.22.1 vine-5.1.0 voluptuous-0.16.0 watchfiles-1.2.0 wcwidth-0.8.2 websockets-16.1.1 werkzeug-3.1.8 yarl-1.24.5 zc.lockfile-4.0 zipp-4.1.0
Unit Test	Run unit tests	﻿2026-08-21T17:01:12.8846684Z ##[group]Run pytest tests/ -v
Unit Test	Run unit tests	2026-08-21T17:01:12.8847033Z ^[[36;1mpytest tests/ -v^[[0m
Unit Test	Run unit tests	2026-08-21T17:01:12.8888122Z shell: /usr/bin/bash -e {0}
Unit Test	Run unit tests	2026-08-21T17:01:12.8888391Z env:
Unit Test	Run unit tests	2026-08-21T17:01:12.8888673Z   pythonLocation: /opt/hostedtoolcache/Python/3.10.21/x64
Unit Test	Run unit tests	2026-08-21T17:01:12.8889309Z   PKG_CONFIG_PATH: /opt/hostedtoolcache/Python/3.10.21/x64/lib/pkgconfig
Unit Test	Run unit tests	2026-08-21T17:01:12.8889734Z   Python_ROOT_DIR: /opt/hostedtoolcache/Python/3.10.21/x64
Unit Test	Run unit tests	2026-08-21T17:01:12.8890136Z   Python2_ROOT_DIR: /opt/hostedtoolcache/Python/3.10.21/x64
Unit Test	Run unit tests	2026-08-21T17:01:12.8890521Z   Python3_ROOT_DIR: /opt/hostedtoolcache/Python/3.10.21/x64
Unit Test	Run unit tests	2026-08-21T17:01:12.8890907Z   LD_LIBRARY_PATH: /opt/hostedtoolcache/Python/3.10.21/x64/lib
Unit Test	Run unit tests	2026-08-21T17:01:12.8891232Z ##[endgroup]
Unit Test	Run unit tests	2026-08-21T17:01:13.9491146Z ============================= test session starts ==============================
Unit Test	Run unit tests	2026-08-21T17:01:13.9492257Z platform linux -- Python 3.10.21, pytest-8.2.0, pluggy-1.6.0 -- /opt/hostedtoolcache/Python/3.10.21/x64/bin/python
Unit Test	Run unit tests	2026-08-21T17:01:13.9493168Z cachedir: .pytest_cache
Unit Test	Run unit tests	2026-08-21T17:01:13.9493935Z rootdir: /home/runner/work/TRACK2-DAY21-2A202601155-TRANNGUYENTHENHAT/TRACK2-DAY21-2A202601155-TRANNGUYENTHENHAT
Unit Test	Run unit tests	2026-08-21T17:01:13.9494777Z plugins: hydra-core-1.3.5, anyio-4.14.2
Unit Test	Run unit tests	2026-08-21T17:01:16.0844493Z collecting ... collected 3 items
Unit Test	Run unit tests	2026-08-21T17:01:16.0844896Z 
Unit Test	Run unit tests	2026-08-21T17:01:18.6428874Z tests/test_train.py::test_train_returns_float PASSED                     [ 33%]
Unit Test	Run unit tests	2026-08-21T17:01:20.2061150Z tests/test_train.py::test_metrics_file_created PASSED                    [ 66%]
Unit Test	Run unit tests	2026-08-21T17:01:21.8144428Z tests/test_train.py::test_model_file_created PASSED                      [100%]
Unit Test	Run unit tests	2026-08-21T17:01:21.8145019Z 
Unit Test	Run unit tests	2026-08-21T17:01:21.8145254Z =============================== warnings summary ===============================
Unit Test	Run unit tests	2026-08-21T17:01:21.8146387Z ../../../../../opt/hostedtoolcache/Python/3.10.21/x64/lib/python3.10/site-packages/mlflow/utils/requirements_utils.py:20
Unit Test	Run unit tests	2026-08-21T17:01:21.8148115Z   /opt/hostedtoolcache/Python/3.10.21/x64/lib/python3.10/site-packages/mlflow/utils/requirements_utils.py:20: DeprecationWarning: pkg_resources is deprecated as an API. See https://setuptools.pypa.io/en/latest/pkg_resources.html
Unit Test	Run unit tests	2026-08-21T17:01:21.8149556Z     import pkg_resources  # noqa: TID251
Unit Test	Run unit tests	2026-08-21T17:01:21.8149839Z 
Unit Test	Run unit tests	2026-08-21T17:01:21.8150272Z ../../../../../opt/hostedtoolcache/Python/3.10.21/x64/lib/python3.10/site-packages/mlflow/gateway/config.py:61
Unit Test	Run unit tests	2026-08-21T17:01:21.8152617Z   /opt/hostedtoolcache/Python/3.10.21/x64/lib/python3.10/site-packages/mlflow/gateway/config.py:61: PydanticDeprecatedSince20: Pydantic V1 style `@validator` validators are deprecated. You should migrate to Pydantic V2 style `@field_validator` validators, see the migration guide for more details. Deprecated in Pydantic V2.0 to be removed in V3.0. See Pydantic V2 Migration Guide at https://errors.pydantic.dev/2.13/migration/
Unit Test	Run unit tests	2026-08-21T17:01:21.8155113Z     @validator("togetherai_api_key", pre=True)
Unit Test	Run unit tests	2026-08-21T17:01:21.8155440Z 
Unit Test	Run unit tests	2026-08-21T17:01:21.8156084Z ../../../../../opt/hostedtoolcache/Python/3.10.21/x64/lib/python3.10/site-packages/mlflow/gateway/config.py:75
Unit Test	Run unit tests	2026-08-21T17:01:21.8157835Z   /opt/hostedtoolcache/Python/3.10.21/x64/lib/python3.10/site-packages/mlflow/gateway/config.py:75: PydanticDeprecatedSince20: Pydantic V1 style `@validator` validators are deprecated. You should migrate to Pydantic V2 style `@field_validator` validators, see the migration guide for more details. Deprecated in Pydantic V2.0 to be removed in V3.0. See Pydantic V2 Migration Guide at https://errors.pydantic.dev/2.13/migration/
Unit Test	Run unit tests	2026-08-21T17:01:21.8159293Z     @validator("cohere_api_key", pre=True)
Unit Test	Run unit tests	2026-08-21T17:01:21.8159493Z 
Unit Test	Run unit tests	2026-08-21T17:01:21.8159793Z ../../../../../opt/hostedtoolcache/Python/3.10.21/x64/lib/python3.10/site-packages/mlflow/gateway/config.py:83
Unit Test	Run unit tests	2026-08-21T17:01:21.8161455Z   /opt/hostedtoolcache/Python/3.10.21/x64/lib/python3.10/site-packages/mlflow/gateway/config.py:83: PydanticDeprecatedSince20: Pydantic V1 style `@validator` validators are deprecated. You should migrate to Pydantic V2 style `@field_validator` validators, see the migration guide for more details. Deprecated in Pydantic V2.0 to be removed in V3.0. See Pydantic V2 Migration Guide at https://errors.pydantic.dev/2.13/migration/
Unit Test	Run unit tests	2026-08-21T17:01:21.8163358Z     @validator("ai21labs_api_key", pre=True)
Unit Test	Run unit tests	2026-08-21T17:01:21.8163552Z 
Unit Test	Run unit tests	2026-08-21T17:01:21.8163846Z ../../../../../opt/hostedtoolcache/Python/3.10.21/x64/lib/python3.10/site-packages/mlflow/gateway/config.py:92
Unit Test	Run unit tests	2026-08-21T17:01:21.8165474Z   /opt/hostedtoolcache/Python/3.10.21/x64/lib/python3.10/site-packages/mlflow/gateway/config.py:92: PydanticDeprecatedSince20: Pydantic V1 style `@validator` validators are deprecated. You should migrate to Pydantic V2 style `@field_validator` validators, see the migration guide for more details. Deprecated in Pydantic V2.0 to be removed in V3.0. See Pydantic V2 Migration Guide at https://errors.pydantic.dev/2.13/migration/
Unit Test	Run unit tests	2026-08-21T17:01:21.8167202Z     @validator("mosaicml_api_key", pre=True)
Unit Test	Run unit tests	2026-08-21T17:01:21.8167422Z 
Unit Test	Run unit tests	2026-08-21T17:01:21.8167740Z ../../../../../opt/hostedtoolcache/Python/3.10.21/x64/lib/python3.10/site-packages/mlflow/gateway/config.py:122
Unit Test	Run unit tests	2026-08-21T17:01:21.8169427Z   /opt/hostedtoolcache/Python/3.10.21/x64/lib/python3.10/site-packages/mlflow/gateway/config.py:122: PydanticDeprecatedSince20: Pydantic V1 style `@validator` validators are deprecated. You should migrate to Pydantic V2 style `@field_validator` validators, see the migration guide for more details. Deprecated in Pydantic V2.0 to be removed in V3.0. See Pydantic V2 Migration Guide at https://errors.pydantic.dev/2.13/migration/
Unit Test	Run unit tests	2026-08-21T17:01:21.8170893Z     @validator("openai_api_key", pre=True)
Unit Test	Run unit tests	2026-08-21T17:01:21.8171084Z 
Unit Test	Run unit tests	2026-08-21T17:01:21.8171365Z ../../../../../opt/hostedtoolcache/Python/3.10.21/x64/lib/python3.10/site-packages/mlflow/gateway/config.py:179
Unit Test	Run unit tests	2026-08-21T17:01:21.8172982Z   /opt/hostedtoolcache/Python/3.10.21/x64/lib/python3.10/site-packages/mlflow/gateway/config.py:179: PydanticDeprecatedSince20: Pydantic V1 style `@validator` validators are deprecated. You should migrate to Pydantic V2 style `@field_validator` validators, see the migration guide for more details. Deprecated in Pydantic V2.0 to be removed in V3.0. See Pydantic V2 Migration Guide at https://errors.pydantic.dev/2.13/migration/
Unit Test	Run unit tests	2026-08-21T17:01:21.8174435Z     @validator("anthropic_api_key", pre=True)
Unit Test	Run unit tests	2026-08-21T17:01:21.8174628Z 
Unit Test	Run unit tests	2026-08-21T17:01:21.8174905Z ../../../../../opt/hostedtoolcache/Python/3.10.21/x64/lib/python3.10/site-packages/mlflow/gateway/config.py:187
Unit Test	Run unit tests	2026-08-21T17:01:21.8176803Z   /opt/hostedtoolcache/Python/3.10.21/x64/lib/python3.10/site-packages/mlflow/gateway/config.py:187: PydanticDeprecatedSince20: Pydantic V1 style `@validator` validators are deprecated. You should migrate to Pydantic V2 style `@field_validator` validators, see the migration guide for more details. Deprecated in Pydantic V2.0 to be removed in V3.0. See Pydantic V2 Migration Guide at https://errors.pydantic.dev/2.13/migration/
Unit Test	Run unit tests	2026-08-21T17:01:21.8178286Z     @validator("palm_api_key", pre=True)
Unit Test	Run unit tests	2026-08-21T17:01:21.8178475Z 
Unit Test	Run unit tests	2026-08-21T17:01:21.8178754Z ../../../../../opt/hostedtoolcache/Python/3.10.21/x64/lib/python3.10/site-packages/mlflow/gateway/config.py:227
Unit Test	Run unit tests	2026-08-21T17:01:21.8180362Z   /opt/hostedtoolcache/Python/3.10.21/x64/lib/python3.10/site-packages/mlflow/gateway/config.py:227: PydanticDeprecatedSince20: Pydantic V1 style `@validator` validators are deprecated. You should migrate to Pydantic V2 style `@field_validator` validators, see the migration guide for more details. Deprecated in Pydantic V2.0 to be removed in V3.0. See Pydantic V2 Migration Guide at https://errors.pydantic.dev/2.13/migration/
Unit Test	Run unit tests	2026-08-21T17:01:21.8181801Z     @validator("mistral_api_key", pre=True)
Unit Test	Run unit tests	2026-08-21T17:01:21.8181992Z 
Unit Test	Run unit tests	2026-08-21T17:01:21.8182266Z ../../../../../opt/hostedtoolcache/Python/3.10.21/x64/lib/python3.10/site-packages/mlflow/gateway/config.py:308
Unit Test	Run unit tests	2026-08-21T17:01:21.8183859Z   /opt/hostedtoolcache/Python/3.10.21/x64/lib/python3.10/site-packages/mlflow/gateway/config.py:308: PydanticDeprecatedSince20: Pydantic V1 style `@validator` validators are deprecated. You should migrate to Pydantic V2 style `@field_validator` validators, see the migration guide for more details. Deprecated in Pydantic V2.0 to be removed in V3.0. See Pydantic V2 Migration Guide at https://errors.pydantic.dev/2.13/migration/
Unit Test	Run unit tests	2026-08-21T17:01:21.8185629Z     @validator("provider", pre=True)
Unit Test	Run unit tests	2026-08-21T17:01:21.8186009Z 
Unit Test	Run unit tests	2026-08-21T17:01:21.8186298Z ../../../../../opt/hostedtoolcache/Python/3.10.21/x64/lib/python3.10/site-packages/mlflow/gateway/config.py:329
Unit Test	Run unit tests	2026-08-21T17:01:21.8187925Z   /opt/hostedtoolcache/Python/3.10.21/x64/lib/python3.10/site-packages/mlflow/gateway/config.py:329: PydanticDeprecatedSince20: Pydantic V1 style `@validator` validators are deprecated. You should migrate to Pydantic V2 style `@field_validator` validators, see the migration guide for more details. Deprecated in Pydantic V2.0 to be removed in V3.0. See Pydantic V2 Migration Guide at https://errors.pydantic.dev/2.13/migration/
Unit Test	Run unit tests	2026-08-21T17:01:21.8189356Z     @validator("config", pre=True)
Unit Test	Run unit tests	2026-08-21T17:01:21.8189537Z 
Unit Test	Run unit tests	2026-08-21T17:01:21.8189810Z ../../../../../opt/hostedtoolcache/Python/3.10.21/x64/lib/python3.10/site-packages/mlflow/gateway/config.py:369
Unit Test	Run unit tests	2026-08-21T17:01:21.8191450Z   /opt/hostedtoolcache/Python/3.10.21/x64/lib/python3.10/site-packages/mlflow/gateway/config.py:369: PydanticDeprecatedSince20: Pydantic V1 style `@validator` validators are deprecated. You should migrate to Pydantic V2 style `@field_validator` validators, see the migration guide for more details. Deprecated in Pydantic V2.0 to be removed in V3.0. See Pydantic V2 Migration Guide at https://errors.pydantic.dev/2.13/migration/
Unit Test	Run unit tests	2026-08-21T17:01:21.8192856Z     @validator("name")
Unit Test	Run unit tests	2026-08-21T17:01:21.8192993Z 
Unit Test	Run unit tests	2026-08-21T17:01:21.8193267Z ../../../../../opt/hostedtoolcache/Python/3.10.21/x64/lib/python3.10/site-packages/mlflow/gateway/config.py:379
Unit Test	Run unit tests	2026-08-21T17:01:21.8194857Z   /opt/hostedtoolcache/Python/3.10.21/x64/lib/python3.10/site-packages/mlflow/gateway/config.py:379: PydanticDeprecatedSince20: Pydantic V1 style `@validator` validators are deprecated. You should migrate to Pydantic V2 style `@field_validator` validators, see the migration guide for more details. Deprecated in Pydantic V2.0 to be removed in V3.0. See Pydantic V2 Migration Guide at https://errors.pydantic.dev/2.13/migration/
Unit Test	Run unit tests	2026-08-21T17:01:21.8196519Z     @validator("model", pre=True)
Unit Test	Run unit tests	2026-08-21T17:01:21.8196682Z 
Unit Test	Run unit tests	2026-08-21T17:01:21.8196959Z ../../../../../opt/hostedtoolcache/Python/3.10.21/x64/lib/python3.10/site-packages/mlflow/gateway/config.py:390
Unit Test	Run unit tests	2026-08-21T17:01:21.8198587Z   /opt/hostedtoolcache/Python/3.10.21/x64/lib/python3.10/site-packages/mlflow/gateway/config.py:390: PydanticDeprecatedSince20: Pydantic V1 style `@root_validator` validators are deprecated. You should migrate to Pydantic V2 style `@model_validator` validators, see the migration guide for more details. Deprecated in Pydantic V2.0 to be removed in V3.0. See Pydantic V2 Migration Guide at https://errors.pydantic.dev/2.13/migration/
Unit Test	Run unit tests	2026-08-21T17:01:21.8200041Z     @root_validator(skip_on_failure=True)
Unit Test	Run unit tests	2026-08-21T17:01:21.8200229Z 
Unit Test	Run unit tests	2026-08-21T17:01:21.8200497Z ../../../../../opt/hostedtoolcache/Python/3.10.21/x64/lib/python3.10/site-packages/mlflow/gateway/config.py:412
Unit Test	Run unit tests	2026-08-21T17:01:21.8202118Z   /opt/hostedtoolcache/Python/3.10.21/x64/lib/python3.10/site-packages/mlflow/gateway/config.py:412: PydanticDeprecatedSince20: Pydantic V1 style `@validator` validators are deprecated. You should migrate to Pydantic V2 style `@field_validator` validators, see the migration guide for more details. Deprecated in Pydantic V2.0 to be removed in V3.0. See Pydantic V2 Migration Guide at https://errors.pydantic.dev/2.13/migration/
Unit Test	Run unit tests	2026-08-21T17:01:21.8203538Z     @validator("route_type", pre=True)
Unit Test	Run unit tests	2026-08-21T17:01:21.8203722Z 
Unit Test	Run unit tests	2026-08-21T17:01:21.8203989Z ../../../../../opt/hostedtoolcache/Python/3.10.21/x64/lib/python3.10/site-packages/mlflow/gateway/config.py:418
Unit Test	Run unit tests	2026-08-21T17:01:21.8205910Z   /opt/hostedtoolcache/Python/3.10.21/x64/lib/python3.10/site-packages/mlflow/gateway/config.py:418: PydanticDeprecatedSince20: Pydantic V1 style `@validator` validators are deprecated. You should migrate to Pydantic V2 style `@field_validator` validators, see the migration guide for more details. Deprecated in Pydantic V2.0 to be removed in V3.0. See Pydantic V2 Migration Guide at https://errors.pydantic.dev/2.13/migration/
Unit Test	Run unit tests	2026-08-21T17:01:21.8207499Z     @validator("limit", pre=True)
Unit Test	Run unit tests	2026-08-21T17:01:21.8207661Z 
Unit Test	Run unit tests	2026-08-21T17:01:21.8207957Z ../../../../../opt/hostedtoolcache/Python/3.10.21/x64/lib/python3.10/site-packages/mlflow/gateway/config.py:468
Unit Test	Run unit tests	2026-08-21T17:01:21.8209296Z   /opt/hostedtoolcache/Python/3.10.21/x64/lib/python3.10/site-packages/mlflow/gateway/config.py:468: PydanticDeprecatedSince20: Support for class-based `config` is deprecated, use ConfigDict instead. Deprecated in Pydantic V2.0 to be removed in V3.0. See Pydantic V2 Migration Guide at https://errors.pydantic.dev/2.13/migration/
Unit Test	Run unit tests	2026-08-21T17:01:21.8210441Z     class Route(ConfigModel):
Unit Test	Run unit tests	2026-08-21T17:01:21.8210605Z 
Unit Test	Run unit tests	2026-08-21T17:01:21.8210762Z tests/test_train.py::test_train_returns_float
Unit Test	Run unit tests	2026-08-21T17:01:21.8211079Z tests/test_train.py::test_metrics_file_created
Unit Test	Run unit tests	2026-08-21T17:01:21.8211397Z tests/test_train.py::test_model_file_created
Unit Test	Run unit tests	2026-08-21T17:01:21.8212293Z   /opt/hostedtoolcache/Python/3.10.21/x64/lib/python3.10/importlib/__init__.py:126: DeprecationWarning: The distutils package is deprecated and slated for removal in Python 3.12. Use setuptools or check PEP 632 for potential alternatives
Unit Test	Run unit tests	2026-08-21T17:01:21.8213219Z     return _bootstrap._gcd_import(name[level:], package, level)
Unit Test	Run unit tests	2026-08-21T17:01:21.8213472Z 
Unit Test	Run unit tests	2026-08-21T17:01:21.8213590Z tests/test_train.py::test_metrics_file_created
Unit Test	Run unit tests	2026-08-21T17:01:21.8213892Z tests/test_train.py::test_model_file_created
Unit Test	Run unit tests	2026-08-21T17:01:21.8215582Z   /opt/hostedtoolcache/Python/3.10.21/x64/lib/python3.10/site-packages/_distutils_hack/__init__.py:15: UserWarning: Distutils was imported before Setuptools, but importing Setuptools also replaces the `distutils` module in `sys.modules`. This may lead to undesirable behaviors or errors. To avoid these issues, avoid using distutils directly, ensure that setuptools is installed in the traditional way (e.g. not an editable install), and/or make sure that setuptools is always imported before distutils.
Unit Test	Run unit tests	2026-08-21T17:01:21.8217368Z     warnings.warn(
Unit Test	Run unit tests	2026-08-21T17:01:21.8217503Z 
Unit Test	Run unit tests	2026-08-21T17:01:21.8217622Z tests/test_train.py::test_metrics_file_created
Unit Test	Run unit tests	2026-08-21T17:01:21.8217932Z tests/test_train.py::test_model_file_created
Unit Test	Run unit tests	2026-08-21T17:01:21.8219247Z   /opt/hostedtoolcache/Python/3.10.21/x64/lib/python3.10/site-packages/_distutils_hack/__init__.py:30: UserWarning: Setuptools is replacing distutils. Support for replacing an already imported distutils is deprecated. In the future, this condition will fail. Register concerns at https://github.com/pypa/setuptools/issues/new?template=distutils-deprecation.yml
Unit Test	Run unit tests	2026-08-21T17:01:21.8220515Z     warnings.warn(
Unit Test	Run unit tests	2026-08-21T17:01:21.8220767Z 
Unit Test	Run unit tests	2026-08-21T17:01:21.8220969Z -- Docs: https://docs.pytest.org/en/stable/how-to/capture-warnings.html
Unit Test	Run unit tests	2026-08-21T17:01:21.8221422Z ======================== 3 passed, 24 warnings in 7.87s ========================
Unit Test	Post Run actions/setup-python@v5	﻿2026-08-21T17:01:22.2367013Z Node 20 is being deprecated. This workflow is running with Node 24 by default. If you need to temporarily use Node 20, you can set the ACTIONS_ALLOW_USE_UNSECURE_NODE_VERSION=true environment variable. For more information see: https://github.blog/changelog/2025-09-19-deprecation-of-node-20-on-github-actions-runners/
Unit Test	Post Run actions/setup-python@v5	2026-08-21T17:01:22.2368227Z Post job cleanup.
Unit Test	Post Run actions/setup-python@v5	2026-08-21T17:01:22.3606974Z (node:2311) [DEP0040] DeprecationWarning: The `punycode` module is deprecated. Please use a userland alternative instead.
Unit Test	Post Run actions/setup-python@v5	2026-08-21T17:01:22.3607771Z (Use `node --trace-deprecation ...` to show where the warning was created)
Unit Test	Post Run actions/checkout@v4	﻿2026-08-21T17:01:22.3806389Z Node 20 is being deprecated. This workflow is running with Node 24 by default. If you need to temporarily use Node 20, you can set the ACTIONS_ALLOW_USE_UNSECURE_NODE_VERSION=true environment variable. For more information see: https://github.blog/changelog/2025-09-19-deprecation-of-node-20-on-github-actions-runners/
Unit Test	Post Run actions/checkout@v4	2026-08-21T17:01:22.3807607Z Post job cleanup.
Unit Test	Post Run actions/checkout@v4	2026-08-21T17:01:22.4716430Z [command]/usr/bin/git version
Unit Test	Post Run actions/checkout@v4	2026-08-21T17:01:22.4750890Z git version 2.55.0
Unit Test	Post Run actions/checkout@v4	2026-08-21T17:01:22.4788291Z Temporarily overriding HOME='/home/runner/work/_temp/0d263ec7-6488-4f2a-b52b-264f317e0fe7' before making global git config changes
Unit Test	Post Run actions/checkout@v4	2026-08-21T17:01:22.4789528Z Adding repository directory to the temporary git global config as a safe directory
Unit Test	Post Run actions/checkout@v4	2026-08-21T17:01:22.4794883Z [command]/usr/bin/git config --global --add safe.directory /home/runner/work/TRACK2-DAY21-2A202601155-TRANNGUYENTHENHAT/TRACK2-DAY21-2A202601155-TRANNGUYENTHENHAT
Unit Test	Post Run actions/checkout@v4	2026-08-21T17:01:22.4838042Z [command]/usr/bin/git config --local --name-only --get-regexp core\.sshCommand
Unit Test	Post Run actions/checkout@v4	2026-08-21T17:01:22.4877164Z [command]/usr/bin/git submodule foreach --recursive sh -c "git config --local --name-only --get-regexp 'core\.sshCommand' && git config --local --unset-all 'core.sshCommand' || :"
Unit Test	Post Run actions/checkout@v4	2026-08-21T17:01:22.5149300Z [command]/usr/bin/git config --local --name-only --get-regexp http\.https\:\/\/github\.com\/\.extraheader
Unit Test	Post Run actions/checkout@v4	2026-08-21T17:01:22.5179927Z http.https://github.com/.extraheader
Unit Test	Post Run actions/checkout@v4	2026-08-21T17:01:22.5192894Z [command]/usr/bin/git config --local --unset-all http.https://github.com/.extraheader
Unit Test	Post Run actions/checkout@v4	2026-08-21T17:01:22.5229374Z [command]/usr/bin/git submodule foreach --recursive sh -c "git config --local --name-only --get-regexp 'http\.https\:\/\/github\.com\/\.extraheader' && git config --local --unset-all 'http.https://github.com/.extraheader' || :"
Unit Test	Post Run actions/checkout@v4	2026-08-21T17:01:22.5575479Z [command]/usr/bin/git config --local --name-only --get-regexp ^includeIf\.gitdir:
Unit Test	Post Run actions/checkout@v4	2026-08-21T17:01:22.5624922Z [command]/usr/bin/git submodule foreach --recursive git config --local --show-origin --name-only --get-regexp remote.origin.url
Unit Test	Complete job	﻿2026-08-21T17:01:22.6104282Z Cleaning up orphan processes
Unit Test	Complete job	2026-08-21T17:01:22.6466423Z ##[warning]Node.js 20 is deprecated. The following actions target Node.js 20 but are being forced to run on Node.js 24: actions/checkout@v4, actions/setup-python@v5. For more information see: https://github.blog/changelog/2025-09-19-deprecation-of-node-20-on-github-actions-runners/
Train	Set up job	﻿2026-08-21T17:01:27.7035039Z Current runner version: '2.336.0'
Train	Set up job	2026-08-21T17:01:27.7064278Z ##[group]Runner Image Provisioner
Train	Set up job	2026-08-21T17:01:27.7065460Z Hosted Compute Agent
Train	Set up job	2026-08-21T17:01:27.7066381Z Version: 20260729.566
Train	Set up job	2026-08-21T17:01:27.7067275Z Commit: cf7153fe6e25b664e8693c24944bf2b00355d109
Train	Set up job	2026-08-21T17:01:27.7068373Z Build Date: 2026-07-29T19:17:02Z
Train	Set up job	2026-08-21T17:01:27.7069448Z Worker ID: ***92dcfd79-574e-4024-9a28-5487a31b8351***
Train	Set up job	2026-08-21T17:01:27.7070441Z Azure Region: westus3
Train	Set up job	2026-08-21T17:01:27.7071763Z ##[endgroup]
Train	Set up job	2026-08-21T17:01:27.7073583Z ##[group]Operating System
Train	Set up job	2026-08-21T17:01:27.7074576Z Ubuntu
Train	Set up job	2026-08-21T17:01:27.7075376Z 24.04.4
Train	Set up job	2026-08-21T17:01:27.7076168Z LTS
Train	Set up job	2026-08-21T17:01:27.7076895Z ##[endgroup]
Train	Set up job	2026-08-21T17:01:27.7077654Z ##[group]Runner Image
Train	Set up job	2026-08-21T17:01:27.7078515Z Image: ubuntu-24.04
Train	Set up job	2026-08-21T17:01:27.7079290Z Version: 20260816.277.1
Train	Set up job	2026-08-21T17:01:27.7080995Z Included Software: https://github.com/actions/runner-images/blob/ubuntu24/20260816.277/images/ubuntu/Ubuntu2404-Readme.md
Train	Set up job	2026-08-21T17:01:27.7083123Z Image Release: https://github.com/actions/runner-images/releases/tag/ubuntu24%2F20260816.277
Train	Set up job	2026-08-21T17:01:27.7084358Z ##[endgroup]
Train	Set up job	2026-08-21T17:01:27.7086154Z ##[group]GITHUB_TOKEN Permissions
Train	Set up job	2026-08-21T17:01:27.7088451Z Contents: read
Train	Set up job	2026-08-21T17:01:27.7089388Z Metadata: read
Train	Set up job	2026-08-21T17:01:27.7090183Z Packages: read
Train	Set up job	2026-08-21T17:01:27.7091408Z ##[endgroup]
Train	Set up job	2026-08-21T17:01:27.7093885Z Secret source: Actions
Train	Set up job	2026-08-21T17:01:27.7095668Z Prepare workflow directory
Train	Set up job	2026-08-21T17:01:27.7459578Z Prepare all required actions
Train	Set up job	2026-08-21T17:01:27.7508668Z Getting action download info
Train	Set up job	2026-08-21T17:01:28.0587658Z Download action repository 'actions/checkout@v4' (SHA:11d5960a326750d5838078e36cf38b85af677262)
Train	Set up job	2026-08-21T17:01:28.1859211Z Download action repository 'actions/setup-python@v5' (SHA:a26af69be951a213d495a4c3e4e4022e16d87065)
Train	Set up job	2026-08-21T17:01:28.2708607Z Download action repository 'actions/upload-artifact@v4' (SHA:ea165f8d65b6e75b540449e92b4886f43607fa02)
Train	Set up job	2026-08-21T17:01:28.4836902Z Complete job name: Train
Train	Run actions/checkout@v4	﻿2026-08-21T17:01:28.5660265Z Node 20 is being deprecated. This workflow is running with Node 24 by default. If you need to temporarily use Node 20, you can set the ACTIONS_ALLOW_USE_UNSECURE_NODE_VERSION=true environment variable. For more information see: https://github.blog/changelog/2025-09-19-deprecation-of-node-20-on-github-actions-runners/
Train	Run actions/checkout@v4	2026-08-21T17:01:28.5669723Z ##[group]Run actions/checkout@v4
Train	Run actions/checkout@v4	2026-08-21T17:01:28.5670878Z with:
Train	Run actions/checkout@v4	2026-08-21T17:01:28.5671637Z   repository: NhtJm/TRACK2-DAY21-2A202601155-TRANNGUYENTHENHAT
Train	Run actions/checkout@v4	2026-08-21T17:01:28.5675585Z   token: ***
Train	Run actions/checkout@v4	2026-08-21T17:01:28.5676166Z   ssh-strict: true
Train	Run actions/checkout@v4	2026-08-21T17:01:28.5676751Z   ssh-user: git
Train	Run actions/checkout@v4	2026-08-21T17:01:28.5677343Z   persist-credentials: true
Train	Run actions/checkout@v4	2026-08-21T17:01:28.5677980Z   clean: true
Train	Run actions/checkout@v4	2026-08-21T17:01:28.5678565Z   sparse-checkout-cone-mode: true
Train	Run actions/checkout@v4	2026-08-21T17:01:28.5679239Z   fetch-depth: 1
Train	Run actions/checkout@v4	2026-08-21T17:01:28.5749835Z   fetch-tags: false
Train	Run actions/checkout@v4	2026-08-21T17:01:28.5750906Z   show-progress: true
Train	Run actions/checkout@v4	2026-08-21T17:01:28.5751706Z   lfs: false
Train	Run actions/checkout@v4	2026-08-21T17:01:28.5752311Z   submodules: false
Train	Run actions/checkout@v4	2026-08-21T17:01:28.5752995Z   set-safe-directory: true
Train	Run actions/checkout@v4	2026-08-21T17:01:28.5753684Z   allow-unsafe-pr-checkout: false
Train	Run actions/checkout@v4	2026-08-21T17:01:28.5755280Z ##[endgroup]
Train	Run actions/checkout@v4	2026-08-21T17:01:28.6821196Z Syncing repository: NhtJm/TRACK2-DAY21-2A202601155-TRANNGUYENTHENHAT
Train	Run actions/checkout@v4	2026-08-21T17:01:28.6824703Z ##[group]Getting Git version info
Train	Run actions/checkout@v4	2026-08-21T17:01:28.6826881Z Working directory is '/home/runner/work/TRACK2-DAY21-2A202601155-TRANNGUYENTHENHAT/TRACK2-DAY21-2A202601155-TRANNGUYENTHENHAT'
Train	Run actions/checkout@v4	2026-08-21T17:01:28.6829700Z [command]/usr/bin/git version
Train	Run actions/checkout@v4	2026-08-21T17:01:28.6928783Z git version 2.55.0
Train	Run actions/checkout@v4	2026-08-21T17:01:28.6961755Z ##[endgroup]
Train	Run actions/checkout@v4	2026-08-21T17:01:28.6970151Z Temporarily overriding HOME='/home/runner/work/_temp/bc86eedb-71f4-433e-b70c-a062f05e9105' before making global git config changes
Train	Run actions/checkout@v4	2026-08-21T17:01:28.6973649Z Adding repository directory to the temporary git global config as a safe directory
Train	Run actions/checkout@v4	2026-08-21T17:01:28.6976840Z [command]/usr/bin/git config --global --add safe.directory /home/runner/work/TRACK2-DAY21-2A202601155-TRANNGUYENTHENHAT/TRACK2-DAY21-2A202601155-TRANNGUYENTHENHAT
Train	Run actions/checkout@v4	2026-08-21T17:01:28.7026378Z Deleting the contents of '/home/runner/work/TRACK2-DAY21-2A202601155-TRANNGUYENTHENHAT/TRACK2-DAY21-2A202601155-TRANNGUYENTHENHAT'
Train	Run actions/checkout@v4	2026-08-21T17:01:28.7031009Z ##[group]Initializing the repository
Train	Run actions/checkout@v4	2026-08-21T17:01:28.7037741Z [command]/usr/bin/git init /home/runner/work/TRACK2-DAY21-2A202601155-TRANNGUYENTHENHAT/TRACK2-DAY21-2A202601155-TRANNGUYENTHENHAT
Train	Run actions/checkout@v4	2026-08-21T17:01:28.7161931Z hint: Using 'master' as the name for the initial branch. This default branch name
Train	Run actions/checkout@v4	2026-08-21T17:01:28.7164413Z hint: will change to "main" in Git 3.0. To configure the initial branch name
Train	Run actions/checkout@v4	2026-08-21T17:01:28.7166482Z hint: to use in all of your new repositories, which will suppress this warning,
Train	Run actions/checkout@v4	2026-08-21T17:01:28.7168652Z hint: call:
Train	Run actions/checkout@v4	2026-08-21T17:01:28.7169955Z hint:
Train	Run actions/checkout@v4	2026-08-21T17:01:28.7171277Z hint: 	git config --global init.defaultBranch <name>
Train	Run actions/checkout@v4	2026-08-21T17:01:28.7172425Z hint:
Train	Run actions/checkout@v4	2026-08-21T17:01:28.7173346Z hint: Names commonly chosen instead of 'master' are 'main', 'trunk' and
Train	Run actions/checkout@v4	2026-08-21T17:01:28.7174621Z hint: 'development'. The just-created branch can be renamed via this command:
Train	Run actions/checkout@v4	2026-08-21T17:01:28.7175932Z hint:
Train	Run actions/checkout@v4	2026-08-21T17:01:28.7177113Z hint: 	git branch -m <name>
Train	Run actions/checkout@v4	2026-08-21T17:01:28.7177960Z hint:
Train	Run actions/checkout@v4	2026-08-21T17:01:28.7178920Z hint: Disable this message with "git config set advice.defaultBranchName false"
Train	Run actions/checkout@v4	2026-08-21T17:01:28.7181156Z Initialized empty Git repository in /home/runner/work/TRACK2-DAY21-2A202601155-TRANNGUYENTHENHAT/TRACK2-DAY21-2A202601155-TRANNGUYENTHENHAT/.git/
Train	Run actions/checkout@v4	2026-08-21T17:01:28.7186244Z [command]/usr/bin/git remote add origin https://github.com/NhtJm/TRACK2-DAY21-2A202601155-TRANNGUYENTHENHAT
Train	Run actions/checkout@v4	2026-08-21T17:01:28.7233273Z ##[endgroup]
Train	Run actions/checkout@v4	2026-08-21T17:01:28.7234978Z ##[group]Disabling automatic garbage collection
Train	Run actions/checkout@v4	2026-08-21T17:01:28.7236609Z [command]/usr/bin/git config --local gc.auto 0
Train	Run actions/checkout@v4	2026-08-21T17:01:28.7268842Z ##[endgroup]
Train	Run actions/checkout@v4	2026-08-21T17:01:28.7270364Z ##[group]Setting up auth
Train	Run actions/checkout@v4	2026-08-21T17:01:28.7275834Z [command]/usr/bin/git config --local --name-only --get-regexp core\.sshCommand
Train	Run actions/checkout@v4	2026-08-21T17:01:28.7311026Z [command]/usr/bin/git submodule foreach --recursive sh -c "git config --local --name-only --get-regexp 'core\.sshCommand' && git config --local --unset-all 'core.sshCommand' || :"
Train	Run actions/checkout@v4	2026-08-21T17:01:28.7732549Z [command]/usr/bin/git config --local --name-only --get-regexp http\.https\:\/\/github\.com\/\.extraheader
Train	Run actions/checkout@v4	2026-08-21T17:01:28.7764674Z [command]/usr/bin/git submodule foreach --recursive sh -c "git config --local --name-only --get-regexp 'http\.https\:\/\/github\.com\/\.extraheader' && git config --local --unset-all 'http.https://github.com/.extraheader' || :"
Train	Run actions/checkout@v4	2026-08-21T17:01:28.8027899Z [command]/usr/bin/git config --local --name-only --get-regexp ^includeIf\.gitdir:
Train	Run actions/checkout@v4	2026-08-21T17:01:28.8068645Z [command]/usr/bin/git submodule foreach --recursive git config --local --show-origin --name-only --get-regexp remote.origin.url
Train	Run actions/checkout@v4	2026-08-21T17:01:28.8321803Z [command]/usr/bin/git config --local http.https://github.com/.extraheader AUTHORIZATION: basic ***
Train	Run actions/checkout@v4	2026-08-21T17:01:28.8361577Z ##[endgroup]
Train	Run actions/checkout@v4	2026-08-21T17:01:28.8362653Z ##[group]Fetching the repository
Train	Run actions/checkout@v4	2026-08-21T17:01:28.8371853Z [command]/usr/bin/git -c protocol.version=2 fetch --no-tags --prune --no-recurse-submodules --depth=1 origin +cc08d97e8cb3fdc1baf54e62668c02a9d4e94964:refs/remotes/origin/main
Train	Run actions/checkout@v4	2026-08-21T17:01:31.4780473Z From https://github.com/NhtJm/TRACK2-DAY21-2A202601155-TRANNGUYENTHENHAT
Train	Run actions/checkout@v4	2026-08-21T17:01:31.4784029Z  * [new ref]         cc08d97e8cb3fdc1baf54e62668c02a9d4e94964 -> origin/main
Train	Run actions/checkout@v4	2026-08-21T17:01:31.4790198Z ##[endgroup]
Train	Run actions/checkout@v4	2026-08-21T17:01:31.4792359Z ##[group]Determining the checkout info
Train	Run actions/checkout@v4	2026-08-21T17:01:31.4794466Z ##[endgroup]
Train	Run actions/checkout@v4	2026-08-21T17:01:31.4796561Z [command]/usr/bin/git sparse-checkout disable
Train	Run actions/checkout@v4	2026-08-21T17:01:31.4863034Z [command]/usr/bin/git config --local --unset-all extensions.worktreeConfig
Train	Run actions/checkout@v4	2026-08-21T17:01:31.4902750Z ##[group]Checking out the ref
Train	Run actions/checkout@v4	2026-08-21T17:01:31.4907318Z [command]/usr/bin/git checkout --progress --force -B main refs/remotes/origin/main
Train	Run actions/checkout@v4	2026-08-21T17:01:31.5712694Z Switched to a new branch 'main'
Train	Run actions/checkout@v4	2026-08-21T17:01:31.5717313Z branch 'main' set up to track 'origin/main'.
Train	Run actions/checkout@v4	2026-08-21T17:01:31.5724499Z ##[endgroup]
Train	Run actions/checkout@v4	2026-08-21T17:01:31.5772245Z [command]/usr/bin/git log -1 --format=%H
Train	Run actions/checkout@v4	2026-08-21T17:01:31.5799000Z cc08d97e8cb3fdc1baf54e62668c02a9d4e94964
Train	Run actions/setup-python@v5	﻿2026-08-21T17:01:31.6132360Z Node 20 is being deprecated. This workflow is running with Node 24 by default. If you need to temporarily use Node 20, you can set the ACTIONS_ALLOW_USE_UNSECURE_NODE_VERSION=true environment variable. For more information see: https://github.blog/changelog/2025-09-19-deprecation-of-node-20-on-github-actions-runners/
Train	Run actions/setup-python@v5	2026-08-21T17:01:31.6136329Z ##[group]Run actions/setup-python@v5
Train	Run actions/setup-python@v5	2026-08-21T17:01:31.6137131Z with:
Train	Run actions/setup-python@v5	2026-08-21T17:01:31.6137726Z   python-version: 3.10
Train	Run actions/setup-python@v5	2026-08-21T17:01:31.6138419Z   check-latest: false
Train	Run actions/setup-python@v5	2026-08-21T17:01:31.6143808Z   token: ***
Train	Run actions/setup-python@v5	2026-08-21T17:01:31.6144462Z   update-environment: true
Train	Run actions/setup-python@v5	2026-08-21T17:01:31.6145200Z   allow-prereleases: false
Train	Run actions/setup-python@v5	2026-08-21T17:01:31.6145900Z   freethreaded: false
Train	Run actions/setup-python@v5	2026-08-21T17:01:31.6146555Z ##[endgroup]
Train	Run actions/setup-python@v5	2026-08-21T17:01:31.7484316Z ##[group]Installed versions
Train	Run actions/setup-python@v5	2026-08-21T17:01:31.7583892Z (node:2278) [DEP0040] DeprecationWarning: The `punycode` module is deprecated. Please use a userland alternative instead.
Train	Run actions/setup-python@v5	2026-08-21T17:01:31.7587065Z (Use `node --trace-deprecation ...` to show where the warning was created)
Train	Run actions/setup-python@v5	2026-08-21T17:01:31.7589262Z Successfully set up CPython (3.10.21)
Train	Run actions/setup-python@v5	2026-08-21T17:01:31.7591950Z ##[endgroup]
Train	Install dependencies	﻿2026-08-21T17:01:31.7787655Z ##[group]Run pip install -r requirements.txt
Train	Install dependencies	2026-08-21T17:01:31.7788763Z ^[[36;1mpip install -r requirements.txt^[[0m
Train	Install dependencies	2026-08-21T17:01:31.7853219Z shell: /usr/bin/bash -e ***0***
Train	Install dependencies	2026-08-21T17:01:31.7854518Z env:
Train	Install dependencies	2026-08-21T17:01:31.7855284Z   pythonLocation: /opt/hostedtoolcache/Python/3.10.21/x64
Train	Install dependencies	2026-08-21T17:01:31.7856523Z   PKG_CONFIG_PATH: /opt/hostedtoolcache/Python/3.10.21/x64/lib/pkgconfig
Train	Install dependencies	2026-08-21T17:01:31.7857767Z   Python_ROOT_DIR: /opt/hostedtoolcache/Python/3.10.21/x64
Train	Install dependencies	2026-08-21T17:01:31.7858860Z   Python2_ROOT_DIR: /opt/hostedtoolcache/Python/3.10.21/x64
Train	Install dependencies	2026-08-21T17:01:31.7859943Z   Python3_ROOT_DIR: /opt/hostedtoolcache/Python/3.10.21/x64
Train	Install dependencies	2026-08-21T17:01:31.7861423Z   LD_LIBRARY_PATH: /opt/hostedtoolcache/Python/3.10.21/x64/lib
Train	Install dependencies	2026-08-21T17:01:31.7862758Z ##[endgroup]
Train	Install dependencies	2026-08-21T17:01:32.7466432Z Collecting mlflow==2.13.0 (from -r requirements.txt (line 1))
Train	Install dependencies	2026-08-21T17:01:32.8149949Z   Downloading mlflow-2.13.0-py3-none-any.whl.metadata (29 kB)
Train	Install dependencies	2026-08-21T17:01:32.9399719Z Collecting scikit-learn==1.4.2 (from -r requirements.txt (line 2))
Train	Install dependencies	2026-08-21T17:01:32.9514493Z   Downloading scikit_learn-1.4.2-cp310-cp310-manylinux_2_17_x86_64.manylinux2014_x86_64.whl.metadata (11 kB)
Train	Install dependencies	2026-08-21T17:01:33.1005197Z Collecting pandas==2.2.2 (from -r requirements.txt (line 3))
Train	Install dependencies	2026-08-21T17:01:33.1123450Z   Downloading pandas-2.2.2-cp310-cp310-manylinux_2_17_x86_64.manylinux2014_x86_64.whl.metadata (19 kB)
Train	Install dependencies	2026-08-21T17:01:33.2078285Z Collecting dvc==3.50.1 (from dvc[gs]==3.50.1->-r requirements.txt (line 4))
Train	Install dependencies	2026-08-21T17:01:33.2192561Z   Downloading dvc-3.50.1-py3-none-any.whl.metadata (17 kB)
Train	Install dependencies	2026-08-21T17:01:33.2474472Z Collecting pathspec==0.11.2 (from -r requirements.txt (line 5))
Train	Install dependencies	2026-08-21T17:01:33.2586274Z   Downloading pathspec-0.11.2-py3-none-any.whl.metadata (19 kB)
Train	Install dependencies	2026-08-21T17:01:33.2903227Z Collecting pytest==8.2.0 (from -r requirements.txt (line 6))
Train	Install dependencies	2026-08-21T17:01:33.3023401Z   Downloading pytest-8.2.0-py3-none-any.whl.metadata (7.5 kB)
Train	Install dependencies	2026-08-21T17:01:33.3577447Z Collecting fastapi==0.111.0 (from -r requirements.txt (line 7))
Train	Install dependencies	2026-08-21T17:01:33.3694980Z   Downloading fastapi-0.111.0-py3-none-any.whl.metadata (25 kB)
Train	Install dependencies	2026-08-21T17:01:33.4019775Z Collecting uvicorn==0.29.0 (from -r requirements.txt (line 8))
Train	Install dependencies	2026-08-21T17:01:33.4134916Z   Downloading uvicorn-0.29.0-py3-none-any.whl.metadata (6.3 kB)
Train	Install dependencies	2026-08-21T17:01:33.4370483Z Collecting joblib==1.4.2 (from -r requirements.txt (line 9))
Train	Install dependencies	2026-08-21T17:01:33.4486503Z   Downloading joblib-1.4.2-py3-none-any.whl.metadata (5.4 kB)
Train	Install dependencies	2026-08-21T17:01:33.4741514Z Collecting google-cloud-storage==2.16.0 (from -r requirements.txt (line 10))
Train	Install dependencies	2026-08-21T17:01:33.4866083Z   Downloading google_cloud_storage-2.16.0-py2.py3-none-any.whl.metadata (6.1 kB)
Train	Install dependencies	2026-08-21T17:01:33.5527544Z Collecting pyyaml==6.0.1 (from -r requirements.txt (line 11))
Train	Install dependencies	2026-08-21T17:01:33.5641081Z   Downloading PyYAML-6.0.1-cp310-cp310-manylinux_2_17_x86_64.manylinux2014_x86_64.whl.metadata (2.1 kB)
Train	Install dependencies	2026-08-21T17:01:33.5888126Z Collecting Flask<4 (from mlflow==2.13.0->-r requirements.txt (line 1))
Train	Install dependencies	2026-08-21T17:01:33.5997385Z   Downloading flask-3.1.3-py3-none-any.whl.metadata (3.2 kB)
Train	Install dependencies	2026-08-21T17:01:33.6307823Z Collecting alembic!=1.10.0,<2 (from mlflow==2.13.0->-r requirements.txt (line 1))
Train	Install dependencies	2026-08-21T17:01:33.6420209Z   Downloading alembic-1.19.1-py3-none-any.whl.metadata (7.3 kB)
Train	Install dependencies	2026-08-21T17:01:33.6644554Z Collecting cachetools<6,>=5.0.0 (from mlflow==2.13.0->-r requirements.txt (line 1))
Train	Install dependencies	2026-08-21T17:01:33.6751214Z   Downloading cachetools-5.5.2-py3-none-any.whl.metadata (5.4 kB)
Train	Install dependencies	2026-08-21T17:01:33.6961414Z Collecting click<9,>=7.0 (from mlflow==2.13.0->-r requirements.txt (line 1))
Train	Install dependencies	2026-08-21T17:01:33.7066298Z   Downloading click-8.4.2-py3-none-any.whl.metadata (2.6 kB)
Train	Install dependencies	2026-08-21T17:01:33.7249612Z Collecting cloudpickle<4 (from mlflow==2.13.0->-r requirements.txt (line 1))
Train	Install dependencies	2026-08-21T17:01:33.7363354Z   Downloading cloudpickle-3.1.2-py3-none-any.whl.metadata (7.1 kB)
Train	Install dependencies	2026-08-21T17:01:33.7581717Z Collecting docker<8,>=4.0.0 (from mlflow==2.13.0->-r requirements.txt (line 1))
Train	Install dependencies	2026-08-21T17:01:33.7691849Z   Downloading docker-7.2.0-py3-none-any.whl.metadata (3.8 kB)
Train	Install dependencies	2026-08-21T17:01:33.7891267Z Collecting entrypoints<1 (from mlflow==2.13.0->-r requirements.txt (line 1))
Train	Install dependencies	2026-08-21T17:01:33.8015705Z   Downloading entrypoints-0.4-py3-none-any.whl.metadata (2.6 kB)
Train	Install dependencies	2026-08-21T17:01:33.8368600Z Collecting gitpython<4,>=3.1.9 (from mlflow==2.13.0->-r requirements.txt (line 1))
Train	Install dependencies	2026-08-21T17:01:33.8475732Z   Downloading gitpython-3.1.59-py3-none-any.whl.metadata (13 kB)
Train	Install dependencies	2026-08-21T17:01:33.8728146Z Collecting graphene<4 (from mlflow==2.13.0->-r requirements.txt (line 1))
Train	Install dependencies	2026-08-21T17:01:33.8835942Z   Downloading graphene-3.4.3-py2.py3-none-any.whl.metadata (6.9 kB)
Train	Install dependencies	2026-08-21T17:01:33.9174054Z Collecting importlib-metadata!=4.7.0,<8,>=3.7.0 (from mlflow==2.13.0->-r requirements.txt (line 1))
Train	Install dependencies	2026-08-21T17:01:33.9283133Z   Downloading importlib_metadata-7.2.1-py3-none-any.whl.metadata (4.6 kB)
Train	Install dependencies	2026-08-21T17:01:33.9537398Z Collecting markdown<4,>=3.3 (from mlflow==2.13.0->-r requirements.txt (line 1))
Train	Install dependencies	2026-08-21T17:01:33.9641458Z   Downloading markdown-3.10.3-py3-none-any.whl.metadata (5.1 kB)
Train	Install dependencies	2026-08-21T17:01:34.1377949Z Collecting matplotlib<4 (from mlflow==2.13.0->-r requirements.txt (line 1))
Train	Install dependencies	2026-08-21T17:01:34.1494086Z   Downloading matplotlib-3.10.9-cp310-cp310-manylinux2014_x86_64.manylinux_2_17_x86_64.whl.metadata (52 kB)
Train	Install dependencies	2026-08-21T17:01:34.4336502Z Collecting numpy<2 (from mlflow==2.13.0->-r requirements.txt (line 1))
Train	Install dependencies	2026-08-21T17:01:34.4449658Z   Downloading numpy-1.26.4-cp310-cp310-manylinux_2_17_x86_64.manylinux2014_x86_64.whl.metadata (61 kB)
Train	Install dependencies	2026-08-21T17:01:34.4725695Z Collecting opentelemetry-api<3,>=1.0.0 (from mlflow==2.13.0->-r requirements.txt (line 1))
Train	Install dependencies	2026-08-21T17:01:34.4831142Z   Downloading opentelemetry_api-1.44.0-py3-none-any.whl.metadata (1.4 kB)
Train	Install dependencies	2026-08-21T17:01:34.5080204Z Collecting opentelemetry-sdk<3,>=1.0.0 (from mlflow==2.13.0->-r requirements.txt (line 1))
Train	Install dependencies	2026-08-21T17:01:34.5192877Z   Downloading opentelemetry_sdk-1.44.0-py3-none-any.whl.metadata (1.6 kB)
Train	Install dependencies	2026-08-21T17:01:34.5406133Z Collecting packaging<25 (from mlflow==2.13.0->-r requirements.txt (line 1))
Train	Install dependencies	2026-08-21T17:01:34.5516970Z   Downloading packaging-24.2-py3-none-any.whl.metadata (3.2 kB)
Train	Install dependencies	2026-08-21T17:01:34.7449756Z Collecting protobuf<5,>=3.12.0 (from mlflow==2.13.0->-r requirements.txt (line 1))
Train	Install dependencies	2026-08-21T17:01:34.7560553Z   Downloading protobuf-4.25.9-cp37-abi3-manylinux2014_x86_64.whl.metadata (541 bytes)
Train	Install dependencies	2026-08-21T17:01:34.8590052Z Collecting pyarrow<16,>=4.0.0 (from mlflow==2.13.0->-r requirements.txt (line 1))
Train	Install dependencies	2026-08-21T17:01:34.8709586Z   Downloading pyarrow-15.0.2-cp310-cp310-manylinux_2_28_x86_64.whl.metadata (3.0 kB)
Train	Install dependencies	2026-08-21T17:01:34.9159117Z Collecting pytz<2025 (from mlflow==2.13.0->-r requirements.txt (line 1))
Train	Install dependencies	2026-08-21T17:01:34.9266366Z   Downloading pytz-2024.2-py2.py3-none-any.whl.metadata (22 kB)
Train	Install dependencies	2026-08-21T17:01:34.9408974Z Collecting querystring-parser<2 (from mlflow==2.13.0->-r requirements.txt (line 1))
Train	Install dependencies	2026-08-21T17:01:34.9535095Z   Downloading querystring_parser-1.2.4-py2.py3-none-any.whl.metadata (559 bytes)
Train	Install dependencies	2026-08-21T17:01:34.9808846Z Collecting requests<3,>=2.17.3 (from mlflow==2.13.0->-r requirements.txt (line 1))
Train	Install dependencies	2026-08-21T17:01:34.9917439Z   Downloading requests-2.34.2-py3-none-any.whl.metadata (4.8 kB)
Train	Install dependencies	2026-08-21T17:01:35.1828277Z Collecting scipy<2 (from mlflow==2.13.0->-r requirements.txt (line 1))
Train	Install dependencies	2026-08-21T17:01:35.1943825Z   Downloading scipy-1.15.3-cp310-cp310-manylinux_2_17_x86_64.manylinux2014_x86_64.whl.metadata (61 kB)
Train	Install dependencies	2026-08-21T17:01:35.5445290Z Collecting sqlalchemy<3,>=1.4.0 (from mlflow==2.13.0->-r requirements.txt (line 1))
Train	Install dependencies	2026-08-21T17:01:35.5555836Z   Downloading sqlalchemy-2.0.52-cp310-cp310-manylinux2014_x86_64.manylinux_2_17_x86_64.manylinux_2_28_x86_64.whl.metadata (9.6 kB)
Train	Install dependencies	2026-08-21T17:01:35.5796226Z Collecting sqlparse<1,>=0.4.0 (from mlflow==2.13.0->-r requirements.txt (line 1))
Train	Install dependencies	2026-08-21T17:01:35.5897498Z   Downloading sqlparse-0.6.0-py3-none-any.whl.metadata (6.0 kB)
Train	Install dependencies	2026-08-21T17:01:35.6064887Z Collecting Jinja2<4,>=2.11 (from mlflow==2.13.0->-r requirements.txt (line 1))
Train	Install dependencies	2026-08-21T17:01:35.6169038Z   Downloading jinja2-3.1.6-py3-none-any.whl.metadata (2.9 kB)
Train	Install dependencies	2026-08-21T17:01:35.6377029Z Collecting gunicorn<23 (from mlflow==2.13.0->-r requirements.txt (line 1))
Train	Install dependencies	2026-08-21T17:01:35.6479734Z   Downloading gunicorn-22.0.0-py3-none-any.whl.metadata (4.4 kB)
Train	Install dependencies	2026-08-21T17:01:35.6710022Z Collecting threadpoolctl>=2.0.0 (from scikit-learn==1.4.2->-r requirements.txt (line 2))
Train	Install dependencies	2026-08-21T17:01:35.6811147Z   Downloading threadpoolctl-3.6.0-py3-none-any.whl.metadata (13 kB)
Train	Install dependencies	2026-08-21T17:01:35.6991938Z Collecting python-dateutil>=2.8.2 (from pandas==2.2.2->-r requirements.txt (line 3))
Train	Install dependencies	2026-08-21T17:01:35.7092179Z   Downloading python_dateutil-2.9.0.post0-py2.py3-none-any.whl.metadata (8.4 kB)
Train	Install dependencies	2026-08-21T17:01:35.7276183Z Collecting tzdata>=2022.7 (from pandas==2.2.2->-r requirements.txt (line 3))
Train	Install dependencies	2026-08-21T17:01:35.7378425Z   Downloading tzdata-2026.3-py2.py3-none-any.whl.metadata (1.4 kB)
Train	Install dependencies	2026-08-21T17:01:35.7539818Z Collecting attrs>=22.2.0 (from dvc==3.50.1->dvc[gs]==3.50.1->-r requirements.txt (line 4))
Train	Install dependencies	2026-08-21T17:01:35.7645325Z   Downloading attrs-26.1.0-py3-none-any.whl.metadata (8.8 kB)
Train	Install dependencies	2026-08-21T17:01:35.7995568Z Collecting celery (from dvc==3.50.1->dvc[gs]==3.50.1->-r requirements.txt (line 4))
Train	Install dependencies	2026-08-21T17:01:35.8104948Z   Downloading celery-5.6.3-py3-none-any.whl.metadata (23 kB)
Train	Install dependencies	2026-08-21T17:01:35.8499292Z Collecting colorama>=0.3.9 (from dvc==3.50.1->dvc[gs]==3.50.1->-r requirements.txt (line 4))
Train	Install dependencies	2026-08-21T17:01:35.8615621Z   Downloading colorama-0.4.6-py2.py3-none-any.whl.metadata (17 kB)
Train	Install dependencies	2026-08-21T17:01:35.9151840Z Collecting configobj>=5.0.6 (from dvc==3.50.1->dvc[gs]==3.50.1->-r requirements.txt (line 4))
Train	Install dependencies	2026-08-21T17:01:35.9264695Z   Downloading configobj-5.0.9-py2.py3-none-any.whl.metadata (3.2 kB)
Train	Install dependencies	2026-08-21T17:01:35.9393186Z Collecting distro>=1.3 (from dvc==3.50.1->dvc[gs]==3.50.1->-r requirements.txt (line 4))
Train	Install dependencies	2026-08-21T17:01:35.9495417Z   Downloading distro-1.9.0-py3-none-any.whl.metadata (6.8 kB)
Train	Install dependencies	2026-08-21T17:01:35.9649590Z Collecting dpath<3,>=2.1.0 (from dvc==3.50.1->dvc[gs]==3.50.1->-r requirements.txt (line 4))
Train	Install dependencies	2026-08-21T17:01:35.9765210Z   Downloading dpath-2.2.0-py3-none-any.whl.metadata (15 kB)
Train	Install dependencies	2026-08-21T17:01:36.1742657Z Collecting dulwich (from dvc==3.50.1->dvc[gs]==3.50.1->-r requirements.txt (line 4))
Train	Install dependencies	2026-08-21T17:01:36.1852019Z   Downloading dulwich-1.2.12-cp310-cp310-manylinux_2_28_x86_64.whl.metadata (6.0 kB)
Train	Install dependencies	2026-08-21T17:01:36.2354660Z Collecting dvc-data<3.16,>=3.15 (from dvc==3.50.1->dvc[gs]==3.50.1->-r requirements.txt (line 4))
Train	Install dependencies	2026-08-21T17:01:36.2462819Z   Downloading dvc_data-3.15.2-py3-none-any.whl.metadata (5.0 kB)
Train	Install dependencies	2026-08-21T17:01:36.2631865Z Collecting dvc-http>=2.29.0 (from dvc==3.50.1->dvc[gs]==3.50.1->-r requirements.txt (line 4))
Train	Install dependencies	2026-08-21T17:01:36.2723033Z   Downloading dvc_http-2.32.0-py3-none-any.whl.metadata (1.3 kB)
Train	Install dependencies	2026-08-21T17:01:36.3051803Z Collecting dvc-objects (from dvc==3.50.1->dvc[gs]==3.50.1->-r requirements.txt (line 4))
Train	Install dependencies	2026-08-21T17:01:36.3159186Z   Downloading dvc_objects-5.2.0-py3-none-any.whl.metadata (3.9 kB)
Train	Install dependencies	2026-08-21T17:01:36.3331582Z Collecting dvc-render<2,>=1.0.1 (from dvc==3.50.1->dvc[gs]==3.50.1->-r requirements.txt (line 4))
Train	Install dependencies	2026-08-21T17:01:36.3437126Z   Downloading dvc_render-1.0.2-py3-none-any.whl.metadata (5.4 kB)
Train	Install dependencies	2026-08-21T17:01:36.3617061Z Collecting dvc-studio-client<1,>=0.20 (from dvc==3.50.1->dvc[gs]==3.50.1->-r requirements.txt (line 4))
Train	Install dependencies	2026-08-21T17:01:36.3726975Z   Downloading dvc_studio_client-0.23.0-py3-none-any.whl.metadata (4.4 kB)
Train	Install dependencies	2026-08-21T17:01:36.3890148Z Collecting dvc-task<1,>=0.3.0 (from dvc==3.50.1->dvc[gs]==3.50.1->-r requirements.txt (line 4))
Train	Install dependencies	2026-08-21T17:01:36.3997802Z   Downloading dvc_task-0.40.2-py3-none-any.whl.metadata (10.0 kB)
Train	Install dependencies	2026-08-21T17:01:36.4164014Z Collecting flatten-dict<1,>=0.4.1 (from dvc==3.50.1->dvc[gs]==3.50.1->-r requirements.txt (line 4))
Train	Install dependencies	2026-08-21T17:01:36.4272760Z   Downloading flatten_dict-0.5.0-py3-none-any.whl.metadata (8.9 kB)
Train	Install dependencies	2026-08-21T17:01:36.4408456Z Collecting flufl.lock<8,>=5 (from dvc==3.50.1->dvc[gs]==3.50.1->-r requirements.txt (line 4))
Train	Install dependencies	2026-08-21T17:01:36.4513988Z   Downloading flufl.lock-7.1.1-py3-none-any.whl.metadata (3.3 kB)
Train	Install dependencies	2026-08-21T17:01:36.4790901Z Collecting fsspec (from dvc==3.50.1->dvc[gs]==3.50.1->-r requirements.txt (line 4))
Train	Install dependencies	2026-08-21T17:01:36.4908474Z   Downloading fsspec-2026.7.0-py3-none-any.whl.metadata (10 kB)
Train	Install dependencies	2026-08-21T17:01:36.5605367Z Collecting funcy>=1.14 (from dvc==3.50.1->dvc[gs]==3.50.1->-r requirements.txt (line 4))
Train	Install dependencies	2026-08-21T17:01:36.5722835Z   Downloading funcy-2.0-py2.py3-none-any.whl.metadata (5.9 kB)
Train	Install dependencies	2026-08-21T17:01:36.5855934Z Collecting grandalf<1,>=0.7 (from dvc==3.50.1->dvc[gs]==3.50.1->-r requirements.txt (line 4))
Train	Install dependencies	2026-08-21T17:01:36.5963859Z   Downloading grandalf-0.8-py3-none-any.whl.metadata (1.7 kB)
Train	Install dependencies	2026-08-21T17:01:36.6210429Z Collecting gto<2,>=1.6.0 (from dvc==3.50.1->dvc[gs]==3.50.1->-r requirements.txt (line 4))
Train	Install dependencies	2026-08-21T17:01:36.6320362Z   Downloading gto-1.10.1-py3-none-any.whl.metadata (4.8 kB)
Train	Install dependencies	2026-08-21T17:01:36.6530390Z Collecting hydra-core>=1.1 (from dvc==3.50.1->dvc[gs]==3.50.1->-r requirements.txt (line 4))
Train	Install dependencies	2026-08-21T17:01:36.6637980Z   Downloading hydra_core-1.3.5-py3-none-any.whl.metadata (5.7 kB)
Train	Install dependencies	2026-08-21T17:01:36.6858414Z Collecting iterative-telemetry>=0.0.7 (from dvc==3.50.1->dvc[gs]==3.50.1->-r requirements.txt (line 4))
Train	Install dependencies	2026-08-21T17:01:36.7023497Z   Downloading iterative_telemetry-0.0.10-py3-none-any.whl.metadata (4.1 kB)
Train	Install dependencies	2026-08-21T17:01:36.7358107Z Collecting kombu (from dvc==3.50.1->dvc[gs]==3.50.1->-r requirements.txt (line 4))
Train	Install dependencies	2026-08-21T17:01:36.7460898Z   Downloading kombu-5.6.2-py3-none-any.whl.metadata (3.5 kB)
Train	Install dependencies	2026-08-21T17:01:36.7752419Z Collecting networkx>=2.5 (from dvc==3.50.1->dvc[gs]==3.50.1->-r requirements.txt (line 4))
Train	Install dependencies	2026-08-21T17:01:36.7858701Z   Downloading networkx-3.4.2-py3-none-any.whl.metadata (6.3 kB)
Train	Install dependencies	2026-08-21T17:01:36.8255219Z Collecting omegaconf (from dvc==3.50.1->dvc[gs]==3.50.1->-r requirements.txt (line 4))
Train	Install dependencies	2026-08-21T17:01:36.8363926Z   Downloading omegaconf-2.3.1-py3-none-any.whl.metadata (4.5 kB)
Train	Install dependencies	2026-08-21T17:01:36.8616599Z Collecting platformdirs<4,>=3.1.1 (from dvc==3.50.1->dvc[gs]==3.50.1->-r requirements.txt (line 4))
Train	Install dependencies	2026-08-21T17:01:36.8718422Z   Downloading platformdirs-3.11.0-py3-none-any.whl.metadata (11 kB)
Train	Install dependencies	2026-08-21T17:01:36.9531259Z Collecting psutil>=5.8 (from dvc==3.50.1->dvc[gs]==3.50.1->-r requirements.txt (line 4))
Train	Install dependencies	2026-08-21T17:01:36.9641861Z   Downloading psutil-7.2.2-cp36-abi3-manylinux2010_x86_64.manylinux_2_12_x86_64.manylinux_2_28_x86_64.whl.metadata (22 kB)
Train	Install dependencies	2026-08-21T17:01:36.9822925Z Collecting pydot>=1.2.4 (from dvc==3.50.1->dvc[gs]==3.50.1->-r requirements.txt (line 4))
Train	Install dependencies	2026-08-21T17:01:36.9929055Z   Downloading pydot-4.0.1-py3-none-any.whl.metadata (11 kB)
Train	Install dependencies	2026-08-21T17:01:37.0067582Z Collecting pygtrie>=2.3.2 (from dvc==3.50.1->dvc[gs]==3.50.1->-r requirements.txt (line 4))
Train	Install dependencies	2026-08-21T17:01:37.0175135Z   Downloading pygtrie-2.5.0-py3-none-any.whl.metadata (7.5 kB)
Train	Install dependencies	2026-08-21T17:01:37.0818927Z Collecting pyparsing>=2.4.7 (from dvc==3.50.1->dvc[gs]==3.50.1->-r requirements.txt (line 4))
Train	Install dependencies	2026-08-21T17:01:37.0924632Z   Downloading pyparsing-3.3.2-py3-none-any.whl.metadata (5.8 kB)
Train	Install dependencies	2026-08-21T17:01:37.1336990Z Collecting rich>=12 (from dvc==3.50.1->dvc[gs]==3.50.1->-r requirements.txt (line 4))
Train	Install dependencies	2026-08-21T17:01:37.1445226Z   Downloading rich-15.0.0-py3-none-any.whl.metadata (18 kB)
Train	Install dependencies	2026-08-21T17:01:37.2945156Z Collecting ruamel.yaml>=0.17.11 (from dvc==3.50.1->dvc[gs]==3.50.1->-r requirements.txt (line 4))
Train	Install dependencies	2026-08-21T17:01:37.3052066Z   Downloading ruamel_yaml-0.19.1-py3-none-any.whl.metadata (16 kB)
Train	Install dependencies	2026-08-21T17:01:37.3318333Z Collecting scmrepo<4,>=3.3.2 (from dvc==3.50.1->dvc[gs]==3.50.1->-r requirements.txt (line 4))
Train	Install dependencies	2026-08-21T17:01:37.3434009Z   Downloading scmrepo-3.6.2-py3-none-any.whl.metadata (4.8 kB)
Train	Install dependencies	2026-08-21T17:01:37.3595820Z Collecting shortuuid>=0.5 (from dvc==3.50.1->dvc[gs]==3.50.1->-r requirements.txt (line 4))
Train	Install dependencies	2026-08-21T17:01:37.3697772Z   Downloading shortuuid-1.0.13-py3-none-any.whl.metadata (5.8 kB)
Train	Install dependencies	2026-08-21T17:01:37.3885235Z Collecting shtab<2,>=1.3.4 (from dvc==3.50.1->dvc[gs]==3.50.1->-r requirements.txt (line 4))
Train	Install dependencies	2026-08-21T17:01:37.3989748Z   Downloading shtab-1.11.0-py3-none-any.whl.metadata (7.5 kB)
Train	Install dependencies	2026-08-21T17:01:37.4116114Z Collecting tabulate>=0.8.7 (from dvc==3.50.1->dvc[gs]==3.50.1->-r requirements.txt (line 4))
Train	Install dependencies	2026-08-21T17:01:37.4218311Z   Downloading tabulate-0.10.0-py3-none-any.whl.metadata (40 kB)
Train	Install dependencies	2026-08-21T17:01:37.4417448Z Collecting tomlkit>=0.11.1 (from dvc==3.50.1->dvc[gs]==3.50.1->-r requirements.txt (line 4))
Train	Install dependencies	2026-08-21T17:01:37.4523831Z   Downloading tomlkit-0.15.1-py3-none-any.whl.metadata (3.3 kB)
Train	Install dependencies	2026-08-21T17:01:37.4851582Z Collecting tqdm<5,>=4.63.1 (from dvc==3.50.1->dvc[gs]==3.50.1->-r requirements.txt (line 4))
Train	Install dependencies	2026-08-21T17:01:37.4959976Z   Downloading tqdm-4.70.0-py3-none-any.whl.metadata (57 kB)
Train	Install dependencies	2026-08-21T17:01:37.5163254Z Collecting voluptuous>=0.11.7 (from dvc==3.50.1->dvc[gs]==3.50.1->-r requirements.txt (line 4))
Train	Install dependencies	2026-08-21T17:01:37.5284675Z   Downloading voluptuous-0.16.0-py3-none-any.whl.metadata (20 kB)
Train	Install dependencies	2026-08-21T17:01:37.5425984Z Collecting zc.lockfile>=1.2.1 (from dvc==3.50.1->dvc[gs]==3.50.1->-r requirements.txt (line 4))
Train	Install dependencies	2026-08-21T17:01:37.5554745Z   Downloading zc_lockfile-4.0-py3-none-any.whl.metadata (6.6 kB)
Train	Install dependencies	2026-08-21T17:01:37.5715995Z Collecting iniconfig (from pytest==8.2.0->-r requirements.txt (line 6))
Train	Install dependencies	2026-08-21T17:01:37.5821113Z   Downloading iniconfig-2.3.0-py3-none-any.whl.metadata (2.5 kB)
Train	Install dependencies	2026-08-21T17:01:37.5969655Z Collecting pluggy<2.0,>=1.5 (from pytest==8.2.0->-r requirements.txt (line 6))
Train	Install dependencies	2026-08-21T17:01:37.6073452Z   Downloading pluggy-1.6.0-py3-none-any.whl.metadata (4.8 kB)
Train	Install dependencies	2026-08-21T17:01:37.6224379Z Collecting exceptiongroup>=1.0.0rc8 (from pytest==8.2.0->-r requirements.txt (line 6))
Train	Install dependencies	2026-08-21T17:01:37.6326870Z   Downloading exceptiongroup-1.3.1-py3-none-any.whl.metadata (6.7 kB)
Train	Install dependencies	2026-08-21T17:01:37.6589982Z Collecting tomli>=1 (from pytest==8.2.0->-r requirements.txt (line 6))
Train	Install dependencies	2026-08-21T17:01:37.6695973Z   Downloading tomli-2.4.1-py3-none-any.whl.metadata (10 kB)
Train	Install dependencies	2026-08-21T17:01:37.6985862Z Collecting starlette<0.38.0,>=0.37.2 (from fastapi==0.111.0->-r requirements.txt (line 7))
Train	Install dependencies	2026-08-21T17:01:37.7095618Z   Downloading starlette-0.37.2-py3-none-any.whl.metadata (5.9 kB)
Train	Install dependencies	2026-08-21T17:01:37.8484973Z Collecting pydantic!=1.8,!=1.8.1,!=2.0.0,!=2.0.1,!=2.1.0,<3.0.0,>=1.7.4 (from fastapi==0.111.0->-r requirements.txt (line 7))
Train	Install dependencies	2026-08-21T17:01:37.8590433Z   Downloading pydantic-2.13.4-py3-none-any.whl.metadata (109 kB)
Train	Install dependencies	2026-08-21T17:01:37.8846399Z Collecting typing-extensions>=4.8.0 (from fastapi==0.111.0->-r requirements.txt (line 7))
Train	Install dependencies	2026-08-21T17:01:37.8946137Z   Downloading typing_extensions-4.16.0-py3-none-any.whl.metadata (3.3 kB)
Train	Install dependencies	2026-08-21T17:01:37.9099164Z Collecting fastapi-cli>=0.0.2 (from fastapi==0.111.0->-r requirements.txt (line 7))
Train	Install dependencies	2026-08-21T17:01:37.9202873Z   Downloading fastapi_cli-0.0.32-py3-none-any.whl.metadata (6.7 kB)
Train	Install dependencies	2026-08-21T17:01:37.9401025Z Collecting httpx>=0.23.0 (from fastapi==0.111.0->-r requirements.txt (line 7))
Train	Install dependencies	2026-08-21T17:01:37.9507405Z   Downloading httpx-0.28.1-py3-none-any.whl.metadata (7.1 kB)
Train	Install dependencies	2026-08-21T17:01:37.9699448Z Collecting python-multipart>=0.0.7 (from fastapi==0.111.0->-r requirements.txt (line 7))
Train	Install dependencies	2026-08-21T17:01:37.9803234Z   Downloading python_multipart-0.0.32-py3-none-any.whl.metadata (2.1 kB)
Train	Install dependencies	2026-08-21T17:01:38.1142044Z Collecting ujson!=4.0.2,!=4.1.0,!=4.2.0,!=4.3.0,!=5.0.0,!=5.1.0,>=4.0.1 (from fastapi==0.111.0->-r requirements.txt (line 7))
Train	Install dependencies	2026-08-21T17:01:38.1254380Z   Downloading ujson-5.13.0-cp310-cp310-manylinux_2_24_x86_64.manylinux_2_28_x86_64.whl.metadata (10.0 kB)
Train	Install dependencies	2026-08-21T17:01:38.4350346Z Collecting orjson>=3.2.1 (from fastapi==0.111.0->-r requirements.txt (line 7))
Train	Install dependencies	2026-08-21T17:01:38.4482260Z   Downloading orjson-3.12.0-cp310-cp310-manylinux_2_17_x86_64.manylinux2014_x86_64.whl.metadata (41 kB)
Train	Install dependencies	2026-08-21T17:01:38.4646254Z Collecting email_validator>=2.0.0 (from fastapi==0.111.0->-r requirements.txt (line 7))
Train	Install dependencies	2026-08-21T17:01:38.4752754Z   Downloading email_validator-2.3.0-py3-none-any.whl.metadata (26 kB)
Train	Install dependencies	2026-08-21T17:01:38.4937074Z Collecting h11>=0.8 (from uvicorn==0.29.0->-r requirements.txt (line 8))
Train	Install dependencies	2026-08-21T17:01:38.5043941Z   Downloading h11-0.16.0-py3-none-any.whl.metadata (8.3 kB)
Train	Install dependencies	2026-08-21T17:01:38.5480380Z Collecting google-auth<3.0dev,>=2.26.1 (from google-cloud-storage==2.16.0->-r requirements.txt (line 10))
Train	Install dependencies	2026-08-21T17:01:38.5585994Z   Downloading google_auth-2.56.3-py3-none-any.whl.metadata (6.0 kB)
Train	Install dependencies	2026-08-21T17:01:38.6037987Z Collecting google-api-core<3.0.0dev,>=2.15.0 (from google-cloud-storage==2.16.0->-r requirements.txt (line 10))
Train	Install dependencies	2026-08-21T17:01:38.6146272Z   Downloading google_api_core-2.34.0-py3-none-any.whl.metadata (2.9 kB)
Train	Install dependencies	2026-08-21T17:01:38.6347862Z Collecting google-cloud-core<3.0dev,>=2.3.0 (from google-cloud-storage==2.16.0->-r requirements.txt (line 10))
Train	Install dependencies	2026-08-21T17:01:38.6452633Z   Downloading google_cloud_core-2.6.1-py3-none-any.whl.metadata (2.8 kB)
Train	Install dependencies	2026-08-21T17:01:38.6635589Z Collecting google-resumable-media>=2.6.0 (from google-cloud-storage==2.16.0->-r requirements.txt (line 10))
Train	Install dependencies	2026-08-21T17:01:38.6745761Z   Downloading google_resumable_media-2.10.1-py3-none-any.whl.metadata (2.2 kB)
Train	Install dependencies	2026-08-21T17:01:38.7372414Z Collecting google-crc32c<2.0dev,>=1.0 (from google-cloud-storage==2.16.0->-r requirements.txt (line 10))
Train	Install dependencies	2026-08-21T17:01:38.7484354Z   Downloading google_crc32c-1.8.0-cp310-cp310-manylinux1_x86_64.manylinux2014_x86_64.manylinux_2_17_x86_64.manylinux_2_5_x86_64.whl.metadata (1.7 kB)
Train	Install dependencies	2026-08-21T17:01:38.8331533Z Collecting dvc-gs<4,>=3 (from dvc[gs]==3.50.1->-r requirements.txt (line 4))
Train	Install dependencies	2026-08-21T17:01:38.8444301Z   Downloading dvc_gs-3.1.0-py3-none-any.whl.metadata (1.3 kB)
Train	Install dependencies	2026-08-21T17:01:38.8833973Z Collecting Mako (from alembic!=1.10.0,<2->mlflow==2.13.0->-r requirements.txt (line 1))
Train	Install dependencies	2026-08-21T17:01:38.8941389Z   Downloading mako-1.4.1-py3-none-any.whl.metadata (2.9 kB)
Train	Install dependencies	2026-08-21T17:01:38.9334314Z Collecting urllib3>=1.26.0 (from docker<8,>=4.0.0->mlflow==2.13.0->-r requirements.txt (line 1))
Train	Install dependencies	2026-08-21T17:01:38.9445592Z   Downloading urllib3-2.7.0-py3-none-any.whl.metadata (6.9 kB)
Train	Install dependencies	2026-08-21T17:01:38.9635611Z Collecting dictdiffer>=0.8.1 (from dvc-data<3.16,>=3.15->dvc==3.50.1->dvc[gs]==3.50.1->-r requirements.txt (line 4))
Train	Install dependencies	2026-08-21T17:01:38.9752830Z   Downloading dictdiffer-0.10.0-py3-none-any.whl.metadata (2.9 kB)
Train	Install dependencies	2026-08-21T17:01:38.9969404Z Collecting diskcache>=5.2.1 (from dvc-data<3.16,>=3.15->dvc==3.50.1->dvc[gs]==3.50.1->-r requirements.txt (line 4))
Train	Install dependencies	2026-08-21T17:01:39.0090148Z   Downloading diskcache-5.6.3-py3-none-any.whl.metadata (20 kB)
Train	Install dependencies	2026-08-21T17:01:39.0336794Z Collecting sqltrie<1,>=0.11.0 (from dvc-data<3.16,>=3.15->dvc==3.50.1->dvc[gs]==3.50.1->-r requirements.txt (line 4))
Train	Install dependencies	2026-08-21T17:01:39.0451220Z   Downloading sqltrie-0.11.2-py3-none-any.whl.metadata (3.3 kB)
Train	Install dependencies	2026-08-21T17:01:39.0711057Z Collecting gcsfs>=2022.11.0 (from dvc-gs<4,>=3->dvc[gs]==3.50.1->-r requirements.txt (line 4))
Train	Install dependencies	2026-08-21T17:01:39.0836625Z   Downloading gcsfs-2026.8.0-py3-none-any.whl.metadata (4.6 kB)
Train	Install dependencies	2026-08-21T17:01:39.1258770Z Collecting billiard<5.0,>=4.2.1 (from celery->dvc==3.50.1->dvc[gs]==3.50.1->-r requirements.txt (line 4))
Train	Install dependencies	2026-08-21T17:01:39.1367425Z   Downloading billiard-4.2.4-py3-none-any.whl.metadata (4.8 kB)
Train	Install dependencies	2026-08-21T17:01:39.1531697Z Collecting vine<6.0,>=5.1.0 (from celery->dvc==3.50.1->dvc[gs]==3.50.1->-r requirements.txt (line 4))
Train	Install dependencies	2026-08-21T17:01:39.1637106Z   Downloading vine-5.1.0-py3-none-any.whl.metadata (2.7 kB)
Train	Install dependencies	2026-08-21T17:01:39.1777118Z Collecting click-didyoumean>=0.3.0 (from celery->dvc==3.50.1->dvc[gs]==3.50.1->-r requirements.txt (line 4))
Train	Install dependencies	2026-08-21T17:01:39.1881681Z   Downloading click_didyoumean-0.3.1-py3-none-any.whl.metadata (3.9 kB)
Train	Install dependencies	2026-08-21T17:01:39.2020123Z Collecting click-repl>=0.2.0 (from celery->dvc==3.50.1->dvc[gs]==3.50.1->-r requirements.txt (line 4))
Train	Install dependencies	2026-08-21T17:01:39.2138933Z   Downloading click_repl-0.3.0-py3-none-any.whl.metadata (3.6 kB)
Train	Install dependencies	2026-08-21T17:01:39.2264999Z Collecting click-plugins>=1.1.1 (from celery->dvc==3.50.1->dvc[gs]==3.50.1->-r requirements.txt (line 4))
Train	Install dependencies	2026-08-21T17:01:39.2374099Z   Downloading click_plugins-1.1.1.2-py2.py3-none-any.whl.metadata (6.5 kB)
Train	Install dependencies	2026-08-21T17:01:39.2564196Z Collecting tzlocal (from celery->dvc==3.50.1->dvc[gs]==3.50.1->-r requirements.txt (line 4))
Train	Install dependencies	2026-08-21T17:01:39.2668961Z   Downloading tzlocal-5.4.4-py3-none-any.whl.metadata (7.7 kB)
Train	Install dependencies	2026-08-21T17:01:39.3278944Z Collecting blinker>=1.9.0 (from Flask<4->mlflow==2.13.0->-r requirements.txt (line 1))
Train	Install dependencies	2026-08-21T17:01:39.3382743Z   Downloading blinker-1.9.0-py3-none-any.whl.metadata (1.6 kB)
Train	Install dependencies	2026-08-21T17:01:39.3529854Z Collecting itsdangerous>=2.2.0 (from Flask<4->mlflow==2.13.0->-r requirements.txt (line 1))
Train	Install dependencies	2026-08-21T17:01:39.3635617Z   Downloading itsdangerous-2.2.0-py3-none-any.whl.metadata (1.9 kB)
Train	Install dependencies	2026-08-21T17:01:39.4259134Z Collecting markupsafe>=2.1.1 (from Flask<4->mlflow==2.13.0->-r requirements.txt (line 1))
Train	Install dependencies	2026-08-21T17:01:39.4368587Z   Downloading markupsafe-3.0.3-cp310-cp310-manylinux2014_x86_64.manylinux_2_17_x86_64.manylinux_2_28_x86_64.whl.metadata (2.7 kB)
Train	Install dependencies	2026-08-21T17:01:39.4582095Z Collecting werkzeug>=3.1.0 (from Flask<4->mlflow==2.13.0->-r requirements.txt (line 1))
Train	Install dependencies	2026-08-21T17:01:39.4696336Z   Downloading werkzeug-3.1.8-py3-none-any.whl.metadata (4.0 kB)
Train	Install dependencies	2026-08-21T17:01:39.4878382Z Collecting atpublic>=2.3 (from flufl.lock<8,>=5->dvc==3.50.1->dvc[gs]==3.50.1->-r requirements.txt (line 4))
Train	Install dependencies	2026-08-21T17:01:39.4984490Z   Downloading atpublic-7.0.0-py3-none-any.whl.metadata (2.0 kB)
Train	Install dependencies	2026-08-21T17:01:39.5155006Z Collecting gitdb<5,>=4.0.1 (from gitpython<4,>=3.1.9->mlflow==2.13.0->-r requirements.txt (line 1))
Train	Install dependencies	2026-08-21T17:01:39.5256467Z   Downloading gitdb-4.0.12-py3-none-any.whl.metadata (1.2 kB)
Train	Install dependencies	2026-08-21T17:01:39.5391828Z Collecting smmap<6,>=3.0.1 (from gitdb<5,>=4.0.1->gitpython<4,>=3.1.9->mlflow==2.13.0->-r requirements.txt (line 1))
Train	Install dependencies	2026-08-21T17:01:39.5492275Z   Downloading smmap-5.0.3-py3-none-any.whl.metadata (4.6 kB)
Train	Install dependencies	2026-08-21T17:01:39.5736480Z Collecting googleapis-common-protos<2.0.0,>=1.69.2 (from google-api-core<3.0.0dev,>=2.15.0->google-cloud-storage==2.16.0->-r requirements.txt (line 10))
Train	Install dependencies	2026-08-21T17:01:39.5846435Z   Downloading googleapis_common_protos-1.75.1-py3-none-any.whl.metadata (8.5 kB)
Train	Install dependencies	2026-08-21T17:01:39.5952310Z INFO: pip is looking at multiple versions of google-api-core to determine which version is compatible with other requirements. This could take a while.
Train	Install dependencies	2026-08-21T17:01:39.5959941Z Collecting google-api-core<3.0.0dev,>=2.15.0 (from google-cloud-storage==2.16.0->-r requirements.txt (line 10))
Train	Install dependencies	2026-08-21T17:01:39.6064903Z   Downloading google_api_core-2.33.0-py3-none-any.whl.metadata (3.2 kB)
Train	Install dependencies	2026-08-21T17:01:39.6323243Z   Downloading google_api_core-2.32.0-py3-none-any.whl.metadata (3.2 kB)
Train	Install dependencies	2026-08-21T17:01:39.6481820Z   Downloading google_api_core-2.31.0-py3-none-any.whl.metadata (3.2 kB)
Train	Install dependencies	2026-08-21T17:01:39.6640258Z   Downloading google_api_core-2.30.3-py3-none-any.whl.metadata (3.1 kB)
Train	Install dependencies	2026-08-21T17:01:39.6927524Z Collecting proto-plus<2.0.0,>=1.22.3 (from google-api-core<3.0.0dev,>=2.15.0->google-cloud-storage==2.16.0->-r requirements.txt (line 10))
Train	Install dependencies	2026-08-21T17:01:39.7030043Z   Downloading proto_plus-1.28.3-py3-none-any.whl.metadata (2.2 kB)
Train	Install dependencies	2026-08-21T17:01:39.7371905Z Collecting pyasn1-modules>=0.2.1 (from google-auth<3.0dev,>=2.26.1->google-cloud-storage==2.16.0->-r requirements.txt (line 10))
Train	Install dependencies	2026-08-21T17:01:39.7475528Z   Downloading pyasn1_modules-0.4.2-py3-none-any.whl.metadata (3.5 kB)
Train	Install dependencies	2026-08-21T17:01:39.9682575Z Collecting cryptography>=38.0.3 (from google-auth<3.0dev,>=2.26.1->google-cloud-storage==2.16.0->-r requirements.txt (line 10))
Train	Install dependencies	2026-08-21T17:01:39.9791901Z   Downloading cryptography-50.0.0-cp39-abi3-manylinux_2_34_x86_64.whl.metadata (4.3 kB)
Train	Install dependencies	2026-08-21T17:01:40.0062155Z INFO: pip is looking at multiple versions of googleapis-common-protos to determine which version is compatible with other requirements. This could take a while.
Train	Install dependencies	2026-08-21T17:01:40.0069066Z Collecting googleapis-common-protos<2.0.0,>=1.63.2 (from google-api-core<3.0.0dev,>=2.15.0->google-cloud-storage==2.16.0->-r requirements.txt (line 10))
Train	Install dependencies	2026-08-21T17:01:40.0174558Z   Downloading googleapis_common_protos-1.75.0-py3-none-any.whl.metadata (8.6 kB)
Train	Install dependencies	2026-08-21T17:01:40.0451686Z Collecting graphql-core<3.3,>=3.1 (from graphene<4->mlflow==2.13.0->-r requirements.txt (line 1))
Train	Install dependencies	2026-08-21T17:01:40.0558197Z   Downloading graphql_core-3.2.11-py3-none-any.whl.metadata (11 kB)
Train	Install dependencies	2026-08-21T17:01:40.0703895Z Collecting graphql-relay<3.3,>=3.1 (from graphene<4->mlflow==2.13.0->-r requirements.txt (line 1))
Train	Install dependencies	2026-08-21T17:01:40.0814724Z   Downloading graphql_relay-3.2.0-py3-none-any.whl.metadata (12 kB)
Train	Install dependencies	2026-08-21T17:01:40.1234562Z Collecting pydantic-settings>=2 (from gto<2,>=1.6.0->dvc==3.50.1->dvc[gs]==3.50.1->-r requirements.txt (line 4))
Train	Install dependencies	2026-08-21T17:01:40.1339498Z   Downloading pydantic_settings-2.15.0-py3-none-any.whl.metadata (3.9 kB)
Train	Install dependencies	2026-08-21T17:01:40.1537779Z Collecting semver>=2.13.0 (from gto<2,>=1.6.0->dvc==3.50.1->dvc[gs]==3.50.1->-r requirements.txt (line 4))
Train	Install dependencies	2026-08-21T17:01:40.1640766Z   Downloading semver-3.0.4-py3-none-any.whl.metadata (6.8 kB)
Train	Install dependencies	2026-08-21T17:01:40.1881947Z Collecting zipp>=0.5 (from importlib-metadata!=4.7.0,<8,>=3.7.0->mlflow==2.13.0->-r requirements.txt (line 1))
Train	Install dependencies	2026-08-21T17:01:40.1987315Z   Downloading zipp-4.1.0-py3-none-any.whl.metadata (3.6 kB)
Train	Install dependencies	2026-08-21T17:01:40.2241089Z Collecting amqp<6.0.0,>=5.1.1 (from kombu->dvc==3.50.1->dvc[gs]==3.50.1->-r requirements.txt (line 4))
Train	Install dependencies	2026-08-21T17:01:40.2345807Z   Downloading amqp-5.3.1-py3-none-any.whl.metadata (8.9 kB)
Train	Install dependencies	2026-08-21T17:01:40.3196770Z Collecting contourpy>=1.0.1 (from matplotlib<4->mlflow==2.13.0->-r requirements.txt (line 1))
Train	Install dependencies	2026-08-21T17:01:40.3318239Z   Downloading contourpy-1.3.2-cp310-cp310-manylinux_2_17_x86_64.manylinux2014_x86_64.whl.metadata (5.5 kB)
Train	Install dependencies	2026-08-21T17:01:40.3453049Z Collecting cycler>=0.10 (from matplotlib<4->mlflow==2.13.0->-r requirements.txt (line 1))
Train	Install dependencies	2026-08-21T17:01:40.3566797Z   Downloading cycler-0.12.1-py3-none-any.whl.metadata (3.8 kB)
Train	Install dependencies	2026-08-21T17:01:40.6133209Z Collecting fonttools>=4.22.0 (from matplotlib<4->mlflow==2.13.0->-r requirements.txt (line 1))
Train	Install dependencies	2026-08-21T17:01:40.6249656Z   Downloading fonttools-4.63.0-cp310-cp310-manylinux2014_x86_64.manylinux_2_17_x86_64.whl.metadata (118 kB)
Train	Install dependencies	2026-08-21T17:01:40.7098819Z Collecting kiwisolver>=1.3.1 (from matplotlib<4->mlflow==2.13.0->-r requirements.txt (line 1))
Train	Install dependencies	2026-08-21T17:01:40.7210958Z   Downloading kiwisolver-1.5.0-cp310-cp310-manylinux_2_12_x86_64.manylinux2010_x86_64.whl.metadata (5.1 kB)
Train	Install dependencies	2026-08-21T17:01:40.9327339Z Collecting pillow>=8 (from matplotlib<4->mlflow==2.13.0->-r requirements.txt (line 1))
Train	Install dependencies	2026-08-21T17:01:40.9436780Z   Downloading pillow-12.3.0-cp310-cp310-manylinux_2_27_x86_64.manylinux_2_28_x86_64.whl.metadata (9.1 kB)
Train	Install dependencies	2026-08-21T17:01:40.9783384Z Collecting opentelemetry-semantic-conventions==0.65b0 (from opentelemetry-sdk<3,>=1.0.0->mlflow==2.13.0->-r requirements.txt (line 1))
Train	Install dependencies	2026-08-21T17:01:40.9887432Z   Downloading opentelemetry_semantic_conventions-0.65b0-py3-none-any.whl.metadata (2.4 kB)
Train	Install dependencies	2026-08-21T17:01:40.9996145Z INFO: pip is looking at multiple versions of proto-plus to determine which version is compatible with other requirements. This could take a while.
Train	Install dependencies	2026-08-21T17:01:41.0004162Z Collecting proto-plus<2.0.0,>=1.22.3 (from google-api-core<3.0.0dev,>=2.15.0->google-cloud-storage==2.16.0->-r requirements.txt (line 10))
Train	Install dependencies	2026-08-21T17:01:41.0108860Z   Downloading proto_plus-1.28.2-py3-none-any.whl.metadata (2.2 kB)
Train	Install dependencies	2026-08-21T17:01:41.0309401Z Collecting annotated-types>=0.6.0 (from pydantic!=1.8,!=1.8.1,!=2.0.0,!=2.0.1,!=2.1.0,<3.0.0,>=1.7.4->fastapi==0.111.0->-r requirements.txt (line 7))
Train	Install dependencies	2026-08-21T17:01:41.0411038Z   Downloading annotated_types-0.8.0-py3-none-any.whl.metadata (15 kB)
Train	Install dependencies	2026-08-21T17:01:41.9345203Z Collecting pydantic-core==2.46.4 (from pydantic!=1.8,!=1.8.1,!=2.0.0,!=2.0.1,!=2.1.0,<3.0.0,>=1.7.4->fastapi==0.111.0->-r requirements.txt (line 7))
Train	Install dependencies	2026-08-21T17:01:41.9453373Z   Downloading pydantic_core-2.46.4-cp310-cp310-manylinux_2_17_x86_64.manylinux2014_x86_64.whl.metadata (6.6 kB)
Train	Install dependencies	2026-08-21T17:01:41.9594270Z Collecting typing-inspection>=0.4.2 (from pydantic!=1.8,!=1.8.1,!=2.0.0,!=2.0.1,!=2.1.0,<3.0.0,>=1.7.4->fastapi==0.111.0->-r requirements.txt (line 7))
Train	Install dependencies	2026-08-21T17:01:41.9695286Z   Downloading typing_inspection-0.4.4-py3-none-any.whl.metadata (2.6 kB)
Train	Install dependencies	2026-08-21T17:01:41.9860718Z Collecting six>=1.5 (from python-dateutil>=2.8.2->pandas==2.2.2->-r requirements.txt (line 3))
Train	Install dependencies	2026-08-21T17:01:41.9962087Z   Downloading six-1.17.0-py2.py3-none-any.whl.metadata (1.7 kB)
Train	Install dependencies	2026-08-21T17:01:42.2736497Z Collecting charset_normalizer<4,>=2 (from requests<3,>=2.17.3->mlflow==2.13.0->-r requirements.txt (line 1))
Train	Install dependencies	2026-08-21T17:01:42.2846180Z   Downloading charset_normalizer-3.5.1-cp310-cp310-manylinux2014_x86_64.manylinux_2_17_x86_64.manylinux_2_28_x86_64.whl.metadata (45 kB)
Train	Install dependencies	2026-08-21T17:01:42.3320299Z Collecting idna<4,>=2.5 (from requests<3,>=2.17.3->mlflow==2.13.0->-r requirements.txt (line 1))
Train	Install dependencies	2026-08-21T17:01:42.3423895Z   Downloading idna-3.19-py3-none-any.whl.metadata (9.2 kB)
Train	Install dependencies	2026-08-21T17:01:42.3699239Z Collecting certifi>=2023.5.7 (from requests<3,>=2.17.3->mlflow==2.13.0->-r requirements.txt (line 1))
Train	Install dependencies	2026-08-21T17:01:42.3804755Z   Downloading certifi-2026.7.22-py3-none-any.whl.metadata (2.5 kB)
Train	Install dependencies	2026-08-21T17:01:42.4941376Z Collecting pygit2>=1.14.0 (from scmrepo<4,>=3.3.2->dvc==3.50.1->dvc[gs]==3.50.1->-r requirements.txt (line 4))
Train	Install dependencies	2026-08-21T17:01:42.5051355Z   Downloading pygit2-1.18.2-cp310-cp310-manylinux_2_26_x86_64.manylinux_2_28_x86_64.whl.metadata (3.6 kB)
Train	Install dependencies	2026-08-21T17:01:42.5261271Z Collecting asyncssh<3,>=2.13.1 (from scmrepo<4,>=3.3.2->dvc==3.50.1->dvc[gs]==3.50.1->-r requirements.txt (line 4))
Train	Install dependencies	2026-08-21T17:01:42.5363450Z   Downloading asyncssh-2.24.0-py3-none-any.whl.metadata (9.8 kB)
Train	Install dependencies	2026-08-21T17:01:42.5524779Z Collecting aiohttp-retry>=2.5.0 (from scmrepo<4,>=3.3.2->dvc==3.50.1->dvc[gs]==3.50.1->-r requirements.txt (line 4))
Train	Install dependencies	2026-08-21T17:01:42.5625405Z   Downloading aiohttp_retry-2.9.1-py3-none-any.whl.metadata (8.8 kB)
Train	Install dependencies	2026-08-21T17:01:42.7614296Z Collecting greenlet>=1 (from sqlalchemy<3,>=1.4.0->mlflow==2.13.0->-r requirements.txt (line 1))
Train	Install dependencies	2026-08-21T17:01:42.7724492Z   Downloading greenlet-3.5.5-cp310-cp310-manylinux_2_24_x86_64.manylinux_2_28_x86_64.whl.metadata (3.8 kB)
Train	Install dependencies	2026-08-21T17:01:42.8000421Z Collecting anyio<5,>=3.4.0 (from starlette<0.38.0,>=0.37.2->fastapi==0.111.0->-r requirements.txt (line 7))
Train	Install dependencies	2026-08-21T17:01:42.8101593Z   Downloading anyio-4.14.2-py3-none-any.whl.metadata (4.6 kB)
Train	Install dependencies	2026-08-21T17:01:43.5568268Z Collecting aiohttp (from aiohttp-retry>=2.5.0->scmrepo<4,>=3.3.2->dvc==3.50.1->dvc[gs]==3.50.1->-r requirements.txt (line 4))
Train	Install dependencies	2026-08-21T17:01:43.5683918Z   Downloading aiohttp-3.14.3-cp310-cp310-manylinux2014_x86_64.manylinux_2_17_x86_64.manylinux_2_28_x86_64.whl.metadata (8.3 kB)
Train	Install dependencies	2026-08-21T17:01:43.6141131Z Collecting prompt-toolkit>=3.0.36 (from click-repl>=0.2.0->celery->dvc==3.50.1->dvc[gs]==3.50.1->-r requirements.txt (line 4))
Train	Install dependencies	2026-08-21T17:01:43.6247693Z   Downloading prompt_toolkit-3.0.53-py3-none-any.whl.metadata (6.4 kB)
Train	Install dependencies	2026-08-21T17:01:43.7606818Z Collecting cffi>=2.0.0 (from cryptography>=38.0.3->google-auth<3.0dev,>=2.26.1->google-cloud-storage==2.16.0->-r requirements.txt (line 10))
Train	Install dependencies	2026-08-21T17:01:43.7711894Z   Downloading cffi-2.1.1-cp310-cp310-manylinux2014_x86_64.manylinux_2_17_x86_64.whl.metadata (2.5 kB)
Train	Install dependencies	2026-08-21T17:01:43.7876574Z Collecting pycparser (from cffi>=2.0.0->cryptography>=38.0.3->google-auth<3.0dev,>=2.26.1->google-cloud-storage==2.16.0->-r requirements.txt (line 10))
Train	Install dependencies	2026-08-21T17:01:43.7985941Z   Downloading pycparser-3.0-py3-none-any.whl.metadata (8.2 kB)
Train	Install dependencies	2026-08-21T17:01:43.8219806Z Collecting dnspython>=2.0.0 (from email_validator>=2.0.0->fastapi==0.111.0->-r requirements.txt (line 7))
Train	Install dependencies	2026-08-21T17:01:43.8323158Z   Downloading dnspython-2.8.0-py3-none-any.whl.metadata (5.7 kB)
Train	Install dependencies	2026-08-21T17:01:43.8667671Z Collecting typer>=0.16.0 (from fastapi-cli>=0.0.2->fastapi==0.111.0->-r requirements.txt (line 7))
Train	Install dependencies	2026-08-21T17:01:43.8770254Z   Downloading typer-0.27.1-py3-none-any.whl.metadata (16 kB)
Train	Install dependencies	2026-08-21T17:01:43.8999593Z Collecting rich-toolkit>=0.14.8 (from fastapi-cli>=0.0.2->fastapi==0.111.0->-r requirements.txt (line 7))
Train	Install dependencies	2026-08-21T17:01:43.9103647Z   Downloading rich_toolkit-0.20.3-py3-none-any.whl.metadata (1.0 kB)
Train	Install dependencies	2026-08-21T17:01:43.9451953Z Collecting decorator>4.1.2 (from gcsfs>=2022.11.0->dvc-gs<4,>=3->dvc[gs]==3.50.1->-r requirements.txt (line 4))
Train	Install dependencies	2026-08-21T17:01:43.9556832Z   Downloading decorator-5.3.1-py3-none-any.whl.metadata (3.9 kB)
Train	Install dependencies	2026-08-21T17:01:43.9732368Z Collecting google-auth-oauthlib (from gcsfs>=2022.11.0->dvc-gs<4,>=3->dvc[gs]==3.50.1->-r requirements.txt (line 4))
Train	Install dependencies	2026-08-21T17:01:43.9835872Z   Downloading google_auth_oauthlib-1.4.0-py3-none-any.whl.metadata (2.6 kB)
Train	Install dependencies	2026-08-21T17:01:44.0060093Z Collecting google-cloud-storage-control (from gcsfs>=2022.11.0->dvc-gs<4,>=3->dvc[gs]==3.50.1->-r requirements.txt (line 4))
Train	Install dependencies	2026-08-21T17:01:44.0162554Z   Downloading google_cloud_storage_control-1.13.0-py3-none-any.whl.metadata (9.8 kB)
Train	Install dependencies	2026-08-21T17:01:44.0223884Z INFO: pip is looking at multiple versions of gcsfs to determine which version is compatible with other requirements. This could take a while.
Train	Install dependencies	2026-08-21T17:01:44.0231055Z Collecting gcsfs>=2022.11.0 (from dvc-gs<4,>=3->dvc[gs]==3.50.1->-r requirements.txt (line 4))
Train	Install dependencies	2026-08-21T17:01:44.0336008Z   Downloading gcsfs-2026.7.0-py3-none-any.whl.metadata (4.6 kB)
Train	Install dependencies	2026-08-21T17:01:44.0503010Z   Downloading gcsfs-2026.6.0-py3-none-any.whl.metadata (4.6 kB)
Train	Install dependencies	2026-08-21T17:01:44.0682911Z   Downloading gcsfs-2026.5.0-py3-none-any.whl.metadata (4.5 kB)
Train	Install dependencies	2026-08-21T17:01:44.0878563Z   Downloading gcsfs-2026.4.0-py3-none-any.whl.metadata (4.5 kB)
Train	Install dependencies	2026-08-21T17:01:44.1050006Z   Downloading gcsfs-2026.3.0-py3-none-any.whl.metadata (2.1 kB)
Train	Install dependencies	2026-08-21T17:01:44.1204476Z   Downloading gcsfs-2026.2.0-py3-none-any.whl.metadata (2.1 kB)
Train	Install dependencies	2026-08-21T17:01:44.1485933Z   Downloading gcsfs-2026.1.0-py3-none-any.whl.metadata (2.1 kB)
Train	Install dependencies	2026-08-21T17:01:44.1528800Z INFO: pip is still looking at multiple versions of gcsfs to determine which version is compatible with other requirements. This could take a while.
Train	Install dependencies	2026-08-21T17:01:44.1640320Z   Downloading gcsfs-2025.12.0-py3-none-any.whl.metadata (2.1 kB)
Train	Install dependencies	2026-08-21T17:01:44.1803637Z   Downloading gcsfs-2025.10.0-py2.py3-none-any.whl.metadata (2.1 kB)
Train	Install dependencies	2026-08-21T17:01:44.1957087Z   Downloading gcsfs-2025.9.0-py2.py3-none-any.whl.metadata (2.1 kB)
Train	Install dependencies	2026-08-21T17:01:44.2123783Z   Downloading gcsfs-2025.7.0-py2.py3-none-any.whl.metadata (2.1 kB)
Train	Install dependencies	2026-08-21T17:01:44.2277064Z   Downloading gcsfs-2025.5.1-py2.py3-none-any.whl.metadata (1.9 kB)
Train	Install dependencies	2026-08-21T17:01:44.2323333Z INFO: This is taking longer than usual. You might need to provide the dependency resolver with stricter constraints to reduce runtime. See https://pip.pypa.io/warnings/backtracking for guidance. If you want to abort this run, press Ctrl + C.
Train	Install dependencies	2026-08-21T17:01:44.2435836Z   Downloading gcsfs-2025.5.0.post1-py2.py3-none-any.whl.metadata (1.9 kB)
Train	Install dependencies	2026-08-21T17:01:44.2593657Z   Downloading gcsfs-2025.5.0-py2.py3-none-any.whl.metadata (1.9 kB)
Train	Install dependencies	2026-08-21T17:01:44.2752277Z   Downloading gcsfs-2025.3.2-py2.py3-none-any.whl.metadata (1.9 kB)
Train	Install dependencies	2026-08-21T17:01:44.2912242Z   Downloading gcsfs-2025.3.1-py2.py3-none-any.whl.metadata (1.9 kB)
Train	Install dependencies	2026-08-21T17:01:44.3073728Z   Downloading gcsfs-2025.3.0-py2.py3-none-any.whl.metadata (1.9 kB)
Train	Install dependencies	2026-08-21T17:01:44.3222102Z   Downloading gcsfs-2025.2.0-py2.py3-none-any.whl.metadata (1.9 kB)
Train	Install dependencies	2026-08-21T17:01:44.3376144Z   Downloading gcsfs-2024.12.0-py2.py3-none-any.whl.metadata (1.6 kB)
Train	Install dependencies	2026-08-21T17:01:44.3523895Z   Downloading gcsfs-2024.10.0-py2.py3-none-any.whl.metadata (1.6 kB)
Train	Install dependencies	2026-08-21T17:01:44.3684256Z   Downloading gcsfs-2024.9.0.post1-py2.py3-none-any.whl.metadata (1.6 kB)
Train	Install dependencies	2026-08-21T17:01:44.3837321Z   Downloading gcsfs-2024.6.1-py2.py3-none-any.whl.metadata (1.6 kB)
Train	Install dependencies	2026-08-21T17:01:44.3989788Z   Downloading gcsfs-2024.6.0-py2.py3-none-any.whl.metadata (1.6 kB)
Train	Install dependencies	2026-08-21T17:01:44.4143261Z   Downloading gcsfs-2024.5.0-py2.py3-none-any.whl.metadata (1.6 kB)
Train	Install dependencies	2026-08-21T17:01:44.4296867Z   Downloading gcsfs-2024.3.1-py2.py3-none-any.whl.metadata (1.6 kB)
Train	Install dependencies	2026-08-21T17:01:44.4452428Z   Downloading gcsfs-2024.2.0-py2.py3-none-any.whl.metadata (1.6 kB)
Train	Install dependencies	2026-08-21T17:01:44.4613970Z   Downloading gcsfs-2023.12.2.post1-py2.py3-none-any.whl.metadata (1.6 kB)
Train	Install dependencies	2026-08-21T17:01:44.4762375Z   Downloading gcsfs-2023.12.1-py2.py3-none-any.whl.metadata (1.6 kB)
Train	Install dependencies	2026-08-21T17:01:44.4915818Z   Downloading gcsfs-2023.12.0-py2.py3-none-any.whl.metadata (1.6 kB)
Train	Install dependencies	2026-08-21T17:01:44.5069909Z   Downloading gcsfs-2023.10.0-py2.py3-none-any.whl.metadata (1.6 kB)
Train	Install dependencies	2026-08-21T17:01:44.5234444Z   Downloading gcsfs-2023.9.2-py2.py3-none-any.whl.metadata (1.6 kB)
Train	Install dependencies	2026-08-21T17:01:44.5386188Z   Downloading gcsfs-2023.9.1-py2.py3-none-any.whl.metadata (1.6 kB)
Train	Install dependencies	2026-08-21T17:01:44.5536780Z   Downloading gcsfs-2023.9.0-py2.py3-none-any.whl.metadata (1.6 kB)
Train	Install dependencies	2026-08-21T17:01:44.5689091Z   Downloading gcsfs-2023.6.0-py2.py3-none-any.whl.metadata (1.6 kB)
Train	Install dependencies	2026-08-21T17:01:44.5840959Z   Downloading gcsfs-2023.5.0-py2.py3-none-any.whl.metadata (1.6 kB)
Train	Install dependencies	2026-08-21T17:01:44.5993274Z   Downloading gcsfs-2023.4.0-py2.py3-none-any.whl.metadata (1.6 kB)
Train	Install dependencies	2026-08-21T17:01:44.6151933Z   Downloading gcsfs-2023.3.0-py2.py3-none-any.whl.metadata (1.6 kB)
Train	Install dependencies	2026-08-21T17:01:44.6305909Z   Downloading gcsfs-2023.1.0-py2.py3-none-any.whl.metadata (1.6 kB)
Train	Install dependencies	2026-08-21T17:01:44.6559480Z   Downloading gcsfs-2022.11.0-py2.py3-none-any.whl.metadata (1.6 kB)
Train	Install dependencies	2026-08-21T17:01:44.6633423Z Collecting fsspec[tqdm]>=2024.2.0 (from scmrepo<4,>=3.3.2->dvc==3.50.1->dvc[gs]==3.50.1->-r requirements.txt (line 4))
Train	Install dependencies	2026-08-21T17:01:44.6736639Z   Downloading fsspec-2026.6.0-py3-none-any.whl.metadata (10 kB)
Train	Install dependencies	2026-08-21T17:01:44.7202054Z Collecting fsspec (from dvc==3.50.1->dvc[gs]==3.50.1->-r requirements.txt (line 4))
Train	Install dependencies	2026-08-21T17:01:44.7317022Z   Downloading fsspec-2026.3.0-py3-none-any.whl.metadata (10 kB)
Train	Install dependencies	2026-08-21T17:01:44.7752562Z   Downloading fsspec-2026.2.0-py3-none-any.whl.metadata (10 kB)
Train	Install dependencies	2026-08-21T17:01:44.8191468Z   Downloading fsspec-2026.1.0-py3-none-any.whl.metadata (10 kB)
Train	Install dependencies	2026-08-21T17:01:44.8665189Z   Downloading fsspec-2025.12.0-py3-none-any.whl.metadata (10 kB)
Train	Install dependencies	2026-08-21T17:01:44.8995706Z INFO: pip is looking at multiple versions of fsspec[tqdm] to determine which version is compatible with other requirements. This could take a while.
Train	Install dependencies	2026-08-21T17:01:44.9004962Z Collecting fsspec[tqdm]>=2024.2.0 (from scmrepo<4,>=3.3.2->dvc==3.50.1->dvc[gs]==3.50.1->-r requirements.txt (line 4))
Train	Install dependencies	2026-08-21T17:01:44.9118961Z   Downloading fsspec-2026.4.0-py3-none-any.whl.metadata (10 kB)
Train	Install dependencies	2026-08-21T17:01:44.9589348Z Collecting aiohappyeyeballs>=2.5.0 (from aiohttp->aiohttp-retry>=2.5.0->scmrepo<4,>=3.3.2->dvc==3.50.1->dvc[gs]==3.50.1->-r requirements.txt (line 4))
Train	Install dependencies	2026-08-21T17:01:44.9693620Z   Downloading aiohappyeyeballs-2.7.1-py3-none-any.whl.metadata (5.9 kB)
Train	Install dependencies	2026-08-21T17:01:44.9802994Z Collecting aiosignal>=1.4.0 (from aiohttp->aiohttp-retry>=2.5.0->scmrepo<4,>=3.3.2->dvc==3.50.1->dvc[gs]==3.50.1->-r requirements.txt (line 4))
Train	Install dependencies	2026-08-21T17:01:44.9903872Z   Downloading aiosignal-1.4.0-py3-none-any.whl.metadata (3.7 kB)
Train	Install dependencies	2026-08-21T17:01:45.0037228Z Collecting async-timeout<6.0,>=4.0 (from aiohttp->aiohttp-retry>=2.5.0->scmrepo<4,>=3.3.2->dvc==3.50.1->dvc[gs]==3.50.1->-r requirements.txt (line 4))
Train	Install dependencies	2026-08-21T17:01:45.0138668Z   Downloading async_timeout-5.0.1-py3-none-any.whl.metadata (5.1 kB)
Train	Install dependencies	2026-08-21T17:01:45.0956606Z Collecting frozenlist>=1.1.1 (from aiohttp->aiohttp-retry>=2.5.0->scmrepo<4,>=3.3.2->dvc==3.50.1->dvc[gs]==3.50.1->-r requirements.txt (line 4))
Train	Install dependencies	2026-08-21T17:01:45.1069577Z   Downloading frozenlist-1.8.0-cp310-cp310-manylinux1_x86_64.manylinux_2_28_x86_64.manylinux_2_5_x86_64.whl.metadata (20 kB)
Train	Install dependencies	2026-08-21T17:01:45.5060200Z Collecting multidict<7.0,>=4.5 (from aiohttp->aiohttp-retry>=2.5.0->scmrepo<4,>=3.3.2->dvc==3.50.1->dvc[gs]==3.50.1->-r requirements.txt (line 4))
Train	Install dependencies	2026-08-21T17:01:45.5168380Z   Downloading multidict-6.7.1-cp310-cp310-manylinux2014_x86_64.manylinux_2_17_x86_64.manylinux_2_28_x86_64.whl.metadata (5.3 kB)
Train	Install dependencies	2026-08-21T17:01:45.5860555Z Collecting propcache>=0.2.0 (from aiohttp->aiohttp-retry>=2.5.0->scmrepo<4,>=3.3.2->dvc==3.50.1->dvc[gs]==3.50.1->-r requirements.txt (line 4))
Train	Install dependencies	2026-08-21T17:01:45.5969099Z   Downloading propcache-0.5.2-cp310-cp310-manylinux2014_x86_64.manylinux_2_17_x86_64.manylinux_2_28_x86_64.whl.metadata (16 kB)
Train	Install dependencies	2026-08-21T17:01:45.9092048Z Collecting yarl<2.0,>=1.17.0 (from aiohttp->aiohttp-retry>=2.5.0->scmrepo<4,>=3.3.2->dvc==3.50.1->dvc[gs]==3.50.1->-r requirements.txt (line 4))
Train	Install dependencies	2026-08-21T17:01:45.9206106Z   Downloading yarl-1.24.5-cp310-cp310-manylinux2014_x86_64.manylinux_2_17_x86_64.manylinux_2_28_x86_64.whl.metadata (103 kB)
Train	Install dependencies	2026-08-21T17:01:45.9805917Z Collecting httpcore==1.* (from httpx>=0.23.0->fastapi==0.111.0->-r requirements.txt (line 7))
Train	Install dependencies	2026-08-21T17:01:45.9917055Z   Downloading httpcore-1.0.9-py3-none-any.whl.metadata (21 kB)
Train	Install dependencies	2026-08-21T17:01:46.0167022Z Collecting antlr4-python3-runtime==4.9.* (from hydra-core>=1.1->dvc==3.50.1->dvc[gs]==3.50.1->-r requirements.txt (line 4))
Train	Install dependencies	2026-08-21T17:01:46.0269843Z   Downloading antlr4-python3-runtime-4.9.3.tar.gz (117 kB)
Train	Install dependencies	2026-08-21T17:01:46.0583837Z   Installing build dependencies: started
Train	Install dependencies	2026-08-21T17:01:46.9593560Z   Installing build dependencies: finished with status 'done'
Train	Install dependencies	2026-08-21T17:01:46.9600911Z   Getting requirements to build wheel: started
Train	Install dependencies	2026-08-21T17:01:47.3308791Z   Getting requirements to build wheel: finished with status 'done'
Train	Install dependencies	2026-08-21T17:01:47.3318819Z   Preparing metadata (pyproject.toml): started
Train	Install dependencies	2026-08-21T17:01:47.5249066Z   Preparing metadata (pyproject.toml): finished with status 'done'
Train	Install dependencies	2026-08-21T17:01:47.5431445Z Collecting appdirs (from iterative-telemetry>=0.0.7->dvc==3.50.1->dvc[gs]==3.50.1->-r requirements.txt (line 4))
Train	Install dependencies	2026-08-21T17:01:47.5533072Z   Downloading appdirs-1.4.4-py2.py3-none-any.whl.metadata (9.0 kB)
Train	Install dependencies	2026-08-21T17:01:47.5791164Z Collecting filelock (from iterative-telemetry>=0.0.7->dvc==3.50.1->dvc[gs]==3.50.1->-r requirements.txt (line 4))
Train	Install dependencies	2026-08-21T17:01:47.5897054Z   Downloading filelock-3.32.3-py3-none-any.whl.metadata (2.0 kB)
Train	Install dependencies	2026-08-21T17:01:47.6226910Z Collecting wcwidth>=0.1.4 (from prompt-toolkit>=3.0.36->click-repl>=0.2.0->celery->dvc==3.50.1->dvc[gs]==3.50.1->-r requirements.txt (line 4))
Train	Install dependencies	2026-08-21T17:01:47.6336305Z   Downloading wcwidth-0.8.2-py3-none-any.whl.metadata (43 kB)
Train	Install dependencies	2026-08-21T17:01:47.6648825Z Collecting pyasn1<0.7.0,>=0.6.1 (from pyasn1-modules>=0.2.1->google-auth<3.0dev,>=2.26.1->google-cloud-storage==2.16.0->-r requirements.txt (line 10))
Train	Install dependencies	2026-08-21T17:01:47.6754452Z   Downloading pyasn1-0.6.4-py3-none-any.whl.metadata (8.4 kB)
Train	Install dependencies	2026-08-21T17:01:47.7042539Z Collecting python-dotenv>=0.21.0 (from pydantic-settings>=2->gto<2,>=1.6.0->dvc==3.50.1->dvc[gs]==3.50.1->-r requirements.txt (line 4))
Train	Install dependencies	2026-08-21T17:01:47.7149418Z   Downloading python_dotenv-1.2.3-py3-none-any.whl.metadata (29 kB)
Train	Install dependencies	2026-08-21T17:01:47.7515954Z Collecting markdown-it-py>=2.2.0 (from rich>=12->dvc==3.50.1->dvc[gs]==3.50.1->-r requirements.txt (line 4))
Train	Install dependencies	2026-08-21T17:01:47.7625149Z   Downloading markdown_it_py-4.2.0-py3-none-any.whl.metadata (7.4 kB)
Train	Install dependencies	2026-08-21T17:01:47.7867919Z Collecting pygments<3.0.0,>=2.13.0 (from rich>=12->dvc==3.50.1->dvc[gs]==3.50.1->-r requirements.txt (line 4))
Train	Install dependencies	2026-08-21T17:01:47.7974931Z   Downloading pygments-2.21.0-py3-none-any.whl.metadata (2.5 kB)
Train	Install dependencies	2026-08-21T17:01:47.8188400Z Collecting mdurl~=0.1 (from markdown-it-py>=2.2.0->rich>=12->dvc==3.50.1->dvc[gs]==3.50.1->-r requirements.txt (line 4))
Train	Install dependencies	2026-08-21T17:01:47.8302515Z   Downloading mdurl-0.1.2-py3-none-any.whl.metadata (1.6 kB)
Train	Install dependencies	2026-08-21T17:01:47.9642329Z Collecting shellingham>=1.3.0 (from typer>=0.16.0->fastapi-cli>=0.0.2->fastapi==0.111.0->-r requirements.txt (line 7))
Train	Install dependencies	2026-08-21T17:01:47.9744603Z   Downloading shellingham-1.5.4-py2.py3-none-any.whl.metadata (3.5 kB)
Train	Install dependencies	2026-08-21T17:01:48.0592331Z Collecting annotated-doc>=0.0.2 (from typer>=0.16.0->fastapi-cli>=0.0.2->fastapi==0.111.0->-r requirements.txt (line 7))
Train	Install dependencies	2026-08-21T17:01:48.0697925Z   Downloading annotated_doc-0.0.5-py3-none-any.whl.metadata (6.5 kB)
Train	Install dependencies	2026-08-21T17:01:48.3332373Z Collecting httptools>=0.5.0 (from uvicorn[standard]>=0.12.0->fastapi==0.111.0->-r requirements.txt (line 7))
Train	Install dependencies	2026-08-21T17:01:48.3439904Z   Downloading httptools-0.8.0-cp310-cp310-manylinux1_x86_64.manylinux_2_28_x86_64.manylinux_2_5_x86_64.whl.metadata (3.5 kB)
Train	Install dependencies	2026-08-21T17:01:49.4462686Z Collecting uvloop!=0.15.0,!=0.15.1,>=0.14.0 (from uvicorn[standard]>=0.12.0->fastapi==0.111.0->-r requirements.txt (line 7))
Train	Install dependencies	2026-08-21T17:01:49.4572652Z   Downloading uvloop-0.22.1-cp310-cp310-manylinux2014_x86_64.manylinux_2_17_x86_64.manylinux_2_28_x86_64.whl.metadata (4.9 kB)
Train	Install dependencies	2026-08-21T17:01:49.5489086Z Collecting watchfiles>=0.13 (from uvicorn[standard]>=0.12.0->fastapi==0.111.0->-r requirements.txt (line 7))
Train	Install dependencies	2026-08-21T17:01:49.5598740Z   Downloading watchfiles-1.2.0-cp310-cp310-manylinux_2_17_x86_64.manylinux2014_x86_64.whl.metadata (4.9 kB)
Train	Install dependencies	2026-08-21T17:01:49.6868411Z Collecting websockets>=10.4 (from uvicorn[standard]>=0.12.0->fastapi==0.111.0->-r requirements.txt (line 7))
Train	Install dependencies	2026-08-21T17:01:49.6976465Z   Downloading websockets-16.1.1-cp310-cp310-manylinux1_x86_64.manylinux_2_28_x86_64.manylinux_2_5_x86_64.whl.metadata (6.8 kB)
Train	Install dependencies	2026-08-21T17:01:49.7195411Z Requirement already satisfied: setuptools in /opt/hostedtoolcache/Python/3.10.21/x64/lib/python3.10/site-packages (from zc.lockfile>=1.2.1->dvc==3.50.1->dvc[gs]==3.50.1->-r requirements.txt (line 4)) (79.0.1)
Train	Install dependencies	2026-08-21T17:01:49.7261720Z INFO: pip is looking at multiple versions of fsspec[http] to determine which version is compatible with other requirements. This could take a while.
Train	Install dependencies	2026-08-21T17:01:49.7478806Z Collecting requests-oauthlib>=0.7.0 (from google-auth-oauthlib->gcsfs>=2022.11.0->dvc-gs<4,>=3->dvc[gs]==3.50.1->-r requirements.txt (line 4))
Train	Install dependencies	2026-08-21T17:01:49.7581060Z   Downloading requests_oauthlib-2.0.0-py2.py3-none-any.whl.metadata (11 kB)
Train	Install dependencies	2026-08-21T17:01:49.7744700Z Collecting oauthlib>=3.0.0 (from requests-oauthlib>=0.7.0->google-auth-oauthlib->gcsfs>=2022.11.0->dvc-gs<4,>=3->dvc[gs]==3.50.1->-r requirements.txt (line 4))
Train	Install dependencies	2026-08-21T17:01:49.7845623Z   Downloading oauthlib-3.3.1-py3-none-any.whl.metadata (7.9 kB)
Train	Install dependencies	2026-08-21T17:01:50.5371932Z Collecting grpcio<2.0.0,>=1.59.0 (from google-cloud-storage-control->gcsfs>=2022.11.0->dvc-gs<4,>=3->dvc[gs]==3.50.1->-r requirements.txt (line 4))
Train	Install dependencies	2026-08-21T17:01:50.5481383Z   Downloading grpcio-1.83.0-cp310-cp310-manylinux2014_x86_64.manylinux_2_17_x86_64.whl.metadata (3.7 kB)
Train	Install dependencies	2026-08-21T17:01:50.5546352Z INFO: pip is looking at multiple versions of google-cloud-storage-control to determine which version is compatible with other requirements. This could take a while.
Train	Install dependencies	2026-08-21T17:01:50.5553904Z Collecting google-cloud-storage-control (from gcsfs>=2022.11.0->dvc-gs<4,>=3->dvc[gs]==3.50.1->-r requirements.txt (line 4))
Train	Install dependencies	2026-08-21T17:01:50.5666327Z   Downloading google_cloud_storage_control-1.12.0-py3-none-any.whl.metadata (9.8 kB)
Train	Install dependencies	2026-08-21T17:01:50.5877507Z Collecting grpc-google-iam-v1<1.0.0,>=0.14.0 (from google-cloud-storage-control->gcsfs>=2022.11.0->dvc-gs<4,>=3->dvc[gs]==3.50.1->-r requirements.txt (line 4))
Train	Install dependencies	2026-08-21T17:01:50.5983774Z   Downloading grpc_google_iam_v1-0.14.5-py3-none-any.whl.metadata (8.8 kB)
Train	Install dependencies	2026-08-21T17:01:50.6098613Z INFO: pip is looking at multiple versions of google-api-core[grpc] to determine which version is compatible with other requirements. This could take a while.
Train	Install dependencies	2026-08-21T17:01:50.6656060Z Collecting grpcio-status<2.0.0,>=1.33.2 (from google-api-core[grpc]<3.0.0,>=2.17.1->google-cloud-storage-control->gcsfs>=2022.11.0->dvc-gs<4,>=3->dvc[gs]==3.50.1->-r requirements.txt (line 4))
Train	Install dependencies	2026-08-21T17:01:50.6760611Z   Downloading grpcio_status-1.83.0-py3-none-any.whl.metadata (1.2 kB)
Train	Install dependencies	2026-08-21T17:01:50.6827442Z INFO: pip is looking at multiple versions of grpc-google-iam-v1 to determine which version is compatible with other requirements. This could take a while.
Train	Install dependencies	2026-08-21T17:01:50.6834885Z Collecting grpc-google-iam-v1<1.0.0,>=0.14.0 (from google-cloud-storage-control->gcsfs>=2022.11.0->dvc-gs<4,>=3->dvc[gs]==3.50.1->-r requirements.txt (line 4))
Train	Install dependencies	2026-08-21T17:01:50.6936847Z   Downloading grpc_google_iam_v1-0.14.4-py3-none-any.whl.metadata (9.1 kB)
Train	Install dependencies	2026-08-21T17:01:50.7098246Z INFO: pip is looking at multiple versions of googleapis-common-protos[grpc] to determine which version is compatible with other requirements. This could take a while.
Train	Install dependencies	2026-08-21T17:01:50.7175077Z INFO: pip is looking at multiple versions of grpcio-status to determine which version is compatible with other requirements. This could take a while.
Train	Install dependencies	2026-08-21T17:01:50.7183865Z Collecting grpcio-status<2.0.0,>=1.33.2 (from google-api-core[grpc]<3.0.0,>=2.17.1->google-cloud-storage-control->gcsfs>=2022.11.0->dvc-gs<4,>=3->dvc[gs]==3.50.1->-r requirements.txt (line 4))
Train	Install dependencies	2026-08-21T17:01:50.7290446Z   Downloading grpcio_status-1.82.1-py3-none-any.whl.metadata (1.2 kB)
Train	Install dependencies	2026-08-21T17:01:50.7508988Z   Downloading grpcio_status-1.81.1-py3-none-any.whl.metadata (1.2 kB)
Train	Install dependencies	2026-08-21T17:01:50.7649526Z   Downloading grpcio_status-1.81.0-py3-none-any.whl.metadata (1.2 kB)
Train	Install dependencies	2026-08-21T17:01:50.7786468Z   Downloading grpcio_status-1.80.0-py3-none-any.whl.metadata (1.3 kB)
Train	Install dependencies	2026-08-21T17:01:50.8004461Z   Downloading grpcio_status-1.78.0-py3-none-any.whl.metadata (1.3 kB)
Train	Install dependencies	2026-08-21T17:01:50.8152733Z   Downloading grpcio_status-1.76.0-py3-none-any.whl.metadata (1.1 kB)
Train	Install dependencies	2026-08-21T17:01:50.8294594Z   Downloading grpcio_status-1.75.1-py3-none-any.whl.metadata (1.1 kB)
Train	Install dependencies	2026-08-21T17:01:50.8330275Z INFO: pip is still looking at multiple versions of grpcio-status to determine which version is compatible with other requirements. This could take a while.
Train	Install dependencies	2026-08-21T17:01:50.8440483Z   Downloading grpcio_status-1.75.0-py3-none-any.whl.metadata (1.1 kB)
Train	Install dependencies	2026-08-21T17:01:50.8591812Z   Downloading grpcio_status-1.74.0-py3-none-any.whl.metadata (1.1 kB)
Train	Install dependencies	2026-08-21T17:01:50.8741206Z   Downloading grpcio_status-1.73.1-py3-none-any.whl.metadata (1.1 kB)
Train	Install dependencies	2026-08-21T17:01:50.8962781Z   Downloading grpcio_status-1.73.0-py3-none-any.whl.metadata (1.1 kB)
Train	Install dependencies	2026-08-21T17:01:50.9105581Z   Downloading grpcio_status-1.72.2-py3-none-any.whl.metadata (1.1 kB)
Train	Install dependencies	2026-08-21T17:01:50.9140306Z INFO: This is taking longer than usual. You might need to provide the dependency resolver with stricter constraints to reduce runtime. See https://pip.pypa.io/warnings/backtracking for guidance. If you want to abort this run, press Ctrl + C.
Train	Install dependencies	2026-08-21T17:01:50.9249618Z   Downloading grpcio_status-1.72.1-py3-none-any.whl.metadata (1.1 kB)
Train	Install dependencies	2026-08-21T17:01:50.9390144Z   Downloading grpcio_status-1.71.2-py3-none-any.whl.metadata (1.1 kB)
Train	Install dependencies	2026-08-21T17:01:50.9598995Z   Downloading grpcio_status-1.71.0-py3-none-any.whl.metadata (1.1 kB)
Train	Install dependencies	2026-08-21T17:01:50.9741630Z   Downloading grpcio_status-1.70.0-py3-none-any.whl.metadata (1.1 kB)
Train	Install dependencies	2026-08-21T17:01:50.9879037Z   Downloading grpcio_status-1.69.0-py3-none-any.whl.metadata (1.1 kB)
Train	Install dependencies	2026-08-21T17:01:51.0016875Z   Downloading grpcio_status-1.68.1-py3-none-any.whl.metadata (1.1 kB)
Train	Install dependencies	2026-08-21T17:01:51.0154253Z   Downloading grpcio_status-1.68.0-py3-none-any.whl.metadata (1.1 kB)
Train	Install dependencies	2026-08-21T17:01:51.0296972Z   Downloading grpcio_status-1.67.1-py3-none-any.whl.metadata (1.1 kB)
Train	Install dependencies	2026-08-21T17:01:51.0435290Z   Downloading grpcio_status-1.67.0-py3-none-any.whl.metadata (1.1 kB)
Train	Install dependencies	2026-08-21T17:01:51.0570903Z   Downloading grpcio_status-1.66.2-py3-none-any.whl.metadata (1.1 kB)
Train	Install dependencies	2026-08-21T17:01:51.0706152Z   Downloading grpcio_status-1.66.1-py3-none-any.whl.metadata (1.1 kB)
Train	Install dependencies	2026-08-21T17:01:51.0845470Z   Downloading grpcio_status-1.66.0-py3-none-any.whl.metadata (1.1 kB)
Train	Install dependencies	2026-08-21T17:01:51.0986292Z   Downloading grpcio_status-1.65.5-py3-none-any.whl.metadata (1.1 kB)
Train	Install dependencies	2026-08-21T17:01:51.1132971Z   Downloading grpcio_status-1.65.4-py3-none-any.whl.metadata (1.1 kB)
Train	Install dependencies	2026-08-21T17:01:51.1275056Z   Downloading grpcio_status-1.65.2-py3-none-any.whl.metadata (1.1 kB)
Train	Install dependencies	2026-08-21T17:01:51.1420225Z   Downloading grpcio_status-1.65.1-py3-none-any.whl.metadata (1.1 kB)
Train	Install dependencies	2026-08-21T17:01:51.1571785Z   Downloading grpcio_status-1.64.3-py3-none-any.whl.metadata (1.1 kB)
Train	Install dependencies	2026-08-21T17:01:51.1722855Z   Downloading grpcio_status-1.64.1-py3-none-any.whl.metadata (1.1 kB)
Train	Install dependencies	2026-08-21T17:01:51.1871214Z   Downloading grpcio_status-1.64.0-py3-none-any.whl.metadata (1.1 kB)
Train	Install dependencies	2026-08-21T17:01:51.2023599Z   Downloading grpcio_status-1.63.2-py3-none-any.whl.metadata (1.1 kB)
Train	Install dependencies	2026-08-21T17:01:51.2161335Z   Downloading grpcio_status-1.63.0-py3-none-any.whl.metadata (1.1 kB)
Train	Install dependencies	2026-08-21T17:01:51.2302474Z   Downloading grpcio_status-1.62.3-py3-none-any.whl.metadata (1.3 kB)
Train	Install dependencies	2026-08-21T17:01:51.2850856Z Downloading mlflow-2.13.0-py3-none-any.whl (25.0 MB)
Train	Install dependencies	2026-08-21T17:01:51.4187321Z    ━━━━━━━━━━━━━━━━━━━━━━━━━━━━━━━━━━━━━━━━ 25.0/25.0 MB 201.8 MB/s  0:00:00
Train	Install dependencies	2026-08-21T17:01:51.4306556Z Downloading scikit_learn-1.4.2-cp310-cp310-manylinux_2_17_x86_64.manylinux2014_x86_64.whl (12.1 MB)
Train	Install dependencies	2026-08-21T17:01:51.4717914Z    ━━━━━━━━━━━━━━━━━━━━━━━━━━━━━━━━━━━━━━━━ 12.1/12.1 MB 316.2 MB/s  0:00:00
Train	Install dependencies	2026-08-21T17:01:51.4829006Z Downloading pandas-2.2.2-cp310-cp310-manylinux_2_17_x86_64.manylinux2014_x86_64.whl (13.0 MB)
Train	Install dependencies	2026-08-21T17:01:51.5249494Z    ━━━━━━━━━━━━━━━━━━━━━━━━━━━━━━━━━━━━━━━━ 13.0/13.0 MB 328.3 MB/s  0:00:00
Train	Install dependencies	2026-08-21T17:01:51.5363028Z Downloading PyYAML-6.0.1-cp310-cp310-manylinux_2_17_x86_64.manylinux2014_x86_64.whl (705 kB)
Train	Install dependencies	2026-08-21T17:01:51.5428240Z    ━━━━━━━━━━━━━━━━━━━━━━━━━━━━━━━━━━━━━━━━ 705.5/705.5 kB 128.0 MB/s  0:00:00
Train	Install dependencies	2026-08-21T17:01:51.5536786Z Downloading dvc-3.50.1-py3-none-any.whl (451 kB)
Train	Install dependencies	2026-08-21T17:01:51.5678965Z Downloading pathspec-0.11.2-py3-none-any.whl (29 kB)
Train	Install dependencies	2026-08-21T17:01:51.5808134Z Downloading pytest-8.2.0-py3-none-any.whl (339 kB)
Train	Install dependencies	2026-08-21T17:01:51.5944467Z Downloading fastapi-0.111.0-py3-none-any.whl (91 kB)
Train	Install dependencies	2026-08-21T17:01:51.6080457Z Downloading uvicorn-0.29.0-py3-none-any.whl (60 kB)
Train	Install dependencies	2026-08-21T17:01:51.6207440Z Downloading joblib-1.4.2-py3-none-any.whl (301 kB)
Train	Install dependencies	2026-08-21T17:01:51.6353247Z Downloading google_cloud_storage-2.16.0-py2.py3-none-any.whl (125 kB)
Train	Install dependencies	2026-08-21T17:01:51.6484098Z Downloading alembic-1.19.1-py3-none-any.whl (265 kB)
Train	Install dependencies	2026-08-21T17:01:51.6612267Z Downloading cachetools-5.5.2-py3-none-any.whl (10 kB)
Train	Install dependencies	2026-08-21T17:01:51.6734001Z Downloading click-8.4.2-py3-none-any.whl (119 kB)
Train	Install dependencies	2026-08-21T17:01:51.6858439Z Downloading cloudpickle-3.1.2-py3-none-any.whl (22 kB)
Train	Install dependencies	2026-08-21T17:01:51.6979532Z Downloading docker-7.2.0-py3-none-any.whl (148 kB)
Train	Install dependencies	2026-08-21T17:01:51.7115828Z Downloading dpath-2.2.0-py3-none-any.whl (17 kB)
Train	Install dependencies	2026-08-21T17:01:51.7251282Z Downloading dvc_data-3.15.2-py3-none-any.whl (71 kB)
Train	Install dependencies	2026-08-21T17:01:51.7382531Z Downloading dvc_gs-3.1.0-py3-none-any.whl (11 kB)
Train	Install dependencies	2026-08-21T17:01:51.7513345Z Downloading dvc_objects-5.2.0-py3-none-any.whl (33 kB)
Train	Install dependencies	2026-08-21T17:01:51.7637926Z Downloading dvc_render-1.0.2-py3-none-any.whl (22 kB)
Train	Install dependencies	2026-08-21T17:01:51.7766267Z Downloading dvc_studio_client-0.23.0-py3-none-any.whl (16 kB)
Train	Install dependencies	2026-08-21T17:01:51.7892301Z Downloading dvc_task-0.40.2-py3-none-any.whl (21 kB)
Train	Install dependencies	2026-08-21T17:01:51.8014890Z Downloading celery-5.6.3-py3-none-any.whl (451 kB)
Train	Install dependencies	2026-08-21T17:01:51.8144500Z Downloading billiard-4.2.4-py3-none-any.whl (87 kB)
Train	Install dependencies	2026-08-21T17:01:51.8272564Z Downloading entrypoints-0.4-py3-none-any.whl (5.3 kB)
Train	Install dependencies	2026-08-21T17:01:51.8392124Z Downloading flask-3.1.3-py3-none-any.whl (103 kB)
Train	Install dependencies	2026-08-21T17:01:51.8519614Z Downloading flatten_dict-0.5.0-py3-none-any.whl (9.9 kB)
Train	Install dependencies	2026-08-21T17:01:51.8648345Z Downloading flufl.lock-7.1.1-py3-none-any.whl (11 kB)
Train	Install dependencies	2026-08-21T17:01:51.8776222Z Downloading gitpython-3.1.59-py3-none-any.whl (220 kB)
Train	Install dependencies	2026-08-21T17:01:51.8904328Z Downloading gitdb-4.0.12-py3-none-any.whl (62 kB)
Train	Install dependencies	2026-08-21T17:01:51.9028808Z Downloading google_api_core-2.30.3-py3-none-any.whl (173 kB)
Train	Install dependencies	2026-08-21T17:01:51.9154099Z Downloading google_auth-2.56.3-py3-none-any.whl (259 kB)
Train	Install dependencies	2026-08-21T17:01:51.9284672Z Downloading google_cloud_core-2.6.1-py3-none-any.whl (29 kB)
Train	Install dependencies	2026-08-21T17:01:51.9414092Z Downloading google_crc32c-1.8.0-cp310-cp310-manylinux1_x86_64.manylinux2014_x86_64.manylinux_2_17_x86_64.manylinux_2_5_x86_64.whl (33 kB)
Train	Install dependencies	2026-08-21T17:01:51.9546820Z Downloading googleapis_common_protos-1.75.0-py3-none-any.whl (300 kB)
Train	Install dependencies	2026-08-21T17:01:51.9680728Z Downloading grandalf-0.8-py3-none-any.whl (41 kB)
Train	Install dependencies	2026-08-21T17:01:51.9802463Z Downloading graphene-3.4.3-py2.py3-none-any.whl (114 kB)
Train	Install dependencies	2026-08-21T17:01:51.9926030Z Downloading graphql_core-3.2.11-py3-none-any.whl (214 kB)
Train	Install dependencies	2026-08-21T17:01:52.0050479Z Downloading graphql_relay-3.2.0-py3-none-any.whl (16 kB)
Train	Install dependencies	2026-08-21T17:01:52.0174392Z Downloading gto-1.10.1-py3-none-any.whl (45 kB)
Train	Install dependencies	2026-08-21T17:01:52.0296612Z Downloading gunicorn-22.0.0-py3-none-any.whl (84 kB)
Train	Install dependencies	2026-08-21T17:01:52.0421319Z Downloading importlib_metadata-7.2.1-py3-none-any.whl (25 kB)
Train	Install dependencies	2026-08-21T17:01:52.0540319Z Downloading jinja2-3.1.6-py3-none-any.whl (134 kB)
Train	Install dependencies	2026-08-21T17:01:52.0666602Z Downloading kombu-5.6.2-py3-none-any.whl (214 kB)
Train	Install dependencies	2026-08-21T17:01:52.0796184Z Downloading vine-5.1.0-py3-none-any.whl (9.6 kB)
Train	Install dependencies	2026-08-21T17:01:52.0916873Z Downloading amqp-5.3.1-py3-none-any.whl (50 kB)
Train	Install dependencies	2026-08-21T17:01:52.1037777Z Downloading markdown-3.10.3-py3-none-any.whl (110 kB)
Train	Install dependencies	2026-08-21T17:01:52.1166221Z Downloading matplotlib-3.10.9-cp310-cp310-manylinux2014_x86_64.manylinux_2_17_x86_64.whl (8.8 MB)
Train	Install dependencies	2026-08-21T17:01:52.1456426Z    ━━━━━━━━━━━━━━━━━━━━━━━━━━━━━━━━━━━━━━━━ 8.8/8.8 MB 326.7 MB/s  0:00:00
Train	Install dependencies	2026-08-21T17:01:52.1574572Z Downloading numpy-1.26.4-cp310-cp310-manylinux_2_17_x86_64.manylinux2014_x86_64.whl (18.2 MB)
Train	Install dependencies	2026-08-21T17:01:52.2188011Z    ━━━━━━━━━━━━━━━━━━━━━━━━━━━━━━━━━━━━━━━━ 18.2/18.2 MB 309.0 MB/s  0:00:00
Train	Install dependencies	2026-08-21T17:01:52.2292644Z Downloading opentelemetry_api-1.44.0-py3-none-any.whl (60 kB)
Train	Install dependencies	2026-08-21T17:01:52.2418594Z Downloading opentelemetry_sdk-1.44.0-py3-none-any.whl (137 kB)
Train	Install dependencies	2026-08-21T17:01:52.2544820Z Downloading opentelemetry_semantic_conventions-0.65b0-py3-none-any.whl (204 kB)
Train	Install dependencies	2026-08-21T17:01:52.2670297Z Downloading packaging-24.2-py3-none-any.whl (65 kB)
Train	Install dependencies	2026-08-21T17:01:52.2793805Z Downloading platformdirs-3.11.0-py3-none-any.whl (17 kB)
Train	Install dependencies	2026-08-21T17:01:52.2912942Z Downloading pluggy-1.6.0-py3-none-any.whl (20 kB)
Train	Install dependencies	2026-08-21T17:01:52.3034325Z Downloading proto_plus-1.28.2-py3-none-any.whl (50 kB)
Train	Install dependencies	2026-08-21T17:01:52.3157800Z Downloading protobuf-4.25.9-cp37-abi3-manylinux2014_x86_64.whl (295 kB)
Train	Install dependencies	2026-08-21T17:01:52.3297463Z Downloading pyarrow-15.0.2-cp310-cp310-manylinux_2_28_x86_64.whl (38.3 MB)
Train	Install dependencies	2026-08-21T17:01:52.4337130Z    ━━━━━━━━━━━━━━━━━━━━━━━━━━━━━━━━━━━━━━━━ 38.3/38.3 MB 376.9 MB/s  0:00:00
Train	Install dependencies	2026-08-21T17:01:52.4441835Z Downloading pydantic-2.13.4-py3-none-any.whl (472 kB)
Train	Install dependencies	2026-08-21T17:01:52.4576166Z Downloading pydantic_core-2.46.4-cp310-cp310-manylinux_2_17_x86_64.manylinux2014_x86_64.whl (2.1 MB)
Train	Install dependencies	2026-08-21T17:01:52.4667087Z    ━━━━━━━━━━━━━━━━━━━━━━━━━━━━━━━━━━━━━━━━ 2.1/2.1 MB 287.9 MB/s  0:00:00
Train	Install dependencies	2026-08-21T17:01:52.4768872Z Downloading python_dateutil-2.9.0.post0-py2.py3-none-any.whl (229 kB)
Train	Install dependencies	2026-08-21T17:01:52.4895702Z Downloading pytz-2024.2-py2.py3-none-any.whl (508 kB)
Train	Install dependencies	2026-08-21T17:01:52.5033492Z Downloading querystring_parser-1.2.4-py2.py3-none-any.whl (7.9 kB)
Train	Install dependencies	2026-08-21T17:01:52.5157103Z Downloading requests-2.34.2-py3-none-any.whl (73 kB)
Train	Install dependencies	2026-08-21T17:01:52.5285427Z Downloading charset_normalizer-3.5.1-cp310-cp310-manylinux2014_x86_64.manylinux_2_17_x86_64.manylinux_2_28_x86_64.whl (261 kB)
Train	Install dependencies	2026-08-21T17:01:52.5414363Z Downloading idna-3.19-py3-none-any.whl (68 kB)
Train	Install dependencies	2026-08-21T17:01:52.5540367Z Downloading scipy-1.15.3-cp310-cp310-manylinux_2_17_x86_64.manylinux2014_x86_64.whl (37.7 MB)
Train	Install dependencies	2026-08-21T17:01:52.6561116Z    ━━━━━━━━━━━━━━━━━━━━━━━━━━━━━━━━━━━━━━━━ 37.7/37.7 MB 378.8 MB/s  0:00:00
Train	Install dependencies	2026-08-21T17:01:52.6668410Z Downloading scmrepo-3.6.2-py3-none-any.whl (74 kB)
Train	Install dependencies	2026-08-21T17:01:52.6792610Z Downloading asyncssh-2.24.0-py3-none-any.whl (381 kB)
Train	Install dependencies	2026-08-21T17:01:52.6933248Z Downloading dulwich-1.2.12-cp310-cp310-manylinux_2_28_x86_64.whl (1.5 MB)
Train	Install dependencies	2026-08-21T17:01:52.7007750Z    ━━━━━━━━━━━━━━━━━━━━━━━━━━━━━━━━━━━━━━━━ 1.5/1.5 MB 253.8 MB/s  0:00:00
Train	Install dependencies	2026-08-21T17:01:52.7114657Z Downloading shtab-1.11.0-py3-none-any.whl (17 kB)
Train	Install dependencies	2026-08-21T17:01:52.7240234Z Downloading smmap-5.0.3-py3-none-any.whl (24 kB)
Train	Install dependencies	2026-08-21T17:01:52.7373777Z Downloading sqlalchemy-2.0.52-cp310-cp310-manylinux2014_x86_64.manylinux_2_17_x86_64.manylinux_2_28_x86_64.whl (3.3 MB)
Train	Install dependencies	2026-08-21T17:01:52.7509644Z    ━━━━━━━━━━━━━━━━━━━━━━━━━━━━━━━━━━━━━━━━ 3.3/3.3 MB 276.9 MB/s  0:00:00
Train	Install dependencies	2026-08-21T17:01:52.7611380Z Downloading sqlparse-0.6.0-py3-none-any.whl (50 kB)
Train	Install dependencies	2026-08-21T17:01:52.7739164Z Downloading sqltrie-0.11.2-py3-none-any.whl (17 kB)
Train	Install dependencies	2026-08-21T17:01:52.7867656Z Downloading starlette-0.37.2-py3-none-any.whl (71 kB)
Train	Install dependencies	2026-08-21T17:01:52.7990244Z Downloading anyio-4.14.2-py3-none-any.whl (125 kB)
Train	Install dependencies	2026-08-21T17:01:52.8118106Z Downloading tqdm-4.70.0-py3-none-any.whl (80 kB)
Train	Install dependencies	2026-08-21T17:01:52.8239623Z Downloading typing_extensions-4.16.0-py3-none-any.whl (45 kB)
Train	Install dependencies	2026-08-21T17:01:52.8362267Z Downloading urllib3-2.7.0-py3-none-any.whl (131 kB)
Train	Install dependencies	2026-08-21T17:01:52.8497783Z Downloading aiohttp_retry-2.9.1-py3-none-any.whl (10.0 kB)
Train	Install dependencies	2026-08-21T17:01:52.8624389Z Downloading annotated_types-0.8.0-py3-none-any.whl (13 kB)
Train	Install dependencies	2026-08-21T17:01:52.8750665Z Downloading atpublic-7.0.0-py3-none-any.whl (6.4 kB)
Train	Install dependencies	2026-08-21T17:01:52.8872223Z Downloading attrs-26.1.0-py3-none-any.whl (67 kB)
Train	Install dependencies	2026-08-21T17:01:52.8995668Z Downloading blinker-1.9.0-py3-none-any.whl (8.5 kB)
Train	Install dependencies	2026-08-21T17:01:52.9115449Z Downloading certifi-2026.7.22-py3-none-any.whl (136 kB)
Train	Install dependencies	2026-08-21T17:01:52.9240159Z Downloading click_didyoumean-0.3.1-py3-none-any.whl (3.6 kB)
Train	Install dependencies	2026-08-21T17:01:52.9358139Z Downloading click_plugins-1.1.1.2-py2.py3-none-any.whl (11 kB)
Train	Install dependencies	2026-08-21T17:01:52.9477033Z Downloading click_repl-0.3.0-py3-none-any.whl (10 kB)
Train	Install dependencies	2026-08-21T17:01:52.9600043Z Downloading colorama-0.4.6-py2.py3-none-any.whl (25 kB)
Train	Install dependencies	2026-08-21T17:01:52.9733343Z Downloading configobj-5.0.9-py2.py3-none-any.whl (35 kB)
Train	Install dependencies	2026-08-21T17:01:52.9857373Z Downloading contourpy-1.3.2-cp310-cp310-manylinux_2_17_x86_64.manylinux2014_x86_64.whl (325 kB)
Train	Install dependencies	2026-08-21T17:01:52.9985785Z Downloading cryptography-50.0.0-cp39-abi3-manylinux_2_34_x86_64.whl (4.8 MB)
Train	Install dependencies	2026-08-21T17:01:53.0166082Z    ━━━━━━━━━━━━━━━━━━━━━━━━━━━━━━━━━━━━━━━━ 4.8/4.8 MB 293.5 MB/s  0:00:00
Train	Install dependencies	2026-08-21T17:01:53.0268225Z Downloading cffi-2.1.1-cp310-cp310-manylinux2014_x86_64.manylinux_2_17_x86_64.whl (218 kB)
Train	Install dependencies	2026-08-21T17:01:53.0395293Z Downloading cycler-0.12.1-py3-none-any.whl (8.3 kB)
Train	Install dependencies	2026-08-21T17:01:53.0530353Z Downloading dictdiffer-0.10.0-py3-none-any.whl (16 kB)
Train	Install dependencies	2026-08-21T17:01:53.0654128Z Downloading diskcache-5.6.3-py3-none-any.whl (45 kB)
Train	Install dependencies	2026-08-21T17:01:53.0775328Z Downloading distro-1.9.0-py3-none-any.whl (20 kB)
Train	Install dependencies	2026-08-21T17:01:53.0895605Z Downloading dvc_http-2.32.0-py3-none-any.whl (12 kB)
Train	Install dependencies	2026-08-21T17:01:53.1016439Z Downloading email_validator-2.3.0-py3-none-any.whl (35 kB)
Train	Install dependencies	2026-08-21T17:01:53.1139265Z Downloading dnspython-2.8.0-py3-none-any.whl (331 kB)
Train	Install dependencies	2026-08-21T17:01:53.1267160Z Downloading exceptiongroup-1.3.1-py3-none-any.whl (16 kB)
Train	Install dependencies	2026-08-21T17:01:53.1388878Z Downloading fastapi_cli-0.0.32-py3-none-any.whl (14 kB)
Train	Install dependencies	2026-08-21T17:01:53.1511445Z Downloading fonttools-4.63.0-cp310-cp310-manylinux2014_x86_64.manylinux_2_17_x86_64.whl (4.9 MB)
Train	Install dependencies	2026-08-21T17:01:53.1704806Z    ━━━━━━━━━━━━━━━━━━━━━━━━━━━━━━━━━━━━━━━━ 4.9/4.9 MB 278.8 MB/s  0:00:00
Train	Install dependencies	2026-08-21T17:01:53.1810482Z Downloading gcsfs-2025.12.0-py3-none-any.whl (41 kB)
Train	Install dependencies	2026-08-21T17:01:53.1946484Z Downloading fsspec-2025.12.0-py3-none-any.whl (201 kB)
Train	Install dependencies	2026-08-21T17:01:53.2071863Z Downloading aiohttp-3.14.3-cp310-cp310-manylinux2014_x86_64.manylinux_2_17_x86_64.manylinux_2_28_x86_64.whl (1.7 MB)
Train	Install dependencies	2026-08-21T17:01:53.2152409Z    ━━━━━━━━━━━━━━━━━━━━━━━━━━━━━━━━━━━━━━━━ 1.7/1.7 MB 271.1 MB/s  0:00:00
Train	Install dependencies	2026-08-21T17:01:53.2254869Z Downloading async_timeout-5.0.1-py3-none-any.whl (6.2 kB)
Train	Install dependencies	2026-08-21T17:01:53.2377693Z Downloading multidict-6.7.1-cp310-cp310-manylinux2014_x86_64.manylinux_2_17_x86_64.manylinux_2_28_x86_64.whl (243 kB)
Train	Install dependencies	2026-08-21T17:01:53.2506194Z Downloading yarl-1.24.5-cp310-cp310-manylinux2014_x86_64.manylinux_2_17_x86_64.manylinux_2_28_x86_64.whl (110 kB)
Train	Install dependencies	2026-08-21T17:01:53.2629638Z Downloading aiohappyeyeballs-2.7.1-py3-none-any.whl (15 kB)
Train	Install dependencies	2026-08-21T17:01:53.2754026Z Downloading aiosignal-1.4.0-py3-none-any.whl (7.5 kB)
Train	Install dependencies	2026-08-21T17:01:53.2880383Z Downloading decorator-5.3.1-py3-none-any.whl (10 kB)
Train	Install dependencies	2026-08-21T17:01:53.3009131Z Downloading frozenlist-1.8.0-cp310-cp310-manylinux1_x86_64.manylinux_2_28_x86_64.manylinux_2_5_x86_64.whl (219 kB)
Train	Install dependencies	2026-08-21T17:01:53.3148482Z Downloading funcy-2.0-py2.py3-none-any.whl (30 kB)
Train	Install dependencies	2026-08-21T17:01:53.3278189Z Downloading google_resumable_media-2.10.1-py3-none-any.whl (81 kB)
Train	Install dependencies	2026-08-21T17:01:53.3409109Z Downloading greenlet-3.5.5-cp310-cp310-manylinux_2_24_x86_64.manylinux_2_28_x86_64.whl (622 kB)
Train	Install dependencies	2026-08-21T17:01:53.3496776Z    ━━━━━━━━━━━━━━━━━━━━━━━━━━━━━━━━━━━━━━━━ 622.8/622.8 kB 91.7 MB/s  0:00:00
Train	Install dependencies	2026-08-21T17:01:53.3603204Z Downloading h11-0.16.0-py3-none-any.whl (37 kB)
Train	Install dependencies	2026-08-21T17:01:53.3734704Z Downloading httpx-0.28.1-py3-none-any.whl (73 kB)
Train	Install dependencies	2026-08-21T17:01:53.3865295Z Downloading httpcore-1.0.9-py3-none-any.whl (78 kB)
Train	Install dependencies	2026-08-21T17:01:53.3996034Z Downloading hydra_core-1.3.5-py3-none-any.whl (155 kB)
Train	Install dependencies	2026-08-21T17:01:53.4124958Z Downloading omegaconf-2.3.1-py3-none-any.whl (79 kB)
Train	Install dependencies	2026-08-21T17:01:53.4256683Z Downloading iterative_telemetry-0.0.10-py3-none-any.whl (10 kB)
Train	Install dependencies	2026-08-21T17:01:53.4381012Z Downloading itsdangerous-2.2.0-py3-none-any.whl (16 kB)
Train	Install dependencies	2026-08-21T17:01:53.4504635Z Downloading kiwisolver-1.5.0-cp310-cp310-manylinux_2_12_x86_64.manylinux2010_x86_64.whl (1.6 MB)
Train	Install dependencies	2026-08-21T17:01:53.4591994Z    ━━━━━━━━━━━━━━━━━━━━━━━━━━━━━━━━━━━━━━━━ 1.6/1.6 MB 228.3 MB/s  0:00:00
Train	Install dependencies	2026-08-21T17:01:53.4696478Z Downloading markupsafe-3.0.3-cp310-cp310-manylinux2014_x86_64.manylinux_2_17_x86_64.manylinux_2_28_x86_64.whl (20 kB)
Train	Install dependencies	2026-08-21T17:01:53.4827825Z Downloading networkx-3.4.2-py3-none-any.whl (1.7 MB)
Train	Install dependencies	2026-08-21T17:01:53.4932438Z    ━━━━━━━━━━━━━━━━━━━━━━━━━━━━━━━━━━━━━━━━ 1.7/1.7 MB 201.6 MB/s  0:00:00
Train	Install dependencies	2026-08-21T17:01:53.5037776Z Downloading orjson-3.12.0-cp310-cp310-manylinux_2_17_x86_64.manylinux2014_x86_64.whl (131 kB)
Train	Install dependencies	2026-08-21T17:01:53.5172944Z Downloading pillow-12.3.0-cp310-cp310-manylinux_2_27_x86_64.manylinux_2_28_x86_64.whl (6.9 MB)
Train	Install dependencies	2026-08-21T17:01:53.5384158Z    ━━━━━━━━━━━━━━━━━━━━━━━━━━━━━━━━━━━━━━━━ 6.9/6.9 MB 362.0 MB/s  0:00:00
Train	Install dependencies	2026-08-21T17:01:53.5494329Z Downloading prompt_toolkit-3.0.53-py3-none-any.whl (392 kB)
Train	Install dependencies	2026-08-21T17:01:53.5628144Z Downloading propcache-0.5.2-cp310-cp310-manylinux2014_x86_64.manylinux_2_17_x86_64.manylinux_2_28_x86_64.whl (60 kB)
Train	Install dependencies	2026-08-21T17:01:53.5751837Z Downloading psutil-7.2.2-cp36-abi3-manylinux2010_x86_64.manylinux_2_12_x86_64.manylinux_2_28_x86_64.whl (155 kB)
Train	Install dependencies	2026-08-21T17:01:53.5877934Z Downloading pyasn1_modules-0.4.2-py3-none-any.whl (181 kB)
Train	Install dependencies	2026-08-21T17:01:53.6008600Z Downloading pyasn1-0.6.4-py3-none-any.whl (84 kB)
Train	Install dependencies	2026-08-21T17:01:53.6136602Z Downloading pydantic_settings-2.15.0-py3-none-any.whl (69 kB)
Train	Install dependencies	2026-08-21T17:01:53.6260886Z Downloading pydot-4.0.1-py3-none-any.whl (37 kB)
Train	Install dependencies	2026-08-21T17:01:53.6388557Z Downloading pygit2-1.18.2-cp310-cp310-manylinux_2_26_x86_64.manylinux_2_28_x86_64.whl (5.5 MB)
Train	Install dependencies	2026-08-21T17:01:53.6641947Z    ━━━━━━━━━━━━━━━━━━━━━━━━━━━━━━━━━━━━━━━━ 5.5/5.5 MB 237.1 MB/s  0:00:00
Train	Install dependencies	2026-08-21T17:01:53.6744416Z Downloading pygtrie-2.5.0-py3-none-any.whl (25 kB)
Train	Install dependencies	2026-08-21T17:01:53.6868280Z Downloading pyparsing-3.3.2-py3-none-any.whl (122 kB)
Train	Install dependencies	2026-08-21T17:01:53.6998601Z Downloading python_dotenv-1.2.3-py3-none-any.whl (22 kB)
Train	Install dependencies	2026-08-21T17:01:53.7120917Z Downloading python_multipart-0.0.32-py3-none-any.whl (30 kB)
Train	Install dependencies	2026-08-21T17:01:53.7246537Z Downloading rich-15.0.0-py3-none-any.whl (310 kB)
Train	Install dependencies	2026-08-21T17:01:53.7379877Z Downloading pygments-2.21.0-py3-none-any.whl (1.3 MB)
Train	Install dependencies	2026-08-21T17:01:53.7450330Z    ━━━━━━━━━━━━━━━━━━━━━━━━━━━━━━━━━━━━━━━━ 1.3/1.3 MB 220.6 MB/s  0:00:00
Train	Install dependencies	2026-08-21T17:01:53.7553282Z Downloading markdown_it_py-4.2.0-py3-none-any.whl (91 kB)
Train	Install dependencies	2026-08-21T17:01:53.7676009Z Downloading mdurl-0.1.2-py3-none-any.whl (10.0 kB)
Train	Install dependencies	2026-08-21T17:01:53.7801710Z Downloading rich_toolkit-0.20.3-py3-none-any.whl (36 kB)
Train	Install dependencies	2026-08-21T17:01:53.7934095Z Downloading ruamel_yaml-0.19.1-py3-none-any.whl (118 kB)
Train	Install dependencies	2026-08-21T17:01:53.8064063Z Downloading semver-3.0.4-py3-none-any.whl (17 kB)
Train	Install dependencies	2026-08-21T17:01:53.8193201Z Downloading shortuuid-1.0.13-py3-none-any.whl (10 kB)
Train	Install dependencies	2026-08-21T17:01:53.8324173Z Downloading six-1.17.0-py2.py3-none-any.whl (11 kB)
Train	Install dependencies	2026-08-21T17:01:53.8452733Z Downloading tabulate-0.10.0-py3-none-any.whl (39 kB)
Train	Install dependencies	2026-08-21T17:01:53.8598231Z Downloading threadpoolctl-3.6.0-py3-none-any.whl (18 kB)
Train	Install dependencies	2026-08-21T17:01:53.8724448Z Downloading tomli-2.4.1-py3-none-any.whl (14 kB)
Train	Install dependencies	2026-08-21T17:01:53.8850437Z Downloading tomlkit-0.15.1-py3-none-any.whl (49 kB)
Train	Install dependencies	2026-08-21T17:01:53.8976071Z Downloading typer-0.27.1-py3-none-any.whl (122 kB)
Train	Install dependencies	2026-08-21T17:01:53.9101007Z Downloading annotated_doc-0.0.5-py3-none-any.whl (5.3 kB)
Train	Install dependencies	2026-08-21T17:01:53.9221263Z Downloading shellingham-1.5.4-py2.py3-none-any.whl (9.8 kB)
Train	Install dependencies	2026-08-21T17:01:53.9344216Z Downloading typing_inspection-0.4.4-py3-none-any.whl (14 kB)
Train	Install dependencies	2026-08-21T17:01:53.9469369Z Downloading tzdata-2026.3-py2.py3-none-any.whl (348 kB)
Train	Install dependencies	2026-08-21T17:01:53.9605959Z Downloading ujson-5.13.0-cp310-cp310-manylinux_2_24_x86_64.manylinux_2_28_x86_64.whl (57 kB)
Train	Install dependencies	2026-08-21T17:01:53.9740430Z Downloading httptools-0.8.0-cp310-cp310-manylinux1_x86_64.manylinux_2_28_x86_64.manylinux_2_5_x86_64.whl (450 kB)
Train	Install dependencies	2026-08-21T17:01:53.9882412Z Downloading uvloop-0.22.1-cp310-cp310-manylinux2014_x86_64.manylinux_2_17_x86_64.manylinux_2_28_x86_64.whl (3.7 MB)
Train	Install dependencies	2026-08-21T17:01:54.0065835Z    ━━━━━━━━━━━━━━━━━━━━━━━━━━━━━━━━━━━━━━━━ 3.7/3.7 MB 223.6 MB/s  0:00:00
Train	Install dependencies	2026-08-21T17:01:54.0173434Z Downloading voluptuous-0.16.0-py3-none-any.whl (31 kB)
Train	Install dependencies	2026-08-21T17:01:54.0304507Z Downloading watchfiles-1.2.0-cp310-cp310-manylinux_2_17_x86_64.manylinux2014_x86_64.whl (457 kB)
Train	Install dependencies	2026-08-21T17:01:54.0448878Z Downloading wcwidth-0.8.2-py3-none-any.whl (323 kB)
Train	Install dependencies	2026-08-21T17:01:54.0586961Z Downloading websockets-16.1.1-cp310-cp310-manylinux1_x86_64.manylinux_2_28_x86_64.manylinux_2_5_x86_64.whl (186 kB)
Train	Install dependencies	2026-08-21T17:01:54.0719093Z Downloading werkzeug-3.1.8-py3-none-any.whl (226 kB)
Train	Install dependencies	2026-08-21T17:01:54.0855314Z Downloading zc_lockfile-4.0-py3-none-any.whl (9.1 kB)
Train	Install dependencies	2026-08-21T17:01:54.0978552Z Downloading zipp-4.1.0-py3-none-any.whl (10 kB)
Train	Install dependencies	2026-08-21T17:01:54.1104370Z Downloading appdirs-1.4.4-py2.py3-none-any.whl (9.6 kB)
Train	Install dependencies	2026-08-21T17:01:54.1228999Z Downloading filelock-3.32.3-py3-none-any.whl (98 kB)
Train	Install dependencies	2026-08-21T17:01:54.1353528Z Downloading google_auth_oauthlib-1.4.0-py3-none-any.whl (19 kB)
Train	Install dependencies	2026-08-21T17:01:54.1480446Z Downloading requests_oauthlib-2.0.0-py2.py3-none-any.whl (24 kB)
Train	Install dependencies	2026-08-21T17:01:54.1601527Z Downloading oauthlib-3.3.1-py3-none-any.whl (160 kB)
Train	Install dependencies	2026-08-21T17:01:54.1734321Z Downloading google_cloud_storage_control-1.12.0-py3-none-any.whl (102 kB)
Train	Install dependencies	2026-08-21T17:01:54.1863232Z Downloading grpc_google_iam_v1-0.14.4-py3-none-any.whl (32 kB)
Train	Install dependencies	2026-08-21T17:01:54.1998785Z Downloading grpcio-1.83.0-cp310-cp310-manylinux2014_x86_64.manylinux_2_17_x86_64.whl (7.1 MB)
Train	Install dependencies	2026-08-21T17:01:54.2288925Z    ━━━━━━━━━━━━━━━━━━━━━━━━━━━━━━━━━━━━━━━━ 7.1/7.1 MB 274.4 MB/s  0:00:00
Train	Install dependencies	2026-08-21T17:01:54.2393011Z Downloading grpcio_status-1.62.3-py3-none-any.whl (14 kB)
Train	Install dependencies	2026-08-21T17:01:54.2520508Z Downloading iniconfig-2.3.0-py3-none-any.whl (7.5 kB)
Train	Install dependencies	2026-08-21T17:01:54.2645144Z Downloading mako-1.4.1-py3-none-any.whl (80 kB)
Train	Install dependencies	2026-08-21T17:01:54.2771748Z Downloading pycparser-3.0-py3-none-any.whl (48 kB)
Train	Install dependencies	2026-08-21T17:01:54.2898040Z Downloading tzlocal-5.4.4-py3-none-any.whl (18 kB)
Train	Install dependencies	2026-08-21T17:01:55.2343406Z Building wheels for collected packages: antlr4-python3-runtime
Train	Install dependencies	2026-08-21T17:01:55.2353371Z   Building wheel for antlr4-python3-runtime (pyproject.toml): started
Train	Install dependencies	2026-08-21T17:01:55.4975426Z   Building wheel for antlr4-python3-runtime (pyproject.toml): finished with status 'done'
Train	Install dependencies	2026-08-21T17:01:55.4982466Z   Created wheel for antlr4-python3-runtime: filename=antlr4_python3_runtime-4.9.3-py3-none-any.whl size=144590 sha256=ad9f9b3c70025c6b30cf17299c7a4d96bfa35d3e5673b1719f3f6445016b7c91
Train	Install dependencies	2026-08-21T17:01:55.4984500Z   Stored in directory: /home/runner/.cache/pip/wheels/12/93/dd/1f6a127edc45659556564c5730f6d4e300888f4bca2d4c5a88
Train	Install dependencies	2026-08-21T17:01:55.5001963Z Successfully built antlr4-python3-runtime
Train	Install dependencies	2026-08-21T17:01:55.9802829Z Installing collected packages: pytz, pygtrie, funcy, appdirs, antlr4-python3-runtime, zipp, zc.lockfile, websockets, wcwidth, voluptuous, vine, uvloop, urllib3, ujson, tzlocal, tzdata, typing-extensions, tqdm, tomlkit, tomli, threadpoolctl, tabulate, sqlparse, smmap, six, shtab, shortuuid, shellingham, semver, ruamel.yaml, pyyaml, python-multipart, python-dotenv, pyparsing, pygments, pycparser, pyasn1, psutil, protobuf, propcache, pluggy, platformdirs, pillow, pathspec, packaging, orjson, oauthlib, numpy, networkx, mdurl, markupsafe, markdown, kiwisolver, joblib, itsdangerous, iniconfig, idna, httptools, h11, greenlet, graphql-core, google-crc32c, fsspec, frozenlist, fonttools, flatten-dict, filelock, entrypoints, dvc-render, dpath, dnspython, distro, diskcache, dictdiffer, decorator, cycler, configobj, colorama, cloudpickle, click, charset_normalizer, certifi, cachetools, blinker, billiard, attrs, atpublic, async-timeout, annotated-types, annotated-doc, aiohappyeyeballs, werkzeug, uvicorn, typing-inspection, sqltrie, sqlalchemy, scipy, requests, querystring-parser, python-dateutil, pydot, pydantic-core, pyasn1-modules, pyarrow, proto-plus, prompt-toolkit, opentelemetry-api, omegaconf, multidict, markdown-it-py, Mako, Jinja2, importlib-metadata, httpcore, gunicorn, grpcio, graphql-relay, grandalf, googleapis-common-protos, google-resumable-media, gitdb, flufl.lock, exceptiongroup, email_validator, dvc-objects, dulwich, contourpy, click-plugins, click-didyoumean, cffi, amqp, aiosignal, yarl, scikit-learn, rich, requests-oauthlib, pytest, pygit2, pydantic, pandas, opentelemetry-semantic-conventions, matplotlib, kombu, iterative-telemetry, hydra-core, grpcio-status, graphene, gitpython, Flask, dvc-studio-client, dvc-data, docker, cryptography, click-repl, anyio, alembic, watchfiles, typer, starlette, rich-toolkit, pydantic-settings, opentelemetry-sdk, httpx, grpc-google-iam-v1, google-auth, celery, asyncssh, aiohttp, mlflow, google-auth-oauthlib, google-api-core, dvc-task, aiohttp-retry, scmrepo, google-cloud-core, fastapi-cli, dvc-http, gto, google-cloud-storage-control, google-cloud-storage, fastapi, gcsfs, dvc, dvc-gs
Train	Install dependencies	2026-08-21T17:02:24.3821264Z 
Train	Install dependencies	2026-08-21T17:02:24.4072828Z Successfully installed Flask-3.1.3 Jinja2-3.1.6 Mako-1.4.1 aiohappyeyeballs-2.7.1 aiohttp-3.14.3 aiohttp-retry-2.9.1 aiosignal-1.4.0 alembic-1.19.1 amqp-5.3.1 annotated-doc-0.0.5 annotated-types-0.8.0 antlr4-python3-runtime-4.9.3 anyio-4.14.2 appdirs-1.4.4 async-timeout-5.0.1 asyncssh-2.24.0 atpublic-7.0.0 attrs-26.1.0 billiard-4.2.4 blinker-1.9.0 cachetools-5.5.2 celery-5.6.3 certifi-2026.7.22 cffi-2.1.1 charset_normalizer-3.5.1 click-8.4.2 click-didyoumean-0.3.1 click-plugins-1.1.1.2 click-repl-0.3.0 cloudpickle-3.1.2 colorama-0.4.6 configobj-5.0.9 contourpy-1.3.2 cryptography-50.0.0 cycler-0.12.1 decorator-5.3.1 dictdiffer-0.10.0 diskcache-5.6.3 distro-1.9.0 dnspython-2.8.0 docker-7.2.0 dpath-2.2.0 dulwich-1.2.12 dvc-3.50.1 dvc-data-3.15.2 dvc-gs-3.1.0 dvc-http-2.32.0 dvc-objects-5.2.0 dvc-render-1.0.2 dvc-studio-client-0.23.0 dvc-task-0.40.2 email_validator-2.3.0 entrypoints-0.4 exceptiongroup-1.3.1 fastapi-0.111.0 fastapi-cli-0.0.32 filelock-3.32.3 flatten-dict-0.5.0 flufl.lock-7.1.1 fonttools-4.63.0 frozenlist-1.8.0 fsspec-2025.12.0 funcy-2.0 gcsfs-2025.12.0 gitdb-4.0.12 gitpython-3.1.59 google-api-core-2.30.3 google-auth-2.56.3 google-auth-oauthlib-1.4.0 google-cloud-core-2.6.1 google-cloud-storage-2.16.0 google-cloud-storage-control-1.12.0 google-crc32c-1.8.0 google-resumable-media-2.10.1 googleapis-common-protos-1.75.0 grandalf-0.8 graphene-3.4.3 graphql-core-3.2.11 graphql-relay-3.2.0 greenlet-3.5.5 grpc-google-iam-v1-0.14.4 grpcio-1.83.0 grpcio-status-1.62.3 gto-1.10.1 gunicorn-22.0.0 h11-0.16.0 httpcore-1.0.9 httptools-0.8.0 httpx-0.28.1 hydra-core-1.3.5 idna-3.19 importlib-metadata-7.2.1 iniconfig-2.3.0 iterative-telemetry-0.0.10 itsdangerous-2.2.0 joblib-1.4.2 kiwisolver-1.5.0 kombu-5.6.2 markdown-3.10.3 markdown-it-py-4.2.0 markupsafe-3.0.3 matplotlib-3.10.9 mdurl-0.1.2 mlflow-2.13.0 multidict-6.7.1 networkx-3.4.2 numpy-1.26.4 oauthlib-3.3.1 omegaconf-2.3.1 opentelemetry-api-1.44.0 opentelemetry-sdk-1.44.0 opentelemetry-semantic-conventions-0.65b0 orjson-3.12.0 packaging-24.2 pandas-2.2.2 pathspec-0.11.2 pillow-12.3.0 platformdirs-3.11.0 pluggy-1.6.0 prompt-toolkit-3.0.53 propcache-0.5.2 proto-plus-1.28.2 protobuf-4.25.9 psutil-7.2.2 pyarrow-15.0.2 pyasn1-0.6.4 pyasn1-modules-0.4.2 pycparser-3.0 pydantic-2.13.4 pydantic-core-2.46.4 pydantic-settings-2.15.0 pydot-4.0.1 pygit2-1.18.2 pygments-2.21.0 pygtrie-2.5.0 pyparsing-3.3.2 pytest-8.2.0 python-dateutil-2.9.0.post0 python-dotenv-1.2.3 python-multipart-0.0.32 pytz-2024.2 pyyaml-6.0.1 querystring-parser-1.2.4 requests-2.34.2 requests-oauthlib-2.0.0 rich-15.0.0 rich-toolkit-0.20.3 ruamel.yaml-0.19.1 scikit-learn-1.4.2 scipy-1.15.3 scmrepo-3.6.2 semver-3.0.4 shellingham-1.5.4 shortuuid-1.0.13 shtab-1.11.0 six-1.17.0 smmap-5.0.3 sqlalchemy-2.0.52 sqlparse-0.6.0 sqltrie-0.11.2 starlette-0.37.2 tabulate-0.10.0 threadpoolctl-3.6.0 tomli-2.4.1 tomlkit-0.15.1 tqdm-4.70.0 typer-0.27.1 typing-extensions-4.16.0 typing-inspection-0.4.4 tzdata-2026.3 tzlocal-5.4.4 ujson-5.13.0 urllib3-2.7.0 uvicorn-0.29.0 uvloop-0.22.1 vine-5.1.0 voluptuous-0.16.0 watchfiles-1.2.0 wcwidth-0.8.2 websockets-16.1.1 werkzeug-3.1.8 yarl-1.24.5 zc.lockfile-4.0 zipp-4.1.0
Train	Set MLflow remote tracking env (Bonus 1 - DagsHub, tuy chon)	﻿2026-08-21T17:02:25.1836480Z ##[group]Run if [ -n "" ]; then
Train	Set MLflow remote tracking env (Bonus 1 - DagsHub, tuy chon)	2026-08-21T17:02:25.1836919Z ^[[36;1mif [ -n "" ]; then^[[0m
Train	Set MLflow remote tracking env (Bonus 1 - DagsHub, tuy chon)	2026-08-21T17:02:25.1837304Z ^[[36;1m  echo "MLFLOW_TRACKING_URI=" >> $GITHUB_ENV^[[0m
Train	Set MLflow remote tracking env (Bonus 1 - DagsHub, tuy chon)	2026-08-21T17:02:25.1837992Z ^[[36;1m  echo "MLFLOW_TRACKING_USERNAME=" >> $GITHUB_ENV^[[0m
Train	Set MLflow remote tracking env (Bonus 1 - DagsHub, tuy chon)	2026-08-21T17:02:25.1838452Z ^[[36;1m  echo "MLFLOW_TRACKING_PASSWORD=" >> $GITHUB_ENV^[[0m
Train	Set MLflow remote tracking env (Bonus 1 - DagsHub, tuy chon)	2026-08-21T17:02:25.1838922Z ^[[36;1m  echo "Da cau hinh MLflow tracking remote (DagsHub)."^[[0m
Train	Set MLflow remote tracking env (Bonus 1 - DagsHub, tuy chon)	2026-08-21T17:02:25.1839328Z ^[[36;1melse^[[0m
Train	Set MLflow remote tracking env (Bonus 1 - DagsHub, tuy chon)	2026-08-21T17:02:25.1839722Z ^[[36;1m  echo "Chua co secret DagsHub, dung MLflow tracking local mac dinh."^[[0m
Train	Set MLflow remote tracking env (Bonus 1 - DagsHub, tuy chon)	2026-08-21T17:02:25.1840173Z ^[[36;1mfi^[[0m
Train	Set MLflow remote tracking env (Bonus 1 - DagsHub, tuy chon)	2026-08-21T17:02:25.1880342Z shell: /usr/bin/bash -e ***0***
Train	Set MLflow remote tracking env (Bonus 1 - DagsHub, tuy chon)	2026-08-21T17:02:25.1880964Z env:
Train	Set MLflow remote tracking env (Bonus 1 - DagsHub, tuy chon)	2026-08-21T17:02:25.1881329Z   pythonLocation: /opt/hostedtoolcache/Python/3.10.21/x64
Train	Set MLflow remote tracking env (Bonus 1 - DagsHub, tuy chon)	2026-08-21T17:02:25.1881882Z   PKG_CONFIG_PATH: /opt/hostedtoolcache/Python/3.10.21/x64/lib/pkgconfig
Train	Set MLflow remote tracking env (Bonus 1 - DagsHub, tuy chon)	2026-08-21T17:02:25.1882402Z   Python_ROOT_DIR: /opt/hostedtoolcache/Python/3.10.21/x64
Train	Set MLflow remote tracking env (Bonus 1 - DagsHub, tuy chon)	2026-08-21T17:02:25.1882906Z   Python2_ROOT_DIR: /opt/hostedtoolcache/Python/3.10.21/x64
Train	Set MLflow remote tracking env (Bonus 1 - DagsHub, tuy chon)	2026-08-21T17:02:25.1883373Z   Python3_ROOT_DIR: /opt/hostedtoolcache/Python/3.10.21/x64
Train	Set MLflow remote tracking env (Bonus 1 - DagsHub, tuy chon)	2026-08-21T17:02:25.1883854Z   LD_LIBRARY_PATH: /opt/hostedtoolcache/Python/3.10.21/x64/lib
Train	Set MLflow remote tracking env (Bonus 1 - DagsHub, tuy chon)	2026-08-21T17:02:25.1884249Z ##[endgroup]
Train	Set MLflow remote tracking env (Bonus 1 - DagsHub, tuy chon)	2026-08-21T17:02:25.1949685Z Chua co secret DagsHub, dung MLflow tracking local mac dinh.
Train	Authenticate to Cloud Storage	﻿2026-08-21T17:02:25.1983250Z ##[group]Run echo '***
Train	Authenticate to Cloud Storage	2026-08-21T17:02:25.1983644Z ^[[36;1mecho '***^[[0m
Train	Authenticate to Cloud Storage	2026-08-21T17:02:25.1983967Z ^[[36;1m  ***^[[0m
Train	Authenticate to Cloud Storage	2026-08-21T17:02:25.1984268Z ^[[36;1m  ***^[[0m
Train	Authenticate to Cloud Storage	2026-08-21T17:02:25.1984655Z ^[[36;1m  ***^[[0m
Train	Authenticate to Cloud Storage	2026-08-21T17:02:25.1992938Z ^[[36;1m  ***^[[0m
Train	Authenticate to Cloud Storage	2026-08-21T17:02:25.1993381Z ^[[36;1m  ***^[[0m
Train	Authenticate to Cloud Storage	2026-08-21T17:02:25.1993678Z ^[[36;1m  ***^[[0m
Train	Authenticate to Cloud Storage	2026-08-21T17:02:25.1994063Z ^[[36;1m  ***^[[0m
Train	Authenticate to Cloud Storage	2026-08-21T17:02:25.1994433Z ^[[36;1m  ***^[[0m
Train	Authenticate to Cloud Storage	2026-08-21T17:02:25.1994870Z ^[[36;1m  ***^[[0m
Train	Authenticate to Cloud Storage	2026-08-21T17:02:25.1995520Z ^[[36;1m  ***^[[0m
Train	Authenticate to Cloud Storage	2026-08-21T17:02:25.1995823Z ^[[36;1m  ***^[[0m
Train	Authenticate to Cloud Storage	2026-08-21T17:02:25.1996109Z ^[[36;1m***' > /tmp/sa-key.json^[[0m
Train	Authenticate to Cloud Storage	2026-08-21T17:02:25.1996579Z ^[[36;1mecho "GOOGLE_APPLICATION_CREDENTIALS=/tmp/sa-key.json" >> $GITHUB_ENV^[[0m
Train	Authenticate to Cloud Storage	2026-08-21T17:02:25.2034849Z shell: /usr/bin/bash -e ***0***
Train	Authenticate to Cloud Storage	2026-08-21T17:02:25.2035186Z env:
Train	Authenticate to Cloud Storage	2026-08-21T17:02:25.2035527Z   pythonLocation: /opt/hostedtoolcache/Python/3.10.21/x64
Train	Authenticate to Cloud Storage	2026-08-21T17:02:25.2036062Z   PKG_CONFIG_PATH: /opt/hostedtoolcache/Python/3.10.21/x64/lib/pkgconfig
Train	Authenticate to Cloud Storage	2026-08-21T17:02:25.2036616Z   Python_ROOT_DIR: /opt/hostedtoolcache/Python/3.10.21/x64
Train	Authenticate to Cloud Storage	2026-08-21T17:02:25.2037084Z   Python2_ROOT_DIR: /opt/hostedtoolcache/Python/3.10.21/x64
Train	Authenticate to Cloud Storage	2026-08-21T17:02:25.2037545Z   Python3_ROOT_DIR: /opt/hostedtoolcache/Python/3.10.21/x64
Train	Authenticate to Cloud Storage	2026-08-21T17:02:25.2038054Z   LD_LIBRARY_PATH: /opt/hostedtoolcache/Python/3.10.21/x64/lib
Train	Authenticate to Cloud Storage	2026-08-21T17:02:25.2038453Z ##[endgroup]
Train	Pull data with DVC	﻿2026-08-21T17:02:25.2148100Z ##[group]Run dvc pull data/train_phase1.csv.dvc data/eval.csv.dvc
Train	Pull data with DVC	2026-08-21T17:02:25.2148668Z ^[[36;1mdvc pull data/train_phase1.csv.dvc data/eval.csv.dvc^[[0m
Train	Pull data with DVC	2026-08-21T17:02:25.2186003Z shell: /usr/bin/bash -e ***0***
Train	Pull data with DVC	2026-08-21T17:02:25.2186343Z env:
Train	Pull data with DVC	2026-08-21T17:02:25.2186691Z   pythonLocation: /opt/hostedtoolcache/Python/3.10.21/x64
Train	Pull data with DVC	2026-08-21T17:02:25.2187238Z   PKG_CONFIG_PATH: /opt/hostedtoolcache/Python/3.10.21/x64/lib/pkgconfig
Train	Pull data with DVC	2026-08-21T17:02:25.2187752Z   Python_ROOT_DIR: /opt/hostedtoolcache/Python/3.10.21/x64
Train	Pull data with DVC	2026-08-21T17:02:25.2188219Z   Python2_ROOT_DIR: /opt/hostedtoolcache/Python/3.10.21/x64
Train	Pull data with DVC	2026-08-21T17:02:25.2188682Z   Python3_ROOT_DIR: /opt/hostedtoolcache/Python/3.10.21/x64
Train	Pull data with DVC	2026-08-21T17:02:25.2189144Z   LD_LIBRARY_PATH: /opt/hostedtoolcache/Python/3.10.21/x64/lib
Train	Pull data with DVC	2026-08-21T17:02:25.2189593Z   GOOGLE_APPLICATION_CREDENTIALS: /tmp/sa-key.json
Train	Pull data with DVC	2026-08-21T17:02:25.2189959Z ##[endgroup]
Train	Pull data with DVC	2026-08-21T17:02:27.3559139Z A       data/train_phase1.csv
Train	Pull data with DVC	2026-08-21T17:02:27.3563583Z A       data/eval.csv
Train	Pull data with DVC	2026-08-21T17:02:27.3579060Z 2 files added and 2 files fetched
Train	Train model	﻿2026-08-21T17:02:27.5622122Z ##[group]Run python src/train.py
Train	Train model	2026-08-21T17:02:27.5622535Z ^[[36;1mpython src/train.py^[[0m
Train	Train model	2026-08-21T17:02:27.5661146Z shell: /usr/bin/bash -e ***0***
Train	Train model	2026-08-21T17:02:27.5661488Z env:
Train	Train model	2026-08-21T17:02:27.5662050Z   pythonLocation: /opt/hostedtoolcache/Python/3.10.21/x64
Train	Train model	2026-08-21T17:02:27.5662589Z   PKG_CONFIG_PATH: /opt/hostedtoolcache/Python/3.10.21/x64/lib/pkgconfig
Train	Train model	2026-08-21T17:02:27.5663147Z   Python_ROOT_DIR: /opt/hostedtoolcache/Python/3.10.21/x64
Train	Train model	2026-08-21T17:02:27.5663622Z   Python2_ROOT_DIR: /opt/hostedtoolcache/Python/3.10.21/x64
Train	Train model	2026-08-21T17:02:27.5664105Z   Python3_ROOT_DIR: /opt/hostedtoolcache/Python/3.10.21/x64
Train	Train model	2026-08-21T17:02:27.5664591Z   LD_LIBRARY_PATH: /opt/hostedtoolcache/Python/3.10.21/x64/lib
Train	Train model	2026-08-21T17:02:27.5665050Z   GOOGLE_APPLICATION_CREDENTIALS: /tmp/sa-key.json
Train	Train model	2026-08-21T17:02:27.5665421Z ##[endgroup]
Train	Train model	2026-08-21T17:02:35.1899866Z Accuracy: 0.7460 | F1: 0.7449
Train	Read metrics	﻿2026-08-21T17:02:35.5069059Z ##[group]Run ACC=$(python -c "import json; d=json.load(open('outputs/metrics.json')); print(d['accuracy'])")
Train	Read metrics	2026-08-21T17:02:35.5069955Z ^[[36;1mACC=$(python -c "import json; d=json.load(open('outputs/metrics.json')); print(d['accuracy'])")^[[0m
Train	Read metrics	2026-08-21T17:02:35.5070576Z ^[[36;1mecho "accuracy=$ACC" >> $GITHUB_OUTPUT^[[0m
Train	Read metrics	2026-08-21T17:02:35.5071335Z ^[[36;1mecho "Accuracy vua doc duoc: $ACC"^[[0m
Train	Read metrics	2026-08-21T17:02:35.5110394Z shell: /usr/bin/bash -e ***0***
Train	Read metrics	2026-08-21T17:02:35.5111005Z env:
Train	Read metrics	2026-08-21T17:02:35.5111355Z   pythonLocation: /opt/hostedtoolcache/Python/3.10.21/x64
Train	Read metrics	2026-08-21T17:02:35.5111899Z   PKG_CONFIG_PATH: /opt/hostedtoolcache/Python/3.10.21/x64/lib/pkgconfig
Train	Read metrics	2026-08-21T17:02:35.5112422Z   Python_ROOT_DIR: /opt/hostedtoolcache/Python/3.10.21/x64
Train	Read metrics	2026-08-21T17:02:35.5112883Z   Python2_ROOT_DIR: /opt/hostedtoolcache/Python/3.10.21/x64
Train	Read metrics	2026-08-21T17:02:35.5113367Z   Python3_ROOT_DIR: /opt/hostedtoolcache/Python/3.10.21/x64
Train	Read metrics	2026-08-21T17:02:35.5113837Z   LD_LIBRARY_PATH: /opt/hostedtoolcache/Python/3.10.21/x64/lib
Train	Read metrics	2026-08-21T17:02:35.5114349Z   GOOGLE_APPLICATION_CREDENTIALS: /tmp/sa-key.json
Train	Read metrics	2026-08-21T17:02:35.5114725Z ##[endgroup]
Train	Read metrics	2026-08-21T17:02:35.5382337Z Accuracy vua doc duoc: 0.746
Train	Compare with previous deployed model (Bonus 4 - rollback an toan)	﻿2026-08-21T17:02:35.5439831Z ##[group]Run python - <<'EOF'
Train	Compare with previous deployed model (Bonus 4 - rollback an toan)	2026-08-21T17:02:35.5440253Z ^[[36;1mpython - <<'EOF'^[[0m
Train	Compare with previous deployed model (Bonus 4 - rollback an toan)	2026-08-21T17:02:35.5440563Z ^[[36;1mimport json, os^[[0m
Train	Compare with previous deployed model (Bonus 4 - rollback an toan)	2026-08-21T17:02:35.5441179Z ^[[36;1mfrom google.cloud import storage^[[0m
Train	Compare with previous deployed model (Bonus 4 - rollback an toan)	2026-08-21T17:02:35.5441533Z ^[[36;1m^[[0m
Train	Compare with previous deployed model (Bonus 4 - rollback an toan)	2026-08-21T17:02:35.5441825Z ^[[36;1mbucket_name = os.environ["CLOUD_BUCKET"]^[[0m
Train	Compare with previous deployed model (Bonus 4 - rollback an toan)	2026-08-21T17:02:35.5442218Z ^[[36;1mclient = storage.Client()^[[0m
Train	Compare with previous deployed model (Bonus 4 - rollback an toan)	2026-08-21T17:02:35.5442577Z ^[[36;1mbucket = client.bucket(bucket_name)^[[0m
Train	Compare with previous deployed model (Bonus 4 - rollback an toan)	2026-08-21T17:02:35.5442919Z ^[[36;1m^[[0m
Train	Compare with previous deployed model (Bonus 4 - rollback an toan)	2026-08-21T17:02:35.5443278Z ^[[36;1mnew_acc = json.load(open("outputs/metrics.json"))["accuracy"]^[[0m
Train	Compare with previous deployed model (Bonus 4 - rollback an toan)	2026-08-21T17:02:35.5443791Z ^[[36;1mold_blob = bucket.blob("models/latest/metrics.json")^[[0m
Train	Compare with previous deployed model (Bonus 4 - rollback an toan)	2026-08-21T17:02:35.5444195Z ^[[36;1m^[[0m
Train	Compare with previous deployed model (Bonus 4 - rollback an toan)	2026-08-21T17:02:35.5444463Z ^[[36;1mif old_blob.exists():^[[0m
Train	Compare with previous deployed model (Bonus 4 - rollback an toan)	2026-08-21T17:02:35.5444870Z ^[[36;1m    old_metrics = json.loads(old_blob.download_as_text())^[[0m
Train	Compare with previous deployed model (Bonus 4 - rollback an toan)	2026-08-21T17:02:35.5445334Z ^[[36;1m    old_acc = old_metrics.get("accuracy", 0.0)^[[0m
Train	Compare with previous deployed model (Bonus 4 - rollback an toan)	2026-08-21T17:02:35.5446023Z ^[[36;1m    print(f"Model dang chay: accuracy=***old_acc:.4f*** | Model moi vua train: accuracy=***new_acc:.4f***")^[[0m
Train	Compare with previous deployed model (Bonus 4 - rollback an toan)	2026-08-21T17:02:35.5446646Z ^[[36;1m    should_deploy = new_acc >= old_acc^[[0m
Train	Compare with previous deployed model (Bonus 4 - rollback an toan)	2026-08-21T17:02:35.5447009Z ^[[36;1melse:^[[0m
Train	Compare with previous deployed model (Bonus 4 - rollback an toan)	2026-08-21T17:02:35.5447494Z ^[[36;1m    print(f"Chua co model nao tren GCS. Model moi: accuracy=***new_acc:.4f*** -> cho phep deploy.")^[[0m
Train	Compare with previous deployed model (Bonus 4 - rollback an toan)	2026-08-21T17:02:35.5448061Z ^[[36;1m    should_deploy = True^[[0m
Train	Compare with previous deployed model (Bonus 4 - rollback an toan)	2026-08-21T17:02:35.5448376Z ^[[36;1m^[[0m
Train	Compare with previous deployed model (Bonus 4 - rollback an toan)	2026-08-21T17:02:35.5448691Z ^[[36;1mprint(f"should_deploy=***should_deploy***")^[[0m
Train	Compare with previous deployed model (Bonus 4 - rollback an toan)	2026-08-21T17:02:35.5449137Z ^[[36;1mwith open(os.environ["GITHUB_OUTPUT"], "a") as f:^[[0m
Train	Compare with previous deployed model (Bonus 4 - rollback an toan)	2026-08-21T17:02:35.5449663Z ^[[36;1m    f.write(f"should_deploy=***'true' if should_deploy else 'false'***\n")^[[0m
Train	Compare with previous deployed model (Bonus 4 - rollback an toan)	2026-08-21T17:02:35.5450123Z ^[[36;1mEOF^[[0m
Train	Compare with previous deployed model (Bonus 4 - rollback an toan)	2026-08-21T17:02:35.5488864Z shell: /usr/bin/bash -e ***0***
Train	Compare with previous deployed model (Bonus 4 - rollback an toan)	2026-08-21T17:02:35.5489210Z env:
Train	Compare with previous deployed model (Bonus 4 - rollback an toan)	2026-08-21T17:02:35.5489553Z   pythonLocation: /opt/hostedtoolcache/Python/3.10.21/x64
Train	Compare with previous deployed model (Bonus 4 - rollback an toan)	2026-08-21T17:02:35.5490130Z   PKG_CONFIG_PATH: /opt/hostedtoolcache/Python/3.10.21/x64/lib/pkgconfig
Train	Compare with previous deployed model (Bonus 4 - rollback an toan)	2026-08-21T17:02:35.5491152Z   Python_ROOT_DIR: /opt/hostedtoolcache/Python/3.10.21/x64
Train	Compare with previous deployed model (Bonus 4 - rollback an toan)	2026-08-21T17:02:35.5491625Z   Python2_ROOT_DIR: /opt/hostedtoolcache/Python/3.10.21/x64
Train	Compare with previous deployed model (Bonus 4 - rollback an toan)	2026-08-21T17:02:35.5492126Z   Python3_ROOT_DIR: /opt/hostedtoolcache/Python/3.10.21/x64
Train	Compare with previous deployed model (Bonus 4 - rollback an toan)	2026-08-21T17:02:35.5492615Z   LD_LIBRARY_PATH: /opt/hostedtoolcache/Python/3.10.21/x64/lib
Train	Compare with previous deployed model (Bonus 4 - rollback an toan)	2026-08-21T17:02:35.5493072Z   GOOGLE_APPLICATION_CREDENTIALS: /tmp/sa-key.json
Train	Compare with previous deployed model (Bonus 4 - rollback an toan)	2026-08-21T17:02:35.5493497Z   CLOUD_BUCKET: ***
Train	Compare with previous deployed model (Bonus 4 - rollback an toan)	2026-08-21T17:02:35.5493779Z ##[endgroup]
Train	Compare with previous deployed model (Bonus 4 - rollback an toan)	2026-08-21T17:02:35.8668428Z /opt/hostedtoolcache/Python/3.10.21/x64/lib/python3.10/site-packages/google/api_core/_python_version_support.py:273: FutureWarning: You are using a Python version (3.10.21) which Google will stop supporting in new releases of google.api_core once it reaches its end of life (2026-10-04). Please upgrade to the latest Python version, or at least Python 3.11, to continue receiving updates for google.api_core past that date.
Train	Compare with previous deployed model (Bonus 4 - rollback an toan)	2026-08-21T17:02:35.8670466Z   warnings.warn(message, FutureWarning)
Train	Compare with previous deployed model (Bonus 4 - rollback an toan)	2026-08-21T17:02:36.3617482Z Model dang chay: accuracy=0.7460 | Model moi vua train: accuracy=0.7460
Train	Compare with previous deployed model (Bonus 4 - rollback an toan)	2026-08-21T17:02:36.3618337Z should_deploy=True
Train	Upload model to Cloud Storage	﻿2026-08-21T17:02:36.4064076Z ##[group]Run python - <<'EOF'
Train	Upload model to Cloud Storage	2026-08-21T17:02:36.4064489Z ^[[36;1mpython - <<'EOF'^[[0m
Train	Upload model to Cloud Storage	2026-08-21T17:02:36.4064805Z ^[[36;1mimport os^[[0m
Train	Upload model to Cloud Storage	2026-08-21T17:02:36.4065112Z ^[[36;1mfrom google.cloud import storage^[[0m
Train	Upload model to Cloud Storage	2026-08-21T17:02:36.4065469Z ^[[36;1m^[[0m
Train	Upload model to Cloud Storage	2026-08-21T17:02:36.4065761Z ^[[36;1mbucket_name = os.environ["CLOUD_BUCKET"]^[[0m
Train	Upload model to Cloud Storage	2026-08-21T17:02:36.4066152Z ^[[36;1mclient = storage.Client()^[[0m
Train	Upload model to Cloud Storage	2026-08-21T17:02:36.4079870Z ^[[36;1mbucket = client.bucket(bucket_name)^[[0m
Train	Upload model to Cloud Storage	2026-08-21T17:02:36.4080481Z ^[[36;1m^[[0m
Train	Upload model to Cloud Storage	2026-08-21T17:02:36.4081232Z ^[[36;1mmodel_blob = bucket.blob("models/latest/model.pkl")^[[0m
Train	Upload model to Cloud Storage	2026-08-21T17:02:36.4082079Z ^[[36;1mmodel_blob.upload_from_filename("models/model.pkl")^[[0m
Train	Upload model to Cloud Storage	2026-08-21T17:02:36.4083160Z ^[[36;1mprint(f"Da upload models/model.pkl len gs://***bucket_name***/models/latest/model.pkl")^[[0m
Train	Upload model to Cloud Storage	2026-08-21T17:02:36.4084119Z ^[[36;1m^[[0m
Train	Upload model to Cloud Storage	2026-08-21T17:02:36.4084709Z ^[[36;1mmetrics_blob = bucket.blob("models/latest/metrics.json")^[[0m
Train	Upload model to Cloud Storage	2026-08-21T17:02:36.4085622Z ^[[36;1mmetrics_blob.upload_from_filename("outputs/metrics.json")^[[0m
Train	Upload model to Cloud Storage	2026-08-21T17:02:36.4086797Z ^[[36;1mprint(f"Da upload outputs/metrics.json len gs://***bucket_name***/models/latest/metrics.json")^[[0m
Train	Upload model to Cloud Storage	2026-08-21T17:02:36.4087407Z ^[[36;1mEOF^[[0m
Train	Upload model to Cloud Storage	2026-08-21T17:02:36.4124780Z shell: /usr/bin/bash -e ***0***
Train	Upload model to Cloud Storage	2026-08-21T17:02:36.4125116Z env:
Train	Upload model to Cloud Storage	2026-08-21T17:02:36.4125466Z   pythonLocation: /opt/hostedtoolcache/Python/3.10.21/x64
Train	Upload model to Cloud Storage	2026-08-21T17:02:36.4125997Z   PKG_CONFIG_PATH: /opt/hostedtoolcache/Python/3.10.21/x64/lib/pkgconfig
Train	Upload model to Cloud Storage	2026-08-21T17:02:36.4126520Z   Python_ROOT_DIR: /opt/hostedtoolcache/Python/3.10.21/x64
Train	Upload model to Cloud Storage	2026-08-21T17:02:36.4126994Z   Python2_ROOT_DIR: /opt/hostedtoolcache/Python/3.10.21/x64
Train	Upload model to Cloud Storage	2026-08-21T17:02:36.4127461Z   Python3_ROOT_DIR: /opt/hostedtoolcache/Python/3.10.21/x64
Train	Upload model to Cloud Storage	2026-08-21T17:02:36.4127950Z   LD_LIBRARY_PATH: /opt/hostedtoolcache/Python/3.10.21/x64/lib
Train	Upload model to Cloud Storage	2026-08-21T17:02:36.4128407Z   GOOGLE_APPLICATION_CREDENTIALS: /tmp/sa-key.json
Train	Upload model to Cloud Storage	2026-08-21T17:02:36.4128825Z   CLOUD_BUCKET: ***
Train	Upload model to Cloud Storage	2026-08-21T17:02:36.4129106Z ##[endgroup]
Train	Upload model to Cloud Storage	2026-08-21T17:02:36.6752921Z /opt/hostedtoolcache/Python/3.10.21/x64/lib/python3.10/site-packages/google/api_core/_python_version_support.py:273: FutureWarning: You are using a Python version (3.10.21) which Google will stop supporting in new releases of google.api_core once it reaches its end of life (2026-10-04). Please upgrade to the latest Python version, or at least Python 3.11, to continue receiving updates for google.api_core past that date.
Train	Upload model to Cloud Storage	2026-08-21T17:02:36.6755603Z   warnings.warn(message, FutureWarning)
Train	Upload model to Cloud Storage	2026-08-21T17:02:38.5898070Z Da upload models/model.pkl len gs://***/models/latest/model.pkl
Train	Upload model to Cloud Storage	2026-08-21T17:02:38.5899211Z Da upload outputs/metrics.json len gs://***/models/latest/metrics.json
Train	Save metrics as artifact	﻿2026-08-21T17:02:38.6382136Z Node 20 is being deprecated. This workflow is running with Node 24 by default. If you need to temporarily use Node 20, you can set the ACTIONS_ALLOW_USE_UNSECURE_NODE_VERSION=true environment variable. For more information see: https://github.blog/changelog/2025-09-19-deprecation-of-node-20-on-github-actions-runners/
Train	Save metrics as artifact	2026-08-21T17:02:38.6383816Z ##[group]Run actions/upload-artifact@v4
Train	Save metrics as artifact	2026-08-21T17:02:38.6384225Z with:
Train	Save metrics as artifact	2026-08-21T17:02:38.6385003Z   name: metrics
Train	Save metrics as artifact	2026-08-21T17:02:38.6385302Z   path: outputs/metrics.json
Train	Save metrics as artifact	2026-08-21T17:02:38.6385620Z   if-no-files-found: warn
Train	Save metrics as artifact	2026-08-21T17:02:38.6385928Z   compression-level: 6
Train	Save metrics as artifact	2026-08-21T17:02:38.6386220Z   overwrite: false
Train	Save metrics as artifact	2026-08-21T17:02:38.6386523Z   include-hidden-files: false
Train	Save metrics as artifact	2026-08-21T17:02:38.6386833Z env:
Train	Save metrics as artifact	2026-08-21T17:02:38.6387167Z   pythonLocation: /opt/hostedtoolcache/Python/3.10.21/x64
Train	Save metrics as artifact	2026-08-21T17:02:38.6387697Z   PKG_CONFIG_PATH: /opt/hostedtoolcache/Python/3.10.21/x64/lib/pkgconfig
Train	Save metrics as artifact	2026-08-21T17:02:38.6388223Z   Python_ROOT_DIR: /opt/hostedtoolcache/Python/3.10.21/x64
Train	Save metrics as artifact	2026-08-21T17:02:38.6388744Z   Python2_ROOT_DIR: /opt/hostedtoolcache/Python/3.10.21/x64
Train	Save metrics as artifact	2026-08-21T17:02:38.6389208Z   Python3_ROOT_DIR: /opt/hostedtoolcache/Python/3.10.21/x64
Train	Save metrics as artifact	2026-08-21T17:02:38.6389664Z   LD_LIBRARY_PATH: /opt/hostedtoolcache/Python/3.10.21/x64/lib
Train	Save metrics as artifact	2026-08-21T17:02:38.6390115Z   GOOGLE_APPLICATION_CREDENTIALS: /tmp/sa-key.json
Train	Save metrics as artifact	2026-08-21T17:02:38.6390491Z ##[endgroup]
Train	Save metrics as artifact	2026-08-21T17:02:38.8126566Z (node:2449) [DEP0040] DeprecationWarning: The `punycode` module is deprecated. Please use a userland alternative instead.
Train	Save metrics as artifact	2026-08-21T17:02:38.8127911Z (Use `node --trace-deprecation ...` to show where the warning was created)
Train	Save metrics as artifact	2026-08-21T17:02:38.8182197Z With the provided path, there will be 1 file uploaded
Train	Save metrics as artifact	2026-08-21T17:02:38.8189161Z Artifact name is valid!
Train	Save metrics as artifact	2026-08-21T17:02:38.8189915Z Root directory input is valid!
Train	Save metrics as artifact	2026-08-21T17:02:39.1723139Z Beginning upload of artifact content to blob storage
Train	Save metrics as artifact	2026-08-21T17:02:39.1914197Z (node:2449) [DEP0169] DeprecationWarning: `url.parse()` behavior is not standardized and prone to errors that have security implications. Use the WHATWG URL API instead. CVEs are not issued for `url.parse()` vulnerabilities.
Train	Save metrics as artifact	2026-08-21T17:02:39.4286080Z Uploaded bytes 536
Train	Save metrics as artifact	2026-08-21T17:02:39.4946810Z Finished uploading artifact content to blob storage!
Train	Save metrics as artifact	2026-08-21T17:02:39.4948177Z SHA256 digest of uploaded artifact zip is 9f4a00f36f6f5034cfd0108bd06c8bd6e4713727c1175a62f242d8b6be8ccb1d
Train	Save metrics as artifact	2026-08-21T17:02:39.4949699Z Finalizing artifact upload
Train	Save metrics as artifact	2026-08-21T17:02:39.7410278Z Artifact metrics.zip successfully finalized. Artifact ID 9455285512
Train	Save metrics as artifact	2026-08-21T17:02:39.7411821Z Artifact metrics has been successfully uploaded! Final size is 536 bytes. Artifact ID is 9455285512
Train	Save metrics as artifact	2026-08-21T17:02:39.7420297Z Artifact download URL: https://github.com/NhtJm/TRACK2-DAY21-2A202601155-TRANNGUYENTHENHAT/actions/runs/32505852651/artifacts/9455285512
Train	Post Run actions/setup-python@v5	﻿2026-08-21T17:02:39.7612823Z Node 20 is being deprecated. This workflow is running with Node 24 by default. If you need to temporarily use Node 20, you can set the ACTIONS_ALLOW_USE_UNSECURE_NODE_VERSION=true environment variable. For more information see: https://github.blog/changelog/2025-09-19-deprecation-of-node-20-on-github-actions-runners/
Train	Post Run actions/setup-python@v5	2026-08-21T17:02:39.7614267Z Post job cleanup.
Train	Post Run actions/setup-python@v5	2026-08-21T17:02:39.8843195Z (node:2461) [DEP0040] DeprecationWarning: The `punycode` module is deprecated. Please use a userland alternative instead.
Train	Post Run actions/setup-python@v5	2026-08-21T17:02:39.8844266Z (Use `node --trace-deprecation ...` to show where the warning was created)
Train	Post Run actions/checkout@v4	﻿2026-08-21T17:02:39.9026014Z Node 20 is being deprecated. This workflow is running with Node 24 by default. If you need to temporarily use Node 20, you can set the ACTIONS_ALLOW_USE_UNSECURE_NODE_VERSION=true environment variable. For more information see: https://github.blog/changelog/2025-09-19-deprecation-of-node-20-on-github-actions-runners/
Train	Post Run actions/checkout@v4	2026-08-21T17:02:39.9027444Z Post job cleanup.
Train	Post Run actions/checkout@v4	2026-08-21T17:02:39.9966041Z [command]/usr/bin/git version
Train	Post Run actions/checkout@v4	2026-08-21T17:02:39.9997649Z git version 2.55.0
Train	Post Run actions/checkout@v4	2026-08-21T17:02:40.0034194Z Temporarily overriding HOME='/home/runner/work/_temp/55aa7e3e-638e-4d84-b65b-4a761d19d1f3' before making global git config changes
Train	Post Run actions/checkout@v4	2026-08-21T17:02:40.0035764Z Adding repository directory to the temporary git global config as a safe directory
Train	Post Run actions/checkout@v4	2026-08-21T17:02:40.0040177Z [command]/usr/bin/git config --global --add safe.directory /home/runner/work/TRACK2-DAY21-2A202601155-TRANNGUYENTHENHAT/TRACK2-DAY21-2A202601155-TRANNGUYENTHENHAT
Train	Post Run actions/checkout@v4	2026-08-21T17:02:40.0083568Z [command]/usr/bin/git config --local --name-only --get-regexp core\.sshCommand
Train	Post Run actions/checkout@v4	2026-08-21T17:02:40.0121856Z [command]/usr/bin/git submodule foreach --recursive sh -c "git config --local --name-only --get-regexp 'core\.sshCommand' && git config --local --unset-all 'core.sshCommand' || :"
Train	Post Run actions/checkout@v4	2026-08-21T17:02:40.0425975Z [command]/usr/bin/git config --local --name-only --get-regexp http\.https\:\/\/github\.com\/\.extraheader
Train	Post Run actions/checkout@v4	2026-08-21T17:02:40.0456766Z http.https://github.com/.extraheader
Train	Post Run actions/checkout@v4	2026-08-21T17:02:40.0473057Z [command]/usr/bin/git config --local --unset-all http.https://github.com/.extraheader
Train	Post Run actions/checkout@v4	2026-08-21T17:02:40.0517043Z [command]/usr/bin/git submodule foreach --recursive sh -c "git config --local --name-only --get-regexp 'http\.https\:\/\/github\.com\/\.extraheader' && git config --local --unset-all 'http.https://github.com/.extraheader' || :"
Train	Post Run actions/checkout@v4	2026-08-21T17:02:40.0911788Z [command]/usr/bin/git config --local --name-only --get-regexp ^includeIf\.gitdir:
Train	Post Run actions/checkout@v4	2026-08-21T17:02:40.0963004Z [command]/usr/bin/git submodule foreach --recursive git config --local --show-origin --name-only --get-regexp remote.origin.url
Train	Complete job	﻿2026-08-21T17:02:40.1401792Z Evaluate and set job outputs
Train	Complete job	2026-08-21T17:02:40.1408285Z Set output 'accuracy'
Train	Complete job	2026-08-21T17:02:40.1410506Z Set output 'should_deploy'
Train	Complete job	2026-08-21T17:02:40.1412073Z Cleaning up orphan processes
Train	Complete job	2026-08-21T17:02:40.1836960Z ##[warning]Node.js 20 is deprecated. The following actions target Node.js 20 but are being forced to run on Node.js 24: actions/checkout@v4, actions/setup-python@v5, actions/upload-artifact@v4. For more information see: https://github.blog/changelog/2025-09-19-deprecation-of-node-20-on-github-actions-runners/
Eval	Set up job	﻿2026-08-21T17:02:45.6417577Z Current runner version: '2.336.0'
Eval	Set up job	2026-08-21T17:02:45.6446137Z ##[group]Runner Image Provisioner
Eval	Set up job	2026-08-21T17:02:45.6447367Z Hosted Compute Agent
Eval	Set up job	2026-08-21T17:02:45.6448069Z Version: 20260729.566
Eval	Set up job	2026-08-21T17:02:45.6448743Z Commit: cf7153fe6e25b664e8693c24944bf2b00355d109
Eval	Set up job	2026-08-21T17:02:45.6449520Z Build Date: 2026-07-29T19:17:02Z
Eval	Set up job	2026-08-21T17:02:45.6450276Z Worker ID: {48bf29ab-e9e9-4574-8511-da02d602d6af}
Eval	Set up job	2026-08-21T17:02:45.6451059Z Azure Region: westcentralus
Eval	Set up job	2026-08-21T17:02:45.6451771Z ##[endgroup]
Eval	Set up job	2026-08-21T17:02:45.6453194Z ##[group]Operating System
Eval	Set up job	2026-08-21T17:02:45.6453836Z Ubuntu
Eval	Set up job	2026-08-21T17:02:45.6454475Z 24.04.4
Eval	Set up job	2026-08-21T17:02:45.6455060Z LTS
Eval	Set up job	2026-08-21T17:02:45.6455592Z ##[endgroup]
Eval	Set up job	2026-08-21T17:02:45.6456231Z ##[group]Runner Image
Eval	Set up job	2026-08-21T17:02:45.6457010Z Image: ubuntu-24.04
Eval	Set up job	2026-08-21T17:02:45.6457634Z Version: 20260816.277.1
Eval	Set up job	2026-08-21T17:02:45.6458822Z Included Software: https://github.com/actions/runner-images/blob/ubuntu24/20260816.277/images/ubuntu/Ubuntu2404-Readme.md
Eval	Set up job	2026-08-21T17:02:45.6460667Z Image Release: https://github.com/actions/runner-images/releases/tag/ubuntu24%2F20260816.277
Eval	Set up job	2026-08-21T17:02:45.6461697Z ##[endgroup]
Eval	Set up job	2026-08-21T17:02:45.6463012Z ##[group]GITHUB_TOKEN Permissions
Eval	Set up job	2026-08-21T17:02:45.6465620Z Contents: read
Eval	Set up job	2026-08-21T17:02:45.6466325Z Metadata: read
Eval	Set up job	2026-08-21T17:02:45.6467139Z Packages: read
Eval	Set up job	2026-08-21T17:02:45.6467708Z ##[endgroup]
Eval	Set up job	2026-08-21T17:02:45.6470444Z Secret source: Actions
Eval	Set up job	2026-08-21T17:02:45.6471694Z Prepare workflow directory
Eval	Set up job	2026-08-21T17:02:45.6829887Z Prepare all required actions
Eval	Set up job	2026-08-21T17:02:45.6933223Z Complete job name: Eval
Eval	Check eval gate	﻿2026-08-21T17:02:45.7750905Z ##[group]Run python - <<'EOF'
Eval	Check eval gate	2026-08-21T17:02:45.7751753Z ^[[36;1mpython - <<'EOF'^[[0m
Eval	Check eval gate	2026-08-21T17:02:45.7752494Z ^[[36;1macc = float("0.746")^[[0m
Eval	Check eval gate	2026-08-21T17:02:45.7753177Z ^[[36;1mthreshold = float("0.70")^[[0m
Eval	Check eval gate	2026-08-21T17:02:45.7754110Z ^[[36;1mshould_deploy = "true" == "true"^[[0m
Eval	Check eval gate	2026-08-21T17:02:45.7755047Z ^[[36;1m^[[0m
Eval	Check eval gate	2026-08-21T17:02:45.7755771Z ^[[36;1mif acc < threshold:^[[0m
Eval	Check eval gate	2026-08-21T17:02:45.7756887Z ^[[36;1m    raise SystemExit(f"FAILED: accuracy {acc:.4f} < {threshold:.4f}. Huy deploy.")^[[0m
Eval	Check eval gate	2026-08-21T17:02:45.7757903Z ^[[36;1mif not should_deploy:^[[0m
Eval	Check eval gate	2026-08-21T17:02:45.7758635Z ^[[36;1m    raise SystemExit(^[[0m
Eval	Check eval gate	2026-08-21T17:02:45.7759529Z ^[[36;1m        f"BLOCKED: accuracy {acc:.4f} >= nguong {threshold:.4f} nhung khong tot hon "^[[0m
Eval	Check eval gate	2026-08-21T17:02:45.7760687Z ^[[36;1m        "model dang chay (Bonus 4 rollback safety). Huy deploy."^[[0m
Eval	Check eval gate	2026-08-21T17:02:45.7761525Z ^[[36;1m    )^[[0m
Eval	Check eval gate	2026-08-21T17:02:45.7762452Z ^[[36;1mprint(f"PASSED: accuracy {acc:.4f} >= {threshold:.4f} va tot hon model cu. Dang trien khai model.")^[[0m
Eval	Check eval gate	2026-08-21T17:02:45.7763631Z ^[[36;1mEOF^[[0m
Eval	Check eval gate	2026-08-21T17:02:45.8315461Z shell: /usr/bin/bash -e {0}
Eval	Check eval gate	2026-08-21T17:02:45.8316901Z ##[endgroup]
Eval	Check eval gate	2026-08-21T17:02:45.8700041Z PASSED: accuracy 0.7460 >= 0.7000 va tot hon model cu. Dang trien khai model.
Eval	Complete job	﻿2026-08-21T17:02:45.8875789Z Cleaning up orphan processes
Deploy	Set up job	﻿2026-08-21T17:02:51.9695994Z Current runner version: '2.336.0'
Deploy	Set up job	2026-08-21T17:02:51.9722875Z ##[group]Runner Image Provisioner
Deploy	Set up job	2026-08-21T17:02:51.9724007Z Hosted Compute Agent
Deploy	Set up job	2026-08-21T17:02:51.9724775Z Version: 20260729.566
Deploy	Set up job	2026-08-21T17:02:51.9725580Z Commit: cf7153fe6e25b664e8693c24944bf2b00355d109
Deploy	Set up job	2026-08-21T17:02:51.9726445Z Build Date: 2026-07-29T19:17:02Z
Deploy	Set up job	2026-08-21T17:02:51.9727527Z Worker ID: {7ee4c1c1-8b63-4556-a308-bfa1e7e49583}
Deploy	Set up job	2026-08-21T17:02:51.9728408Z Azure Region: westus2
Deploy	Set up job	2026-08-21T17:02:51.9729531Z ##[endgroup]
Deploy	Set up job	2026-08-21T17:02:51.9731261Z ##[group]Operating System
Deploy	Set up job	2026-08-21T17:02:51.9732128Z Ubuntu
Deploy	Set up job	2026-08-21T17:02:51.9732753Z 24.04.4
Deploy	Set up job	2026-08-21T17:02:51.9733461Z LTS
Deploy	Set up job	2026-08-21T17:02:51.9734112Z ##[endgroup]
Deploy	Set up job	2026-08-21T17:02:51.9734813Z ##[group]Runner Image
Deploy	Set up job	2026-08-21T17:02:51.9735657Z Image: ubuntu-24.04
Deploy	Set up job	2026-08-21T17:02:51.9736451Z Version: 20260816.277.1
Deploy	Set up job	2026-08-21T17:02:51.9737933Z Included Software: https://github.com/actions/runner-images/blob/ubuntu24/20260816.277/images/ubuntu/Ubuntu2404-Readme.md
Deploy	Set up job	2026-08-21T17:02:51.9739873Z Image Release: https://github.com/actions/runner-images/releases/tag/ubuntu24%2F20260816.277
Deploy	Set up job	2026-08-21T17:02:51.9740979Z ##[endgroup]
Deploy	Set up job	2026-08-21T17:02:51.9742356Z ##[group]GITHUB_TOKEN Permissions
Deploy	Set up job	2026-08-21T17:02:51.9744719Z Contents: read
Deploy	Set up job	2026-08-21T17:02:51.9745477Z Metadata: read
Deploy	Set up job	2026-08-21T17:02:51.9746391Z Packages: read
Deploy	Set up job	2026-08-21T17:02:51.9747093Z ##[endgroup]
Deploy	Set up job	2026-08-21T17:02:51.9749591Z Secret source: Actions
Deploy	Set up job	2026-08-21T17:02:51.9750943Z Prepare workflow directory
Deploy	Set up job	2026-08-21T17:02:52.0161262Z Prepare all required actions
Deploy	Set up job	2026-08-21T17:02:52.0216943Z Getting action download info
Deploy	Set up job	2026-08-21T17:02:52.3599577Z Download action repository 'appleboy/ssh-action@v1.0.3' (SHA:029f5b4aeeeb58fdfe1410a5d17f967dacf36262)
Deploy	Set up job	2026-08-21T17:02:52.7257640Z Complete job name: Deploy
Deploy	Build appleboy/ssh-action@v1.0.3	﻿2026-08-21T17:02:52.7791634Z ##[group]Build container for action use: '/home/runner/work/_actions/appleboy/ssh-action/v1.0.3/Dockerfile'.
Deploy	Build appleboy/ssh-action@v1.0.3	2026-08-21T17:02:52.7851188Z ##[command]/usr/bin/docker build -t f54cdb:2e67446c34494f8390eb0bf32da9a783 -f "/home/runner/work/_actions/appleboy/ssh-action/v1.0.3/Dockerfile" "/home/runner/work/_actions/appleboy/ssh-action/v1.0.3"
Deploy	Build appleboy/ssh-action@v1.0.3	2026-08-21T17:02:53.4095896Z #0 building with "default" instance using docker driver
Deploy	Build appleboy/ssh-action@v1.0.3	2026-08-21T17:02:53.4097006Z 
Deploy	Build appleboy/ssh-action@v1.0.3	2026-08-21T17:02:53.4097941Z #1 [internal] load build definition from Dockerfile
Deploy	Build appleboy/ssh-action@v1.0.3	2026-08-21T17:02:53.4099208Z #1 transferring dockerfile: 149B done
Deploy	Build appleboy/ssh-action@v1.0.3	2026-08-21T17:02:53.4100398Z #1 DONE 0.0s
Deploy	Build appleboy/ssh-action@v1.0.3	2026-08-21T17:02:53.4100844Z 
Deploy	Build appleboy/ssh-action@v1.0.3	2026-08-21T17:02:53.4101450Z #2 [internal] load metadata for ghcr.io/appleboy/drone-ssh:1.7.3
Deploy	Build appleboy/ssh-action@v1.0.3	2026-08-21T17:02:54.0000864Z #2 DONE 0.7s
Deploy	Build appleboy/ssh-action@v1.0.3	2026-08-21T17:02:54.1190631Z 
Deploy	Build appleboy/ssh-action@v1.0.3	2026-08-21T17:02:54.1191273Z #3 [internal] load .dockerignore
Deploy	Build appleboy/ssh-action@v1.0.3	2026-08-21T17:02:54.1192263Z #3 transferring context: 2B done
Deploy	Build appleboy/ssh-action@v1.0.3	2026-08-21T17:02:54.1192921Z #3 DONE 0.0s
Deploy	Build appleboy/ssh-action@v1.0.3	2026-08-21T17:02:54.1193310Z 
Deploy	Build appleboy/ssh-action@v1.0.3	2026-08-21T17:02:54.1193516Z #4 [internal] load build context
Deploy	Build appleboy/ssh-action@v1.0.3	2026-08-21T17:02:54.1194057Z #4 transferring context: 108B done
Deploy	Build appleboy/ssh-action@v1.0.3	2026-08-21T17:02:54.1194554Z #4 DONE 0.0s
Deploy	Build appleboy/ssh-action@v1.0.3	2026-08-21T17:02:54.1198187Z 
Deploy	Build appleboy/ssh-action@v1.0.3	2026-08-21T17:02:54.1199210Z #5 [1/2] FROM ghcr.io/appleboy/drone-ssh:1.7.3@sha256:179cbd253771007f2ebcaf7a3860afe059207351de1f3378efafac93bd310158
Deploy	Build appleboy/ssh-action@v1.0.3	2026-08-21T17:02:54.1201491Z #5 resolve ghcr.io/appleboy/drone-ssh:1.7.3@sha256:179cbd253771007f2ebcaf7a3860afe059207351de1f3378efafac93bd310158 done
Deploy	Build appleboy/ssh-action@v1.0.3	2026-08-21T17:02:54.1203558Z #5 sha256:1a52f94820e830bc9734623deb03bbafa6a248fba19cdc2e5605c70d90d91441 1.24kB / 1.24kB done
Deploy	Build appleboy/ssh-action@v1.0.3	2026-08-21T17:02:54.1204972Z #5 sha256:c4781b8d012b16b6c7468dc9104fad0a63f2a8815b2af8b7176bb544253ea8c7 3.86kB / 3.86kB done
Deploy	Build appleboy/ssh-action@v1.0.3	2026-08-21T17:02:54.1206098Z #5 sha256:1207c741d8c9b028d98c4006013f9de959da3c55f85b91ed5e4583438a0112ca 0B / 3.38MB 0.1s
Deploy	Build appleboy/ssh-action@v1.0.3	2026-08-21T17:02:54.1206927Z #5 sha256:654aaee5654be60f81172539ecd74485cf8bbe2e9137bab0d429862c31c676f6 0B / 284.83kB 0.1s
Deploy	Build appleboy/ssh-action@v1.0.3	2026-08-21T17:02:54.1207912Z #5 sha256:7e20f48a19643465f486f59127b8f4e0f4114bedc8bd5260fb4f92d5fda95f1c 0B / 1.20kB 0.1s
Deploy	Build appleboy/ssh-action@v1.0.3	2026-08-21T17:02:54.1208732Z #5 sha256:179cbd253771007f2ebcaf7a3860afe059207351de1f3378efafac93bd310158 2.38kB / 2.38kB done
Deploy	Build appleboy/ssh-action@v1.0.3	2026-08-21T17:02:54.2194067Z #5 sha256:1207c741d8c9b028d98c4006013f9de959da3c55f85b91ed5e4583438a0112ca 3.38MB / 3.38MB 0.2s
Deploy	Build appleboy/ssh-action@v1.0.3	2026-08-21T17:02:54.2196144Z #5 sha256:654aaee5654be60f81172539ecd74485cf8bbe2e9137bab0d429862c31c676f6 284.83kB / 284.83kB 0.1s done
Deploy	Build appleboy/ssh-action@v1.0.3	2026-08-21T17:02:54.2197829Z #5 sha256:7e20f48a19643465f486f59127b8f4e0f4114bedc8bd5260fb4f92d5fda95f1c 1.20kB / 1.20kB 0.2s done
Deploy	Build appleboy/ssh-action@v1.0.3	2026-08-21T17:02:54.2199665Z #5 sha256:066e5b821e26d8313055e0314c056e6c297847bcf963e5df10e7aa03107f2246 0B / 125B 0.2s
Deploy	Build appleboy/ssh-action@v1.0.3	2026-08-21T17:02:54.2200950Z #5 sha256:47353a6f9201a145b687290e5ae0278ac269faf4bb61bee3e9246c37a8d74277 0B / 2.44MB 0.2s
Deploy	Build appleboy/ssh-action@v1.0.3	2026-08-21T17:02:54.3337994Z #5 sha256:1207c741d8c9b028d98c4006013f9de959da3c55f85b91ed5e4583438a0112ca 3.38MB / 3.38MB 0.2s done
Deploy	Build appleboy/ssh-action@v1.0.3	2026-08-21T17:02:54.3339638Z #5 sha256:066e5b821e26d8313055e0314c056e6c297847bcf963e5df10e7aa03107f2246 125B / 125B 0.2s done
Deploy	Build appleboy/ssh-action@v1.0.3	2026-08-21T17:02:54.3341699Z #5 sha256:47353a6f9201a145b687290e5ae0278ac269faf4bb61bee3e9246c37a8d74277 1.05MB / 2.44MB 0.3s
Deploy	Build appleboy/ssh-action@v1.0.3	2026-08-21T17:02:54.3343241Z #5 extracting sha256:1207c741d8c9b028d98c4006013f9de959da3c55f85b91ed5e4583438a0112ca 0.1s done
Deploy	Build appleboy/ssh-action@v1.0.3	2026-08-21T17:02:54.3344809Z #5 extracting sha256:654aaee5654be60f81172539ecd74485cf8bbe2e9137bab0d429862c31c676f6
Deploy	Build appleboy/ssh-action@v1.0.3	2026-08-21T17:02:54.5691846Z #5 sha256:47353a6f9201a145b687290e5ae0278ac269faf4bb61bee3e9246c37a8d74277 2.44MB / 2.44MB 0.3s done
Deploy	Build appleboy/ssh-action@v1.0.3	2026-08-21T17:02:54.5693422Z #5 extracting sha256:654aaee5654be60f81172539ecd74485cf8bbe2e9137bab0d429862c31c676f6 0.0s done
Deploy	Build appleboy/ssh-action@v1.0.3	2026-08-21T17:02:54.8879537Z #5 extracting sha256:7e20f48a19643465f486f59127b8f4e0f4114bedc8bd5260fb4f92d5fda95f1c
Deploy	Build appleboy/ssh-action@v1.0.3	2026-08-21T17:02:55.0390002Z #5 extracting sha256:7e20f48a19643465f486f59127b8f4e0f4114bedc8bd5260fb4f92d5fda95f1c done
Deploy	Build appleboy/ssh-action@v1.0.3	2026-08-21T17:02:56.8438291Z #5 extracting sha256:066e5b821e26d8313055e0314c056e6c297847bcf963e5df10e7aa03107f2246
Deploy	Build appleboy/ssh-action@v1.0.3	2026-08-21T17:02:57.0058360Z #5 extracting sha256:066e5b821e26d8313055e0314c056e6c297847bcf963e5df10e7aa03107f2246 done
Deploy	Build appleboy/ssh-action@v1.0.3	2026-08-21T17:02:57.0060432Z #5 extracting sha256:47353a6f9201a145b687290e5ae0278ac269faf4bb61bee3e9246c37a8d74277 0.0s done
Deploy	Build appleboy/ssh-action@v1.0.3	2026-08-21T17:02:57.0061612Z #5 DONE 2.9s
Deploy	Build appleboy/ssh-action@v1.0.3	2026-08-21T17:02:57.0062125Z 
Deploy	Build appleboy/ssh-action@v1.0.3	2026-08-21T17:02:57.0062566Z #6 [2/2] COPY entrypoint.sh /bin/entrypoint.sh
Deploy	Build appleboy/ssh-action@v1.0.3	2026-08-21T17:02:57.0063105Z #6 DONE 0.0s
Deploy	Build appleboy/ssh-action@v1.0.3	2026-08-21T17:02:57.0063302Z 
Deploy	Build appleboy/ssh-action@v1.0.3	2026-08-21T17:02:57.0063451Z #7 exporting to image
Deploy	Build appleboy/ssh-action@v1.0.3	2026-08-21T17:02:57.0063836Z #7 exporting layers 0.1s done
Deploy	Build appleboy/ssh-action@v1.0.3	2026-08-21T17:02:57.0342101Z #7 writing image sha256:155b2262318d23c71664720f52e24a7bba899c0fc7ee05d353e1418a9c3a9b1b done
Deploy	Build appleboy/ssh-action@v1.0.3	2026-08-21T17:02:57.0344466Z #7 naming to docker.io/library/f54cdb:2e67446c34494f8390eb0bf32da9a783 done
Deploy	Build appleboy/ssh-action@v1.0.3	2026-08-21T17:02:57.0345889Z #7 DONE 0.1s
Deploy	Build appleboy/ssh-action@v1.0.3	2026-08-21T17:02:57.0416314Z ##[endgroup]
Deploy	SSH deploy to VM	﻿2026-08-21T17:02:57.0730402Z ##[group]Run appleboy/ssh-action@v1.0.3
Deploy	SSH deploy to VM	2026-08-21T17:02:57.0731069Z with:
Deploy	SSH deploy to VM	2026-08-21T17:02:57.0731527Z   host: ***
Deploy	SSH deploy to VM	2026-08-21T17:02:57.0731775Z   username: ***
Deploy	SSH deploy to VM	2026-08-21T17:02:57.0733706Z   key: ***
Deploy	SSH deploy to VM	2026-08-21T17:02:57.0735867Z   script: # TODO 7: Restart service mlops-serve tren VM.
Deploy	SSH deploy to VM	# TODO 8: Cho server san sang roi goi curl /health de xac nhan.
Deploy	SSH deploy to VM	#         Neu health check that bai sau nhieu lan thu, thoat voi exit 1.
Deploy	SSH deploy to VM	#
Deploy	SSH deploy to VM	# Goi y:
Deploy	SSH deploy to VM	#   sudo systemctl restart mlops-serve
Deploy	SSH deploy to VM	#   sleep 5
Deploy	SSH deploy to VM	#   curl -sf http://localhost:8000/health && echo "Health check passed." || exit 1
Deploy	SSH deploy to VM	sudo systemctl restart mlops-serve
Deploy	SSH deploy to VM	for i in 1 2 3 4 5 6; do
Deploy	SSH deploy to VM	  sleep 5
Deploy	SSH deploy to VM	  if curl -sf http://localhost:8000/health; then
Deploy	SSH deploy to VM	    echo "Health check passed."
Deploy	SSH deploy to VM	    exit 0
Deploy	SSH deploy to VM	  fi
Deploy	SSH deploy to VM	  echo "Health check lan $i chua san sang, thu lai..."
Deploy	SSH deploy to VM	done
Deploy	SSH deploy to VM	echo "Health check that bai sau nhieu lan thu."
Deploy	SSH deploy to VM	exit 1
Deploy	SSH deploy to VM	
Deploy	SSH deploy to VM	2026-08-21T17:02:57.0738249Z   port: 22
Deploy	SSH deploy to VM	2026-08-21T17:02:57.0738487Z   timeout: 30s
Deploy	SSH deploy to VM	2026-08-21T17:02:57.0738720Z   command_timeout: 10m
Deploy	SSH deploy to VM	2026-08-21T17:02:57.0738969Z   proxy_port: 22
Deploy	SSH deploy to VM	2026-08-21T17:02:57.0739239Z   proxy_timeout: 30s
Deploy	SSH deploy to VM	2026-08-21T17:02:57.0739769Z ##[endgroup]
Deploy	SSH deploy to VM	2026-08-21T17:02:57.0868110Z ##[command]/usr/bin/docker run --name f54cdb2e67446c34494f8390eb0bf32da9a783_672a6d --label f54cdb --workdir /github/workspace --rm -e "INPUT_HOST" -e "INPUT_USERNAME" -e "INPUT_KEY" -e "INPUT_SCRIPT" -e "INPUT_PORT" -e "INPUT_PASSPHRASE" -e "INPUT_PASSWORD" -e "INPUT_SYNC" -e "INPUT_USE_INSECURE_CIPHER" -e "INPUT_CIPHER" -e "INPUT_TIMEOUT" -e "INPUT_COMMAND_TIMEOUT" -e "INPUT_KEY_PATH" -e "INPUT_FINGERPRINT" -e "INPUT_PROXY_HOST" -e "INPUT_PROXY_PORT" -e "INPUT_PROXY_USERNAME" -e "INPUT_PROXY_PASSWORD" -e "INPUT_PROXY_PASSPHRASE" -e "INPUT_PROXY_TIMEOUT" -e "INPUT_PROXY_KEY" -e "INPUT_PROXY_KEY_PATH" -e "INPUT_PROXY_FINGERPRINT" -e "INPUT_PROXY_CIPHER" -e "INPUT_PROXY_USE_INSECURE_CIPHER" -e "INPUT_SCRIPT_STOP" -e "INPUT_ENVS" -e "INPUT_ENVS_FORMAT" -e "INPUT_DEBUG" -e "INPUT_ALLENVS" -e "INPUT_REQUEST_PTY" -e "HOME" -e "GITHUB_JOB" -e "GITHUB_REF" -e "GITHUB_SHA" -e "GITHUB_REPOSITORY" -e "GITHUB_REPOSITORY_OWNER" -e "GITHUB_REPOSITORY_OWNER_ID" -e "GITHUB_RUN_ID" -e "GITHUB_RUN_NUMBER" -e "GITHUB_RETENTION_DAYS" -e "GITHUB_RUN_ATTEMPT" -e "GITHUB_ACTOR_ID" -e "GITHUB_ACTOR" -e "GITHUB_WORKFLOW" -e "GITHUB_HEAD_REF" -e "GITHUB_BASE_REF" -e "GITHUB_EVENT_NAME" -e "GITHUB_SERVER_URL" -e "GITHUB_API_URL" -e "GITHUB_GRAPHQL_URL" -e "GITHUB_REF_NAME" -e "GITHUB_REF_PROTECTED" -e "GITHUB_REF_TYPE" -e "GITHUB_WORKFLOW_REF" -e "GITHUB_WORKFLOW_SHA" -e "GITHUB_REPOSITORY_ID" -e "GITHUB_TRIGGERING_ACTOR" -e "GITHUB_WORKSPACE" -e "GITHUB_ACTION" -e "GITHUB_EVENT_PATH" -e "GITHUB_ACTION_REPOSITORY" -e "GITHUB_ACTION_REF" -e "GITHUB_PATH" -e "GITHUB_ENV" -e "GITHUB_STEP_SUMMARY" -e "GITHUB_STATE" -e "GITHUB_OUTPUT" -e "GITHUB_ARTIFACTS" -e "GITHUB_ARTIFACTS_LIST" -e "RUNNER_OS" -e "RUNNER_ARCH" -e "RUNNER_NAME" -e "RUNNER_ENVIRONMENT" -e "RUNNER_TOOL_CACHE" -e "RUNNER_TEMP" -e "RUNNER_WORKSPACE" -e "ACTIONS_RUNTIME_URL" -e "ACTIONS_RUNTIME_TOKEN" -e "ACTIONS_CACHE_URL" -e "ACTIONS_RESULTS_URL" -e "ACTIONS_ORCHESTRATION_ID" -e GITHUB_ACTIONS=true -e CI=true -v "/var/run/docker.sock":"/var/run/docker.sock" -v "/home/runner/work/_temp":"/github/runner_temp" -v "/home/runner/work/_temp/_github_home":"/github/home" -v "/home/runner/work/_temp/_github_workflow":"/github/workflow" -v "/home/runner/work/_temp/_runner_file_commands":"/github/file_commands" -v "/home/runner/work/TRACK2-DAY21-2A202601155-TRANNGUYENTHENHAT/TRACK2-DAY21-2A202601155-TRANNGUYENTHENHAT":"/github/workspace" f54cdb:2e67446c34494f8390eb0bf32da9a783
Deploy	SSH deploy to VM	2026-08-21T17:02:57.3362692Z ======CMD======
Deploy	SSH deploy to VM	2026-08-21T17:02:57.3363119Z # TODO 7: Restart service mlops-serve tren VM.
Deploy	SSH deploy to VM	2026-08-21T17:02:57.3363584Z # TODO 8: Cho server san sang roi goi curl /health de xac nhan.
Deploy	SSH deploy to VM	2026-08-21T17:02:57.3364063Z #         Neu health check that bai sau nhieu lan thu, thoat voi exit 1.
Deploy	SSH deploy to VM	2026-08-21T17:02:57.3364498Z #
Deploy	SSH deploy to VM	2026-08-21T17:02:57.3364702Z # Goi y:
Deploy	SSH deploy to VM	2026-08-21T17:02:57.3364982Z #   sudo systemctl restart mlops-serve
Deploy	SSH deploy to VM	2026-08-21T17:02:57.3365297Z #   sleep 5
Deploy	SSH deploy to VM	2026-08-21T17:02:57.3366061Z #   curl -sf http://localhost:8000/health && echo "Health check passed." || exit 1
Deploy	SSH deploy to VM	2026-08-21T17:02:57.3366545Z sudo systemctl restart mlops-serve
Deploy	SSH deploy to VM	2026-08-21T17:02:57.3366862Z for i in 1 2 3 4 5 6; do
Deploy	SSH deploy to VM	2026-08-21T17:02:57.3367112Z   sleep 5
Deploy	SSH deploy to VM	2026-08-21T17:02:57.3367693Z   if curl -sf http://localhost:8000/health; then
Deploy	SSH deploy to VM	2026-08-21T17:02:57.3368148Z     echo "Health check passed."
Deploy	SSH deploy to VM	2026-08-21T17:02:57.3368450Z     exit 0
Deploy	SSH deploy to VM	2026-08-21T17:02:57.3368658Z   fi
Deploy	SSH deploy to VM	2026-08-21T17:02:57.3368921Z   echo "Health check lan $i chua san sang, thu lai..."
Deploy	SSH deploy to VM	2026-08-21T17:02:57.3369254Z done
Deploy	SSH deploy to VM	2026-08-21T17:02:57.3369500Z echo "Health check that bai sau nhieu lan thu."
Deploy	SSH deploy to VM	2026-08-21T17:02:57.3369820Z exit 1
Deploy	SSH deploy to VM	2026-08-21T17:02:57.3369940Z 
Deploy	SSH deploy to VM	2026-08-21T17:02:57.3370038Z ======END======
Deploy	SSH deploy to VM	2026-08-21T17:03:04.0750710Z out: Health check lan 1 chua san sang, thu lai...
Deploy	SSH deploy to VM	2026-08-21T17:03:09.2965229Z out: {"status":"ok"}Health check passed.
Deploy	SSH deploy to VM	2026-08-21T17:03:09.2967007Z ==============================================
Deploy	SSH deploy to VM	2026-08-21T17:03:09.3070900Z ✅ Successfully executed commands to all host.
Deploy	SSH deploy to VM	2026-08-21T17:03:09.3071381Z ==============================================
Deploy	Complete job	﻿2026-08-21T17:03:09.3847145Z Cleaning up orphan processes
